{"id": "gen8randombattle-1871646410", "p1": "9125tienphong", "p2": "MagneJ15", "format": "[Gen 8] Random Battle", "log": "|j|\u26069125tienphong\n|j|\u203dMagneJ15\n|t:|1685115762\n|gametype|singles\n|player|p1|9125tienphong|1|1043\n|player|p2|MagneJ15|101|1096\n|teamsize|p1|6\n|teamsize|p2|6\n|gen|8\n|tier|[Gen 8] Random Battle\n|rated|\n|rule|Species Clause: Limit one of each Pok\u00e9mon\n|rule|HP Percentage Mod: HP is shown in percentages\n|rule|Sleep Clause Mod: Limit one foe put to sleep\n|\n|t:|1685115762\n|start\n|switch|p1a: Espeon|Espeon, L82, M|241/241\n|switch|p2a: Volcanion|Volcanion, L80|259/259\n|turn|1\n|\n|t:|1685115786\n|switch|p2a: Comfey|Comfey, L86, M|228/228\n|move|p1a: Espeon|Calm Mind|p1a: Espeon\n|-boost|p1a: Espeon|spa|1\n|-boost|p1a: Espeon|spd|1\n|\n|upkeep\n|turn|2\n|\n|t:|1685115795\n|move|p1a: Espeon|Psychic|p2a: Comfey\n|-damage|p2a: Comfey|75/228\n|move|p2a: Comfey|Calm Mind|p2a: Comfey\n|-boost|p2a: Comfey|spa|1\n|-boost|p2a: Comfey|spd|1\n|\n|upkeep\n|turn|3\n|\n|t:|1685115805\n|move|p2a: Comfey|Giga Drain|p1a: Espeon\n|-damage|p1a: Espeon|176/241\n|-heal|p2a: Comfey|108/228|[from] drain|[of] p1a: Espeon\n|-damage|p2a: Comfey|86/228|[from] item: Life Orb\n|move|p1a: Espeon|Psychic|p2a: Comfey\n|-damage|p2a: Comfey|0 fnt\n|faint|p2a: Comfey\n|\n|-heal|p1a: Espeon|191/241|[from] item: Leftovers\n|upkeep\n|\n|t:|1685115820\n|switch|p2a: Celesteela|Celesteela, L77|276/276\n|turn|4\n|\n|t:|1685115848\n|switch|p1a: Genesect|Genesect, L74|227/227\n|-ability|p1a: Genesect|Download|boost\n|-boost|p1a: Genesect|spa|1\n|move|p2a: Celesteela|Protect||[still]\n|-fail|p2a: Celesteela\n|\n|upkeep\n|turn|5\n|\n|t:|1685115856\n|move|p1a: Genesect|Thunderbolt|p2a: Celesteela\n|-supereffective|p2a: Celesteela\n|-damage|p2a: Celesteela|32/276\n|-damage|p1a: Genesect|205/227|[from] item: Life Orb\n|move|p2a: Celesteela|Leech Seed|p1a: Genesect\n|-start|p1a: Genesect|move: Leech Seed\n|\n|-heal|p2a: Celesteela|49/276|[from] item: Leftovers\n|-damage|p1a: Genesect|177/227|[from] Leech Seed|[of] p2a: Celesteela\n|-heal|p2a: Celesteela|77/276|[silent]\n|upkeep\n|turn|6\n|\n|t:|1685115868\n|move|p2a: Celesteela|Protect|p2a: Celesteela\n|-singleturn|p2a: Celesteela|Protect\n|move|p1a: Genesect|Thunderbolt|p2a: Celesteela\n|-activate|p2a: Celesteela|move: Protect\n|\n|-heal|p2a: Celesteela|94/276|[from] item: Leftovers\n|-damage|p1a: Genesect|149/227|[from] Leech Seed|[of] p2a: Celesteela\n|-heal|p2a: Celesteela|122/276|[silent]\n|upkeep\n|turn|7\n|\n|t:|1685115878\n|move|p2a: Celesteela|Protect|p2a: Celesteela\n|-singleturn|p2a: Celesteela|Protect\n|move|p1a: Genesect|Thunderbolt|p2a: Celesteela\n|-activate|p2a: Celesteela|move: Protect\n|\n|-heal|p2a: Celesteela|139/276|[from] item: Leftovers\n|-damage|p1a: Genesect|121/227|[from] Leech Seed|[of] p2a: Celesteela\n|-heal|p2a: Celesteela|167/276|[silent]\n|upkeep\n|turn|8\n|\n|t:|1685115890\n|move|p1a: Genesect|Thunderbolt|p2a: Celesteela\n|-supereffective|p2a: Celesteela\n|-damage|p2a: Celesteela|0 fnt\n|faint|p2a: Celesteela\n|-damage|p1a: Genesect|99/227|[from] item: Life Orb\n|\n|upkeep\n|\n|t:|1685115912\n|switch|p2a: Type: Null|Type: Null, L86|304/304\n|turn|9\n|\n|t:|1685115921\n|switch|p1a: Weezing|Weezing, L86, M|252/252\n|move|p2a: Type: Null|Swords Dance|p2a: Type: Null\n|-boost|p2a: Type: Null|atk|2\n|\n|upkeep\n|turn|10\n|\n|t:|1685115932\n|move|p1a: Weezing|Toxic Spikes|p2a: Type: Null\n|-sidestart|p2: MagneJ15|move: Toxic Spikes\n|move|p2a: Type: Null|Crush Claw|p1a: Weezing\n|-damage|p1a: Weezing|137/252\n|\n|-heal|p1a: Weezing|152/252|[from] item: Black Sludge\n|upkeep\n|turn|11\n|\n|t:|1685115940\n|move|p1a: Weezing|Toxic Spikes|p2a: Type: Null\n|-sidestart|p2: MagneJ15|move: Toxic Spikes\n|move|p2a: Type: Null|Swords Dance|p2a: Type: Null\n|-boost|p2a: Type: Null|atk|2\n|\n|-heal|p1a: Weezing|167/252|[from] item: Black Sludge\n|upkeep\n|turn|12\n|\n|t:|1685115949\n|move|p1a: Weezing|Will-O-Wisp|p2a: Type: Null\n|-status|p2a: Type: Null|brn\n|move|p2a: Type: Null|Crush Claw|p1a: Weezing\n|-damage|p1a: Weezing|76/252\n|-unboost|p1a: Weezing|def|1\n|\n|-heal|p1a: Weezing|91/252|[from] item: Black Sludge\n|-damage|p2a: Type: Null|285/304 brn|[from] brn\n|upkeep\n|turn|13\n|\n|t:|1685115962\n|move|p1a: Weezing|Sludge Bomb|p2a: Type: Null\n|-damage|p2a: Type: Null|231/304 brn\n|move|p2a: Type: Null|Swords Dance|p2a: Type: Null\n|-boost|p2a: Type: Null|atk|2\n|\n|-heal|p1a: Weezing|106/252|[from] item: Black Sludge\n|-damage|p2a: Type: Null|212/304 brn|[from] brn\n|upkeep\n|turn|14\n|\n|t:|1685115972\n|move|p1a: Weezing|Sludge Bomb|p2a: Type: Null\n|-damage|p2a: Type: Null|152/304 brn\n|move|p2a: Type: Null|Rest|p2a: Type: Null\n|-status|p2a: Type: Null|slp|[from] move: Rest\n|-heal|p2a: Type: Null|304/304 slp|[silent]\n|\n|-heal|p1a: Weezing|121/252|[from] item: Black Sludge\n|upkeep\n|turn|15\n|\n|t:|1685115982\n|move|p1a: Weezing|Fire Blast|p2a: Type: Null\n|-damage|p2a: Type: Null|254/304 slp\n|cant|p2a: Type: Null|slp\n|move|p2a: Type: Null|Sleep Talk|p2a: Type: Null\n|move|p2a: Type: Null|Swords Dance|p2a: Type: Null|[from]move: Sleep Talk\n|-boost|p2a: Type: Null|atk|0\n|\n|-heal|p1a: Weezing|136/252|[from] item: Black Sludge\n|upkeep\n|turn|16\n|inactive|Battle timer is ON: inactive players will automatically lose when time's up. (requested by 9125tienphong)\n|\n|t:|1685115994\n|switch|p1a: Registeel|Registeel, L83|268/268\n|cant|p2a: Type: Null|slp\n|move|p2a: Type: Null|Sleep Talk|p2a: Type: Null\n|move|p2a: Type: Null|Crush Claw|p1a: Registeel|[from]move: Sleep Talk\n|-resisted|p1a: Registeel\n|-damage|p1a: Registeel|155/268\n|\n|-heal|p1a: Registeel|171/268|[from] item: Leftovers\n|upkeep\n|turn|17\n|\n|t:|1685116005\n|-curestatus|p2a: Type: Null|slp|[msg]\n|move|p2a: Type: Null|Crush Claw|p1a: Registeel\n|-resisted|p1a: Registeel\n|-crit|p1a: Registeel\n|-damage|p1a: Registeel|18/268\n|move|p1a: Registeel|Iron Head|p2a: Type: Null\n|-damage|p2a: Type: Null|212/304\n|\n|-heal|p1a: Registeel|34/268|[from] item: Leftovers\n|upkeep\n|turn|18\n|\n|t:|1685116025\n|move|p2a: Type: Null|Crush Claw|p1a: Registeel\n|-resisted|p1a: Registeel\n|-damage|p1a: Registeel|0 fnt\n|faint|p1a: Registeel\n|\n|upkeep\n|\n|t:|1685116027\n|switch|p1a: Genesect|Genesect, L74|99/227\n|-ability|p1a: Genesect|Download|boost\n|-boost|p1a: Genesect|spa|1\n|turn|19\n|\n|t:|1685116036\n|-start|p2a: Type: Null|Dynamax|\n|-heal|p2a: Type: Null|424/608|[silent]\n|move|p1a: Genesect|Iron Head|p2a: Type: Null\n|-damage|p2a: Type: Null|356/608\n|-damage|p1a: Genesect|77/227|[from] item: Life Orb\n|move|p2a: Type: Null|Max Strike|p1a: Genesect\n|-resisted|p1a: Genesect\n|-damage|p1a: Genesect|0 fnt\n|faint|p1a: Genesect\n|\n|upkeep\n|\n|t:|1685116045\n|switch|p1a: Weezing|Weezing, L86, M|136/252\n|turn|20\n|\n|t:|1685116051\n|move|p1a: Weezing|Will-O-Wisp|p2a: Type: Null|[miss]\n|-miss|p1a: Weezing|p2a: Type: Null\n|move|p2a: Type: Null|Max Strike|p1a: Weezing\n|-damage|p1a: Weezing|0 fnt\n|faint|p1a: Weezing\n|\n|upkeep\n|\n|t:|1685116055\n|switch|p1a: Mr. Rime|Mr. Rime, L86, F|278/278\n|turn|21\n|\n|t:|1685116061\n|move|p1a: Mr. Rime|Slack Off||[still]\n|-fail|p1a: Mr. Rime|heal\n|move|p2a: Type: Null|Max Strike|p1a: Mr. Rime\n|-damage|p1a: Mr. Rime|0 fnt\n|faint|p1a: Mr. Rime\n|\n|upkeep\n|-message|9125tienphong forfeited.\n|\n|win|MagneJ15\n|raw|9125tienphong's rating: 1043 &rarr; <strong>1029</strong><br />(-14 for losing)\n|raw|MagneJ15's rating: 1096 &rarr; <strong>1118</strong><br />(+22 for winning)\n|l|\u26069125tienphong\n", "inputlog": ">version 61c68e60481ef09071210320730fc448fef50368\n>start {\"formatid\":\"gen8randombattle\",\"seed\":[22128,34569,63558,10809],\"rated\":\"Rated battle\"}\n>player p1 {\"name\":\"9125tienphong\",\"avatar\":\"1\",\"rating\":1043,\"seed\":[26663,48796,59513,52927]}\n>player p2 {\"name\":\"MagneJ15\",\"avatar\":\"101\",\"rating\":1096,\"seed\":[62435,49915,42379,1837]}\n>p1 move calmmind\n>p2 switch 6\n>p1 move psychic\n>p2 move calmmind\n>p1 move psychic\n>p2 move gigadrain\n>p2 switch 4\n>p1 switch 4\n>p2 move protect\n>p1 move thunderbolt\n>p2 move leechseed\n>p1 move thunderbolt\n>p2 move protect\n>p1 move thunderbolt\n>p2 move protect\n>p1 move thunderbolt\n>p2 move airslash\n>p2 switch 2\n>p1 switch 2\n>p2 move swordsdance\n>p1 move toxicspikes\n>p2 move crushclaw\n>p1 move toxicspikes\n>p2 move swordsdance\n>p1 move willowisp\n>p2 move crushclaw\n>p1 move sludgebomb\n>p2 move swordsdance\n>p1 move sludgebomb\n>p2 move rest\n>p1 move fireblast\n>p2 move sleeptalk\n>p1 switch 3\n>p2 move sleeptalk\n>p1 move ironhead\n>p2 move crushclaw\n>p1 move ironhead\n>p2 move crushclaw\n>p1 switch 2\n>p1 move ironhead\n>p2 move crushclaw dynamax\n>p1 switch 3\n>p1 move willowisp\n>p2 move crushclaw dynamax\n>p1 switch 6\n>p1 move slackoff\n>p2 move crushclaw dynamax\n>forcelose p1", "uploadtime": 1685116074, "views": 3, "p1id": "9125tienphong", "p2id": "magnej15", "formatid": "gen8randombattle", "rating": 1029, "private": 0, "password": ""}