{"id": "gen8randombattle-1232495926", "p1": "MichaelderBeste2", "p2": "Aqua\u2570\u2726\u256e", "format": "[Gen 8] Random Battle", "log": "|j|\u2606MichaelderBeste2\n|j|\u2606Aqua\u2570\u2726\u256e\n|t:|1606491242\n|player|p1|MichaelderBeste2|riley|2485\n|player|p2|Aqua\u2570\u2726\u256e|cress|2453\n|teamsize|p1|6\n|teamsize|p2|6\n|gametype|singles\n|gen|8\n|tier|[Gen 8] Random Battle\n|rated|\n|rule|Species Clause: Limit one of each Pok\u00e9mon\n|rule|HP Percentage Mod: HP is shown in percentages\n|rule|Sleep Clause Mod: Limit one foe put to sleep\n|\n|t:|1606491242\n|start\n|switch|p1a: Manectric|Manectric, L88, F|266/266\n|switch|p2a: Gourgeist|Gourgeist, L88, F|258/258\n|-item|p1a: Manectric|Choice Scarf|[from] ability: Frisk|[of] p2a: Gourgeist|[identify]\n|turn|1\n|\n|t:|1606491271\n|switch|p2a: Mudsdale|Mudsdale, L84, M|305/305\n|move|p1a: Manectric|Volt Switch|p2a: Mudsdale\n|-immune|p2a: Mudsdale\n|\n|upkeep\n|turn|2\n|\n|t:|1606491281\n|switch|p1a: Yveltal|Yveltal, L72|300/300\n|-ability|p1a: Yveltal|Dark Aura\n|move|p2a: Mudsdale|Stealth Rock|p1a: Yveltal\n|-sidestart|p1: MichaelderBeste2|move: Stealth Rock\n|\n|upkeep\n|turn|3\n|\n|t:|1606491304\n|switch|p2a: Rotom|Rotom-Heat, L82|216/216\n|move|p1a: Yveltal|Knock Off|p2a: Rotom\n|-damage|p2a: Rotom|108/216\n|-enditem|p2a: Rotom|Heavy-Duty Boots|[from] move: Knock Off|[of] p1a: Yveltal\n|\n|upkeep\n|turn|4\n|\n|t:|1606491340\n|switch|p1a: Manectric|Manectric, L88, F|266/266\n|-damage|p1a: Manectric|233/266|[from] Stealth Rock\n|move|p2a: Rotom|Will-O-Wisp|p1a: Manectric\n|-status|p1a: Manectric|brn\n|\n|-damage|p1a: Manectric|217/266 brn|[from] brn\n|upkeep\n|turn|5\n|\n|t:|1606491351\n|move|p1a: Manectric|Switcheroo|p2a: Rotom\n|-activate|p1a: Manectric|move: Trick|[of] p2a: Rotom\n|-item|p2a: Rotom|Choice Scarf|[from] move: Switcheroo\n|-enditem|p1a: Manectric|Choice Scarf|[silent]|[from] move: Switcheroo\n|move|p2a: Rotom|Overheat|p1a: Manectric|[miss]\n|-miss|p2a: Rotom|p1a: Manectric\n|\n|-damage|p1a: Manectric|201/266 brn|[from] brn\n|upkeep\n|turn|6\n|\n|t:|1606491360\n|move|p2a: Rotom|Overheat|p1a: Manectric|[miss]\n|-miss|p2a: Rotom|p1a: Manectric\n|move|p1a: Manectric|Volt Switch|p2a: Rotom\n|-resisted|p2a: Rotom\n|-damage|p2a: Rotom|72/216\n|\n|t:|1606491365\n|switch|p1a: Garbodor|Garbodor, L88, M|284/284\n|-damage|p1a: Garbodor|249/284|[from] Stealth Rock\n|\n|-heal|p1a: Garbodor|266/284|[from] item: Black Sludge\n|upkeep\n|turn|7\n|\n|t:|1606491376\n|switch|p2a: Mudsdale|Mudsdale, L84, M|305/305\n|move|p1a: Garbodor|Toxic Spikes|p2a: Mudsdale\n|-sidestart|p2: Aqua\u2570\u2726\u256e|move: Toxic Spikes\n|\n|-heal|p1a: Garbodor|283/284|[from] item: Black Sludge\n|upkeep\n|turn|8\n|\n|t:|1606491383\n|switch|p1a: Yveltal|Yveltal, L72|300/300\n|-ability|p1a: Yveltal|Dark Aura\n|move|p2a: Mudsdale|Earthquake|p1a: Yveltal\n|-immune|p1a: Yveltal\n|\n|upkeep\n|turn|9\n|\n|t:|1606491389\n|move|p1a: Yveltal|Knock Off|p2a: Mudsdale\n|-damage|p2a: Mudsdale|187/305\n|-ability|p2a: Mudsdale|Stamina|boost\n|-boost|p2a: Mudsdale|def|1\n|-enditem|p2a: Mudsdale|Leftovers|[from] move: Knock Off|[of] p1a: Yveltal\n|move|p2a: Mudsdale|Body Press|p1a: Yveltal\n|-damage|p1a: Yveltal|213/300\n|\n|upkeep\n|turn|10\n|\n|t:|1606491397\n|move|p1a: Yveltal|Oblivion Wing|p2a: Mudsdale\n|-damage|p2a: Mudsdale|111/305\n|-heal|p1a: Yveltal|270/300|[from] drain|[of] p2a: Mudsdale\n|-ability|p2a: Mudsdale|Stamina|boost\n|-boost|p2a: Mudsdale|def|1\n|move|p2a: Mudsdale|Body Press|p1a: Yveltal\n|-damage|p1a: Yveltal|147/300\n|\n|upkeep\n|turn|11\n|j| lakdfjlsjdfljla\n|c| lakdfjlsjdfljla|ahhhh 2400+\n|\n|t:|1606491410\n|switch|p1a: Scolipede|Scolipede, L82, M|233/233\n|-damage|p1a: Scolipede|175/233|[from] Stealth Rock\n|move|p2a: Mudsdale|Body Press|p1a: Scolipede\n|-resisted|p1a: Scolipede\n|-damage|p1a: Scolipede|144/233\n|\n|upkeep\n|turn|12\n|\n|t:|1606491419\n|move|p1a: Scolipede|Megahorn|p2a: Mudsdale\n|-damage|p2a: Mudsdale|45/305\n|-ability|p2a: Mudsdale|Stamina|boost\n|-boost|p2a: Mudsdale|def|1\n|-damage|p1a: Scolipede|121/233|[from] item: Life Orb\n|move|p2a: Mudsdale|Earthquake|p1a: Scolipede\n|-damage|p1a: Scolipede|0 fnt\n|faint|p1a: Scolipede\n|\n|upkeep\n|\n|t:|1606491421\n|switch|p1a: Yveltal|Yveltal, L72|147/300\n|-ability|p1a: Yveltal|Dark Aura\n|turn|13\n|\n|t:|1606491435\n|switch|p2a: Rotom|Rotom-Heat, L82|72/216\n|move|p1a: Yveltal|Oblivion Wing|p2a: Rotom\n|-resisted|p2a: Rotom\n|-damage|p2a: Rotom|39/216\n|-heal|p1a: Yveltal|172/300|[from] drain|[of] p2a: Rotom\n|\n|upkeep\n|turn|14\n|\n|t:|1606491445\n|move|p1a: Yveltal|Sucker Punch||[still]\n|-fail|p1a: Yveltal\n|move|p2a: Rotom|Will-O-Wisp|p1a: Yveltal|[miss]\n|-miss|p2a: Rotom|p1a: Yveltal\n|\n|upkeep\n|turn|15\n|c|\u2606Aqua\u2570\u2726\u256e|life\n|\n|t:|1606491453\n|switch|p2a: Mudsdale|Mudsdale, L84, M|45/305\n|-status|p2a: Mudsdale|psn\n|switch|p1a: Manectric|Manectric, L88, F|201/266 brn\n|-damage|p1a: Manectric|168/266 brn|[from] Stealth Rock\n|\n|-damage|p1a: Manectric|152/266 brn|[from] brn\n|-damage|p2a: Mudsdale|7/305 psn|[from] psn\n|upkeep\n|turn|16\n|\n|t:|1606491459\n|move|p1a: Manectric|Flamethrower|p2a: Mudsdale\n|-damage|p2a: Mudsdale|0 fnt\n|faint|p2a: Mudsdale\n|\n|-damage|p1a: Manectric|136/266 brn|[from] brn\n|upkeep\n|\n|t:|1606491467\n|switch|p2a: Rotom|Rotom-Heat, L82|39/216\n|turn|17\n|\n|t:|1606491473\n|switch|p1a: Garbodor|Garbodor, L88, M|283/284\n|-damage|p1a: Garbodor|248/284|[from] Stealth Rock\n|move|p2a: Rotom|Overheat|p1a: Garbodor\n|-damage|p1a: Garbodor|115/284\n|-unboost|p2a: Rotom|spa|2\n|\n|-heal|p1a: Garbodor|132/284|[from] item: Black Sludge\n|upkeep\n|turn|18\n|\n|t:|1606491491\n|move|p2a: Rotom|Overheat|p1a: Garbodor\n|-damage|p1a: Garbodor|63/284\n|-unboost|p2a: Rotom|spa|2\n|move|p1a: Garbodor|Spikes|p2a: Rotom\n|-sidestart|p2: Aqua\u2570\u2726\u256e|Spikes\n|\n|-heal|p1a: Garbodor|80/284|[from] item: Black Sludge\n|upkeep\n|turn|19\n|\n|t:|1606491499\n|switch|p2a: Kabutops|Kabutops, L84, M|238/238\n|-damage|p2a: Kabutops|209/238|[from] Spikes\n|-status|p2a: Kabutops|psn\n|-enditem|p2a: Kabutops|Lum Berry|[eat]\n|-curestatus|p2a: Kabutops|psn|[msg]\n|move|p1a: Garbodor|Spikes|p2a: Kabutops\n|-sidestart|p2: Aqua\u2570\u2726\u256e|Spikes\n|\n|-heal|p1a: Garbodor|97/284|[from] item: Black Sludge\n|upkeep\n|turn|20\n|\n|t:|1606491510\n|move|p2a: Kabutops|Rapid Spin|p1a: Garbodor\n|-damage|p1a: Garbodor|53/284\n|-boost|p2a: Kabutops|spe|1\n|-sideend|p2: Aqua\u2570\u2726\u256e|Spikes|[from] move: Rapid Spin|[of] p2a: Kabutops\n|-sideend|p2: Aqua\u2570\u2726\u256e|Toxic Spikes|[from] move: Rapid Spin|[of] p2a: Kabutops\n|move|p1a: Garbodor|Explosion|p2a: Kabutops\n|-resisted|p2a: Kabutops\n|-crit|p2a: Kabutops\n|-damage|p2a: Kabutops|92/238\n|faint|p1a: Garbodor\n|\n|upkeep\n|\n|t:|1606491516\n|switch|p1a: Jirachi|Jirachi, L82|298/298\n|-damage|p1a: Jirachi|280/298|[from] Stealth Rock\n|turn|21\n|\n|t:|1606491528\n|switch|p2a: Centiskorch|Centiskorch, L86, F|312/312\n|move|p1a: Jirachi|Iron Head|p2a: Centiskorch\n|-resisted|p2a: Centiskorch\n|-damage|p2a: Centiskorch|258/312\n|\n|-heal|p1a: Jirachi|298/298|[from] item: Leftovers\n|upkeep\n|turn|22\n|\n|t:|1606491536\n|move|p1a: Jirachi|Stealth Rock|p2a: Centiskorch\n|-sidestart|p2: Aqua\u2570\u2726\u256e|move: Stealth Rock\n|move|p2a: Centiskorch|Fire Lash|p1a: Jirachi\n|-supereffective|p1a: Jirachi\n|-damage|p1a: Jirachi|100/298\n|-unboost|p1a: Jirachi|def|1\n|\n|-heal|p1a: Jirachi|118/298|[from] item: Leftovers\n|upkeep\n|turn|23\n|\n|t:|1606491545\n|move|p1a: Jirachi|U-turn|p2a: Centiskorch\n|-resisted|p2a: Centiskorch\n|-damage|p2a: Centiskorch|230/312\n|\n|t:|1606491547\n|switch|p1a: Entei|Entei, L82|323/323\n|-damage|p1a: Entei|243/323|[from] Stealth Rock\n|move|p2a: Centiskorch|Leech Life|p1a: Entei\n|-resisted|p1a: Entei\n|-damage|p1a: Entei|185/323\n|-heal|p2a: Centiskorch|259/312|[from] drain|[of] p1a: Entei\n|\n|upkeep\n|turn|24\n|\n|t:|1606491568\n|switch|p2a: Gourgeist|Gourgeist, L88, F|258/258\n|-damage|p2a: Gourgeist|226/258|[from] Stealth Rock\n|-item|p1a: Entei|Choice Band|[from] ability: Frisk|[of] p2a: Gourgeist|[identify]\n|move|p1a: Entei|Stone Edge|p2a: Gourgeist|[miss]\n|-miss|p1a: Entei|p2a: Gourgeist\n|\n|upkeep\n|turn|25\n|\n|t:|1606491583\n|-start|p1a: Entei|Dynamax\n|-heal|p1a: Entei|370/646|[silent]\n|move|p1a: Entei|Max Flare|p2a: Gourgeist\n|-supereffective|p2a: Gourgeist\n|-damage|p2a: Gourgeist|0 fnt\n|-weather|SunnyDay\n|faint|p2a: Gourgeist\n|\n|-weather|SunnyDay|[upkeep]\n|upkeep\n|\n|t:|1606491605\n|switch|p2a: Centiskorch|Centiskorch, L86, F|259/312\n|turn|26\n|\n|t:|1606491611\n|switch|p2a: Rotom|Rotom-Heat, L82|39/216\n|-damage|p2a: Rotom|0 fnt|[from] Stealth Rock\n|faint|p2a: Rotom\n|move|p1a: Entei|Max Quake|p2: Rotom|[notarget]\n|-fail|p1a: Entei\n|\n|-weather|SunnyDay|[upkeep]\n|upkeep\n|\n|t:|1606491627\n|switch|p2a: Kabutops|Kabutops, L84, M|92/238\n|-damage|p2a: Kabutops|63/238|[from] Stealth Rock\n|turn|27\n|\n|t:|1606491635\n|move|p1a: Entei|Max Quake|p2a: Kabutops\n|-supereffective|p2a: Kabutops\n|-damage|p2a: Kabutops|0 fnt\n|-boost|p1a: Entei|spd|1\n|faint|p2a: Kabutops\n|\n|-weather|SunnyDay|[upkeep]\n|-end|p1a: Entei|Dynamax\n|-heal|p1a: Entei|185/323|[silent]\n|upkeep\n|\n|t:|1606491640\n|switch|p2a: Zapdos|Zapdos-Galar, L80|275/275\n|-damage|p2a: Zapdos|241/275|[from] Stealth Rock\n|turn|28\n|\n|t:|1606491659\n|-start|p2a: Zapdos|Dynamax\n|-heal|p2a: Zapdos|482/550|[silent]\n|move|p1a: Entei|Stone Edge|p2a: Zapdos\n|-damage|p2a: Zapdos|366/550\n|move|p2a: Zapdos|Max Airstream|p1a: Entei\n|-damage|p1a: Entei|0 fnt\n|-boost|p2a: Zapdos|spe|1\n|-damage|p2a: Zapdos|339/550|[from] item: Life Orb\n|faint|p1a: Entei\n|\n|-weather|SunnyDay|[upkeep]\n|upkeep\n|j| Teres bahji\u2740\n|\n|t:|1606491741\n|switch|p1a: Jirachi|Jirachi, L82|118/298\n|-damage|p1a: Jirachi|100/298|[from] Stealth Rock\n|turn|29\n|\n|t:|1606491753\n|switch|p1a: Yveltal|Yveltal, L72|172/300\n|-ability|p1a: Yveltal|Dark Aura\n|move|p2a: Zapdos|Max Knuckle|p1a: Yveltal\n|-damage|p1a: Yveltal|8/300\n|-boost|p2a: Zapdos|atk|1\n|-damage|p2a: Zapdos|312/550|[from] item: Life Orb\n|\n|-weather|none\n|upkeep\n|turn|30\n|\n|t:|1606491791\n|switch|p1a: Jirachi|Jirachi, L82|100/298\n|-damage|p1a: Jirachi|82/298|[from] Stealth Rock\n|move|p2a: Zapdos|Max Airstream|p1a: Jirachi\n|-resisted|p1a: Jirachi\n|-damage|p1a: Jirachi|0 fnt\n|-boost|p2a: Zapdos|spe|1\n|-damage|p2a: Zapdos|285/550|[from] item: Life Orb\n|faint|p1a: Jirachi\n|\n|-end|p2a: Zapdos|Dynamax\n|-heal|p2a: Zapdos|143/275|[silent]\n|upkeep\n|\n|t:|1606491798\n|switch|p1a: Manectric|Manectric, L88, F|136/266 brn\n|-damage|p1a: Manectric|103/266 brn|[from] Stealth Rock\n|turn|31\n|\n|t:|1606491801\n|move|p2a: Zapdos|Throat Chop|p1a: Manectric\n|-damage|p1a: Manectric|0 fnt\n|-damage|p2a: Zapdos|116/275|[from] item: Life Orb\n|faint|p1a: Manectric\n|\n|upkeep\n|\n|t:|1606491803\n|switch|p1a: Yveltal|Yveltal, L72|8/300\n|-ability|p1a: Yveltal|Dark Aura\n|turn|32\n|\n|t:|1606491807\n|move|p1a: Yveltal|Sucker Punch|p2a: Zapdos\n|-resisted|p2a: Zapdos\n|-damage|p2a: Zapdos|66/275\n|move|p2a: Zapdos|Close Combat|p1a: Yveltal\n|-damage|p1a: Yveltal|0 fnt\n|-unboost|p2a: Zapdos|def|1\n|-unboost|p2a: Zapdos|spd|1\n|-damage|p2a: Zapdos|39/275|[from] item: Life Orb\n|faint|p1a: Yveltal\n|\n|win|Aqua\u2570\u2726\u256e\n|l|\u2606MichaelderBeste2\n|raw|MichaelderBeste2's rating: 2486 &rarr; <strong>2464</strong><br />(-22 for losing)\n|raw|Aqua\u2570\u2726\u256e's rating: 2454 &rarr; <strong>2476</strong><br />(+22 for winning)\n|j| longhiep341\n|j| kanupaku\n|l| kanupaku\n|l| longhiep341\n|l| Teres bahji\u2740\n|l| lakdfjlsjdfljla\n", "inputlog": ">version c13d5f3d4caedc6a48a52ae3b1c88ae5c668f23f\n>start {\"formatid\":\"gen8randombattle\",\"seed\":[63956,44775,11435,50102],\"rated\":\"Rated battle\"}\n>player p1 {\"name\":\"MichaelderBeste2\",\"avatar\":\"riley\",\"team\":\"\",\"rating\":2485,\"seed\":[32832,24017,6051,41205]}\n>player p2 {\"name\":\"Aqua\u2570\u2726\u256e\",\"avatar\":\"cress\",\"team\":\"\",\"rating\":2453,\"seed\":[64412,33544,36532,41111]}\n>p1 move voltswitch\n>p2 switch 4\n>p1 switch 5\n>p2 move stealthrock\n>p1 move knockoff\n>p2 switch 5\n>p1 switch 5\n>p2 move willowisp\n>p1 move switcheroo\n>p2 move overheat\n>p1 move voltswitch\n>p2 move overheat\n>p1 switch 6\n>p1 move toxicspikes\n>p2 switch 5\n>p1 switch 5\n>p2 move earthquake\n>p1 move knockoff\n>p2 move bodypress\n>p1 move oblivionwing\n>p2 move bodypress\n>chat  lakdfjlsjdfljla|ahhhh 2400+\n>p1 switch 2\n>p2 move bodypress\n>p1 move megahorn\n>p2 move earthquake\n>p1 switch 2\n>p1 move oblivionwing\n>p2 switch 5\n>p1 move suckerpunch\n>p2 move willowisp\n>chat \u2606Aqua\u2570\u2726\u256e|life\n>p1 switch 6\n>p2 switch 5\n>p1 move flamethrower\n>p2 move bodypress\n>p2 switch 5\n>p1 switch 5\n>p2 move overheat\n>p1 move spikes\n>p2 move overheat\n>p1 move spikes\n>p2 switch 2\n>p1 move explosion\n>p2 move rapidspin\n>p1 switch 4\n>p1 move ironhead\n>p2 switch 3\n>p1 move stealthrock\n>p2 move firelash\n>p1 move uturn\n>p2 move leechlife\n>p1 switch 3\n>p1 move stoneedge\n>p2 switch 4\n>p1 move flareblitz dynamax\n>p2 move powerwhip\n>p2 switch 4\n>p1 move stompingtantrum dynamax\n>p2 switch 2\n>p2 switch 3\n>p1 move stompingtantrum dynamax\n>p2 move rapidspin\n>p2 switch 6\n>p1 move stoneedge\n>p2 move bravebird dynamax\n>p1 switch 3\n>p1 switch 6\n>p2 move closecombat dynamax\n>p1 switch 6\n>p2 move bravebird dynamax\n>p1 switch 5\n>p1 move voltswitch\n>p2 move throatchop\n>p1 switch 6\n>p1 move suckerpunch\n>p2 move closecombat", "uploadtime": 1606492155, "views": 464, "p1id": "michaelderbeste2", "p2id": "aqua", "formatid": "gen8randombattle", "rating": 2464, "private": 0, "password": null}