{"id": "gen8randombattle-1861940689", "p1": "fracture81", "p2": "Cozmog98", "format": "[Gen 8] Random Battle", "log": "|j|\u2606fracture81\n|j|\u2606Cozmog98\n|t:|1683822628\n|gametype|singles\n|player|p1|fracture81|101|\n|player|p2|Cozmog98|266|\n|teamsize|p1|6\n|teamsize|p2|6\n|gen|8\n|tier|[Gen 8] Random Battle\n|rule|Species Clause: Limit one of each Pok\u00e9mon\n|rule|HP Percentage Mod: HP is shown in percentages\n|rule|Sleep Clause Mod: Limit one foe put to sleep\n|\n|t:|1683822628\n|start\n|switch|p1a: Klinklang|Klinklang, L84|238/238\n|switch|p2a: Ludicolo|Ludicolo, L86, M|278/278\n|turn|1\n|inactive|Battle timer is ON: inactive players will automatically lose when time's up. (requested by fracture81)\n|\n|t:|1683822646\n|move|p1a: Klinklang|Wild Charge|p2a: Ludicolo\n|-damage|p2a: Ludicolo|206/278\n|-damage|p1a: Klinklang|220/238|[from] Recoil\n|move|p2a: Ludicolo|Ice Beam|p1a: Klinklang\n|-resisted|p1a: Klinklang\n|-damage|p1a: Klinklang|177/238\n|-damage|p2a: Ludicolo|179/278|[from] item: Life Orb\n|\n|-heal|p1a: Klinklang|191/238|[from] item: Leftovers\n|upkeep\n|turn|2\n|\n|t:|1683822659\n|move|p1a: Klinklang|Substitute|p1a: Klinklang\n|-start|p1a: Klinklang|Substitute\n|-damage|p1a: Klinklang|132/238\n|move|p2a: Ludicolo|Rain Dance|p2a: Ludicolo\n|-weather|RainDance\n|\n|-weather|RainDance|[upkeep]\n|-heal|p1a: Klinklang|146/238|[from] item: Leftovers\n|upkeep\n|turn|3\n|\n|t:|1683822667\n|move|p2a: Ludicolo|Scald|p1a: Klinklang\n|-end|p1a: Klinklang|Substitute\n|-damage|p2a: Ludicolo|152/278|[from] item: Life Orb\n|move|p1a: Klinklang|Shift Gear|p1a: Klinklang\n|-boost|p1a: Klinklang|spe|2\n|-boost|p1a: Klinklang|atk|1\n|\n|-weather|RainDance|[upkeep]\n|-heal|p1a: Klinklang|160/238|[from] item: Leftovers\n|upkeep\n|turn|4\n|\n|t:|1683822680\n|move|p1a: Klinklang|Gear Grind|p2a: Ludicolo\n|-resisted|p2a: Ludicolo\n|-damage|p2a: Ludicolo|102/278\n|-resisted|p2a: Ludicolo\n|-damage|p2a: Ludicolo|55/278\n|-hitcount|p2a: Ludicolo|2\n|move|p2a: Ludicolo|Scald|p1a: Klinklang\n|-damage|p1a: Klinklang|0 fnt\n|faint|p1a: Klinklang\n|-damage|p2a: Ludicolo|28/278|[from] item: Life Orb\n|\n|-weather|RainDance|[upkeep]\n|upkeep\n|\n|t:|1683822695\n|switch|p1a: Rayquaza|Rayquaza, L74|277/277\n|-ability|p1a: Rayquaza|Air Lock\n|turn|5\n|\n|t:|1683822709\n|move|p1a: Rayquaza|Earthquake|p2a: Ludicolo\n|-resisted|p2a: Ludicolo\n|-damage|p2a: Ludicolo|0 fnt\n|faint|p2a: Ludicolo\n|\n|-weather|RainDance|[upkeep]\n|upkeep\n|\n|t:|1683822719\n|switch|p2a: Durant|Durant, L78, M|219/219\n|turn|6\n|\n|t:|1683822731\n|-start|p1a: Rayquaza|Dynamax|\n|-heal|p1a: Rayquaza|554/554|[silent]\n|move|p2a: Durant|Hone Claws|p2a: Durant\n|-boost|p2a: Durant|atk|1\n|-boost|p2a: Durant|accuracy|1\n|move|p1a: Rayquaza|Max Flare|p2a: Durant\n|-supereffective|p2a: Durant\n|-damage|p2a: Durant|0 fnt\n|-weather|SunnyDay\n|faint|p2a: Durant\n|\n|-weather|SunnyDay|[upkeep]\n|upkeep\n|\n|t:|1683822747\n|switch|p2a: Nidoqueen|Nidoqueen, L84, F|288/288\n|turn|7\n|\n|t:|1683822753\n|-start|p2a: Nidoqueen|Dynamax|\n|-heal|p2a: Nidoqueen|576/576|[silent]\n|move|p1a: Rayquaza|Max Quake|p2a: Nidoqueen\n|-supereffective|p2a: Nidoqueen\n|-damage|p2a: Nidoqueen|362/576\n|-boost|p1a: Rayquaza|spd|1\n|move|p2a: Nidoqueen|Max Hailstorm|p1a: Rayquaza\n|-supereffective|p1a: Rayquaza\n|-damage|p1a: Rayquaza|237/554\n|-weather|Hail\n|-damage|p2a: Nidoqueen|334/576|[from] item: Life Orb\n|\n|-weather|Hail|[upkeep]\n|upkeep\n|turn|8\n|\n|t:|1683822770\n|move|p1a: Rayquaza|Max Quake|p2a: Nidoqueen\n|-supereffective|p2a: Nidoqueen\n|-damage|p2a: Nidoqueen|114/576\n|-boost|p1a: Rayquaza|spd|1\n|move|p2a: Nidoqueen|Max Hailstorm|p1a: Rayquaza\n|-supereffective|p1a: Rayquaza\n|-damage|p1a: Rayquaza|34/554\n|-damage|p2a: Nidoqueen|86/576|[from] item: Life Orb\n|\n|-weather|Hail|[upkeep]\n|upkeep\n|-end|p1a: Rayquaza|Dynamax\n|-heal|p1a: Rayquaza|17/277|[silent]\n|turn|9\n|\n|t:|1683822784\n|move|p1a: Rayquaza|Earthquake|p2a: Nidoqueen\n|-supereffective|p2a: Nidoqueen\n|-damage|p2a: Nidoqueen|0 fnt\n|faint|p2a: Nidoqueen\n|\n|-weather|Hail|[upkeep]\n|upkeep\n|\n|t:|1683822795\n|switch|p2a: Copperajah|Copperajah, L84, M|342/342\n|turn|10\n|\n|t:|1683822804\n|move|p1a: Rayquaza|V-create|p2a: Copperajah|[miss]\n|-miss|p1a: Rayquaza|p2a: Copperajah\n|move|p2a: Copperajah|Iron Head|p1a: Rayquaza\n|-damage|p1a: Rayquaza|0 fnt\n|faint|p1a: Rayquaza\n|\n|-weather|Hail|[upkeep]\n|-damage|p2a: Copperajah|321/342|[from] Hail\n|upkeep\n|\n|t:|1683822818\n|switch|p1a: Dhelmise|Dhelmise, L86|261/261\n|turn|11\n|\n|t:|1683822832\n|move|p1a: Dhelmise|Poltergeist|p2a: Copperajah\n|-activate|p2a: Copperajah|move: Poltergeist|Life Orb\n|-damage|p2a: Copperajah|137/342\n|move|p2a: Copperajah|Iron Head|p1a: Dhelmise\n|-damage|p1a: Dhelmise|88/261\n|\n|-weather|none\n|upkeep\n|turn|12\n|\n|t:|1683822845\n|move|p1a: Dhelmise|Poltergeist|p2a: Copperajah\n|-activate|p2a: Copperajah|move: Poltergeist|Life Orb\n|-damage|p2a: Copperajah|0 fnt\n|faint|p2a: Copperajah\n|\n|upkeep\n|\n|t:|1683822855\n|switch|p2a: Weezing|Weezing-Galar, L86, F|252/252\n|-ability|p2a: Weezing|Neutralizing Gas\n|turn|13\n|\n|t:|1683822864\n|move|p2a: Weezing|Sludge Bomb|p1a: Dhelmise\n|-damage|p1a: Dhelmise|27/261\n|move|p1a: Dhelmise|Anchor Shot|p2a: Weezing\n|-supereffective|p2a: Weezing\n|-damage|p2a: Weezing|140/252\n|-activate|p2a: Weezing|trapped\n|\n|-heal|p2a: Weezing|155/252|[from] item: Black Sludge\n|upkeep\n|turn|14\n|\n|t:|1683822880\n|move|p2a: Weezing|Sludge Bomb|p1a: Dhelmise\n|-damage|p1a: Dhelmise|0 fnt\n|faint|p1a: Dhelmise\n|\n|-heal|p2a: Weezing|170/252|[from] item: Black Sludge\n|upkeep\n|\n|t:|1683822889\n|switch|p1a: Gengar|Gengar, L80, M|227/227\n|turn|15\n|\n|t:|1683822906\n|move|p1a: Gengar|Shadow Ball|p2a: Weezing\n|-damage|p2a: Weezing|34/252\n|-unboost|p2a: Weezing|spd|1\n|-damage|p1a: Gengar|205/227|[from] item: Life Orb\n|move|p2a: Weezing|Fire Blast|p1a: Gengar\n|-damage|p1a: Gengar|112/227\n|\n|-heal|p2a: Weezing|49/252|[from] item: Black Sludge\n|upkeep\n|turn|16\n|\n|t:|1683822925\n|move|p1a: Gengar|Shadow Ball|p2a: Weezing\n|-damage|p2a: Weezing|0 fnt\n|faint|p2a: Weezing\n|-end|p2a: Weezing|ability: Neutralizing Gas\n|-damage|p1a: Gengar|90/227|[from] item: Life Orb\n|\n|upkeep\n|\n|t:|1683822932\n|switch|p2a: Conkeldurr|Conkeldurr, L80, F|299/299\n|turn|17\n|\n|t:|1683822939\n|move|p1a: Gengar|Sludge Wave|p2a: Conkeldurr\n|-damage|p2a: Conkeldurr|87/299\n|-damage|p1a: Gengar|68/227|[from] item: Life Orb\n|move|p2a: Conkeldurr|Knock Off|p1a: Gengar\n|-supereffective|p1a: Gengar\n|-damage|p1a: Gengar|0 fnt\n|-enditem|p1a: Gengar|Life Orb|[from] move: Knock Off|[of] p2a: Conkeldurr\n|faint|p1a: Gengar\n|\n|-status|p2a: Conkeldurr|brn|[from] item: Flame Orb\n|upkeep\n|\n|t:|1683822950\n|switch|p1a: Gyarados|Gyarados, L76, F|269/269\n|turn|18\n|\n|t:|1683822957\n|move|p2a: Conkeldurr|Mach Punch|p1a: Gyarados\n|-resisted|p1a: Gyarados\n|-damage|p1a: Gyarados|222/269\n|move|p1a: Gyarados|Waterfall|p2a: Conkeldurr\n|-damage|p2a: Conkeldurr|5/299 brn\n|\n|-damage|p2a: Conkeldurr|0 fnt|[from] brn\n|faint|p2a: Conkeldurr\n|\n|win|fracture81\n|upkeep\n|l|\u2606Cozmog98\n", "inputlog": ">version bce759c5f189753f4322d11c9e5aa78bbe1b1bf9\n>start {\"formatid\":\"gen8randombattle\",\"seed\":[50923,62844,46807,25744]}\n>player p1 {\"name\":\"fracture81\",\"avatar\":\"101\",\"rating\":0,\"seed\":[29165,29021,58794,51229]}\n>player p2 {\"name\":\"Cozmog98\",\"avatar\":\"266\",\"rating\":0,\"seed\":[28913,57468,62081,46584]}\n>p1 move wildcharge\n>p2 move icebeam\n>p1 move substitute\n>p2 move raindance\n>p1 move shiftgear\n>p2 move scald\n>p1 move geargrind\n>p2 move scald\n>p1 switch 2\n>p1 move earthquake\n>p2 move icebeam\n>p2 switch 6\n>p1 move vcreate dynamax\n>p2 move honeclaws\n>p2 switch 4\n>p1 move earthquake dynamax\n>p2 move icebeam dynamax\n>p1 move earthquake dynamax\n>p2 move icebeam dynamax\n>p1 move earthquake\n>p2 move icebeam dynamax\n>p2 switch 3\n>p1 move vcreate\n>p2 move ironhead\n>p1 switch 3\n>p1 move poltergeist\n>p2 move ironhead\n>p1 move poltergeist\n>p2 move ironhead\n>p2 switch 5\n>p1 move anchorshot\n>p2 move sludgebomb\n>p1 move poltergeist\n>p2 move sludgebomb\n>p1 switch 4\n>p1 move shadowball\n>p2 move fireblast\n>p1 move shadowball\n>p2 move strangesteam\n>p2 switch 2\n>p1 move sludgewave\n>p2 move knockoff\n>p1 switch 6\n>p1 move waterfall\n>p2 move machpunch", "uploadtime": 1683822972, "views": 12, "p1id": "fracture81", "p2id": "cozmog98", "formatid": "gen8randombattle", "rating": 0, "private": 0, "password": ""}