{"id": "gen8randombattle-1873539073", "p1": "N0VAgenesis", "p2": "bug hunter 227", "format": "[Gen 8] Random Battle", "log": "|j|\u2606N0VAgenesis\n|j|\u2606bug hunter 227\n|t:|1685387930\n|gametype|singles\n|player|p1|N0VAgenesis|ingo|1436\n|player|p2|bug hunter 227|ballguy|1627\n|teamsize|p1|6\n|teamsize|p2|6\n|gen|8\n|tier|[Gen 8] Random Battle\n|rated|\n|rule|Species Clause: Limit one of each Pok\u00e9mon\n|rule|HP Percentage Mod: HP is shown in percentages\n|rule|Sleep Clause Mod: Limit one foe put to sleep\n|\n|t:|1685387930\n|start\n|switch|p1a: Marshadow|Marshadow, L70|242/242\n|switch|p2a: Articuno|Articuno, L84|288/288\n|-ability|p2a: Articuno|Pressure\n|turn|1\n|inactive|Battle timer is ON: inactive players will automatically lose when time's up. (requested by N0VAgenesis)\n|c|\u2606bug hunter 227|glhf\n|c|\u2606N0VAgenesis|Tx\n|c|\u2606N0VAgenesis|u2\n|\n|t:|1685387954\n|-start|p1a: Marshadow|Dynamax|\n|-heal|p1a: Marshadow|484/484|[silent]\n|move|p1a: Marshadow|Max Rockfall|p2a: Articuno\n|-supereffective|p2a: Articuno\n|-damage|p2a: Articuno|36/288\n|-weather|Sandstorm\n|move|p2a: Articuno|Freeze-Dry|p1a: Marshadow\n|-damage|p1a: Marshadow|400/484\n|\n|-weather|Sandstorm|[upkeep]\n|-damage|p1a: Marshadow|385/484|[from] Sandstorm\n|-damage|p2a: Articuno|18/288|[from] Sandstorm\n|upkeep\n|turn|2\n|\n|t:|1685387984\n|switch|p2a: Sigilyph|Sigilyph, L83, F|255/255\n|move|p1a: Marshadow|Max Knuckle|p2a: Sigilyph\n|-resisted|p2a: Sigilyph\n|-damage|p2a: Sigilyph|232/255\n|-boost|p1a: Marshadow|atk|1\n|\n|-weather|Sandstorm|[upkeep]\n|-damage|p1a: Marshadow|370/484|[from] Sandstorm\n|-damage|p2a: Sigilyph|217/255|[from] Sandstorm\n|upkeep\n|turn|3\n|l|\u2606N0VAgenesis\n|inactive|N0VAgenesis disconnected and has a minute to reconnect!\n|player|p1|\n|j|\u2606N0VAgenesis\n|inactive|N0VAgenesis reconnected and has 130 seconds left.\n|player|p1|N0VAgenesis|ingo\n|\n|t:|1685388010\n|switch|p2a: Snorlax|Snorlax, L82, F|397/397\n|move|p1a: Marshadow|Max Phantasm|p2a: Snorlax\n|-immune|p2a: Snorlax\n|\n|-weather|Sandstorm|[upkeep]\n|-damage|p1a: Marshadow|355/484|[from] Sandstorm\n|-damage|p2a: Snorlax|373/397|[from] Sandstorm\n|upkeep\n|-end|p1a: Marshadow|Dynamax\n|-heal|p1a: Marshadow|178/242|[silent]\n|turn|4\n|\n|t:|1685388021\n|switch|p2a: Articuno|Articuno, L84|18/288\n|-ability|p2a: Articuno|Pressure\n|move|p1a: Marshadow|Close Combat|p2a: Articuno\n|-damage|p2a: Articuno|0 fnt\n|-unboost|p1a: Marshadow|def|1\n|-unboost|p1a: Marshadow|spd|1\n|faint|p2a: Articuno\n|\n|-weather|Sandstorm|[upkeep]\n|-damage|p1a: Marshadow|163/242|[from] Sandstorm\n|upkeep\n|\n|t:|1685388027\n|switch|p2a: Sigilyph|Sigilyph, L83, F|217/255\n|turn|5\n|\n|t:|1685388044\n|switch|p1a: Latios|Latios, L78, M|253/253\n|move|p2a: Sigilyph|Heat Wave|p1a: Latios\n|-resisted|p1a: Latios\n|-damage|p1a: Latios|159/253\n|\n|-weather|none\n|upkeep\n|turn|6\n|inactive|bug hunter 227 has 120 seconds left.\n|\n|t:|1685388062\n|switch|p2a: Snorlax|Snorlax, L82, F|373/397\n|move|p1a: Latios|Calm Mind|p1a: Latios\n|-boost|p1a: Latios|spa|1\n|-boost|p1a: Latios|spd|1\n|\n|upkeep\n|turn|7\n|inactive|bug hunter 227 has 120 seconds left.\n|\n|t:|1685388078\n|switch|p2a: Liepard|Liepard, L86, F|250/250\n|move|p1a: Latios|Psyshock|p2a: Liepard\n|-immune|p2a: Liepard\n|\n|upkeep\n|turn|8\n|\n|t:|1685388095\n|switch|p1a: Barraskewda|Barraskewda, L80, F|229/229\n|move|p2a: Liepard|Knock Off|p1a: Barraskewda\n|-damage|p1a: Barraskewda|97/229\n|-enditem|p1a: Barraskewda|Choice Band|[from] move: Knock Off|[of] p2a: Liepard\n|\n|upkeep\n|turn|9\n|inactive|bug hunter 227 has 120 seconds left.\n|\n|t:|1685388112\n|switch|p2a: Sigilyph|Sigilyph, L83, F|217/255\n|move|p1a: Barraskewda|Liquidation|p2a: Sigilyph\n|-damage|p2a: Sigilyph|100/255\n|\n|upkeep\n|turn|10\n|inactive|bug hunter 227 has 120 seconds left.\n|\n|t:|1685388128\n|move|p1a: Barraskewda|Liquidation|p2a: Sigilyph\n|-damage|p2a: Sigilyph|0 fnt\n|faint|p2a: Sigilyph\n|\n|upkeep\n|\n|t:|1685388149\n|switch|p2a: Seaking|Seaking, L88, M|284/284\n|turn|11\n|\n|t:|1685388155\n|switch|p1a: Arctozolt|Arctozolt, L86|295/295\n|move|p2a: Seaking|Swords Dance|p2a: Seaking\n|-boost|p2a: Seaking|atk|2\n|\n|upkeep\n|turn|12\n|\n|t:|1685388163\n|switch|p1a: Latios|Latios, L78, M|159/253\n|-start|p2a: Seaking|Dynamax|\n|-heal|p2a: Seaking|568/568|[silent]\n|move|p2a: Seaking|Max Geyser|p1a: Latios\n|-resisted|p1a: Latios\n|-damage|p1a: Latios|0 fnt\n|-weather|RainDance\n|faint|p1a: Latios\n|-damage|p2a: Seaking|540/568|[from] item: Life Orb\n|\n|-weather|RainDance|[upkeep]\n|upkeep\n|\n|t:|1685388176\n|switch|p1a: Marshadow|Marshadow, L70|163/242\n|turn|13\n|\n|t:|1685388186\n|switch|p1a: Noivern|Noivern, L82, F|274/274\n|move|p2a: Seaking|Max Darkness|p1a: Noivern\n|-damage|p1a: Noivern|21/274\n|-unboost|p1a: Noivern|spd|1\n|-damage|p2a: Seaking|512/568|[from] item: Life Orb\n|\n|-weather|RainDance|[upkeep]\n|upkeep\n|turn|14\n|\n|t:|1685388202\n|move|p2a: Seaking|Max Geyser|p1a: Noivern\n|-resisted|p1a: Noivern\n|-damage|p1a: Noivern|0 fnt\n|faint|p1a: Noivern\n|-damage|p2a: Seaking|484/568|[from] item: Life Orb\n|\n|-weather|RainDance|[upkeep]\n|upkeep\n|\n|t:|1685388207\n|switch|p1a: Barraskewda|Barraskewda, L80, F|97/229\n|-end|p2a: Seaking|Dynamax\n|-heal|p2a: Seaking|242/284|[silent]\n|turn|15\n|\n|t:|1685388214\n|move|p1a: Barraskewda|Liquidation|p2a: Seaking\n|-resisted|p2a: Seaking\n|-damage|p2a: Seaking|157/284\n|move|p2a: Seaking|Waterfall|p1a: Barraskewda\n|-resisted|p1a: Barraskewda\n|-damage|p1a: Barraskewda|0 fnt\n|faint|p1a: Barraskewda\n|-damage|p2a: Seaking|129/284|[from] item: Life Orb\n|\n|-weather|RainDance|[upkeep]\n|upkeep\n|\n|t:|1685388222\n|switch|p1a: Arctozolt|Arctozolt, L86|295/295\n|turn|16\n|\n|t:|1685388226\n|move|p2a: Seaking|Waterfall|p1a: Arctozolt\n|-damage|p1a: Arctozolt|0 fnt\n|faint|p1a: Arctozolt\n|-damage|p2a: Seaking|101/284|[from] item: Life Orb\n|\n|-weather|none\n|upkeep\n|\n|t:|1685388232\n|switch|p1a: Marshadow|Marshadow, L70|163/242\n|turn|17\n|inactive|bug hunter 227 has 120 seconds left.\n|\n|t:|1685388264\n|move|p1a: Marshadow|Close Combat|p2a: Seaking\n|-damage|p2a: Seaking|0 fnt\n|-unboost|p1a: Marshadow|def|1\n|-unboost|p1a: Marshadow|spd|1\n|faint|p2a: Seaking\n|\n|upkeep\n|inactive|bug hunter 227 has 120 seconds left.\n|\n|t:|1685388273\n|switch|p2a: Liepard|Liepard, L86, F|250/250\n|turn|18\n|\n|t:|1685388275\n|switch|p1a: Durant|Durant, L78, M|219/219\n|move|p2a: Liepard|Knock Off|p1a: Durant\n|-damage|p1a: Durant|123/219\n|-enditem|p1a: Durant|Life Orb|[from] move: Knock Off|[of] p2a: Liepard\n|\n|upkeep\n|turn|19\n|\n|t:|1685388290\n|switch|p2a: Snorlax|Snorlax, L82, F|373/397\n|move|p1a: Durant|Superpower|p2a: Snorlax\n|-supereffective|p2a: Snorlax\n|-damage|p2a: Snorlax|91/397\n|-unboost|p1a: Durant|atk|1\n|-unboost|p1a: Durant|def|1\n|\n|upkeep\n|turn|20\n|\n|t:|1685388297\n|switch|p1a: Marshadow|Marshadow, L70|163/242\n|move|p2a: Snorlax|Darkest Lariat|p1a: Marshadow\n|-damage|p1a: Marshadow|79/242\n|\n|upkeep\n|turn|21\n|\n|t:|1685388309\n|move|p1a: Marshadow|Close Combat|p2a: Snorlax\n|-supereffective|p2a: Snorlax\n|-damage|p2a: Snorlax|0 fnt\n|-unboost|p1a: Marshadow|def|1\n|-unboost|p1a: Marshadow|spd|1\n|faint|p2a: Snorlax\n|\n|upkeep\n|\n|t:|1685388313\n|switch|p2a: Liepard|Liepard, L86, F|250/250\n|turn|22\n|\n|t:|1685388328\n|move|p2a: Liepard|Knock Off|p1a: Marshadow\n|-damage|p1a: Marshadow|0 fnt\n|-enditem|p1a: Marshadow|Choice Band|[from] move: Knock Off|[of] p2a: Liepard\n|faint|p1a: Marshadow\n|\n|upkeep\n|\n|t:|1685388330\n|switch|p1a: Durant|Durant, L78, M|123/219\n|turn|23\n|inactive|bug hunter 227 has 120 seconds left.\n|inactive|bug hunter 227 has 90 seconds left.\n|\n|t:|1685388391\n|move|p2a: Liepard|Copycat|p2a: Liepard\n|move|p2a: Liepard|Knock Off|p1a: Durant|[from]move: Copycat\n|-damage|p1a: Durant|68/219\n|move|p1a: Durant|Superpower|p2a: Liepard\n|-supereffective|p2a: Liepard\n|-damage|p2a: Liepard|0 fnt\n|-unboost|p1a: Durant|atk|1\n|-unboost|p1a: Durant|def|1\n|faint|p2a: Liepard\n|\n|upkeep\n|inactive|bug hunter 227 has 90 seconds left.\n|\n|t:|1685388397\n|switch|p2a: Glastrier|Glastrier, L82|298/298\n|turn|24\n|\n|t:|1685388403\n|move|p1a: Durant|Iron Head|p2a: Glastrier\n|-supereffective|p2a: Glastrier\n|-damage|p2a: Glastrier|172/298\n|cant|p2a: Glastrier|flinch\n|\n|upkeep\n|turn|25\n|c|\u2606bug hunter 227|gg\n|\n|t:|1685388410\n|move|p1a: Durant|Iron Head|p2a: Glastrier\n|-supereffective|p2a: Glastrier\n|-damage|p2a: Glastrier|56/298\n|move|p2a: Glastrier|Close Combat|p1a: Durant\n|-damage|p1a: Durant|0 fnt\n|-unboost|p2a: Glastrier|def|1\n|-unboost|p2a: Glastrier|spd|1\n|faint|p1a: Durant\n|\n|win|bug hunter 227\n|raw|N0VAgenesis's rating: 1436 &rarr; <strong>1426</strong><br />(-10 for losing)\n|raw|bug hunter 227's rating: 1627 &rarr; <strong>1637</strong><br />(+10 for winning)\n|l|\u2606N0VAgenesis\n", "inputlog": ">version 6fec31d5a0d4498a06105aa188c9906bc0b6bf95\n>start {\"formatid\":\"gen8randombattle\",\"seed\":[1571,33475,2869,13834],\"rated\":\"Rated battle\"}\n>player p1 {\"name\":\"N0VAgenesis\",\"avatar\":\"ingo\",\"rating\":1436,\"seed\":[42513,35239,29848,11014]}\n>player p2 {\"name\":\"bug hunter 227\",\"avatar\":\"ballguy\",\"rating\":1627,\"seed\":[34254,42396,9271,49635]}\n>chat \u2606bug hunter 227|glhf\n>chat \u2606N0VAgenesis|Tx\n>chat \u2606N0VAgenesis|u2\n>p1 move rocktomb dynamax\n>p2 move freezedry\n>p1 move closecombat dynamax\n>p2 switch 5\n>p1 move spectralthief dynamax\n>p2 switch 3\n>p1 move closecombat\n>p2 switch 5\n>p2 switch 3\n>p1 switch 2\n>p2 move heatwave\n>p1 move calmmind\n>p2 switch 5\n>p1 move psyshock\n>p2 switch 2\n>p1 switch 3\n>p2 move knockoff\n>p1 move liquidation\n>p2 switch 5\n>p1 move liquidation\n>p2 move psychic\n>p2 switch 4\n>p1 switch 4\n>p2 move swordsdance\n>p1 switch 3\n>p2 move waterfall dynamax\n>p1 switch 2\n>p1 switch 5\n>p2 move knockoff dynamax\n>p1 move roost\n>p2 move waterfall dynamax\n>p1 switch 4\n>p1 move liquidation\n>p2 move waterfall\n>p1 switch 3\n>p1 move thunderwave\n>p2 move waterfall\n>p1 switch 5\n>p1 move closecombat\n>p2 move waterfall\n>p2 switch 5\n>p1 switch 6\n>p2 move knockoff\n>p1 move superpower\n>p2 switch 2\n>p1 switch 6\n>p2 move darkestlariat\n>p1 move closecombat\n>p2 move darkestlariat\n>p2 switch 2\n>p1 move closecombat\n>p2 move knockoff\n>p1 switch 6\n>p1 move superpower\n>p2 move copycat\n>p2 switch 6\n>p1 move ironhead\n>p2 move closecombat\n>chat \u2606bug hunter 227|gg\n>p1 move ironhead\n>p2 move closecombat", "uploadtime": 1685388424, "views": 4, "p1id": "n0vagenesis", "p2id": "bughunter227", "formatid": "gen8randombattle", "rating": 1426, "private": 0, "password": ""}