{"id": "gen8randombattle-1865296423", "p1": "lisavittozzi", "p2": "rthrthrwth", "format": "[Gen 8] Random Battle", "log": "|j|\u2606lisavittozzi\n|j|\u2606rthrthrwth\n|t:|1684270289\n|gametype|singles\n|player|p1|lisavittozzi|102|1463\n|player|p2|rthrthrwth|265|1359\n|teamsize|p1|6\n|teamsize|p2|6\n|gen|8\n|tier|[Gen 8] Random Battle\n|rated|\n|rule|Species Clause: Limit one of each Pok\u00e9mon\n|rule|HP Percentage Mod: HP is shown in percentages\n|rule|Sleep Clause Mod: Limit one foe put to sleep\n|\n|t:|1684270289\n|start\n|switch|p1a: Rayquaza|Rayquaza, L74|277/277\n|switch|p2a: Qwilfish|Qwilfish, L84, F|246/246\n|-ability|p2a: Qwilfish|Intimidate|boost\n|-unboost|p1a: Rayquaza|atk|1\n|-ability|p1a: Rayquaza|Air Lock\n|turn|1\n|inactive|Battle timer is ON: inactive players will automatically lose when time's up. (requested by lisavittozzi)\n|\n|t:|1684270322\n|switch|p2a: Lycanroc|Lycanroc-Dusk, L80, M|251/251\n|switch|p1a: Duraludon|Duraludon, L84, M|255/255\n|\n|upkeep\n|turn|2\n|\n|t:|1684270328\n|move|p2a: Lycanroc|Close Combat|p1a: Duraludon\n|-supereffective|p1a: Duraludon\n|-crit|p1a: Duraludon\n|-damage|p1a: Duraludon|0 fnt\n|-unboost|p2a: Lycanroc|def|1\n|-unboost|p2a: Lycanroc|spd|1\n|faint|p1a: Duraludon\n|-damage|p2a: Lycanroc|226/251|[from] item: Life Orb\n|\n|upkeep\n|\n|t:|1684270346\n|switch|p1a: Vaporeon|Vaporeon, L84, M|356/356\n|turn|3\n|\n|t:|1684270356\n|switch|p1a: Gengar|Gengar, L80, F|227/227\n|move|p2a: Lycanroc|Close Combat|p1a: Gengar\n|-immune|p1a: Gengar\n|\n|upkeep\n|turn|4\n|inactive|rthrthrwth has 120 seconds left.\n|\n|t:|1684270393\n|move|p2a: Lycanroc|Psychic Fangs|p1a: Gengar\n|-supereffective|p1a: Gengar\n|-damage|p1a: Gengar|0 fnt\n|faint|p1a: Gengar\n|-damage|p2a: Lycanroc|201/251|[from] item: Life Orb\n|\n|upkeep\n|\n|t:|1684270398\n|switch|p1a: Vaporeon|Vaporeon, L84, M|356/356\n|turn|5\n|\n|t:|1684270404\n|move|p2a: Lycanroc|Close Combat|p1a: Vaporeon\n|-damage|p1a: Vaporeon|147/356\n|-unboost|p2a: Lycanroc|def|1\n|-unboost|p2a: Lycanroc|spd|1\n|-damage|p2a: Lycanroc|176/251|[from] item: Life Orb\n|move|p1a: Vaporeon|Scald|p2a: Lycanroc\n|-supereffective|p2a: Lycanroc\n|-damage|p2a: Lycanroc|0 fnt\n|faint|p2a: Lycanroc\n|\n|-heal|p1a: Vaporeon|169/356|[from] item: Leftovers\n|upkeep\n|inactive|rthrthrwth has 120 seconds left.\n|\n|t:|1684270430\n|switch|p2a: Sceptile|Sceptile, L86, M|261/261\n|turn|6\n|\n|t:|1684270437\n|move|p2a: Sceptile|Giga Drain|p1a: Vaporeon\n|-supereffective|p1a: Vaporeon\n|-damage|p1a: Vaporeon|0 fnt\n|faint|p1a: Vaporeon\n|\n|upkeep\n|\n|t:|1684270449\n|switch|p1a: Mienshao|Mienshao, L82, M|241/241\n|turn|7\n|inactive|rthrthrwth has 120 seconds left.\n|\n|t:|1684270456\n|move|p2a: Sceptile|Leech Seed|p1a: Mienshao\n|-start|p1a: Mienshao|move: Leech Seed\n|move|p1a: Mienshao|Poison Jab|p2a: Sceptile\n|-supereffective|p2a: Sceptile\n|-damage|p2a: Sceptile|66/261\n|-damage|p1a: Mienshao|217/241|[from] item: Life Orb\n|\n|-heal|p2a: Sceptile|82/261|[from] item: Leftovers\n|-damage|p1a: Mienshao|187/241|[from] Leech Seed|[of] p2a: Sceptile\n|-heal|p2a: Sceptile|112/261|[silent]\n|upkeep\n|turn|8\n|inactive|rthrthrwth has 120 seconds left.\n|\n|t:|1684270475\n|move|p2a: Sceptile|Giga Drain|p1a: Mienshao\n|-damage|p1a: Mienshao|57/241\n|-heal|p2a: Sceptile|177/261|[from] drain|[of] p1a: Mienshao\n|move|p1a: Mienshao|Poison Jab|p2a: Sceptile\n|-supereffective|p2a: Sceptile\n|-damage|p2a: Sceptile|0 fnt\n|faint|p2a: Sceptile\n|-damage|p1a: Mienshao|33/241|[from] item: Life Orb\n|\n|upkeep\n|\n|t:|1684270494\n|switch|p2a: Golisopod|Golisopod, L84, M|263/263\n|turn|9\n|\n|t:|1684270518\n|switch|p1a: Rayquaza|Rayquaza, L74|277/277\n|-ability|p1a: Rayquaza|Air Lock\n|move|p2a: Golisopod|First Impression|p1a: Rayquaza\n|-resisted|p1a: Rayquaza\n|-damage|p1a: Rayquaza|214/277\n|\n|upkeep\n|turn|10\n|\n|t:|1684270527\n|switch|p2a: Beartic|Beartic, L86, F|303/303\n|move|p1a: Rayquaza|Dragon Dance|p1a: Rayquaza\n|-boost|p1a: Rayquaza|atk|1\n|-boost|p1a: Rayquaza|spe|1\n|\n|upkeep\n|turn|11\n|\n|t:|1684270545\n|-start|p1a: Rayquaza|Dynamax|\n|-heal|p1a: Rayquaza|428/554|[silent]\n|move|p1a: Rayquaza|Max Flare|p2a: Beartic\n|-supereffective|p2a: Beartic\n|-damage|p2a: Beartic|0 fnt\n|-weather|SunnyDay\n|faint|p2a: Beartic\n|\n|-weather|SunnyDay|[upkeep]\n|upkeep\n|inactive|rthrthrwth has 90 seconds left.\n|\n|t:|1684270556\n|switch|p2a: Magnezone|Magnezone, L84|255/255\n|turn|12\n|\n|t:|1684270567\n|switch|p2a: Qwilfish|Qwilfish, L84, F|246/246\n|-ability|p2a: Qwilfish|Intimidate|boost\n|-unboost|p1a: Rayquaza|atk|1\n|move|p1a: Rayquaza|Max Quake|p2a: Qwilfish\n|-supereffective|p2a: Qwilfish\n|-damage|p2a: Qwilfish|44/246\n|-boost|p1a: Rayquaza|spd|1\n|\n|-weather|SunnyDay|[upkeep]\n|upkeep\n|turn|13\n|inactive|rthrthrwth has 90 seconds left.\n|inactive|rthrthrwth has 60 seconds left.\n|c|\u2606lisavittozzi|gioca\n|c|\u2606lisavittozzi|faccia di merda\n|c|\u2606lisavittozzi|devi muoverti imbecille\n|inactive|rthrthrwth has 30 seconds left.\n|c|\u2606lisavittozzi|coglione\n|\n|t:|1684270655\n|move|p1a: Rayquaza|Max Quake|p2a: Qwilfish\n|-supereffective|p2a: Qwilfish\n|-damage|p2a: Qwilfish|0 fnt\n|-boost|p1a: Rayquaza|spd|1\n|faint|p2a: Qwilfish\n|\n|-weather|SunnyDay|[upkeep]\n|upkeep\n|inactive|rthrthrwth has 30 seconds left this turn.\n|\n|t:|1684270663\n|switch|p2a: Magnezone|Magnezone, L84|255/255\n|-end|p1a: Rayquaza|Dynamax\n|-heal|p1a: Rayquaza|214/277|[silent]\n|turn|14\n|inactive|rthrthrwth has 30 seconds left.\n|\n|t:|1684270673\n|-start|p2a: Magnezone|Dynamax|\n|-heal|p2a: Magnezone|510/510|[silent]\n|move|p1a: Rayquaza|Earthquake|p2a: Magnezone\n|-supereffective|p2a: Magnezone\n|-damage|p2a: Magnezone|238/510\n|move|p2a: Magnezone|Max Lightning|p1a: Rayquaza\n|-damage|p1a: Rayquaza|112/277\n|-fieldstart|move: Electric Terrain\n|\n|-weather|SunnyDay|[upkeep]\n|upkeep\n|turn|15\n|inactive|rthrthrwth has 30 seconds left.\n|\n|t:|1684270691\n|move|p1a: Rayquaza|Earthquake|p2a: Magnezone\n|-supereffective|p2a: Magnezone\n|-crit|p2a: Magnezone\n|-damage|p2a: Magnezone|0 fnt\n|faint|p2a: Magnezone\n|\n|-weather|none\n|upkeep\n|inactive|rthrthrwth has 30 seconds left this turn.\n|\n|t:|1684270694\n|switch|p2a: Golisopod|Golisopod, L84, M|263/263\n|turn|16\n|\n|t:|1684270699\n|move|p2a: Golisopod|First Impression|p1a: Rayquaza\n|-resisted|p1a: Rayquaza\n|-damage|p1a: Rayquaza|48/277\n|move|p1a: Rayquaza|Dragon Ascent|p2a: Golisopod\n|-supereffective|p2a: Golisopod\n|-damage|p2a: Golisopod|71/263\n|-unboost|p1a: Rayquaza|def|1\n|-unboost|p1a: Rayquaza|spd|1\n|\n|upkeep\n|turn|17\n|-message|rthrthrwth forfeited.\n|\n|win|lisavittozzi\n|raw|lisavittozzi's rating: 1463 &rarr; <strong>1477</strong><br />(+14 for winning)\n|raw|rthrthrwth's rating: 1359 &rarr; <strong>1345</strong><br />(-14 for losing)\n", "inputlog": ">version a86fbaffe903c4a7274c53376b849908390bb49d\n>start {\"formatid\":\"gen8randombattle\",\"seed\":[10071,12677,37809,31666],\"rated\":\"Rated battle\"}\n>player p1 {\"name\":\"lisavittozzi\",\"avatar\":\"102\",\"rating\":1463,\"seed\":[5995,38417,51138,30780]}\n>player p2 {\"name\":\"rthrthrwth\",\"avatar\":\"265\",\"rating\":1359,\"seed\":[60652,11501,34276,1819]}\n>p1 switch 4\n>p2 switch 4\n>p1 move flashcannon\n>p2 move closecombat\n>p1 switch 6\n>p1 switch 5\n>p2 move closecombat\n>p1 move nastyplot\n>p2 move psychicfangs\n>p1 switch 5\n>p1 move scald\n>p2 move closecombat\n>p2 switch 5\n>p1 move icebeam\n>p2 move gigadrain\n>p1 switch 3\n>p1 move poisonjab\n>p2 move leechseed\n>p1 move poisonjab\n>p2 move gigadrain\n>p2 switch 3\n>p1 switch 4\n>p2 move firstimpression\n>p1 move dragondance\n>p2 switch 6\n>p1 move vcreate dynamax\n>p2 move iciclecrash\n>p2 switch 2\n>p1 move earthquake dynamax\n>p2 switch 4\n>chat \u2606lisavittozzi|gioca\n>chat \u2606lisavittozzi|faccia di merda\n>chat \u2606lisavittozzi|devi muoverti imbecille\n>chat \u2606lisavittozzi|coglione\n>p1 move earthquake dynamax\n>p2 move waterfall\n>p2 switch 4\n>p1 move earthquake\n>p2 move thunderbolt dynamax\n>p1 move earthquake\n>p2 move thunderbolt dynamax\n>p2 switch 6\n>p1 move dragonascent\n>p2 move firstimpression\n>forcelose p2", "uploadtime": 1684270630, "views": 3, "p1id": "lisavittozzi", "p2id": "rthrthrwth", "formatid": "gen8randombattle", "rating": 1345, "private": 0, "password": ""}