{"id": "gen8randombattle-1873658218", "p1": "Modachi", "p2": "BrockWrecker", "format": "[Gen 8] Random Battle", "log": "|j|\u2606Modachi\n|j|\u2606BrockWrecker\n|t:|1685402307\n|gametype|singles\n|player|p1|Modachi|pokemonrangerf|\n|player|p2|BrockWrecker|brock-masters|\n|teamsize|p1|6\n|teamsize|p2|6\n|gen|8\n|tier|[Gen 8] Random Battle\n|rated|Tournament battle\n|rule|Species Clause: Limit one of each Pok\u00e9mon\n|rule|HP Percentage Mod: HP is shown in percentages\n|rule|Sleep Clause Mod: Limit one foe put to sleep\n|rule|Camomons Mod: Pok\u00e9mon have their types set to match their first two moves.\n|rule|Inverse Mod: Weaknesses become resistances, while resistances and immunities become weaknesses.\n|rule|Scalemons Mod: Every Pokemon's stats, barring HP, are scaled to come as close to a BST of 600 as possible\n|clearpoke\n|poke|p1|Drapion, L82, M|\n|poke|p1|Hawlucha, L80, F|\n|poke|p1|Rapidash, L84, F|\n|poke|p1|Xatu, L89, F|\n|poke|p1|Crustle, L82, M|\n|poke|p1|Grimmsnarl, L82, M|\n|poke|p2|Toxapex, L82, F|\n|poke|p2|Xerneas-*, L67|\n|poke|p2|Quagsire, L84, M|\n|poke|p2|Victini, L78|\n|poke|p2|Grapploct, L86, F|\n|poke|p2|Celebi, L82|\n|teampreview\n|j|%Iolanthe\n|inactive|Battle timer is ON: inactive players will automatically lose when time's up. (requested by Modachi)\n|\n|t:|1685402327\n|start\n|switch|p1a: Xatu|Xatu, L89, F|260/260\n|switch|p2a: Toxapex|Toxapex, L82, F|216/216\n|-start|p1a: Xatu|typechange|Electric/Fire|[silent]\n|-start|p2a: Toxapex|typechange|Water/Normal|[silent]\n|-start|p1a: Xatu|typechange|Electric/Fire|[silent]\n|-start|p2a: Toxapex|typechange|Water/Normal|[silent]\n|turn|1\n|l|%Iolanthe\n|\n|t:|1685402346\n|move|p2a: Toxapex|Baneful Bunker|p2a: Toxapex\n|-singleturn|p2a: Toxapex|move: Protect\n|move|p1a: Xatu|Heat Wave|p2a: Toxapex\n|-activate|p2a: Toxapex|move: Protect\n|\n|-damage|p2a: Toxapex|189/216|[from] item: Black Sludge\n|upkeep\n|turn|2\n|\n|t:|1685402353\n|move|p1a: Xatu|Heat Wave|p2a: Toxapex\n|-supereffective|p2a: Toxapex\n|-damage|p2a: Toxapex|37/216\n|move|p2a: Toxapex|Toxic Spikes|p1a: Xatu\n|move|p1a: Xatu|Toxic Spikes|p2a: Toxapex|[from]ability: Magic Bounce\n|-sidestart|p2: BrockWrecker|move: Toxic Spikes\n|\n|-damage|p2a: Toxapex|10/216|[from] item: Black Sludge\n|upkeep\n|turn|3\n|c|\u2606BrockWrecker|lol\n|\n|t:|1685402372\n|switch|p2a: Victini|Victini, L78|283/283\n|-start|p2a: Victini|typechange|Psychic/Bug|[silent]\n|-status|p2a: Victini|psn\n|move|p1a: Xatu|Heat Wave|p2a: Victini\n|-resisted|p2a: Victini\n|-crit|p2a: Victini\n|-damage|p2a: Victini|190/283 psn\n|\n|-damage|p2a: Victini|155/283 psn|[from] psn\n|upkeep\n|-start|p2a: Victini|typechange|Psychic/Bug|[silent]\n|turn|4\n|\n|t:|1685402381\n|move|p1a: Xatu|Psychic|p2a: Victini\n|-supereffective|p2a: Victini\n|-damage|p2a: Victini|0 fnt\n|faint|p2a: Victini\n|\n|upkeep\n|c|\u2606BrockWrecker|gg i gotta go\n|inactive|BrockWrecker has 120 seconds left.\n|c|\u2606BrockWrecker|close\n|c|\u2606Modachi|gg\n|-message|BrockWrecker forfeited.\n|\n|win|Modachi\n|n|\u2606Modachi|modachi\n|n|\u2606BrockWrecker|brockwrecker\n", "inputlog": ">version 6fec31d5a0d4498a06105aa188c9906bc0b6bf95\n>start {\"formatid\":\"gen8randombattle@@@[Gen 9] Random Battle Mayhem\",\"seed\":[12012,45978,41215,58398],\"rated\":\"Tournament battle\"}\n>player p1 {\"name\":\"Modachi\",\"avatar\":\"pokemonrangerf\",\"rating\":0,\"seed\":[27008,30974,61136,44661]}\n>player p2 {\"name\":\"BrockWrecker\",\"avatar\":\"brock-masters\",\"rating\":0,\"seed\":[30135,46691,64856,3354]}\n>p1 team 4, 2, 3, 1, 5, 6\n>p2 team 1, 2, 3, 4, 5, 6\n>p1 move heatwave\n>p2 move banefulbunker\n>p1 move heatwave\n>p2 move toxicspikes\n>chat \u2606BrockWrecker|lol\n>p1 move heatwave\n>p2 switch 4\n>p1 move psychic\n>p2 move uturn\n>chat \u2606BrockWrecker|gg i gotta go\n>chat \u2606BrockWrecker|close \n>chat \u2606Modachi|gg\n>forcelose p2", "uploadtime": 1685402415, "views": 6, "p1id": "modachi", "p2id": "brockwrecker", "formatid": "gen8randombattle", "rating": 0, "private": 0, "password": ""}