{"id": "gen8randombattle-1873436833", "p1": "YouSlakingBro", "p2": "Sir GrandMaster", "format": "[Gen 8] Random Battle", "log": "|j|\u2606YouSlakingBro\n|j|\u2606Sir GrandMaster\n|inactive|Battle timer is ON: inactive players will automatically lose when time's up.\n|t:|1685376788\n|gametype|singles\n|player|p1|YouSlakingBro|169|\n|player|p2|Sir GrandMaster|ghetsis|\n|teamsize|p1|3\n|teamsize|p2|3\n|gen|8\n|tier|[Gen 8] Random Battle\n|rated|Tournament battle\n|rule|Species Clause: Limit one of each Pok\u00e9mon\n|rule|HP Percentage Mod: HP is shown in percentages\n|rule|Sleep Clause Mod: Limit one foe put to sleep\n|clearpoke\n|poke|p1|Chandelure, L82, F|\n|poke|p1|Eternatus, L69|\n|poke|p1|Carbink, L86|\n|poke|p2|Cresselia, L80, F|\n|poke|p2|Bellossom, L82, F|\n|poke|p2|Zapdos, L78|\n|teampreview|1\n|j|*Lady Monita\n|inactive|YouSlakingBro also wants the timer to be on.\n|\n|t:|1685376819\n|start\n|switch|p1a: Chandelure|Chandelure, L82, F|233/233\n|switch|p2a: Zapdos|Zapdos, L78|268/268\n|turn|1\n|\n|t:|1685376828\n|-start|p2a: Zapdos|Dynamax|\n|-heal|p2a: Zapdos|536/536|[silent]\n|move|p2a: Zapdos|Max Lightning|p1a: Chandelure\n|-damage|p1a: Chandelure|80/233\n|-fieldstart|move: Electric Terrain\n|move|p1a: Chandelure|Calm Mind|p1a: Chandelure\n|-boost|p1a: Chandelure|spa|1\n|-boost|p1a: Chandelure|spd|1\n|\n|upkeep\n|turn|2\n|\n|t:|1685376836\n|-start|p1a: Chandelure|Dynamax|\n|-heal|p1a: Chandelure|160/466|[silent]\n|move|p1a: Chandelure|Max Guard|p1a: Chandelure\n|-singleturn|p1a: Chandelure|Max Guard\n|move|p2a: Zapdos|Max Lightning|p1a: Chandelure\n|-activate|p1a: Chandelure|move: Max Guard\n|\n|upkeep\n|turn|3\n|\n|t:|1685376851\n|move|p2a: Zapdos|Max Lightning|p1a: Chandelure\n|-damage|p1a: Chandelure|61/466\n|move|p1a: Chandelure|Max Overgrowth|p2a: Zapdos\n|-resisted|p2a: Zapdos\n|-damage|p2a: Zapdos|447/536\n|-fieldstart|move: Grassy Terrain\n|\n|-heal|p1a: Chandelure|75/466|[from] Grassy Terrain\n|upkeep\n|-end|p2a: Zapdos|Dynamax\n|-heal|p2a: Zapdos|224/268|[silent]\n|turn|4\n|\n|t:|1685376874\n|move|p2a: Zapdos|Discharge|p1a: Chandelure\n|-damage|p1a: Chandelure|14/466\n|move|p1a: Chandelure|Max Flare|p2a: Zapdos\n|-damage|p2a: Zapdos|0 fnt\n|-weather|SunnyDay\n|faint|p2a: Zapdos\n|\n|win|YouSlakingBro\n|n|\u2606YouSlakingBro|youslakingbro\n|n|\u2606Sir GrandMaster|sirgrandmaster\n|n|*Lady Monita|ladymonita\n", "inputlog": ">version 6fec31d5a0d4498a06105aa188c9906bc0b6bf95\n>start {\"formatid\":\"gen8randombattle@@@Team Preview,maxteamsize=3,pickedteamsize=1\",\"seed\":[13377,27547,32870,31398],\"rated\":\"Tournament battle\"}\n>player p1 {\"name\":\"YouSlakingBro\",\"avatar\":\"169\",\"rating\":0,\"seed\":[14826,22081,63192,51789]}\n>player p2 {\"name\":\"Sir GrandMaster\",\"avatar\":\"ghetsis\",\"rating\":0,\"seed\":[16568,1578,31704,36077]}\n>p1 team 1\n>p2 team 3\n>p1 move calmmind\n>p2 move discharge dynamax\n>p1 move calmmind dynamax\n>p2 move discharge dynamax\n>p1 move energyball dynamax\n>p2 move discharge dynamax\n>p1 move fireblast dynamax\n>p2 move discharge", "uploadtime": 1685376875, "views": 5, "p1id": "youslakingbro", "p2id": "sirgrandmaster", "formatid": "gen8randombattle", "rating": 0, "private": 0, "password": ""}