{"id": "gen8randombattle-1862102090", "p1": "GamerGhost243", "p2": "lauda Mera", "format": "[Gen 8] Random Battle", "log": "|j|\u203dGamerGhost243\n|j|\u2606lauda Mera\n|t:|1683837167\n|gametype|singles\n|player|p1|GamerGhost243|1|1400\n|player|p2|lauda Mera|hilbert-wonderlauncher|1485\n|teamsize|p1|6\n|teamsize|p2|6\n|gen|8\n|tier|[Gen 8] Random Battle\n|rated|\n|rule|Species Clause: Limit one of each Pok\u00e9mon\n|rule|HP Percentage Mod: HP is shown in percentages\n|rule|Sleep Clause Mod: Limit one foe put to sleep\n|\n|t:|1683837167\n|start\n|switch|p1a: Clawitzer|Clawitzer, L84, F|256/256\n|switch|p2a: Mewtwo|Mewtwo, L72|272/272\n|-ability|p2a: Mewtwo|Unnerve\n|turn|1\n|inactive|Battle timer is ON: inactive players will automatically lose when time's up. (requested by lauda Mera)\n|\n|t:|1683837184\n|switch|p2a: Tapu Koko|Tapu Koko, L78|237/237\n|-fieldstart|move: Electric Terrain|[from] ability: Electric Surge|[of] p2a: Tapu Koko\n|move|p1a: Clawitzer|Water Pulse|p2a: Tapu Koko\n|-damage|p2a: Tapu Koko|30/237\n|\n|-heal|p2a: Tapu Koko|44/237|[from] item: Leftovers\n|upkeep\n|turn|2\n|\n|t:|1683837190\n|switch|p1a: Turtonator|Turtonator, L84, M|238/238\n|move|p2a: Tapu Koko|Thunderbolt|p1a: Turtonator\n|-resisted|p1a: Turtonator\n|-damage|p1a: Turtonator|183/238\n|\n|-heal|p2a: Tapu Koko|58/237|[from] item: Leftovers\n|upkeep\n|turn|3\n|\n|t:|1683837206\n|move|p2a: Tapu Koko|Dazzling Gleam|p1a: Turtonator\n|-damage|p1a: Turtonator|108/238\n|move|p1a: Turtonator|Earthquake|p2a: Tapu Koko\n|-supereffective|p2a: Tapu Koko\n|-damage|p2a: Tapu Koko|0 fnt\n|faint|p2a: Tapu Koko\n|\n|upkeep\n|\n|t:|1683837210\n|switch|p2a: Mewtwo|Mewtwo, L72|272/272\n|-ability|p2a: Mewtwo|Unnerve\n|turn|4\n|\n|t:|1683837216\n|move|p2a: Mewtwo|Nasty Plot|p2a: Mewtwo\n|-boost|p2a: Mewtwo|spa|2\n|move|p1a: Turtonator|Shell Smash|p1a: Turtonator\n|-unboost|p1a: Turtonator|def|1\n|-unboost|p1a: Turtonator|spd|1\n|-boost|p1a: Turtonator|atk|2\n|-boost|p1a: Turtonator|spa|2\n|-boost|p1a: Turtonator|spe|2\n|-enditem|p1a: Turtonator|White Herb\n|-clearnegativeboost|p1a: Turtonator|[silent]\n|\n|upkeep\n|turn|5\n|\n|t:|1683837225\n|move|p2a: Mewtwo|Psystrike|p1a: Turtonator\n|-damage|p1a: Turtonator|0 fnt\n|faint|p1a: Turtonator\n|-damage|p2a: Mewtwo|245/272|[from] item: Life Orb\n|\n|-fieldend|move: Electric Terrain\n|upkeep\n|\n|t:|1683837233\n|switch|p1a: Tornadus|Tornadus, L80, M|258/258\n|turn|6\n|inactive|lauda Mera has 120 seconds left.\n|\n|t:|1683837269\n|move|p2a: Mewtwo|Psystrike|p1a: Tornadus\n|-damage|p1a: Tornadus|0 fnt\n|faint|p1a: Tornadus\n|-damage|p2a: Mewtwo|218/272|[from] item: Life Orb\n|\n|upkeep\n|\n|t:|1683837276\n|switch|p1a: Raikou|Raikou, L80|275/275\n|-ability|p1a: Raikou|Pressure\n|turn|7\n|inactive|lauda Mera has 120 seconds left.\n|\n|t:|1683837292\n|-start|p1a: Raikou|Dynamax|\n|-heal|p1a: Raikou|550/550|[silent]\n|move|p1a: Raikou|Max Lightning|p2a: Mewtwo\n|-damage|p2a: Mewtwo|0 fnt\n|-fieldstart|move: Electric Terrain\n|faint|p2a: Mewtwo\n|-damage|p1a: Raikou|523/550|[from] item: Life Orb\n|\n|upkeep\n|inactive|lauda Mera has 90 seconds left.\n|\n|t:|1683837322\n|switch|p2a: Druddigon|Druddigon, L84, F|267/267\n|-ability|p2a: Druddigon|Mold Breaker\n|turn|8\n|\n|t:|1683837330\n|-start|p2a: Druddigon|Dynamax|\n|-heal|p2a: Druddigon|534/534|[silent]\n|move|p2a: Druddigon|Max Guard|p2a: Druddigon\n|-singleturn|p2a: Druddigon|Max Guard\n|move|p1a: Raikou|Max Knuckle|p2a: Druddigon\n|-activate|p2a: Druddigon|move: Max Guard\n|\n|upkeep\n|turn|9\n|\n|t:|1683837336\n|move|p1a: Raikou|Max Knuckle|p2a: Druddigon\n|-damage|p2a: Druddigon|442/534\n|-boost|p1a: Raikou|atk|1\n|-damage|p1a: Raikou|496/550|[from] item: Life Orb\n|move|p2a: Druddigon|Max Quake|p1a: Raikou\n|-supereffective|p1a: Raikou\n|-damage|p1a: Raikou|142/550\n|-boost|p2a: Druddigon|spd|1\n|-damage|p2a: Druddigon|416/534|[from] item: Life Orb\n|\n|upkeep\n|-end|p1a: Raikou|Dynamax\n|-heal|p1a: Raikou|71/275|[silent]\n|turn|10\n|\n|t:|1683837343\n|switch|p1a: Hitmontop|Hitmontop, L85, M|224/224\n|-ability|p1a: Hitmontop|Intimidate|boost\n|-unboost|p2a: Druddigon|atk|1\n|move|p2a: Druddigon|Max Quake|p1a: Hitmontop\n|-damage|p1a: Hitmontop|141/224\n|-boost|p2a: Druddigon|spd|1\n|-damage|p2a: Druddigon|390/534|[from] item: Life Orb\n|\n|-heal|p1a: Hitmontop|155/224|[from] item: Leftovers\n|upkeep\n|-end|p2a: Druddigon|Dynamax\n|-heal|p2a: Druddigon|195/267|[silent]\n|turn|11\n|inactive|lauda Mera has 120 seconds left.\n|\n|t:|1683837362\n|move|p1a: Hitmontop|Close Combat|p2a: Druddigon\n|-damage|p2a: Druddigon|74/267\n|-unboost|p1a: Hitmontop|def|1\n|-unboost|p1a: Hitmontop|spd|1\n|move|p2a: Druddigon|Outrage|p1a: Hitmontop\n|-damage|p1a: Hitmontop|0 fnt\n|faint|p1a: Hitmontop\n|-damage|p2a: Druddigon|48/267|[from] item: Life Orb\n|\n|-fieldend|move: Electric Terrain\n|upkeep\n|\n|t:|1683837366\n|switch|p1a: Raikou|Raikou, L80|71/275\n|-ability|p1a: Raikou|Pressure\n|turn|12\n|inactive|lauda Mera has 120 seconds left.\n|inactive|lauda Mera has 90 seconds left.\n|\n|t:|1683837408\n|move|p1a: Raikou|Thunderbolt|p2a: Druddigon\n|-resisted|p2a: Druddigon\n|-damage|p2a: Druddigon|17/267\n|-damage|p1a: Raikou|44/275|[from] item: Life Orb\n|move|p2a: Druddigon|Outrage|p1a: Raikou|[from]lockedmove\n|-damage|p1a: Raikou|0 fnt\n|faint|p1a: Raikou\n|-damage|p2a: Druddigon|0 fnt|[from] item: Life Orb\n|faint|p2a: Druddigon\n|\n|upkeep\n|\n|t:|1683837412\n|switch|p1a: Clawitzer|Clawitzer, L84, F|256/256\n|switch|p2a: Luxray|Luxray, L84, M|272/272\n|turn|13\n|\n|t:|1683837418\n|move|p2a: Luxray|Wild Charge|p1a: Clawitzer\n|-supereffective|p1a: Clawitzer\n|-damage|p1a: Clawitzer|38/256\n|-damage|p2a: Luxray|217/272|[from] Recoil\n|move|p1a: Clawitzer|Water Pulse|p2a: Luxray\n|-damage|p2a: Luxray|28/272\n|\n|-status|p2a: Luxray|brn|[from] item: Flame Orb\n|upkeep\n|turn|14\n|\n|t:|1683837422\n|switch|p1a: Torkoal|Torkoal, L86, F|261/261\n|-weather|SunnyDay|[from] ability: Drought|[of] p1a: Torkoal\n|move|p2a: Luxray|Facade|p1a: Torkoal\n|-damage|p1a: Torkoal|135/261\n|\n|-weather|SunnyDay|[upkeep]\n|-damage|p2a: Luxray|11/272 brn|[from] brn\n|upkeep\n|turn|15\n|\n|t:|1683837430\n|move|p2a: Luxray|Volt Switch|p1a: Torkoal\n|-damage|p1a: Torkoal|50/261\n|\n|t:|1683837432\n|switch|p2a: Scyther|Scyther, L81, F|246/246|[from] Volt Switch\n|move|p1a: Torkoal|Stealth Rock|p2a: Scyther\n|-sidestart|p2: lauda Mera|move: Stealth Rock\n|\n|-weather|SunnyDay|[upkeep]\n|upkeep\n|turn|16\n|\n|t:|1683837438\n|move|p2a: Scyther|Dual Wingbeat|p1a: Torkoal\n|-damage|p1a: Torkoal|2/261\n|-damage|p1a: Torkoal|0 fnt\n|faint|p1a: Torkoal\n|-hitcount|p1: Torkoal|2\n|\n|-weather|SunnyDay|[upkeep]\n|upkeep\n|\n|t:|1683837442\n|switch|p1a: Clawitzer|Clawitzer, L84, F|38/256\n|turn|17\n|-message|GamerGhost243 forfeited.\n|\n|win|lauda Mera\n|raw|GamerGhost243's rating: 1400 &rarr; <strong>1385</strong><br />(-15 for losing)\n|raw|lauda Mera's rating: 1497 &rarr; <strong>1512</strong><br />(+15 for winning)\n|l|\u203dGamerGhost243\n", "inputlog": ">version bce759c5f189753f4322d11c9e5aa78bbe1b1bf9\n>start {\"formatid\":\"gen8randombattle\",\"seed\":[58763,13866,45880,34821],\"rated\":\"Rated battle\"}\n>player p1 {\"name\":\"GamerGhost243\",\"avatar\":\"1\",\"rating\":1400,\"seed\":[14826,65188,40046,36156]}\n>player p2 {\"name\":\"lauda Mera\",\"avatar\":\"hilbert-wonderlauncher\",\"rating\":1485,\"seed\":[59098,64603,2061,57816]}\n>p1 move waterpulse\n>p2 switch 2\n>p1 switch 5\n>p2 move thunderbolt\n>p1 move earthquake\n>p2 move dazzlinggleam\n>p2 switch 2\n>p1 move shellsmash\n>p2 move nastyplot\n>p1 move dracometeor\n>p2 move psystrike\n>p1 switch 6\n>p1 move hurricane\n>p2 move psystrike\n>p1 switch 4\n>p1 move thunderbolt dynamax\n>p2 move psystrike\n>p2 switch 5\n>p1 move aurasphere dynamax\n>p2 move stealthrock dynamax\n>p1 move aurasphere dynamax\n>p2 move earthquake dynamax\n>p1 switch 2\n>p2 move earthquake dynamax\n>p1 move closecombat\n>p2 move outrage\n>p1 switch 2\n>p1 move thunderbolt\n>p2 move outrage\n>p1 switch 5\n>p2 switch 3\n>p1 move waterpulse\n>p2 move wildcharge\n>p1 switch 3\n>p2 move facade\n>p1 move stealthrock\n>p2 move voltswitch\n>p2 switch 6\n>p1 move lavaplume\n>p2 move dualwingbeat\n>p1 switch 3\n>forcelose p1", "uploadtime": 1683837475, "views": 6, "p1id": "gamerghost243", "p2id": "laudamera", "formatid": "gen8randombattle", "rating": 1385, "private": 0, "password": ""}