{"id": "gen8randombattle-1872166028", "p1": "neux", "p2": "trying_toget_tough", "format": "[Gen 8] Random Battle", "log": "|j|\u2606neux\n|j|\u2606trying_toget_tough\n|t:|1685191121\n|gametype|singles\n|player|p1|neux|lance-masters|1302\n|player|p2|trying_toget_tough|101|1350\n|teamsize|p1|6\n|teamsize|p2|6\n|gen|8\n|tier|[Gen 8] Random Battle\n|rated|\n|rule|Species Clause: Limit one of each Pok\u00e9mon\n|rule|HP Percentage Mod: HP is shown in percentages\n|rule|Sleep Clause Mod: Limit one foe put to sleep\n|\n|t:|1685191121\n|start\n|switch|p1a: Lickilicky|Lickilicky, L86, F|329/329\n|switch|p2a: Cradily|Cradily, L86, F|288/288\n|turn|1\n|inactive|Battle timer is ON: inactive players will automatically lose when time's up. (requested by trying_toget_tough)\n|\n|t:|1685191152\n|switch|p1a: Turtonator|Turtonator, L84, F|238/238\n|move|p2a: Cradily|Toxic|p1a: Turtonator\n|-status|p1a: Turtonator|tox\n|\n|-damage|p1a: Turtonator|224/238 tox|[from] psn\n|upkeep\n|turn|2\n|\n|t:|1685191163\n|move|p2a: Cradily|Stone Edge|p1a: Turtonator\n|-supereffective|p1a: Turtonator\n|-damage|p1a: Turtonator|80/238 tox\n|move|p1a: Turtonator|Shell Smash|p1a: Turtonator\n|-unboost|p1a: Turtonator|def|1\n|-unboost|p1a: Turtonator|spd|1\n|-boost|p1a: Turtonator|atk|2\n|-boost|p1a: Turtonator|spa|2\n|-boost|p1a: Turtonator|spe|2\n|-enditem|p1a: Turtonator|White Herb\n|-clearnegativeboost|p1a: Turtonator|[silent]\n|\n|-damage|p1a: Turtonator|52/238 tox|[from] psn\n|upkeep\n|turn|3\n|\n|t:|1685191179\n|move|p1a: Turtonator|Fire Blast|p2a: Cradily\n|-damage|p2a: Cradily|104/288\n|-status|p2a: Cradily|brn\n|move|p2a: Cradily|Recover|p2a: Cradily\n|-heal|p2a: Cradily|248/288 brn\n|\n|-heal|p2a: Cradily|266/288 brn|[from] item: Leftovers\n|-damage|p1a: Turtonator|10/238 tox|[from] psn\n|-damage|p2a: Cradily|248/288 brn|[from] brn\n|upkeep\n|turn|4\n|\n|t:|1685191194\n|move|p1a: Turtonator|Draco Meteor|p2a: Cradily\n|-damage|p2a: Cradily|17/288 brn\n|-unboost|p1a: Turtonator|spa|2\n|move|p2a: Cradily|Stealth Rock|p1a: Turtonator\n|-sidestart|p1: neux|move: Stealth Rock\n|\n|-heal|p2a: Cradily|35/288 brn|[from] item: Leftovers\n|-damage|p1a: Turtonator|0 fnt|[from] psn\n|faint|p1a: Turtonator\n|-damage|p2a: Cradily|17/288 brn|[from] brn\n|upkeep\n|\n|t:|1685191205\n|switch|p1a: Lickilicky|Lickilicky, L86, F|329/329\n|-damage|p1a: Lickilicky|288/329|[from] Stealth Rock\n|turn|5\n|\n|t:|1685191214\n|move|p1a: Lickilicky|Body Slam|p2a: Cradily\n|-resisted|p2a: Cradily\n|-damage|p2a: Cradily|0 fnt\n|faint|p2a: Cradily\n|\n|-heal|p1a: Lickilicky|308/329|[from] item: Leftovers\n|upkeep\n|\n|t:|1685191226\n|switch|p2a: Skuntank|Skuntank, L85, F|314/314\n|turn|6\n|\n|t:|1685191229\n|move|p2a: Skuntank|Toxic|p1a: Lickilicky\n|-status|p1a: Lickilicky|tox\n|move|p1a: Lickilicky|Body Slam|p2a: Skuntank\n|-damage|p2a: Skuntank|214/314\n|-status|p2a: Skuntank|par\n|\n|-heal|p1a: Lickilicky|328/329 tox|[from] item: Leftovers\n|-damage|p1a: Lickilicky|308/329 tox|[from] psn\n|upkeep\n|turn|7\n|\n|t:|1685191238\n|move|p1a: Lickilicky|Body Slam|p2a: Skuntank\n|-damage|p2a: Skuntank|108/314 par\n|cant|p2a: Skuntank|par\n|\n|-heal|p1a: Lickilicky|328/329 tox|[from] item: Leftovers\n|-damage|p1a: Lickilicky|288/329 tox|[from] psn\n|upkeep\n|turn|8\n|\n|t:|1685191245\n|move|p2a: Skuntank|Sucker Punch||[still]\n|-fail|p2a: Skuntank\n|move|p1a: Lickilicky|Heal Bell|p1a: Lickilicky\n|-activate|p1a: Lickilicky|move: Heal Bell\n|-curestatus|p1a: Lickilicky|tox|[msg]\n|\n|-heal|p1a: Lickilicky|308/329|[from] item: Leftovers\n|upkeep\n|turn|9\n|\n|t:|1685191252\n|move|p1a: Lickilicky|Body Slam|p2a: Skuntank\n|-damage|p2a: Skuntank|0 fnt\n|-damage|p1a: Lickilicky|226/329|[from] ability: Aftermath|[of] p2a: Skuntank\n|faint|p2a: Skuntank\n|\n|-heal|p1a: Lickilicky|246/329|[from] item: Leftovers\n|upkeep\n|\n|t:|1685191263\n|switch|p2a: Electivire|Electivire, L82, F|257/257\n|turn|10\n|\n|t:|1685191272\n|move|p2a: Electivire|Cross Chop|p1a: Lickilicky\n|-supereffective|p1a: Lickilicky\n|-damage|p1a: Lickilicky|41/329\n|-damage|p2a: Electivire|232/257|[from] item: Life Orb\n|move|p1a: Lickilicky|Body Slam|p2a: Electivire\n|-damage|p2a: Electivire|121/257\n|\n|-heal|p1a: Lickilicky|61/329|[from] item: Leftovers\n|upkeep\n|turn|11\n|\n|t:|1685191282\n|move|p2a: Electivire|Volt Switch|p1a: Lickilicky\n|-damage|p1a: Lickilicky|0 fnt\n|faint|p1a: Lickilicky\n|-damage|p2a: Electivire|96/257|[from] item: Life Orb\n|\n|t:|1685191288\n|switch|p2a: Stunfisk|Stunfisk, L84, F|320/320|[from] Volt Switch\n|\n|upkeep\n|\n|t:|1685191304\n|switch|p1a: Goodra|Goodra, L82, F|282/282\n|-damage|p1a: Goodra|247/282|[from] Stealth Rock\n|turn|12\n|\n|t:|1685191311\n|move|p1a: Goodra|Power Whip|p2a: Stunfisk\n|-supereffective|p2a: Stunfisk\n|-damage|p2a: Stunfisk|142/320\n|move|p2a: Stunfisk|Sludge Bomb|p1a: Goodra\n|-damage|p1a: Goodra|222/282\n|-status|p1a: Goodra|psn\n|\n|-damage|p1a: Goodra|187/282 psn|[from] psn\n|upkeep\n|turn|13\n|\n|t:|1685191322\n|move|p1a: Goodra|Power Whip|p2a: Stunfisk\n|-supereffective|p2a: Stunfisk\n|-damage|p2a: Stunfisk|0 fnt\n|faint|p2a: Stunfisk\n|\n|-damage|p1a: Goodra|152/282 psn|[from] psn\n|upkeep\n|\n|t:|1685191325\n|switch|p2a: Mr. Mime|Mr. Mime-Galar, L86, F|226/226\n|turn|14\n|\n|t:|1685191340\n|switch|p1a: Orbeetle|Orbeetle, L86, F|243/243\n|-item|p2a: Mr. Mime|Eviolite|[from] ability: Frisk|[of] p1a: Orbeetle|[identify]\n|move|p2a: Mr. Mime|Freeze-Dry|p1a: Orbeetle\n|-damage|p1a: Orbeetle|189/243\n|\n|upkeep\n|turn|15\n|\n|t:|1685191356\n|move|p2a: Mr. Mime|Freeze-Dry|p1a: Orbeetle\n|-damage|p1a: Orbeetle|132/243\n|move|p1a: Orbeetle|Sticky Web|p2a: Mr. Mime\n|-sidestart|p2: trying_toget_tough|move: Sticky Web\n|\n|upkeep\n|turn|16\n|\n|t:|1685191378\n|move|p2a: Mr. Mime|Nasty Plot|p2a: Mr. Mime\n|-boost|p2a: Mr. Mime|spa|2\n|move|p1a: Orbeetle|U-turn|p2a: Mr. Mime\n|-supereffective|p2a: Mr. Mime\n|-damage|p2a: Mr. Mime|152/226\n|inactive|neux has 120 seconds left.\n|\n|t:|1685191407\n|switch|p1a: Marowak|Marowak-Alola, L84, F|238/238|[from] U-turn\n|-damage|p1a: Marowak|179/238|[from] Stealth Rock\n|\n|upkeep\n|turn|17\n|inactive|neux has 90 seconds left.\n|\n|t:|1685191450\n|-start|p2a: Mr. Mime|Dynamax|\n|-heal|p2a: Mr. Mime|304/452|[silent]\n|move|p2a: Mr. Mime|Max Mindstorm|p1a: Marowak\n|-damage|p1a: Marowak|0 fnt\n|-fieldstart|move: Psychic Terrain\n|faint|p1a: Marowak\n|\n|upkeep\n|\n|t:|1685191460\n|switch|p1a: Indeedee|Indeedee, L83, M|235/235\n|-damage|p1a: Indeedee|206/235|[from] Stealth Rock\n|turn|18\n|\n|t:|1685191477\n|-start|p1a: Indeedee|Dynamax|\n|-heal|p1a: Indeedee|412/470|[silent]\n|move|p2a: Mr. Mime|Max Hailstorm|p1a: Indeedee\n|-damage|p1a: Indeedee|169/470\n|-weather|Hail\n|move|p1a: Indeedee|Max Flare|p2a: Mr. Mime\n|-supereffective|p2a: Mr. Mime\n|-damage|p2a: Mr. Mime|145/452\n|-weather|SunnyDay\n|-damage|p1a: Indeedee|146/470|[from] item: Life Orb\n|\n|-weather|SunnyDay|[upkeep]\n|upkeep\n|turn|19\n|inactive|neux has 90 seconds left.\n|inactive|trying_toget_tough has 120 seconds left.\n|\n|t:|1685191500\n|move|p1a: Indeedee|Max Guard|p1a: Indeedee\n|-singleturn|p1a: Indeedee|Max Guard\n|move|p2a: Mr. Mime|Max Hailstorm|p1a: Indeedee\n|-activate|p1a: Indeedee|move: Max Guard\n|\n|-weather|SunnyDay|[upkeep]\n|upkeep\n|-end|p2a: Mr. Mime|Dynamax\n|-heal|p2a: Mr. Mime|73/226|[silent]\n|turn|20\n|inactive|trying_toget_tough has 120 seconds left.\n|inactive|trying_toget_tough has 90 seconds left.\n|\n|t:|1685191545\n|move|p2a: Mr. Mime|Focus Blast|p1a: Indeedee\n|-crit|p1a: Indeedee\n|-damage|p1a: Indeedee|0 fnt\n|faint|p1a: Indeedee\n|\n|-weather|SunnyDay|[upkeep]\n|upkeep\n|\n|t:|1685191553\n|switch|p1a: Orbeetle|Orbeetle, L86, F|132/243\n|-item|p2a: Mr. Mime|Eviolite|[from] ability: Frisk|[of] p1a: Orbeetle|[identify]\n|turn|21\n|\n|t:|1685191558\n|move|p2a: Mr. Mime|Freeze-Dry|p1a: Orbeetle\n|-damage|p1a: Orbeetle|21/243\n|move|p1a: Orbeetle|U-turn|p2a: Mr. Mime\n|-supereffective|p2a: Mr. Mime\n|-damage|p2a: Mr. Mime|0 fnt\n|faint|p2a: Mr. Mime\n|\n|t:|1685191564\n|switch|p1a: Goodra|Goodra, L82, F|152/282 psn|[from] U-turn\n|-damage|p1a: Goodra|117/282 psn|[from] Stealth Rock\n|\n|-weather|SunnyDay|[upkeep]\n|-damage|p1a: Goodra|82/282 psn|[from] psn\n|-fieldend|move: Psychic Terrain\n|upkeep\n|c|\u2606trying_toget_tough|gg i lost\n|\n|t:|1685191581\n|switch|p2a: Electivire|Electivire, L82, F|96/257\n|-activate|p2a: Electivire|move: Sticky Web\n|-unboost|p2a: Electivire|spe|1\n|turn|22\n|\n|t:|1685191588\n|move|p1a: Goodra|Earthquake|p2a: Electivire\n|-supereffective|p2a: Electivire\n|-damage|p2a: Electivire|0 fnt\n|faint|p2a: Electivire\n|\n|-weather|none\n|-damage|p1a: Goodra|47/282 psn|[from] psn\n|upkeep\n|\n|t:|1685191592\n|switch|p2a: Whiscash|Whiscash, L86, F|329/329\n|-activate|p2a: Whiscash|move: Sticky Web\n|-unboost|p2a: Whiscash|spe|1\n|turn|23\n|inactive|neux has 120 seconds left.\n|\n|t:|1685191602\n|move|p1a: Goodra|Power Whip|p2a: Whiscash\n|-supereffective|p2a: Whiscash\n|-damage|p2a: Whiscash|0 fnt\n|faint|p2a: Whiscash\n|\n|win|neux\n|raw|neux's rating: 1302 &rarr; <strong>1325</strong><br />(+23 for winning)\n|raw|trying_toget_tough's rating: 1350 &rarr; <strong>1327</strong><br />(-23 for losing)\n|c|\u2606neux|gg\n|l|\u2606neux\n", "inputlog": ">version d74822bbc74c095aa312053f7034baee3068d99e\n>start {\"formatid\":\"gen8randombattle\",\"seed\":[35820,22509,27684,38157],\"rated\":\"Rated battle\"}\n>player p1 {\"name\":\"neux\",\"avatar\":\"lance-masters\",\"rating\":1302,\"seed\":[52714,47843,29147,26716]}\n>player p2 {\"name\":\"trying_toget_tough\",\"avatar\":\"101\",\"rating\":1350,\"seed\":[65454,18917,51225,54410]}\n>p1 switch 5\n>p2 move toxic\n>p1 move shellsmash\n>p2 move stoneedge\n>p1 move fireblast\n>p2 move recover\n>p1 move dracometeor\n>p2 move stealthrock\n>p1 switch 5\n>p1 move bodyslam\n>p2 move toxic\n>p2 switch 2\n>p1 move bodyslam\n>p2 move toxic\n>p1 move bodyslam\n>p2 move poisonjab\n>p1 move healbell\n>p2 move suckerpunch\n>p1 move bodyslam\n>p2 move poisonjab\n>p2 switch 6\n>p1 move bodyslam\n>p2 move crosschop\n>p1 move bodyslam\n>p2 move voltswitch\n>p2 switch 5\n>p1 switch 4\n>p1 move powerwhip\n>p2 move sludgebomb\n>p1 move powerwhip\n>p2 move earthpower\n>p2 switch 4\n>p1 switch 6\n>p2 move freezedry\n>p1 move stickyweb\n>p2 move freezedry\n>p1 move uturn\n>p2 move nastyplot\n>p1 switch 3\n>p1 move flamecharge\n>p2 move psychic dynamax\n>p1 switch 2\n>p1 move mysticalfire dynamax\n>p2 move freezedry dynamax\n>p1 move calmmind dynamax\n>p2 move freezedry dynamax\n>p1 move mysticalfire dynamax\n>p2 move focusblast\n>p1 switch 3\n>p1 move uturn\n>p2 move freezedry\n>p1 switch 6\n>chat \u2606trying_toget_tough|gg i lost\n>p2 switch 5\n>p1 move earthquake\n>p2 move earthquake\n>p2 switch 3\n>p1 move powerwhip\n>p2 move earthquake", "uploadtime": 1685191609, "views": 3, "p1id": "neux", "p2id": "tryingtogettough", "formatid": "gen8randombattle", "rating": 1325, "private": 0, "password": ""}