{"id": "gen8randombattle-1871576238", "p1": "juandalepringle420", "p2": "12reek", "format": "[Gen 8] Random Battle", "log": "|j|\u2606juandalepringle420\n|j|\u260612reek\n|t:|1685108757\n|gametype|singles\n|player|p1|juandalepringle420|1|1081\n|player|p2|12reek|102|1000\n|teamsize|p1|6\n|teamsize|p2|6\n|gen|8\n|tier|[Gen 8] Random Battle\n|rated|\n|rule|Species Clause: Limit one of each Pok\u00e9mon\n|rule|HP Percentage Mod: HP is shown in percentages\n|rule|Sleep Clause Mod: Limit one foe put to sleep\n|\n|t:|1685108757\n|start\n|switch|p1a: Entei|Entei, L78|307/307\n|switch|p2a: Porygon-Z|Porygon-Z, L80|267/267\n|-ability|p2a: Porygon-Z|Download|boost\n|-boost|p2a: Porygon-Z|spa|1\n|turn|1\n|j| MinatoUzxmaki\n|\n|t:|1685108775\n|switch|p1a: Conkeldurr|Conkeldurr, L80, M|299/299\n|move|p2a: Porygon-Z|Nasty Plot|p2a: Porygon-Z\n|-boost|p2a: Porygon-Z|spa|2\n|\n|-status|p1a: Conkeldurr|brn|[from] item: Flame Orb\n|upkeep\n|turn|2\n|inactive|Battle timer is ON: inactive players will automatically lose when time's up. (requested by juandalepringle420)\n|c| MinatoUzxmaki|WIN\n|c|\u2606juandalepringle420|...\n|c| MinatoUzxmaki|NIGERIAN\n|\n|t:|1685108799\n|-start|p2a: Porygon-Z|Dynamax|\n|-heal|p2a: Porygon-Z|534/534|[silent]\n|move|p2a: Porygon-Z|Max Lightning|p1a: Conkeldurr\n|-damage|p1a: Conkeldurr|0 fnt\n|-fieldstart|move: Electric Terrain\n|faint|p1a: Conkeldurr\n|-damage|p2a: Porygon-Z|508/534|[from] item: Life Orb\n|\n|upkeep\n|c| MinatoUzxmaki|NIGER\n|\n|t:|1685108807\n|switch|p1a: Doublade|Doublade, L82, F|231/231\n|turn|3\n|c| MinatoUzxmaki|gg\n|\n|t:|1685108825\n|-start|p1a: Doublade|Dynamax|\n|-heal|p1a: Doublade|462/462|[silent]\n|move|p2a: Porygon-Z|Max Lightning|p1a: Doublade\n|-damage|p1a: Doublade|0 fnt\n|faint|p1a: Doublade\n|-damage|p2a: Porygon-Z|482/534|[from] item: Life Orb\n|\n|upkeep\n|c| MinatoUzxmaki|his team is about to get swiped\n|inactive|juandalepringle420 has 120 seconds left.\n|\n|t:|1685108868\n|switch|p1a: Snorlax|Snorlax, L82, M|397/397\n|turn|4\n|\n|t:|1685108874\n|move|p2a: Porygon-Z|Max Lightning|p1a: Snorlax\n|-damage|p1a: Snorlax|17/397\n|-damage|p2a: Porygon-Z|456/534|[from] item: Life Orb\n|move|p1a: Snorlax|Earthquake|p2a: Porygon-Z\n|-damage|p2a: Porygon-Z|315/534\n|\n|upkeep\n|-end|p2a: Porygon-Z|Dynamax\n|-heal|p2a: Porygon-Z|158/267|[silent]\n|turn|5\n|\n|t:|1685108888\n|move|p2a: Porygon-Z|Tri Attack|p1a: Snorlax\n|-damage|p1a: Snorlax|0 fnt\n|faint|p1a: Snorlax\n|-damage|p2a: Porygon-Z|132/267|[from] item: Life Orb\n|\n|upkeep\n|\n|t:|1685108903\n|switch|p1a: Comfey|Comfey, L86, F|228/228\n|turn|6\n|\n|t:|1685108910\n|move|p1a: Comfey|Giga Drain|p2a: Porygon-Z\n|-damage|p2a: Porygon-Z|49/267\n|move|p2a: Porygon-Z|Tri Attack|p1a: Comfey\n|-damage|p1a: Comfey|0 fnt\n|faint|p1a: Comfey\n|-damage|p2a: Porygon-Z|23/267|[from] item: Life Orb\n|\n|-fieldend|move: Electric Terrain\n|upkeep\n|\n|t:|1685108914\n|switch|p1a: Entei|Entei, L78|307/307\n|turn|7\n|inactive|juandalepringle420 has 120 seconds left.\n|\n|t:|1685108938\n|move|p1a: Entei|Sacred Fire|p2a: Porygon-Z\n|-damage|p2a: Porygon-Z|0 fnt\n|faint|p2a: Porygon-Z\n|\n|upkeep\n|\n|t:|1685108948\n|switch|p2a: Omastar|Omastar, L82, F|249/249\n|turn|8\n|inactive|juandalepringle420 has 120 seconds left.\n|\n|t:|1685108963\n|switch|p1a: Pincurchin|Pincurchin, L88, F|228/228\n|-fieldstart|move: Electric Terrain|[from] ability: Electric Surge|[of] p1a: Pincurchin\n|move|p2a: Omastar|Earth Power|p1a: Pincurchin\n|-supereffective|p1a: Pincurchin\n|-enditem|p1a: Pincurchin|Shuca Berry|[eat]\n|-enditem|p1a: Pincurchin|Shuca Berry|[weaken]\n|-damage|p1a: Pincurchin|161/228\n|\n|upkeep\n|turn|9\n|inactive|juandalepringle420 has 120 seconds left.\n|\n|t:|1685108975\n|move|p2a: Omastar|Shell Smash|p2a: Omastar\n|-unboost|p2a: Omastar|def|1\n|-unboost|p2a: Omastar|spd|1\n|-boost|p2a: Omastar|atk|2\n|-boost|p2a: Omastar|spa|2\n|-boost|p2a: Omastar|spe|2\n|-enditem|p2a: Omastar|White Herb\n|-clearnegativeboost|p2a: Omastar|[silent]\n|move|p1a: Pincurchin|Rising Voltage|p2a: Omastar\n|-hint|Rising Voltage's BP doubled on grounded target.\n|-supereffective|p2a: Omastar\n|-damage|p2a: Omastar|0 fnt\n|faint|p2a: Omastar\n|\n|upkeep\n|\n|t:|1685108990\n|switch|p2a: Doublade|Doublade, L82, F|231/231\n|turn|10\n|\n|t:|1685109002\n|move|p2a: Doublade|Iron Head|p1a: Pincurchin\n|-resisted|p1a: Pincurchin\n|-damage|p1a: Pincurchin|119/228\n|move|p1a: Pincurchin|Rising Voltage|p2a: Doublade\n|-hint|Rising Voltage's BP doubled on grounded target.\n|-damage|p2a: Doublade|20/231\n|\n|upkeep\n|turn|11\n|\n|t:|1685109012\n|move|p2a: Doublade|Close Combat|p1a: Pincurchin\n|-damage|p1a: Pincurchin|39/228\n|-unboost|p2a: Doublade|def|1\n|-unboost|p2a: Doublade|spd|1\n|move|p1a: Pincurchin|Rising Voltage|p2a: Doublade\n|-hint|Rising Voltage's BP doubled on grounded target.\n|-damage|p2a: Doublade|0 fnt\n|faint|p2a: Doublade\n|\n|upkeep\n|\n|t:|1685109024\n|switch|p2a: Charizard|Charizard, L82, M|262/262\n|turn|12\n|\n|t:|1685109033\n|move|p2a: Charizard|Earthquake|p1a: Pincurchin\n|-supereffective|p1a: Pincurchin\n|-damage|p1a: Pincurchin|0 fnt\n|faint|p1a: Pincurchin\n|\n|-fieldend|move: Electric Terrain\n|upkeep\n|\n|t:|1685109041\n|switch|p1a: Entei|Entei, L78|307/307\n|turn|13\n|\n|t:|1685109048\n|move|p2a: Charizard|Earthquake|p1a: Entei\n|-supereffective|p1a: Entei\n|-damage|p1a: Entei|173/307\n|move|p1a: Entei|Stone Edge|p2a: Charizard\n|-supereffective|p2a: Charizard\n|-damage|p2a: Charizard|0 fnt\n|faint|p2a: Charizard\n|\n|upkeep\n|\n|t:|1685109058\n|switch|p2a: Volcarona|Volcarona, L76, M|254/254\n|turn|14\n|\n|t:|1685109068\n|move|p1a: Entei|Stone Edge|p2a: Volcarona\n|-supereffective|p2a: Volcarona\n|-damage|p2a: Volcarona|0 fnt\n|faint|p2a: Volcarona\n|\n|upkeep\n|\n|t:|1685109076\n|switch|p2a: Oranguru|Oranguru, L86, F|295/295\n|turn|15\n|\n|t:|1685109086\n|move|p1a: Entei|Stone Edge|p2a: Oranguru\n|-damage|p2a: Oranguru|175/295\n|move|p2a: Oranguru|Nasty Plot|p2a: Oranguru\n|-boost|p2a: Oranguru|spa|2\n|\n|-heal|p2a: Oranguru|193/295|[from] item: Leftovers\n|upkeep\n|turn|16\n|\n|t:|1685109095\n|move|p1a: Entei|Stone Edge|p2a: Oranguru\n|-damage|p2a: Oranguru|77/295\n|move|p2a: Oranguru|Thunderbolt|p1a: Entei\n|-damage|p1a: Entei|22/307\n|\n|-heal|p2a: Oranguru|95/295|[from] item: Leftovers\n|upkeep\n|turn|17\n|\n|t:|1685109109\n|move|p1a: Entei|Stone Edge|p2a: Oranguru\n|-damage|p2a: Oranguru|0 fnt\n|faint|p2a: Oranguru\n|\n|win|juandalepringle420\n|raw|juandalepringle420's rating: 1081 &rarr; <strong>1102</strong><br />(+21 for winning)\n|raw|12reek's rating: 1000 &rarr; <strong>1000</strong><br />(+0 for losing)\n|c| MinatoUzxmaki|YOUR ASS\n|c| MinatoUzxmaki|HOW\n|c| MinatoUzxmaki|YOU FUCKING SUCK\n|c|&|/log MinatoUzxmaki was locked from talking by Artemis. (\u2606MinatoUzxmaki: YOU FUCKING SUCK)\n|c|&|/raw <small>This action was done automatically. Want to learn more about the AI? <a href=\"https://www.smogon.com/forums/threads/3570628/#post-9056769\">Visit the information thread</a>.</small>\n|c|\u2606juandalepringle420|LMAO\n|l|\u260612reek\n|c|\u2606juandalepringle420|BRO YOU SWIPED MY TEAM WITH PORYGON AND STILL LOST\n", "inputlog": ">version 61c68e60481ef09071210320730fc448fef50368\n>start {\"formatid\":\"gen8randombattle\",\"seed\":[1552,39889,40500,4632],\"rated\":\"Rated battle\"}\n>player p1 {\"name\":\"juandalepringle420\",\"avatar\":\"1\",\"rating\":1081,\"seed\":[15102,6465,18552,49320]}\n>player p2 {\"name\":\"12reek\",\"avatar\":\"102\",\"rating\":1000,\"seed\":[46925,65086,29928,30990]}\n>p1 switch 5\n>p2 move nastyplot\n>chat  MinatoUzxmaki|WIN\n>chat \u2606juandalepringle420|...\n>chat  MinatoUzxmaki|NIGERIAN\n>p1 move closecombat\n>p2 move thunderbolt dynamax\n>chat  MinatoUzxmaki|NIGER\n>p1 switch 4\n>chat  MinatoUzxmaki|gg\n>p1 move closecombat dynamax\n>p2 move thunderbolt dynamax\n>chat  MinatoUzxmaki|his team is about to get swiped\n>p1 switch 3\n>p1 move earthquake\n>p2 move thunderbolt dynamax\n>p1 move earthquake\n>p2 move triattack\n>p1 switch 6\n>p1 move gigadrain\n>p2 move triattack\n>p1 switch 5\n>p1 move sacredfire\n>p2 move triattack\n>p2 switch 5\n>p1 switch 2\n>p2 move earthpower\n>p1 move risingvoltage\n>p2 move shellsmash\n>p2 switch 3\n>p1 move risingvoltage\n>p2 move ironhead\n>p1 move risingvoltage\n>p2 move closecombat\n>p2 switch 2\n>p1 move risingvoltage\n>p2 move earthquake\n>p1 switch 2\n>p1 move stoneedge\n>p2 move earthquake\n>p2 switch 4\n>p1 move stoneedge\n>p2 move bugbuzz\n>p2 switch 6\n>p1 move stoneedge\n>p2 move nastyplot\n>p1 move stoneedge\n>p2 move thunderbolt\n>p1 move stoneedge\n>p2 move psychic", "uploadtime": 1685109116, "views": 6, "p1id": "juandalepringle420", "p2id": "12reek", "formatid": "gen8randombattle", "rating": 1000, "private": 0, "password": ""}