{"id": "gen8randombattle-1865892790", "p1": "Planeswalk", "p2": "Rishi Myeni", "format": "[Gen 8] Random Battle", "log": "|j|\u203dPlaneswalk\n|j|\u203dRishi Myeni\n|t:|1684347650\n|gametype|singles\n|player|p1|Planeswalk|chili|\n|player|p2|Rishi Myeni|ghetsis|\n|teamsize|p1|6\n|teamsize|p2|6\n|gen|8\n|tier|[Gen 8] Random Battle\n|rule|Species Clause: Limit one of each Pok\u00e9mon\n|rule|HP Percentage Mod: HP is shown in percentages\n|rule|Sleep Clause Mod: Limit one foe put to sleep\n|\n|t:|1684347650\n|start\n|switch|p1a: Zarude|Zarude, L78|292/292\n|switch|p2a: Cursola|Cursola, L86, M|243/243\n|turn|1\n|inactive|Battle timer is ON: inactive players will automatically lose when time's up. (requested by Planeswalk)\n|\n|t:|1684347664\n|move|p1a: Zarude|Bulk Up|p1a: Zarude\n|-boost|p1a: Zarude|atk|1\n|-boost|p1a: Zarude|def|1\n|move|p2a: Cursola|Ice Beam|p1a: Zarude\n|-supereffective|p1a: Zarude\n|-damage|p1a: Zarude|100/292\n|\n|-heal|p1a: Zarude|118/292|[from] item: Leftovers\n|upkeep\n|turn|2\n|\n|t:|1684347669\n|switch|p1a: Guzzlord|Guzzlord, L84|512/512\n|move|p2a: Cursola|Ice Beam|p1a: Guzzlord\n|-supereffective|p1a: Guzzlord\n|-damage|p1a: Guzzlord|244/512\n|\n|upkeep\n|turn|3\n|\n|t:|1684347676\n|move|p1a: Guzzlord|Dark Pulse|p2a: Cursola\n|-supereffective|p2a: Cursola\n|-damage|p2a: Cursola|75/243\n|move|p2a: Cursola|Ice Beam|p1a: Guzzlord\n|-supereffective|p1a: Guzzlord\n|-damage|p1a: Guzzlord|0 fnt\n|faint|p1a: Guzzlord\n|\n|-heal|p2a: Cursola|90/243|[from] item: Leftovers\n|upkeep\n|\n|t:|1684347682\n|switch|p1a: Zarude|Zarude, L78|118/292\n|turn|4\n|\n|t:|1684347692\n|switch|p2a: Mantine|Mantine, L86, M|286/286\n|move|p1a: Zarude|Darkest Lariat|p2a: Mantine\n|-damage|p2a: Mantine|181/286\n|\n|-heal|p1a: Zarude|136/292|[from] item: Leftovers\n|upkeep\n|turn|5\n|\n|t:|1684347702\n|switch|p1a: Vikavolt|Vikavolt, L82, F|260/260\n|move|p2a: Mantine|Roost|p2a: Mantine\n|-heal|p2a: Mantine|286/286\n|-singleturn|p2a: Mantine|move: Roost\n|\n|upkeep\n|turn|6\n|\n|t:|1684347709\n|switch|p2a: Aggron|Aggron, L85, M|258/258\n|-item|p2a: Aggron|Air Balloon\n|move|p1a: Vikavolt|Volt Switch|p2a: Aggron\n|-crit|p2a: Aggron\n|-damage|p2a: Aggron|81/258\n|-enditem|p2a: Aggron|Air Balloon\n|\n|t:|1684347717\n|switch|p1a: Keldeo|Keldeo-Resolute, L79|273/273|[from] Volt Switch\n|\n|upkeep\n|turn|7\n|\n|t:|1684347723\n|move|p1a: Keldeo|Secret Sword|p2a: Aggron\n|-supereffective|p2a: Aggron\n|-damage|p2a: Aggron|0 fnt\n|faint|p2a: Aggron\n|\n|upkeep\n|\n|t:|1684347731\n|switch|p2a: Mantine|Mantine, L86, M|286/286\n|turn|8\n|\n|t:|1684347741\n|switch|p1a: Vikavolt|Vikavolt, L82, F|260/260\n|move|p2a: Mantine|Hurricane|p1a: Vikavolt\n|-damage|p1a: Vikavolt|134/260\n|\n|upkeep\n|turn|9\n|\n|t:|1684347752\n|switch|p2a: Lunatone|Lunatone, L86|295/295\n|move|p1a: Vikavolt|Roost|p1a: Vikavolt\n|-heal|p1a: Vikavolt|260/260\n|-singleturn|p1a: Vikavolt|move: Roost\n|\n|upkeep\n|turn|10\n|inactive|Planeswalk has 270 seconds left.\n|\n|t:|1684347797\n|move|p2a: Lunatone|Power Gem|p1a: Vikavolt\n|-supereffective|p1a: Vikavolt\n|-damage|p1a: Vikavolt|0 fnt\n|faint|p1a: Vikavolt\n|-damage|p2a: Lunatone|266/295|[from] item: Life Orb\n|\n|upkeep\n|\n|t:|1684347800\n|switch|p1a: Zarude|Zarude, L78|136/292\n|turn|11\n|\n|t:|1684347828\n|switch|p2a: Cursola|Cursola, L86, M|90/243\n|move|p1a: Zarude|Darkest Lariat|p2a: Cursola\n|-supereffective|p2a: Cursola\n|-damage|p2a: Cursola|0 fnt\n|faint|p2a: Cursola\n|\n|-heal|p1a: Zarude|154/292|[from] item: Leftovers\n|upkeep\n|\n|t:|1684347833\n|switch|p2a: Kommo-o|Kommo-o, L80, M|251/251\n|turn|12\n|inactive|Planeswalk has 270 seconds left.\n|\n|t:|1684347855\n|switch|p1a: Blissey|Blissey, L83, F|559/559\n|move|p2a: Kommo-o|Clangorous Soul|p2a: Kommo-o\n|-boost|p2a: Kommo-o|atk|1\n|-boost|p2a: Kommo-o|def|1\n|-boost|p2a: Kommo-o|spa|1\n|-boost|p2a: Kommo-o|spd|1\n|-boost|p2a: Kommo-o|spe|1\n|-damage|p2a: Kommo-o|169/251\n|-enditem|p2a: Kommo-o|Throat Spray\n|-boost|p2a: Kommo-o|spa|1|[from] item: Throat Spray\n|\n|upkeep\n|turn|13\n|\n|t:|1684347865\n|move|p2a: Kommo-o|Close Combat|p1a: Blissey\n|-supereffective|p1a: Blissey\n|-damage|p1a: Blissey|0 fnt\n|-unboost|p2a: Kommo-o|def|1\n|-unboost|p2a: Kommo-o|spd|1\n|faint|p1a: Blissey\n|\n|upkeep\n|\n|t:|1684347869\n|switch|p1a: Zarude|Zarude, L78|154/292\n|turn|14\n|\n|t:|1684347877\n|move|p2a: Kommo-o|Close Combat|p1a: Zarude\n|-supereffective|p1a: Zarude\n|-damage|p1a: Zarude|0 fnt\n|-unboost|p2a: Kommo-o|def|1\n|-unboost|p2a: Kommo-o|spd|1\n|faint|p1a: Zarude\n|\n|upkeep\n|\n|t:|1684347880\n|switch|p1a: Reuniclus|Reuniclus, L84, M|322/322\n|turn|15\n|\n|t:|1684347885\n|move|p2a: Kommo-o|Clangorous Soul|p2a: Kommo-o\n|-boost|p2a: Kommo-o|atk|1\n|-boost|p2a: Kommo-o|def|1\n|-boost|p2a: Kommo-o|spa|1\n|-boost|p2a: Kommo-o|spd|1\n|-boost|p2a: Kommo-o|spe|1\n|-damage|p2a: Kommo-o|87/251\n|move|p1a: Reuniclus|Shadow Ball|p2a: Kommo-o\n|-immune|p2a: Kommo-o|[from] ability: Bulletproof\n|\n|upkeep\n|turn|16\n|\n|t:|1684347899\n|-start|p1a: Reuniclus|Dynamax|\n|-heal|p1a: Reuniclus|644/644|[silent]\n|move|p2a: Kommo-o|Clanging Scales|p1a: Reuniclus\n|-damage|p1a: Reuniclus|344/644\n|-unboost|p2a: Kommo-o|def|1\n|move|p1a: Reuniclus|Max Mindstorm|p2a: Kommo-o\n|-supereffective|p2a: Kommo-o\n|-damage|p2a: Kommo-o|0 fnt\n|-fieldstart|move: Psychic Terrain\n|faint|p2a: Kommo-o\n|\n|upkeep\n|\n|t:|1684347915\n|switch|p2a: Mantine|Mantine, L86, M|286/286\n|turn|17\n|\n|t:|1684347936\n|move|p2a: Mantine|Toxic|p1a: Reuniclus\n|-status|p1a: Reuniclus|tox\n|move|p1a: Reuniclus|Max Mindstorm|p2a: Mantine\n|-damage|p2a: Mantine|103/286\n|\n|upkeep\n|turn|18\n|\n|t:|1684347941\n|move|p2a: Mantine|Roost|p2a: Mantine\n|-heal|p2a: Mantine|246/286\n|-singleturn|p2a: Mantine|move: Roost\n|move|p1a: Reuniclus|Max Mindstorm|p2a: Mantine\n|-damage|p2a: Mantine|71/286\n|\n|upkeep\n|-end|p1a: Reuniclus|Dynamax\n|-heal|p1a: Reuniclus|172/322 tox|[silent]\n|turn|19\n|\n|t:|1684347944\n|move|p2a: Mantine|Roost|p2a: Mantine\n|-heal|p2a: Mantine|214/286\n|-singleturn|p2a: Mantine|move: Roost\n|move|p1a: Reuniclus|Recover|p1a: Reuniclus\n|-heal|p1a: Reuniclus|322/322 tox\n|\n|upkeep\n|turn|20\n|\n|t:|1684347950\n|move|p2a: Mantine|Roost|p2a: Mantine\n|-heal|p2a: Mantine|286/286\n|-singleturn|p2a: Mantine|move: Roost\n|move|p1a: Reuniclus|Psychic|p2a: Mantine\n|-damage|p2a: Mantine|161/286\n|\n|-fieldend|move: Psychic Terrain\n|upkeep\n|turn|21\n|\n|t:|1684347954\n|switch|p1a: Keldeo|Keldeo-Resolute, L79|273/273\n|move|p2a: Mantine|Roost|p2a: Mantine\n|-heal|p2a: Mantine|286/286\n|-singleturn|p2a: Mantine|move: Roost\n|\n|upkeep\n|turn|22\n|\n|t:|1684347963\n|move|p1a: Keldeo|Calm Mind|p1a: Keldeo\n|-boost|p1a: Keldeo|spa|1\n|-boost|p1a: Keldeo|spd|1\n|move|p2a: Mantine|Hurricane|p1a: Keldeo\n|-supereffective|p1a: Keldeo\n|-damage|p1a: Keldeo|123/273\n|\n|-heal|p1a: Keldeo|140/273|[from] item: Leftovers\n|upkeep\n|turn|23\n|l|\u203dPlaneswalk\n|inactive|Planeswalk disconnected and has 300 seconds to reconnect!\n|player|p1|\n|l|\u203dRishi Myeni\n|inactive|Rishi Myeni disconnected and has 300 seconds to reconnect!\n|player|p2|\n|inactive|Planeswalk has 270 seconds to reconnect!\n|inactive|Planeswalk has 240 seconds to reconnect!\n|inactive|Planeswalk has 210 seconds to reconnect!\n|inactive|Planeswalk has 180 seconds to reconnect!\n|inactive|Planeswalk has 150 seconds to reconnect!\n|inactive|Planeswalk has 120 seconds to reconnect!\n|inactive|Planeswalk has 90 seconds to reconnect!\n|j|\u203dRishi Myeni\n|inactive|Rishi Myeni reconnected.\n|player|p2|Rishi Myeni|ghetsis\n|n|\u203dRishi Myeni|rishimyeni\n|inactive|Planeswalk has 60 seconds to reconnect!\n|j|\u203dPlaneswalk\n|inactive|Planeswalk reconnected and has 300 seconds left.\n|player|p1|Planeswalk|chili\n|n|\u203dPlaneswalk|planeswalk\n|\n|t:|1684348208\n|move|p1a: Keldeo|Scald|p2a: Mantine\n|-immune|p2a: Mantine|[from] ability: Water Absorb\n|move|p2a: Mantine|Hurricane|p1a: Keldeo|[miss]\n|-miss|p2a: Mantine|p1a: Keldeo\n|\n|-heal|p1a: Keldeo|157/273|[from] item: Leftovers\n|upkeep\n|turn|24\n|\n|t:|1684348214\n|move|p1a: Keldeo|Secret Sword|p2a: Mantine\n|-resisted|p2a: Mantine\n|-crit|p2a: Mantine\n|-damage|p2a: Mantine|146/286\n|move|p2a: Mantine|Hurricane|p1a: Keldeo\n|-supereffective|p1a: Keldeo\n|-damage|p1a: Keldeo|13/273\n|\n|-heal|p1a: Keldeo|30/273|[from] item: Leftovers\n|upkeep\n|turn|25\n|\n|t:|1684348219\n|move|p1a: Keldeo|Secret Sword|p2a: Mantine\n|-resisted|p2a: Mantine\n|-damage|p2a: Mantine|54/286\n|move|p2a: Mantine|Scald|p1a: Keldeo\n|-resisted|p1a: Keldeo\n|-damage|p1a: Keldeo|5/273\n|\n|-heal|p1a: Keldeo|22/273|[from] item: Leftovers\n|upkeep\n|turn|26\n|\n|t:|1684348226\n|move|p1a: Keldeo|Secret Sword|p2a: Mantine\n|-resisted|p2a: Mantine\n|-damage|p2a: Mantine|0 fnt\n|faint|p2a: Mantine\n|\n|-heal|p1a: Keldeo|39/273|[from] item: Leftovers\n|upkeep\n|\n|t:|1684348229\n|switch|p2a: Lunatone|Lunatone, L86|266/295\n|turn|27\n|inactive|Planeswalk has 270 seconds left.\n|inactive|Planeswalk has 240 seconds left.\n|\n|t:|1684348298\n|move|p1a: Keldeo|Scald|p2a: Lunatone\n|-supereffective|p2a: Lunatone\n|-damage|p2a: Lunatone|0 fnt\n|faint|p2a: Lunatone\n|\n|-heal|p1a: Keldeo|56/273|[from] item: Leftovers\n|upkeep\n|\n|t:|1684348304\n|switch|p2a: Jirachi|Jirachi, L79|288/288\n|turn|28\n|inactive|Planeswalk has 240 seconds left.\n|inactive|Rishi Myeni has 270 seconds left.\n|\n|t:|1684348342\n|-start|p2a: Jirachi|Dynamax|\n|-heal|p2a: Jirachi|576/576|[silent]\n|move|p1a: Keldeo|Secret Sword|p2a: Jirachi\n|-damage|p2a: Jirachi|437/576\n|move|p2a: Jirachi|Max Flare|p1a: Keldeo\n|-resisted|p1a: Keldeo\n|-damage|p1a: Keldeo|13/273\n|-weather|SunnyDay\n|\n|-weather|SunnyDay|[upkeep]\n|-heal|p1a: Keldeo|30/273|[from] item: Leftovers\n|-heal|p2a: Jirachi|455/576|[from] item: Leftovers\n|upkeep\n|turn|29\n|inactive|Planeswalk has 240 seconds left.\n|\n|t:|1684348355\n|move|p1a: Keldeo|Secret Sword|p2a: Jirachi\n|-damage|p2a: Jirachi|311/576\n|move|p2a: Jirachi|Max Steelspike|p1a: Keldeo\n|-resisted|p1a: Keldeo\n|-damage|p1a: Keldeo|0 fnt\n|-boost|p2a: Jirachi|def|1\n|faint|p1a: Keldeo\n|\n|-weather|SunnyDay|[upkeep]\n|-heal|p2a: Jirachi|329/576|[from] item: Leftovers\n|upkeep\n|inactive|Planeswalk has 240 seconds left.\n|\n|t:|1684348362\n|switch|p1a: Reuniclus|Reuniclus, L84, M|322/322 tox\n|turn|30\n|\n|t:|1684348374\n|move|p2a: Jirachi|Max Steelspike|p1a: Reuniclus\n|-damage|p1a: Reuniclus|189/322 tox\n|-boost|p2a: Jirachi|def|1\n|move|p1a: Reuniclus|Shadow Ball|p2a: Jirachi\n|-supereffective|p2a: Jirachi\n|-damage|p2a: Jirachi|170/576\n|\n|-weather|SunnyDay|[upkeep]\n|-heal|p2a: Jirachi|188/576|[from] item: Leftovers\n|upkeep\n|-end|p2a: Jirachi|Dynamax\n|-heal|p2a: Jirachi|94/288|[silent]\n|turn|31\n|inactive|Planeswalk has 240 seconds left.\n|\n|t:|1684348395\n|move|p2a: Jirachi|Iron Head|p1a: Reuniclus\n|-damage|p1a: Reuniclus|107/322 tox\n|cant|p1a: Reuniclus|flinch\n|\n|-weather|SunnyDay|[upkeep]\n|-heal|p2a: Jirachi|112/288|[from] item: Leftovers\n|upkeep\n|turn|32\n|\n|t:|1684348403\n|move|p2a: Jirachi|Iron Head|p1a: Reuniclus\n|-damage|p1a: Reuniclus|16/322 tox\n|move|p1a: Reuniclus|Shadow Ball|p2a: Jirachi\n|-supereffective|p2a: Jirachi\n|-damage|p2a: Jirachi|0 fnt\n|faint|p2a: Jirachi\n|\n|win|Planeswalk\n", "inputlog": ">version 3f967b429d9dd76d8eb692efdd7dfe9038092d20\n>start {\"formatid\":\"gen8randombattle\",\"seed\":[51765,2254,49505,13665]}\n>player p1 {\"name\":\"Planeswalk\",\"avatar\":\"chili\",\"rating\":0,\"seed\":[7369,22810,53315,54078]}\n>player p2 {\"name\":\"Rishi Myeni\",\"avatar\":\"ghetsis\",\"rating\":0,\"seed\":[40707,22647,41001,54021]}\n>p1 move bulkup\n>p2 move icebeam\n>p1 switch 5\n>p2 move icebeam\n>p1 move darkpulse\n>p2 move icebeam\n>p1 switch 5\n>p1 move darkestlariat\n>p2 switch 6\n>p1 switch 4\n>p2 move roost\n>p1 move voltswitch\n>p2 switch 5\n>p1 switch 6\n>p1 move secretsword\n>p2 move headsmash\n>p2 switch 5\n>p1 switch 6\n>p2 move hurricane\n>p1 move roost\n>p2 switch 3\n>p1 move bugbuzz\n>p2 move powergem\n>p1 switch 4\n>p1 move darkestlariat\n>p2 switch 6\n>p2 switch 2\n>p1 switch 2\n>p2 move clangoroussoul\n>p1 move toxic\n>p2 move closecombat\n>p1 switch 2\n>p1 move darkestlariat\n>p2 move closecombat\n>p1 switch 3\n>p1 move shadowball\n>p2 move clangoroussoul\n>p1 move psychic dynamax\n>p2 move clangingscales\n>p2 switch 3\n>p1 move psychic dynamax\n>p2 move toxic\n>p1 move psychic dynamax\n>p2 move roost\n>p1 move recover\n>p2 move roost\n>p1 move psychic\n>p2 move roost\n>p1 switch 6\n>p2 move roost\n>p1 move calmmind\n>p2 move hurricane\n>p1 move scald\n>p2 move hurricane\n>p1 move secretsword\n>p2 move hurricane\n>p1 move secretsword\n>p2 move scald\n>p1 move secretsword\n>p2 move roost\n>p2 switch 6\n>p1 move scald\n>p2 move psychic\n>p2 switch 4\n>p1 move secretsword\n>p2 move firepunch dynamax\n>p1 move secretsword\n>p2 move ironhead dynamax\n>p1 switch 6\n>p1 move shadowball\n>p2 move ironhead dynamax\n>p1 move shadowball\n>p2 move ironhead\n>p1 move shadowball\n>p2 move ironhead", "uploadtime": 1684348627, "views": 4, "p1id": "planeswalk", "p2id": "rishimyeni", "formatid": "gen8randombattle", "rating": 0, "private": 0, "password": ""}