{"id": "gen8randombattle-1871512608", "p1": "N0VAgenesis", "p2": "norespectwtsvr", "format": "[Gen 8] Random Battle", "log": "|j|\u2606N0VAgenesis\n|j|\u203dnorespectwtsvr\n|t:|1685101084\n|gametype|singles\n|player|p1|N0VAgenesis|ingo|1384\n|player|p2|norespectwtsvr|101|1535\n|teamsize|p1|6\n|teamsize|p2|6\n|gen|8\n|tier|[Gen 8] Random Battle\n|rated|\n|rule|Species Clause: Limit one of each Pok\u00e9mon\n|rule|HP Percentage Mod: HP is shown in percentages\n|rule|Sleep Clause Mod: Limit one foe put to sleep\n|\n|t:|1685101084\n|start\n|switch|p1a: Glaceon|Glaceon, L88, M|258/258\n|switch|p2a: Dragonite|Dragonite, L75, F|259/259\n|turn|1\n|inactive|Battle timer is ON: inactive players will automatically lose when time's up. (requested by norespectwtsvr)\n|c|\u2606N0VAgenesis|Gl play fast please\n|inactive|norespectwtsvr has 120 seconds left.\n|\n|t:|1685101132\n|switch|p2a: Blissey|Blissey, L83, F|559/559\n|move|p1a: Glaceon|Toxic|p2a: Blissey\n|-status|p2a: Blissey|tox\n|\n|-damage|p2a: Blissey|525/559 tox|[from] psn\n|upkeep\n|turn|2\n|\n|t:|1685101138\n|switch|p1a: Incineroar|Incineroar, L80, F|283/283\n|-ability|p1a: Incineroar|Intimidate|boost\n|-unboost|p2a: Blissey|atk|1\n|move|p2a: Blissey|Toxic|p1a: Incineroar\n|-status|p1a: Incineroar|tox\n|\n|-heal|p2a: Blissey|559/559 tox|[from] item: Leftovers\n|-damage|p1a: Incineroar|266/283 tox|[from] psn\n|-damage|p2a: Blissey|491/559 tox|[from] psn\n|upkeep\n|turn|3\n|\n|t:|1685101158\n|-curestatus|p2a: Blissey|tox|[from] ability: Natural Cure\n|switch|p2a: Dragalge|Dragalge, L86, M|252/252\n|move|p1a: Incineroar|U-turn|p2a: Dragalge\n|-resisted|p2a: Dragalge\n|-damage|p2a: Dragalge|225/252\n|\n|t:|1685101174\n|switch|p1a: Flygon|Flygon, L80, M|259/259|[from] U-turn\n|\n|upkeep\n|turn|4\n|\n|t:|1685101191\n|switch|p1a: Sceptile|Sceptile, L86, F|261/261\n|move|p2a: Dragalge|Dragon Pulse|p1a: Sceptile\n|-damage|p1a: Sceptile|71/261\n|\n|-heal|p1a: Sceptile|87/261|[from] item: Leftovers\n|upkeep\n|turn|5\n|\n|t:|1685101198\n|move|p1a: Sceptile|Substitute|p1a: Sceptile\n|-start|p1a: Sceptile|Substitute\n|-damage|p1a: Sceptile|22/261\n|move|p2a: Dragalge|Dragon Pulse|p1a: Sceptile\n|-end|p1a: Sceptile|Substitute\n|\n|-heal|p1a: Sceptile|38/261|[from] item: Leftovers\n|upkeep\n|turn|6\n|\n|t:|1685101203\n|move|p1a: Sceptile|Leech Seed|p2a: Dragalge|[miss]\n|-miss|p1a: Sceptile|p2a: Dragalge\n|move|p2a: Dragalge|Dragon Pulse|p1a: Sceptile\n|-damage|p1a: Sceptile|0 fnt\n|faint|p1a: Sceptile\n|\n|upkeep\n|\n|t:|1685101210\n|switch|p1a: Glaceon|Glaceon, L88, M|258/258\n|turn|7\n|\n|t:|1685101219\n|switch|p2a: Blissey|Blissey, L83, F|491/559\n|move|p1a: Glaceon|Freeze-Dry|p2a: Blissey\n|-damage|p2a: Blissey|422/559\n|\n|-heal|p2a: Blissey|456/559|[from] item: Leftovers\n|upkeep\n|turn|8\n|\n|t:|1685101225\n|switch|p1a: Incineroar|Incineroar, L80, F|266/283 tox\n|-ability|p1a: Incineroar|Intimidate|boost\n|-unboost|p2a: Blissey|atk|1\n|switch|p2a: Mr. Rime|Mr. Rime, L86, F|278/278\n|\n|-damage|p1a: Incineroar|249/283 tox|[from] psn\n|upkeep\n|turn|9\n|\n|t:|1685101233\n|switch|p2a: Dragalge|Dragalge, L86, M|225/252\n|move|p1a: Incineroar|Knock Off|p2a: Dragalge\n|-damage|p2a: Dragalge|126/252\n|-enditem|p2a: Dragalge|Choice Specs|[from] move: Knock Off|[of] p1a: Incineroar\n|\n|-damage|p1a: Incineroar|215/283 tox|[from] psn\n|upkeep\n|turn|10\n|\n|t:|1685101243\n|move|p1a: Incineroar|U-turn|p2a: Dragalge\n|-resisted|p2a: Dragalge\n|-damage|p2a: Dragalge|100/252\n|\n|t:|1685101248\n|switch|p1a: Articuno|Articuno, L84|288/288|[from] U-turn\n|-ability|p1a: Articuno|Pressure\n|move|p2a: Dragalge|Dragon Pulse|p1a: Articuno\n|-damage|p1a: Articuno|186/288\n|\n|upkeep\n|turn|11\n|\n|t:|1685101256\n|move|p1a: Articuno|Toxic|p2a: Dragalge\n|-immune|p2a: Dragalge\n|move|p2a: Dragalge|Sludge Wave|p1a: Articuno\n|-damage|p1a: Articuno|86/288\n|\n|upkeep\n|turn|12\n|\n|t:|1685101260\n|switch|p2a: Blissey|Blissey, L83, F|456/559\n|move|p1a: Articuno|Roost|p1a: Articuno\n|-heal|p1a: Articuno|230/288\n|-singleturn|p1a: Articuno|move: Roost\n|\n|-heal|p2a: Blissey|490/559|[from] item: Leftovers\n|upkeep\n|turn|13\n|\n|t:|1685101271\n|move|p1a: Articuno|Roost|p1a: Articuno\n|-heal|p1a: Articuno|288/288\n|-singleturn|p1a: Articuno|move: Roost\n|move|p2a: Blissey|Teleport|p2a: Blissey\n|\n|t:|1685101273\n|switch|p2a: Dragalge|Dragalge, L86, M|100/252|[from] Teleport\n|\n|upkeep\n|turn|14\n|\n|t:|1685101277\n|switch|p2a: Blissey|Blissey, L83, F|490/559\n|move|p1a: Articuno|Freeze-Dry|p2a: Blissey\n|-damage|p2a: Blissey|441/559\n|\n|-heal|p2a: Blissey|475/559|[from] item: Leftovers\n|upkeep\n|turn|15\n|\n|t:|1685101283\n|move|p1a: Articuno|Toxic|p2a: Blissey|[miss]\n|-miss|p1a: Articuno|p2a: Blissey\n|move|p2a: Blissey|Toxic|p1a: Articuno\n|-status|p1a: Articuno|tox\n|\n|-heal|p2a: Blissey|509/559|[from] item: Leftovers\n|-damage|p1a: Articuno|270/288 tox|[from] psn\n|upkeep\n|turn|16\n|\n|t:|1685101287\n|move|p1a: Articuno|Heal Bell|p1a: Articuno\n|-activate|p1a: Articuno|move: Heal Bell\n|-curestatus|p1a: Articuno|tox|[msg]\n|-curestatus|p1: Incineroar|tox|[msg]\n|move|p2a: Blissey|Teleport|p2a: Blissey\n|\n|t:|1685101300\n|switch|p2a: Basculin|Basculin-Blue-Striped, L86, M|261/261|[from] Teleport\n|\n|upkeep\n|turn|17\n|\n|t:|1685101304\n|move|p2a: Basculin|Liquidation|p1a: Articuno\n|-damage|p1a: Articuno|116/288\n|-unboost|p1a: Articuno|def|1\n|move|p1a: Articuno|Freeze-Dry|p2a: Basculin\n|-supereffective|p2a: Basculin\n|-damage|p2a: Basculin|67/261\n|-status|p2a: Basculin|frz\n|\n|upkeep\n|turn|18\n|\n|t:|1685101312\n|-curestatus|p2a: Basculin|frz|[msg]\n|move|p2a: Basculin|Liquidation|p1a: Articuno\n|-damage|p1a: Articuno|0 fnt\n|faint|p1a: Articuno\n|\n|upkeep\n|\n|t:|1685101317\n|switch|p1a: Glaceon|Glaceon, L88, M|258/258\n|turn|19\n|\n|t:|1685101321\n|switch|p2a: Blissey|Blissey, L83, F|509/559\n|move|p1a: Glaceon|Freeze-Dry|p2a: Blissey\n|-damage|p2a: Blissey|431/559\n|\n|-heal|p2a: Blissey|465/559|[from] item: Leftovers\n|upkeep\n|turn|20\n|\n|t:|1685101329\n|move|p1a: Glaceon|Protect|p1a: Glaceon\n|-singleturn|p1a: Glaceon|Protect\n|move|p2a: Blissey|Toxic|p1a: Glaceon\n|-activate|p1a: Glaceon|move: Protect\n|\n|-heal|p2a: Blissey|499/559|[from] item: Leftovers\n|upkeep\n|turn|21\n|\n|t:|1685101335\n|switch|p1a: Incineroar|Incineroar, L80, F|215/283\n|-ability|p1a: Incineroar|Intimidate|boost\n|-unboost|p2a: Blissey|atk|1\n|move|p2a: Blissey|Toxic|p1a: Incineroar\n|-status|p1a: Incineroar|tox\n|\n|-heal|p2a: Blissey|533/559|[from] item: Leftovers\n|-damage|p1a: Incineroar|198/283 tox|[from] psn\n|upkeep\n|turn|22\n|\n|t:|1685101342\n|switch|p2a: Dragalge|Dragalge, L86, M|100/252\n|move|p1a: Incineroar|Knock Off|p2a: Dragalge\n|-damage|p2a: Dragalge|30/252\n|\n|-damage|p1a: Incineroar|164/283 tox|[from] psn\n|upkeep\n|turn|23\n|\n|t:|1685101355\n|move|p1a: Incineroar|Knock Off|p2a: Dragalge\n|-damage|p2a: Dragalge|0 fnt\n|faint|p2a: Dragalge\n|\n|-damage|p1a: Incineroar|113/283 tox|[from] psn\n|upkeep\n|\n|t:|1685101358\n|switch|p2a: Basculin|Basculin-Blue-Striped, L86, M|67/261\n|turn|24\n|\n|t:|1685101362\n|move|p2a: Basculin|Liquidation|p1a: Incineroar\n|-supereffective|p1a: Incineroar\n|-damage|p1a: Incineroar|0 fnt\n|faint|p1a: Incineroar\n|\n|upkeep\n|\n|t:|1685101366\n|switch|p1a: Glaceon|Glaceon, L88, M|258/258\n|turn|25\n|\n|t:|1685101368\n|switch|p2a: Blissey|Blissey, L83, F|533/559\n|move|p1a: Glaceon|Freeze-Dry|p2a: Blissey\n|-damage|p2a: Blissey|457/559\n|\n|-heal|p2a: Blissey|491/559|[from] item: Leftovers\n|upkeep\n|turn|26\n|\n|t:|1685101374\n|move|p1a: Glaceon|Freeze-Dry|p2a: Blissey\n|-damage|p2a: Blissey|419/559\n|move|p2a: Blissey|Toxic|p1a: Glaceon\n|-status|p1a: Glaceon|tox\n|\n|-heal|p2a: Blissey|453/559|[from] item: Leftovers\n|-damage|p1a: Glaceon|242/258 tox|[from] psn\n|upkeep\n|turn|27\n|\n|t:|1685101382\n|switch|p1a: Flygon|Flygon, L80, M|259/259\n|move|p2a: Blissey|Soft-Boiled|p2a: Blissey\n|-heal|p2a: Blissey|559/559\n|\n|upkeep\n|turn|28\n|\n|t:|1685101387\n|move|p1a: Flygon|Dragon Dance|p1a: Flygon\n|-boost|p1a: Flygon|atk|1\n|-boost|p1a: Flygon|spe|1\n|move|p2a: Blissey|Toxic|p1a: Flygon\n|-status|p1a: Flygon|tox\n|\n|-damage|p1a: Flygon|243/259 tox|[from] psn\n|upkeep\n|turn|29\n|\n|t:|1685101391\n|switch|p2a: Tapu Fini|Tapu Fini, L78|237/237\n|-fieldstart|move: Misty Terrain|[from] ability: Misty Surge|[of] p2a: Tapu Fini\n|move|p1a: Flygon|Dragon Dance|p1a: Flygon\n|-boost|p1a: Flygon|atk|1\n|-boost|p1a: Flygon|spe|1\n|\n|-damage|p1a: Flygon|211/259 tox|[from] psn\n|upkeep\n|turn|30\n|\n|t:|1685101395\n|switch|p2a: Dragonite|Dragonite, L75, F|259/259\n|-start|p1a: Flygon|Dynamax|\n|-heal|p1a: Flygon|422/518 tox|[silent]\n|move|p1a: Flygon|Max Quake|p2a: Dragonite\n|-immune|p2a: Dragonite\n|\n|-damage|p1a: Flygon|374/518 tox|[from] psn\n|upkeep\n|turn|31\n|\n|t:|1685101399\n|move|p1a: Flygon|Max Quake|p2a: Dragonite\n|-immune|p2a: Dragonite\n|move|p2a: Dragonite|Outrage|p1a: Flygon\n|-supereffective|p1a: Flygon\n|-damage|p1a: Flygon|0 fnt\n|faint|p1a: Flygon\n|\n|upkeep\n|c|\u2606N0VAgenesis|U are a son of a bitch\n|c|\u2606N0VAgenesis|bug\n|c|\u2606N0VAgenesis|And a clown\n|l|\u2606N0VAgenesis\n|inactive|N0VAgenesis disconnected and has a minute to reconnect!\n|player|p1|\n|inactive|N0VAgenesis has 30 seconds to reconnect!\n|inactive|N0VAgenesis has 20 seconds to reconnect!\n|inactive|N0VAgenesis has 15 seconds to reconnect!\n|inactive|N0VAgenesis has 10 seconds to reconnect!\n|inactive|N0VAgenesis has 5 seconds to reconnect!\n|-message|N0VAgenesis lost due to inactivity.\n|\n|win|norespectwtsvr\n|raw|N0VAgenesis's rating: 1384 &rarr; <strong>1373</strong><br />(-11 for losing)\n|raw|norespectwtsvr's rating: 1542 &rarr; <strong>1553</strong><br />(+11 for winning)\n", "inputlog": ">version 61c68e60481ef09071210320730fc448fef50368\n>start {\"formatid\":\"gen8randombattle\",\"seed\":[23286,57407,7875,60840],\"rated\":\"Rated battle\"}\n>player p1 {\"name\":\"N0VAgenesis\",\"avatar\":\"ingo\",\"rating\":1384,\"seed\":[50185,42951,49912,48303]}\n>player p2 {\"name\":\"norespectwtsvr\",\"avatar\":\"101\",\"rating\":1535,\"seed\":[39977,64940,37224,24939]}\n>chat \u2606N0VAgenesis|Gl play fast please \n>p1 move toxic\n>p2 switch 6\n>p1 switch 3\n>p2 move toxic\n>p1 move uturn\n>p2 switch 4\n>p1 switch 4\n>p1 switch 6\n>p2 move dragonpulse\n>p1 move substitute\n>p2 move dragonpulse\n>p1 move leechseed\n>p2 move dragonpulse\n>p1 switch 3\n>p1 move freezedry\n>p2 switch 4\n>p1 switch 4\n>p2 switch 5\n>p1 move knockoff\n>p2 switch 4\n>p1 move uturn\n>p2 move dragonpulse\n>p1 switch 2\n>p1 move toxic\n>p2 move sludgewave\n>p1 move roost\n>p2 switch 5\n>p1 move roost\n>p2 move teleport\n>p2 switch 5\n>p1 move freezedry\n>p2 switch 5\n>p1 move toxic\n>p2 move toxic\n>p1 move healbell\n>p2 move teleport\n>p2 switch 2\n>p1 move freezedry\n>p2 move liquidation\n>p1 move freezedry\n>p2 move liquidation\n>p1 switch 4\n>p1 move freezedry\n>p2 switch 2\n>p1 move protect\n>p2 move toxic\n>p1 switch 2\n>p2 move toxic\n>p1 move knockoff\n>p2 switch 5\n>p1 move knockoff\n>p2 move dragonpulse\n>p2 switch 2\n>p1 move knockoff\n>p2 move liquidation\n>p1 switch 2\n>p1 move freezedry\n>p2 switch 5\n>p1 move freezedry\n>p2 move toxic\n>p1 switch 6\n>p2 move softboiled\n>p1 move dragondance\n>p2 move toxic\n>p1 move dragondance\n>p2 switch 3\n>p1 move earthquake dynamax\n>p2 switch 6\n>p1 move earthquake dynamax\n>p2 move outrage\n>chat \u2606N0VAgenesis|U are a son of a bitch \n>chat \u2606N0VAgenesis|bug \n>chat \u2606N0VAgenesis|And a clown\n>forcelose p1", "uploadtime": 1685101416, "views": 5, "p1id": "n0vagenesis", "p2id": "norespectwtsvr", "formatid": "gen8randombattle", "rating": 1373, "private": 0, "password": ""}