{"id": "gen8randombattle-1861823207", "p1": "Mesnacks", "p2": "fmoham8915", "format": "[Gen 8] Random Battle", "log": "|j|\u2606Mesnacks\n|j|\u2606fmoham8915\n|t:|1683812308\n|gametype|singles\n|player|p1|Mesnacks|cress|1117\n|player|p2|fmoham8915|2|1115\n|teamsize|p1|6\n|teamsize|p2|6\n|gen|8\n|tier|[Gen 8] Random Battle\n|rated|\n|rule|Species Clause: Limit one of each Pok\u00e9mon\n|rule|HP Percentage Mod: HP is shown in percentages\n|rule|Sleep Clause Mod: Limit one foe put to sleep\n|\n|t:|1683812308\n|start\n|switch|p1a: Rhydon|Rhydon, L87, F|324/324\n|switch|p2a: Guzzlord|Guzzlord, L84|512/512\n|turn|1\n|\n|t:|1683812332\n|switch|p2a: Dhelmise|Dhelmise, L86|261/261\n|move|p1a: Rhydon|Toxic|p2a: Dhelmise|[miss]\n|-miss|p1a: Rhydon|p2a: Dhelmise\n|\n|upkeep\n|turn|2\n|inactive|Battle timer is ON: inactive players will automatically lose when time's up. (requested by fmoham8915)\n|\n|t:|1683812359\n|switch|p1a: Alcremie|Alcremie, L86, F|252/252\n|move|p2a: Dhelmise|Power Whip|p1a: Alcremie\n|-damage|p1a: Alcremie|59/252\n|\n|-heal|p1a: Alcremie|74/252|[from] item: Leftovers\n|upkeep\n|turn|3\n|\n|t:|1683812376\n|move|p1a: Alcremie|Dazzling Gleam|p2a: Dhelmise\n|-crit|p2a: Dhelmise\n|-damage|p2a: Dhelmise|128/261\n|move|p2a: Dhelmise|Power Whip|p1a: Alcremie\n|-damage|p1a: Alcremie|0 fnt\n|faint|p1a: Alcremie\n|\n|upkeep\n|\n|t:|1683812389\n|switch|p1a: Eternatus|Eternatus, L69|308/308\n|-ability|p1a: Eternatus|Pressure\n|turn|4\n|\n|t:|1683812404\n|move|p1a: Eternatus|Flamethrower|p2a: Dhelmise\n|-supereffective|p2a: Dhelmise\n|-damage|p2a: Dhelmise|10/261\n|move|p2a: Dhelmise|Anchor Shot|p1a: Eternatus\n|-damage|p1a: Eternatus|177/308\n|-activate|p1a: Eternatus|trapped\n|\n|-heal|p1a: Eternatus|196/308|[from] item: Black Sludge\n|upkeep\n|turn|5\n|\n|t:|1683812415\n|move|p1a: Eternatus|Dynamax Cannon|p2a: Dhelmise\n|-damage|p2a: Dhelmise|0 fnt\n|faint|p2a: Dhelmise\n|\n|-heal|p1a: Eternatus|215/308|[from] item: Black Sludge\n|upkeep\n|\n|t:|1683812421\n|switch|p2a: Guzzlord|Guzzlord, L84|512/512\n|turn|6\n|\n|t:|1683812429\n|move|p1a: Eternatus|Dynamax Cannon|p2a: Guzzlord\n|-supereffective|p2a: Guzzlord\n|-damage|p2a: Guzzlord|320/512\n|move|p2a: Guzzlord|Draco Meteor|p1a: Eternatus\n|-supereffective|p1a: Eternatus\n|-damage|p1a: Eternatus|0 fnt\n|-unboost|p2a: Guzzlord|spa|2\n|faint|p1a: Eternatus\n|-ability|p2a: Guzzlord|Beast Boost|boost\n|-boost|p2a: Guzzlord|atk|1\n|\n|upkeep\n|\n|t:|1683812442\n|switch|p1a: Latias|Latias, L80, F|259/259\n|turn|7\n|\n|t:|1683812447\n|move|p1a: Latias|Draco Meteor|p2a: Guzzlord\n|-supereffective|p2a: Guzzlord\n|-crit|p2a: Guzzlord\n|-damage|p2a: Guzzlord|0 fnt\n|-unboost|p1a: Latias|spa|2\n|faint|p2a: Guzzlord\n|\n|upkeep\n|\n|t:|1683812454\n|switch|p2a: Latias|Latias, L80, F|259/259\n|turn|8\n|\n|t:|1683812460\n|move|p2a: Latias|Draco Meteor|p1a: Latias\n|-supereffective|p1a: Latias\n|-crit|p1a: Latias\n|-damage|p1a: Latias|0 fnt\n|-unboost|p2a: Latias|spa|2\n|faint|p1a: Latias\n|\n|upkeep\n|\n|t:|1683812479\n|switch|p1a: Rhydon|Rhydon, L87, F|324/324\n|turn|9\n|\n|t:|1683812497\n|move|p2a: Latias|Psychic|p1a: Rhydon\n|-damage|p1a: Rhydon|273/324\n|move|p1a: Rhydon|Toxic|p2a: Latias\n|-status|p2a: Latias|tox\n|\n|-damage|p2a: Latias|243/259 tox|[from] psn\n|upkeep\n|turn|10\n|l|\u2606fmoham8915\n|inactive|fmoham8915 disconnected and has a minute to reconnect!\n|player|p2|\n|inactive|fmoham8915 has 30 seconds to reconnect!\n|inactive|fmoham8915 has 20 seconds to reconnect!\n|inactive|fmoham8915 has 15 seconds to reconnect!\n|inactive|fmoham8915 has 10 seconds to reconnect!\n|inactive|fmoham8915 has 5 seconds to reconnect!\n|-message|fmoham8915 lost due to inactivity.\n|\n|win|Mesnacks\n|raw|Mesnacks's rating: 1117 &rarr; <strong>1142</strong><br />(+25 for winning)\n|raw|fmoham8915's rating: 1115 &rarr; <strong>1090</strong><br />(-25 for losing)\n", "inputlog": ">version bce759c5f189753f4322d11c9e5aa78bbe1b1bf9\n>start {\"formatid\":\"gen8randombattle\",\"seed\":[61301,37237,24088,32514],\"rated\":\"Rated battle\"}\n>player p1 {\"name\":\"Mesnacks\",\"avatar\":\"cress\",\"rating\":1117,\"seed\":[24504,55930,58309,12676]}\n>player p2 {\"name\":\"fmoham8915\",\"avatar\":\"2\",\"rating\":1115,\"seed\":[45319,49594,17221,16474]}\n>p1 move toxic\n>p2 switch 2\n>p1 switch 4\n>p2 move powerwhip\n>p1 move dazzlinggleam\n>p2 move powerwhip\n>p1 switch 3\n>p1 move flamethrower\n>p2 move anchorshot\n>p1 move dynamaxcannon\n>p2 move powerwhip\n>p2 switch 2\n>p1 move dynamaxcannon\n>p2 move dracometeor\n>p1 switch 5\n>p1 move dracometeor\n>p2 move dracometeor\n>p2 switch 3\n>p1 move dracometeor\n>p2 move dracometeor\n>p1 switch 4\n>p1 move toxic\n>p2 move psychic\n>forcelose p2", "uploadtime": 1683812572, "views": 7, "p1id": "mesnacks", "p2id": "fmoham8915", "formatid": "gen8randombattle", "rating": 1090, "private": 0, "password": ""}