{"id": "gen8randombattle-1872540560", "p1": "juansban", "p2": "GASTINREX", "format": "[Gen 8] Random Battle", "log": "|j|\u2606juansban\n|j|\u2606GASTINREX\n|t:|1685240910\n|gametype|singles\n|player|p1|juansban|shadowtriad|\n|player|p2|GASTINREX|emmet|\n|teamsize|p1|6\n|teamsize|p2|6\n|gen|8\n|tier|[Gen 8] Random Battle\n|rule|Species Clause: Limit one of each Pok\u00e9mon\n|rule|HP Percentage Mod: HP is shown in percentages\n|rule|Sleep Clause Mod: Limit one foe put to sleep\n|\n|t:|1685240910\n|start\n|switch|p1a: Togedemaru|Togedemaru, L86, F|252/252\n|switch|p2a: Avalugg|Avalugg, L86, F|303/303\n|turn|1\n|\n|t:|1685240930\n|move|p1a: Togedemaru|Iron Head|p2a: Avalugg\n|-supereffective|p2a: Avalugg\n|-crit|p2a: Avalugg\n|-damage|p2a: Avalugg|151/303\n|move|p2a: Avalugg|Body Press|p1a: Togedemaru\n|-supereffective|p1a: Togedemaru\n|-damage|p1a: Togedemaru|18/252\n|\n|-heal|p2a: Avalugg|169/303|[from] item: Leftovers\n|upkeep\n|turn|2\n|\n|t:|1685240934\n|move|p1a: Togedemaru|Iron Head|p2a: Avalugg\n|-supereffective|p2a: Avalugg\n|-damage|p2a: Avalugg|65/303\n|cant|p2a: Avalugg|flinch\n|\n|-heal|p2a: Avalugg|83/303|[from] item: Leftovers\n|upkeep\n|turn|3\n|\n|t:|1685240940\n|move|p1a: Togedemaru|Iron Head|p2a: Avalugg\n|-supereffective|p2a: Avalugg\n|-damage|p2a: Avalugg|0 fnt\n|faint|p2a: Avalugg\n|\n|upkeep\n|\n|t:|1685240959\n|switch|p2a: Gurdurr|Gurdurr, L83, F|277/277\n|turn|4\n|\n|t:|1685240973\n|move|p2a: Gurdurr|Mach Punch|p1a: Togedemaru\n|-supereffective|p1a: Togedemaru\n|-damage|p1a: Togedemaru|0 fnt\n|faint|p1a: Togedemaru\n|\n|upkeep\n|\n|t:|1685240982\n|switch|p1a: Trevenant|Trevenant, L86, F|286/286\n|turn|5\n|\n|t:|1685240993\n|move|p1a: Trevenant|Poltergeist|p2a: Gurdurr\n|-activate|p2a: Gurdurr|move: Poltergeist|Eviolite\n|-damage|p2a: Gurdurr|133/277\n|move|p2a: Gurdurr|Knock Off|p1a: Trevenant\n|-supereffective|p1a: Trevenant\n|-damage|p1a: Trevenant|138/286\n|-enditem|p1a: Trevenant|Choice Band|[from] move: Knock Off|[of] p2a: Gurdurr\n|\n|upkeep\n|turn|6\n|\n|t:|1685240998\n|move|p1a: Trevenant|Horn Leech|p2a: Gurdurr\n|-damage|p2a: Gurdurr|66/277\n|-heal|p1a: Trevenant|172/286|[from] drain|[of] p2a: Gurdurr\n|move|p2a: Gurdurr|Knock Off|p1a: Trevenant\n|-supereffective|p1a: Trevenant\n|-damage|p1a: Trevenant|68/286\n|\n|upkeep\n|turn|7\n|\n|t:|1685241003\n|move|p1a: Trevenant|Horn Leech|p2a: Gurdurr\n|-damage|p2a: Gurdurr|0 fnt\n|-heal|p1a: Trevenant|101/286|[from] drain|[of] p2a: Gurdurr\n|faint|p2a: Gurdurr\n|\n|upkeep\n|\n|t:|1685241012\n|switch|p2a: Heatran|Heatran, L78, M|270/270\n|-item|p2a: Heatran|Air Balloon\n|turn|8\n|\n|t:|1685241020\n|move|p2a: Heatran|Lava Plume|p1a: Trevenant\n|-supereffective|p1a: Trevenant\n|-damage|p1a: Trevenant|0 fnt\n|faint|p1a: Trevenant\n|\n|upkeep\n|\n|t:|1685241026\n|switch|p1a: Sylveon|Sylveon, L84, F|297/297\n|turn|9\n|\n|t:|1685241037\n|move|p2a: Heatran|Flash Cannon|p1a: Sylveon\n|-supereffective|p1a: Sylveon\n|-damage|p1a: Sylveon|163/297\n|move|p1a: Sylveon|Psyshock|p2a: Heatran\n|-resisted|p2a: Heatran\n|-damage|p2a: Heatran|238/270\n|-enditem|p2a: Heatran|Air Balloon\n|\n|-heal|p1a: Sylveon|181/297|[from] item: Leftovers\n|upkeep\n|turn|10\n|\n|t:|1685241043\n|move|p2a: Heatran|Flash Cannon|p1a: Sylveon\n|-supereffective|p1a: Sylveon\n|-damage|p1a: Sylveon|41/297\n|move|p1a: Sylveon|Psyshock|p2a: Heatran\n|-resisted|p2a: Heatran\n|-damage|p2a: Heatran|206/270\n|\n|-heal|p1a: Sylveon|59/297|[from] item: Leftovers\n|upkeep\n|turn|11\n|\n|t:|1685241056\n|move|p2a: Heatran|Flash Cannon|p1a: Sylveon\n|-supereffective|p1a: Sylveon\n|-damage|p1a: Sylveon|0 fnt\n|faint|p1a: Sylveon\n|\n|upkeep\n|\n|t:|1685241059\n|switch|p1a: Druddigon|Druddigon, L84, M|267/267\n|turn|12\n|\n|t:|1685241070\n|move|p2a: Heatran|Earth Power|p1a: Druddigon\n|-damage|p1a: Druddigon|198/267\n|-unboost|p1a: Druddigon|spd|1\n|move|p1a: Druddigon|Outrage|p2a: Heatran\n|-resisted|p2a: Heatran\n|-damage|p2a: Heatran|115/270\n|-damage|p1a: Druddigon|172/267|[from] item: Life Orb\n|\n|upkeep\n|turn|13\n|\n|t:|1685241074\n|move|p2a: Heatran|Flash Cannon|p1a: Druddigon\n|-damage|p1a: Druddigon|28/267\n|move|p1a: Druddigon|Outrage|p2a: Heatran|[from]lockedmove\n|-resisted|p2a: Heatran\n|-damage|p2a: Heatran|21/270\n|-damage|p1a: Druddigon|2/267|[from] item: Life Orb\n|\n|upkeep\n|turn|14\n|\n|t:|1685241077\n|move|p2a: Heatran|Flash Cannon|p1a: Druddigon\n|-damage|p1a: Druddigon|0 fnt\n|faint|p1a: Druddigon\n|\n|upkeep\n|\n|t:|1685241081\n|switch|p1a: Jolteon|Jolteon, L82, M|241/241\n|turn|15\n|\n|t:|1685241084\n|move|p1a: Jolteon|Shadow Ball|p2a: Heatran\n|-damage|p2a: Heatran|0 fnt\n|faint|p2a: Heatran\n|\n|upkeep\n|\n|t:|1685241092\n|switch|p2a: Shuckle|Shuckle, L87, M|177/177\n|turn|16\n|\n|t:|1685241100\n|move|p1a: Jolteon|Shadow Ball|p2a: Shuckle\n|-damage|p2a: Shuckle|138/177\n|move|p2a: Shuckle|Encore|p1a: Jolteon\n|-start|p1a: Jolteon|Encore\n|\n|upkeep\n|turn|17\n|\n|t:|1685241106\n|move|p1a: Jolteon|Shadow Ball|p2a: Shuckle\n|-damage|p2a: Shuckle|101/177\n|move|p2a: Shuckle|Toxic|p1a: Jolteon\n|-status|p1a: Jolteon|tox\n|\n|-damage|p1a: Jolteon|226/241 tox|[from] psn\n|upkeep\n|turn|18\n|\n|t:|1685241110\n|move|p1a: Jolteon|Shadow Ball|p2a: Shuckle\n|-damage|p2a: Shuckle|64/177\n|-unboost|p2a: Shuckle|spd|1\n|move|p2a: Shuckle|Stealth Rock|p1a: Jolteon\n|-sidestart|p1: juansban|move: Stealth Rock\n|\n|-damage|p1a: Jolteon|196/241 tox|[from] psn\n|upkeep\n|turn|19\n|\n|t:|1685241116\n|move|p1a: Jolteon|Shadow Ball|p2a: Shuckle\n|-damage|p2a: Shuckle|8/177\n|move|p2a: Shuckle|Knock Off|p1a: Jolteon\n|-damage|p1a: Jolteon|162/241 tox\n|-enditem|p1a: Jolteon|Choice Specs|[from] move: Knock Off|[of] p2a: Shuckle\n|\n|-damage|p1a: Jolteon|117/241 tox|[from] psn\n|-end|p1a: Jolteon|Encore\n|upkeep\n|turn|20\n|\n|t:|1685241124\n|move|p1a: Jolteon|Hyper Voice|p2a: Shuckle\n|-resisted|p2a: Shuckle\n|-damage|p2a: Shuckle|0 fnt\n|faint|p2a: Shuckle\n|\n|-damage|p1a: Jolteon|57/241 tox|[from] psn\n|upkeep\n|\n|t:|1685241128\n|switch|p2a: Kartana|Kartana, L74|209/209\n|turn|21\n|\n|t:|1685241133\n|move|p1a: Jolteon|Hyper Voice|p2a: Kartana\n|-resisted|p2a: Kartana\n|-damage|p2a: Kartana|133/209\n|move|p2a: Kartana|Leaf Blade|p1a: Jolteon\n|-damage|p1a: Jolteon|0 fnt\n|faint|p1a: Jolteon\n|-ability|p2a: Kartana|Beast Boost|boost\n|-boost|p2a: Kartana|atk|1\n|\n|upkeep\n|\n|t:|1685241135\n|switch|p1a: Beartic|Beartic, L86, F|304/304\n|turn|22\n|\n|t:|1685241144\n|-start|p1a: Beartic|Dynamax|\n|-heal|p1a: Beartic|608/608|[silent]\n|move|p2a: Kartana|Leaf Blade|p1a: Beartic\n|-damage|p1a: Beartic|341/608\n|move|p1a: Beartic|Max Hailstorm|p2a: Kartana\n|-damage|p2a: Kartana|0 fnt\n|-weather|Hail\n|faint|p2a: Kartana\n|\n|-weather|Hail|[upkeep]\n|upkeep\n|\n|t:|1685241146\n|switch|p2a: Ribombee|Ribombee, L82, M|233/233\n|turn|23\n|\n|t:|1685241167\n|-start|p2a: Ribombee|Dynamax|\n|-heal|p2a: Ribombee|466/466|[silent]\n|move|p1a: Beartic|Max Hailstorm|p2a: Ribombee\n|-damage|p2a: Ribombee|201/466\n|move|p2a: Ribombee|Max Starfall|p1a: Beartic\n|-damage|p1a: Beartic|206/608\n|-fieldstart|move: Misty Terrain\n|\n|-weather|Hail|[upkeep]\n|-damage|p2a: Ribombee|187/466|[from] Hail\n|upkeep\n|turn|24\n|\n|t:|1685241171\n|move|p1a: Beartic|Max Hailstorm|p2a: Ribombee\n|-damage|p2a: Ribombee|0 fnt\n|faint|p2a: Ribombee\n|\n|win|juansban\n|l|\u2606GASTINREX\n", "inputlog": ">version d74822bbc74c095aa312053f7034baee3068d99e\n>start {\"formatid\":\"gen8randombattle\",\"seed\":[1887,65413,29864,40835]}\n>player p1 {\"name\":\"juansban\",\"avatar\":\"shadowtriad\",\"rating\":0,\"seed\":[32038,8889,36467,52436]}\n>player p2 {\"name\":\"GASTINREX\",\"avatar\":\"emmet\",\"rating\":0,\"seed\":[61545,17261,34906,51269]}\n>p1 move ironhead\n>p2 move bodypress\n>p1 move ironhead\n>p2 move bodypress\n>p1 move ironhead\n>p2 move bodypress\n>p2 switch 6\n>p1 move nuzzle\n>p2 move machpunch\n>p1 switch 4\n>p1 move poltergeist\n>p2 move knockoff\n>p1 move hornleech\n>p2 move knockoff\n>p1 move hornleech\n>p2 move knockoff\n>p2 switch 5\n>p1 move hornleech\n>p2 move lavaplume\n>p1 switch 5\n>p1 move psyshock\n>p2 move flashcannon\n>p1 move psyshock\n>p2 move flashcannon\n>p1 move psyshock\n>p2 move flashcannon\n>p1 switch 3\n>p1 move outrage\n>p2 move earthpower\n>p1 move outrage\n>p2 move flashcannon\n>p1 move outrage\n>p2 move flashcannon\n>p1 switch 2\n>p1 move shadowball\n>p2 move earthpower\n>p2 switch 4\n>p1 move shadowball\n>p2 move encore\n>p1 move shadowball\n>p2 move toxic\n>p1 move shadowball\n>p2 move stealthrock\n>p1 move shadowball\n>p2 move knockoff\n>p1 move hypervoice\n>p2 move knockoff\n>p2 switch 3\n>p1 move hypervoice\n>p2 move leafblade\n>p1 switch 6\n>p1 move iciclecrash dynamax\n>p2 move leafblade\n>p2 switch 2\n>p1 move iciclecrash dynamax\n>p2 move moonblast dynamax\n>p1 move iciclecrash dynamax\n>p2 move moonblast dynamax", "uploadtime": 1685241177, "views": 4, "p1id": "juansban", "p2id": "gastinrex", "formatid": "gen8randombattle", "rating": 0, "private": 0, "password": ""}