{"id": "gen8randombattle-1872620925", "p1": "hibye721", "p2": "donutplayerisshit", "format": "[Gen 8] Random Battle", "log": "|j|\u2606hibye721\n|j|\u2606donutplayerisshit\n|t:|1685254452\n|gametype|singles\n|player|p1|hibye721|bugcatcher-gen4dp|\n|player|p2|donutplayerisshit|cynthia|\n|teamsize|p1|6\n|teamsize|p2|6\n|gen|8\n|tier|[Gen 8] Random Battle\n|rule|Species Clause: Limit one of each Pok\u00e9mon\n|rule|HP Percentage Mod: HP is shown in percentages\n|rule|Sleep Clause Mod: Limit one foe put to sleep\n|\n|t:|1685254452\n|start\n|switch|p1a: Carracosta|Carracosta, L84, M|262/262\n|switch|p2a: Tapu Fini|Tapu Fini, L78|237/237\n|-fieldstart|move: Misty Terrain|[from] ability: Misty Surge|[of] p2a: Tapu Fini\n|turn|1\n|\n|t:|1685254471\n|move|p2a: Tapu Fini|Calm Mind|p2a: Tapu Fini\n|-boost|p2a: Tapu Fini|spa|1\n|-boost|p2a: Tapu Fini|spd|1\n|move|p1a: Carracosta|Shell Smash|p1a: Carracosta\n|-unboost|p1a: Carracosta|def|1\n|-unboost|p1a: Carracosta|spd|1\n|-boost|p1a: Carracosta|atk|2\n|-boost|p1a: Carracosta|spa|2\n|-boost|p1a: Carracosta|spe|2\n|\n|upkeep\n|turn|2\n|\n|t:|1685254486\n|move|p1a: Carracosta|Stone Edge|p2a: Tapu Fini\n|-crit|p2a: Tapu Fini\n|-damage|p2a: Tapu Fini|0 fnt\n|faint|p2a: Tapu Fini\n|\n|upkeep\n|\n|t:|1685254499\n|switch|p2a: Shiinotic|Shiinotic, L86, M|243/243\n|turn|3\n|\n|t:|1685254524\n|switch|p1a: Lugia|Lugia, L74|279/279\n|move|p2a: Shiinotic|Spore|p1a: Lugia\n|-status|p1a: Lugia|slp|[from] move: Spore\n|\n|upkeep\n|turn|4\n|\n|t:|1685254533\n|cant|p1a: Lugia|slp\n|move|p2a: Shiinotic|Energy Ball|p1a: Lugia\n|-resisted|p1a: Lugia\n|-damage|p1a: Lugia|263/279 slp\n|\n|upkeep\n|turn|5\n|\n|t:|1685254541\n|cant|p1a: Lugia|slp\n|move|p2a: Shiinotic|Moonblast|p1a: Lugia\n|-damage|p1a: Lugia|190/279 slp\n|\n|-fieldend|Misty Terrain\n|upkeep\n|turn|6\n|\n|t:|1685254549\n|-curestatus|p1a: Lugia|slp|[msg]\n|move|p1a: Lugia|Toxic|p2a: Shiinotic\n|-status|p2a: Shiinotic|tox\n|move|p2a: Shiinotic|Moonblast|p1a: Lugia\n|-damage|p1a: Lugia|111/279\n|-unboost|p1a: Lugia|spa|1\n|\n|-damage|p2a: Shiinotic|228/243 tox|[from] psn\n|upkeep\n|turn|7\n|\n|t:|1685254558\n|move|p1a: Lugia|Roost|p1a: Lugia\n|-heal|p1a: Lugia|251/279\n|-singleturn|p1a: Lugia|move: Roost\n|move|p2a: Shiinotic|Spore|p1a: Lugia\n|-status|p1a: Lugia|slp|[from] move: Spore\n|\n|-heal|p2a: Shiinotic|243/243 tox|[from] item: Leftovers\n|-damage|p2a: Shiinotic|213/243 tox|[from] psn\n|upkeep\n|turn|8\n|j| A Borygon\n|\n|t:|1685254571\n|cant|p1a: Lugia|slp\n|move|p2a: Shiinotic|Moonblast|p1a: Lugia\n|-damage|p1a: Lugia|179/279 slp\n|\n|-heal|p2a: Shiinotic|228/243 tox|[from] item: Leftovers\n|-damage|p2a: Shiinotic|183/243 tox|[from] psn\n|upkeep\n|turn|9\n|\n|t:|1685254579\n|cant|p1a: Lugia|slp\n|move|p2a: Shiinotic|Moonblast|p1a: Lugia\n|-damage|p1a: Lugia|110/279 slp\n|\n|-heal|p2a: Shiinotic|198/243 tox|[from] item: Leftovers\n|-damage|p2a: Shiinotic|138/243 tox|[from] psn\n|upkeep\n|turn|10\n|\n|t:|1685254618\n|switch|p2a: Incineroar|Incineroar, L80, F|283/283\n|-ability|p2a: Incineroar|Intimidate|boost\n|-unboost|p1a: Lugia|atk|1\n|cant|p1a: Lugia|slp\n|\n|upkeep\n|turn|11\n|\n|t:|1685254632\n|-curestatus|p1a: Lugia|slp|[msg]\n|move|p1a: Lugia|Roost|p1a: Lugia\n|-heal|p1a: Lugia|250/279\n|-singleturn|p1a: Lugia|move: Roost\n|move|p2a: Incineroar|Knock Off|p1a: Lugia\n|-supereffective|p1a: Lugia\n|-damage|p1a: Lugia|70/279\n|-enditem|p1a: Lugia|Heavy-Duty Boots|[from] move: Knock Off|[of] p2a: Incineroar\n|\n|upkeep\n|turn|12\n|\n|t:|1685254644\n|move|p1a: Lugia|Roost|p1a: Lugia\n|-heal|p1a: Lugia|210/279\n|-singleturn|p1a: Lugia|move: Roost\n|move|p2a: Incineroar|Knock Off|p1a: Lugia\n|-supereffective|p1a: Lugia\n|-damage|p1a: Lugia|90/279\n|\n|upkeep\n|turn|13\n|\n|t:|1685254651\n|move|p1a: Lugia|Roost|p1a: Lugia\n|-heal|p1a: Lugia|230/279\n|-singleturn|p1a: Lugia|move: Roost\n|move|p2a: Incineroar|Knock Off|p1a: Lugia\n|-supereffective|p1a: Lugia\n|-damage|p1a: Lugia|104/279\n|\n|upkeep\n|turn|14\n|\n|t:|1685254658\n|move|p1a: Lugia|Roost|p1a: Lugia\n|-heal|p1a: Lugia|244/279\n|-singleturn|p1a: Lugia|move: Roost\n|move|p2a: Incineroar|Knock Off|p1a: Lugia\n|-supereffective|p1a: Lugia\n|-damage|p1a: Lugia|130/279\n|\n|upkeep\n|turn|15\n|\n|t:|1685254672\n|move|p1a: Lugia|Roost|p1a: Lugia\n|-heal|p1a: Lugia|270/279\n|-singleturn|p1a: Lugia|move: Roost\n|move|p2a: Incineroar|Will-O-Wisp|p1a: Lugia\n|-status|p1a: Lugia|brn\n|\n|-damage|p1a: Lugia|253/279 brn|[from] brn\n|upkeep\n|turn|16\n|\n|t:|1685254691\n|move|p1a: Lugia|Toxic|p2a: Incineroar\n|-status|p2a: Incineroar|tox\n|move|p2a: Incineroar|Parting Shot|p1a: Lugia\n|-unboost|p1a: Lugia|atk|1\n|-unboost|p1a: Lugia|spa|1\n|\n|t:|1685254711\n|switch|p2a: Shiinotic|Shiinotic, L86, M|138/243 tox|[from] Parting Shot\n|\n|-heal|p2a: Shiinotic|153/243 tox|[from] item: Leftovers\n|-damage|p2a: Shiinotic|138/243 tox|[from] psn\n|-damage|p1a: Lugia|236/279 brn|[from] brn\n|upkeep\n|turn|17\n|\n|t:|1685254723\n|switch|p1a: Slurpuff|Slurpuff, L80, M|262/262\n|move|p2a: Shiinotic|Spore|p1a: Slurpuff\n|-status|p1a: Slurpuff|slp|[from] move: Spore\n|\n|-heal|p2a: Shiinotic|153/243 tox|[from] item: Leftovers\n|-damage|p2a: Shiinotic|123/243 tox|[from] psn\n|upkeep\n|turn|18\n|\n|t:|1685254781\n|switch|p2a: Talonflame|Talonflame, L81, M|259/259\n|cant|p1a: Slurpuff|slp\n|\n|upkeep\n|turn|19\n|\n|t:|1685254848\n|move|p2a: Talonflame|Swords Dance|p2a: Talonflame\n|-boost|p2a: Talonflame|atk|2\n|cant|p1a: Slurpuff|slp\n|\n|upkeep\n|turn|20\n|\n|t:|1685254871\n|move|p2a: Talonflame|Swords Dance|p2a: Talonflame\n|-boost|p2a: Talonflame|atk|2\n|-curestatus|p1a: Slurpuff|slp|[msg]\n|move|p1a: Slurpuff|Play Rough|p2a: Talonflame\n|-resisted|p2a: Talonflame\n|-damage|p2a: Talonflame|211/259\n|\n|upkeep\n|turn|21\n|\n|t:|1685254892\n|-start|p1a: Slurpuff|Dynamax|\n|-heal|p1a: Slurpuff|524/524|[silent]\n|move|p2a: Talonflame|Flare Blitz|p1a: Slurpuff\n|-damage|p1a: Slurpuff|172/524\n|-enditem|p1a: Slurpuff|Sitrus Berry|[eat]\n|-heal|p1a: Slurpuff|237/524|[from] item: Sitrus Berry\n|-damage|p2a: Talonflame|95/259|[from] Recoil\n|move|p1a: Slurpuff|Max Strike|p2a: Talonflame\n|-damage|p2a: Talonflame|17/259\n|-unboost|p2a: Talonflame|spe|1\n|\n|upkeep\n|turn|22\n|\n|t:|1685254909\n|-start|p2a: Talonflame|Dynamax|\n|-heal|p2a: Talonflame|34/518|[silent]\n|move|p1a: Slurpuff|Max Strike|p2a: Talonflame\n|-damage|p2a: Talonflame|0 fnt\n|faint|p2a: Talonflame\n|\n|upkeep\n|\n|t:|1685254931\n|switch|p2a: Incineroar|Incineroar, L80, F|283/283 tox\n|-ability|p2a: Incineroar|Intimidate|boost\n|-unboost|p1a: Slurpuff|atk|1\n|turn|23\n|\n|t:|1685254939\n|move|p1a: Slurpuff|Max Starfall|p2a: Incineroar\n|-damage|p2a: Incineroar|205/283 tox\n|-fieldstart|move: Misty Terrain\n|move|p2a: Incineroar|Will-O-Wisp|p1a: Slurpuff|[miss]\n|-miss|p2a: Incineroar|p1a: Slurpuff\n|\n|-damage|p2a: Incineroar|188/283 tox|[from] psn\n|upkeep\n|-end|p1a: Slurpuff|Dynamax\n|-heal|p1a: Slurpuff|119/262|[silent]\n|turn|24\n|\n|t:|1685254958\n|move|p1a: Slurpuff|Drain Punch|p2a: Incineroar\n|-supereffective|p2a: Incineroar\n|-damage|p2a: Incineroar|128/283 tox\n|-heal|p1a: Slurpuff|149/262|[from] drain|[of] p2a: Incineroar\n|move|p2a: Incineroar|Parting Shot|p1a: Slurpuff\n|-unboost|p1a: Slurpuff|atk|1\n|-unboost|p1a: Slurpuff|spa|1\n|\n|t:|1685254966\n|switch|p2a: Shiinotic|Shiinotic, L86, M|123/243 tox|[from] Parting Shot\n|\n|-heal|p2a: Shiinotic|138/243 tox|[from] item: Leftovers\n|-damage|p2a: Shiinotic|123/243 tox|[from] psn\n|upkeep\n|turn|25\n|\n|t:|1685254985\n|move|p1a: Slurpuff|Facade|p2a: Shiinotic\n|-damage|p2a: Shiinotic|102/243 tox\n|move|p2a: Shiinotic|Spore|p1a: Slurpuff\n|-activate|p1a: Slurpuff|move: Misty Terrain\n|\n|-heal|p2a: Shiinotic|117/243 tox|[from] item: Leftovers\n|-damage|p2a: Shiinotic|87/243 tox|[from] psn\n|upkeep\n|turn|26\n|\n|t:|1685255011\n|switch|p1a: Mewtwo|Mewtwo, L72|272/272\n|-ability|p1a: Mewtwo|Unnerve\n|move|p2a: Shiinotic|Strength Sap|p1a: Mewtwo\n|-unboost|p1a: Mewtwo|atk|1\n|-heal|p2a: Shiinotic|243/243 tox\n|\n|-damage|p2a: Shiinotic|198/243 tox|[from] psn\n|upkeep\n|turn|27\n|\n|t:|1685255025\n|move|p1a: Mewtwo|Fire Blast|p2a: Shiinotic\n|-supereffective|p2a: Shiinotic\n|-damage|p2a: Shiinotic|0 fnt\n|faint|p2a: Shiinotic\n|-damage|p1a: Mewtwo|245/272|[from] item: Life Orb\n|\n|-fieldend|Misty Terrain\n|upkeep\n|\n|t:|1685255038\n|switch|p2a: Incineroar|Incineroar, L80, F|128/283 tox\n|-ability|p2a: Incineroar|Intimidate|boost\n|-unboost|p1a: Mewtwo|atk|1\n|turn|28\n|\n|t:|1685255061\n|switch|p1a: Carracosta|Carracosta, L84, M|262/262\n|move|p2a: Incineroar|Parting Shot|p1a: Carracosta\n|-unboost|p1a: Carracosta|atk|1\n|-unboost|p1a: Carracosta|spa|1\n|\n|t:|1685255076\n|switch|p2a: Latios|Latios, L78, M|253/253|[from] Parting Shot\n|\n|upkeep\n|turn|29\n|\n|t:|1685255104\n|move|p2a: Latios|Calm Mind|p2a: Latios\n|-boost|p2a: Latios|spa|1\n|-boost|p2a: Latios|spd|1\n|move|p1a: Carracosta|Shell Smash|p1a: Carracosta\n|-unboost|p1a: Carracosta|def|1\n|-unboost|p1a: Carracosta|spd|1\n|-boost|p1a: Carracosta|atk|2\n|-boost|p1a: Carracosta|spa|2\n|-boost|p1a: Carracosta|spe|2\n|\n|upkeep\n|turn|30\n|\n|t:|1685255118\n|move|p2a: Latios|Draco Meteor|p1a: Carracosta\n|-damage|p1a: Carracosta|0 fnt\n|-unboost|p2a: Latios|spa|2\n|faint|p1a: Carracosta\n|\n|upkeep\n|\n|t:|1685255128\n|switch|p1a: Kingler|Kingler, L84, M|230/230\n|turn|31\n|\n|t:|1685255145\n|move|p2a: Latios|Calm Mind|p2a: Latios\n|-boost|p2a: Latios|spa|1\n|-boost|p2a: Latios|spd|1\n|move|p1a: Kingler|Rock Slide|p2a: Latios\n|-damage|p2a: Latios|115/253\n|\n|upkeep\n|turn|32\n|\n|t:|1685255157\n|move|p2a: Latios|Roost|p2a: Latios\n|-heal|p2a: Latios|242/253\n|-singleturn|p2a: Latios|move: Roost\n|move|p1a: Kingler|Rock Slide|p2a: Latios\n|-damage|p2a: Latios|107/253\n|\n|upkeep\n|turn|33\n|\n|t:|1685255167\n|move|p2a: Latios|Draco Meteor|p1a: Kingler|[miss]\n|-miss|p2a: Latios|p1a: Kingler\n|move|p1a: Kingler|Swords Dance|p1a: Kingler\n|-boost|p1a: Kingler|atk|2\n|\n|upkeep\n|turn|34\n|\n|t:|1685255174\n|move|p2a: Latios|Draco Meteor|p1a: Kingler\n|-damage|p1a: Kingler|0 fnt\n|-unboost|p2a: Latios|spa|2\n|faint|p1a: Kingler\n|\n|upkeep\n|\n|t:|1685255180\n|switch|p1a: Slurpuff|Slurpuff, L80, M|149/262\n|turn|35\n|\n|t:|1685255212\n|switch|p2a: Articuno|Articuno-Galar, L80|275/275\n|move|p1a: Slurpuff|Play Rough|p2a: Articuno\n|-damage|p2a: Articuno|199/275\n|\n|upkeep\n|turn|36\n|\n|t:|1685255231\n|move|p2a: Articuno|Calm Mind|p2a: Articuno\n|-boost|p2a: Articuno|spa|1\n|-boost|p2a: Articuno|spd|1\n|move|p1a: Slurpuff|Belly Drum|p1a: Slurpuff\n|-damage|p1a: Slurpuff|18/262\n|-setboost|p1a: Slurpuff|atk|6|[from] move: Belly Drum\n|\n|upkeep\n|turn|37\n|\n|t:|1685255246\n|move|p2a: Articuno|Freezing Glare|p1a: Slurpuff\n|-damage|p1a: Slurpuff|0 fnt\n|faint|p1a: Slurpuff\n|\n|upkeep\n|\n|t:|1685255253\n|switch|p1a: Mewtwo|Mewtwo, L72|245/272\n|-ability|p1a: Mewtwo|Unnerve\n|turn|38\n|\n|t:|1685255264\n|move|p1a: Mewtwo|Nasty Plot|p1a: Mewtwo\n|-boost|p1a: Mewtwo|spa|2\n|move|p2a: Articuno|Calm Mind|p2a: Articuno\n|-boost|p2a: Articuno|spa|1\n|-boost|p2a: Articuno|spd|1\n|\n|upkeep\n|turn|39\n|\n|t:|1685255279\n|move|p1a: Mewtwo|Psystrike|p2a: Articuno\n|-resisted|p2a: Articuno\n|-damage|p2a: Articuno|40/275\n|-damage|p1a: Mewtwo|218/272|[from] item: Life Orb\n|move|p2a: Articuno|Air Slash|p1a: Mewtwo\n|-damage|p1a: Mewtwo|29/272\n|\n|upkeep\n|turn|40\n|\n|t:|1685255304\n|move|p1a: Mewtwo|Psystrike|p2a: Articuno\n|-resisted|p2a: Articuno\n|-damage|p2a: Articuno|0 fnt\n|faint|p2a: Articuno\n|-damage|p1a: Mewtwo|2/272|[from] item: Life Orb\n|\n|upkeep\n|\n|t:|1685255314\n|switch|p2a: Incineroar|Incineroar, L80, F|128/283 tox\n|-ability|p2a: Incineroar|Intimidate|boost\n|-unboost|p1a: Mewtwo|atk|1\n|turn|41\n|\n|t:|1685255338\n|move|p1a: Mewtwo|Psystrike|p2a: Incineroar\n|-immune|p2a: Incineroar\n|move|p2a: Incineroar|Knock Off|p1a: Mewtwo\n|-supereffective|p1a: Mewtwo\n|-damage|p1a: Mewtwo|0 fnt\n|-enditem|p1a: Mewtwo|Life Orb|[from] move: Knock Off|[of] p2a: Incineroar\n|faint|p1a: Mewtwo\n|\n|-damage|p2a: Incineroar|111/283 tox|[from] psn\n|upkeep\n|\n|t:|1685255345\n|switch|p1a: Lycanroc|Lycanroc, L80, F|251/251\n|turn|42\n|\n|t:|1685255360\n|switch|p2a: Latios|Latios, L78, M|107/253\n|move|p1a: Lycanroc|Stone Edge|p2a: Latios|[miss]\n|-miss|p1a: Lycanroc|p2a: Latios\n|\n|upkeep\n|turn|43\n|\n|t:|1685255378\n|move|p1a: Lycanroc|Stone Edge|p2a: Latios|[miss]\n|-miss|p1a: Lycanroc|p2a: Latios\n|move|p2a: Latios|Roost|p2a: Latios\n|-heal|p2a: Latios|234/253\n|-singleturn|p2a: Latios|move: Roost\n|\n|upkeep\n|turn|44\n|\n|t:|1685255389\n|move|p1a: Lycanroc|Stone Edge|p2a: Latios\n|-damage|p2a: Latios|69/253\n|-damage|p1a: Lycanroc|226/251|[from] item: Life Orb\n|move|p2a: Latios|Draco Meteor|p1a: Lycanroc\n|-damage|p1a: Lycanroc|0 fnt\n|-unboost|p2a: Latios|spa|2\n|faint|p1a: Lycanroc\n|\n|upkeep\n|\n|t:|1685255395\n|switch|p1a: Lugia|Lugia, L74|236/279 brn\n|turn|45\n|\n|t:|1685255410\n|move|p2a: Latios|Roost|p2a: Latios\n|-heal|p2a: Latios|196/253\n|-singleturn|p2a: Latios|move: Roost\n|move|p1a: Lugia|Substitute|p1a: Lugia\n|-start|p1a: Lugia|Substitute\n|-damage|p1a: Lugia|167/279 brn\n|\n|-damage|p1a: Lugia|150/279 brn|[from] brn\n|upkeep\n|turn|46\n|\n|t:|1685255419\n|move|p2a: Latios|Calm Mind|p2a: Latios\n|-boost|p2a: Latios|spa|1\n|-boost|p2a: Latios|spd|1\n|move|p1a: Lugia|Toxic|p2a: Latios\n|-status|p2a: Latios|tox\n|\n|-damage|p2a: Latios|181/253 tox|[from] psn\n|-damage|p1a: Lugia|133/279 brn|[from] brn\n|upkeep\n|turn|47\n|\n|t:|1685255432\n|move|p2a: Latios|Calm Mind|p2a: Latios\n|-boost|p2a: Latios|spa|1\n|-boost|p2a: Latios|spd|1\n|move|p1a: Lugia|Roost|p1a: Lugia\n|-heal|p1a: Lugia|273/279 brn\n|-singleturn|p1a: Lugia|move: Roost\n|\n|-damage|p2a: Latios|151/253 tox|[from] psn\n|-damage|p1a: Lugia|256/279 brn|[from] brn\n|upkeep\n|turn|48\n|\n|t:|1685255444\n|move|p2a: Latios|Roost|p2a: Latios\n|-heal|p2a: Latios|253/253 tox\n|-singleturn|p2a: Latios|move: Roost\n|move|p1a: Lugia|Air Slash|p2a: Latios\n|-damage|p2a: Latios|228/253 tox\n|\n|-damage|p2a: Latios|183/253 tox|[from] psn\n|-damage|p1a: Lugia|239/279 brn|[from] brn\n|upkeep\n|turn|49\n|\n|t:|1685255462\n|move|p2a: Latios|Psyshock|p1a: Lugia\n|-resisted|p1a: Lugia\n|-activate|p1a: Lugia|move: Substitute|[damage]\n|move|p1a: Lugia|Substitute|p1a: Lugia\n|-fail|p1a: Lugia|move: Substitute\n|\n|-damage|p2a: Latios|123/253 tox|[from] psn\n|-damage|p1a: Lugia|222/279 brn|[from] brn\n|upkeep\n|turn|50\n|\n|t:|1685255469\n|move|p2a: Latios|Roost|p2a: Latios\n|-heal|p2a: Latios|250/253 tox\n|-singleturn|p2a: Latios|move: Roost\n|move|p1a: Lugia|Substitute|p1a: Lugia\n|-fail|p1a: Lugia|move: Substitute\n|\n|-damage|p2a: Latios|175/253 tox|[from] psn\n|-damage|p1a: Lugia|205/279 brn|[from] brn\n|upkeep\n|turn|51\n|\n|t:|1685255477\n|move|p2a: Latios|Draco Meteor|p1a: Lugia\n|-end|p1a: Lugia|Substitute\n|-unboost|p2a: Latios|spa|2\n|move|p1a: Lugia|Substitute|p1a: Lugia\n|-start|p1a: Lugia|Substitute\n|-damage|p1a: Lugia|136/279 brn\n|\n|-damage|p2a: Latios|85/253 tox|[from] psn\n|-damage|p1a: Lugia|119/279 brn|[from] brn\n|upkeep\n|turn|52\n|\n|t:|1685255492\n|move|p2a: Latios|Roost|p2a: Latios\n|-heal|p2a: Latios|212/253 tox\n|-singleturn|p2a: Latios|move: Roost\n|move|p1a: Lugia|Roost|p1a: Lugia\n|-heal|p1a: Lugia|259/279 brn\n|-singleturn|p1a: Lugia|move: Roost\n|\n|-damage|p2a: Latios|107/253 tox|[from] psn\n|-damage|p1a: Lugia|242/279 brn|[from] brn\n|upkeep\n|turn|53\n|\n|t:|1685255514\n|switch|p2a: Incineroar|Incineroar, L80, F|111/283 tox\n|-ability|p2a: Incineroar|Intimidate|boost\n|-immune|p1a: Lugia\n|move|p1a: Lugia|Substitute|p1a: Lugia\n|-fail|p1a: Lugia|move: Substitute\n|\n|-damage|p2a: Incineroar|94/283 tox|[from] psn\n|-damage|p1a: Lugia|225/279 brn|[from] brn\n|upkeep\n|turn|54\n|\n|t:|1685255527\n|move|p1a: Lugia|Air Slash|p2a: Incineroar\n|-damage|p2a: Incineroar|34/283 tox\n|move|p2a: Incineroar|Flare Blitz|p1a: Lugia\n|-end|p1a: Lugia|Substitute\n|-damage|p2a: Incineroar|11/283 tox|[from] Recoil|[of] p1a: Lugia\n|\n|-damage|p2a: Incineroar|0 fnt|[from] psn\n|faint|p2a: Incineroar\n|-damage|p1a: Lugia|208/279 brn|[from] brn\n|upkeep\n|\n|t:|1685255538\n|switch|p2a: Latios|Latios, L78, M|107/253 tox\n|turn|55\n|\n|t:|1685255546\n|move|p2a: Latios|Draco Meteor|p1a: Lugia\n|-damage|p1a: Lugia|73/279 brn\n|-unboost|p2a: Latios|spa|2\n|move|p1a: Lugia|Substitute|p1a: Lugia\n|-start|p1a: Lugia|Substitute\n|-damage|p1a: Lugia|4/279 brn\n|\n|-damage|p2a: Latios|92/253 tox|[from] psn\n|-damage|p1a: Lugia|0 fnt|[from] brn\n|faint|p1a: Lugia\n|\n|win|donutplayerisshit\n|upkeep\n|l|\u2606hibye721\n", "inputlog": ">version d74822bbc74c095aa312053f7034baee3068d99e\n>start {\"formatid\":\"gen8randombattle\",\"seed\":[56493,19587,51390,10765]}\n>player p1 {\"name\":\"hibye721\",\"avatar\":\"bugcatcher-gen4dp\",\"rating\":0,\"seed\":[6728,7176,25221,47757]}\n>player p2 {\"name\":\"donutplayerisshit\",\"avatar\":\"cynthia\",\"rating\":0,\"seed\":[28790,38817,24671,49702]}\n>p1 move shellsmash\n>p2 move calmmind\n>p1 move stoneedge\n>p2 move calmmind\n>p2 switch 3\n>p1 switch 5\n>p2 move spore\n>p1 move toxic\n>p2 move energyball\n>p1 move toxic\n>p2 move moonblast\n>p1 move toxic\n>p2 move moonblast\n>p1 move roost\n>p2 move spore\n>p1 move roost\n>p2 move moonblast\n>p1 move roost\n>p2 move moonblast\n>p1 move roost\n>p2 switch 5\n>p1 move roost\n>p2 move knockoff\n>p1 move roost\n>p2 move knockoff\n>p1 move roost\n>p2 move knockoff\n>p1 move roost\n>p2 move knockoff\n>p1 move roost\n>p2 move willowisp\n>p1 move toxic\n>p2 move partingshot\n>p2 switch 5\n>p1 switch 6\n>p2 move spore\n>p1 move facade\n>p2 switch 6\n>p1 move playrough\n>p2 move swordsdance\n>p1 move playrough\n>p2 move swordsdance\n>p1 move facade dynamax\n>p2 move flareblitz\n>p1 move facade dynamax\n>p2 move flareblitz dynamax\n>p2 switch 5\n>p1 move playrough dynamax\n>p2 move willowisp\n>p1 move drainpunch\n>p2 move partingshot\n>p2 switch 6\n>p1 move facade\n>p2 move spore\n>p1 switch 3\n>p2 move strengthsap\n>p1 move fireblast\n>p2 move moonblast\n>p2 switch 6\n>p1 switch 5\n>p2 move partingshot\n>p2 switch 2\n>p1 move shellsmash\n>p2 move calmmind\n>p1 move shellsmash\n>p2 move dracometeor\n>p1 switch 4\n>p1 move rockslide\n>p2 move calmmind\n>p1 move rockslide\n>p2 move roost\n>p1 move swordsdance\n>p2 move dracometeor\n>p1 move rockslide\n>p2 move dracometeor\n>p1 switch 3\n>p1 move playrough\n>p2 switch 4\n>p1 move bellydrum\n>p2 move calmmind\n>p1 move playrough\n>p2 move freezingglare\n>p1 switch 5\n>p1 move nastyplot\n>p2 move calmmind\n>p1 move psystrike\n>p2 move airslash\n>p1 move psystrike\n>p2 move recover\n>p2 switch 2\n>p1 move psystrike\n>p2 move knockoff\n>p1 switch 2\n>p1 move stoneedge\n>p2 switch 4\n>p1 move stoneedge\n>p2 move roost\n>p1 move stoneedge\n>p2 move dracometeor\n>p1 switch 6\n>p1 move substitute\n>p2 move roost\n>p1 move toxic\n>p2 move calmmind\n>p1 move roost\n>p2 move calmmind\n>p1 move airslash\n>p2 move roost\n>p1 move substitute\n>p2 move psyshock\n>p1 move substitute\n>p2 move roost\n>p1 move substitute\n>p2 move dracometeor\n>p1 move roost\n>p2 move roost\n>p1 move substitute\n>p2 switch 4\n>p1 move airslash\n>p2 move flareblitz\n>p2 switch 4\n>p1 move substitute\n>p2 move dracometeor", "uploadtime": 1685255564, "views": 4, "p1id": "hibye721", "p2id": "donutplayerisshit", "formatid": "gen8randombattle", "rating": 0, "private": 0, "password": ""}