{"id": "gen8randombattle-1862103523", "p1": "Illustrious One", "p2": "Walkenskye", "format": "[Gen 8] Random Battle", "log": "|j|\u2606Illustrious One\n|j|\u2606Walkenskye\n|inactive|Battle timer is ON: inactive players will automatically lose when time's up.\n|t:|1683837315\n|gametype|singles\n|player|p1|Illustrious One|dancer|\n|player|p2|Walkenskye|2|\n|teamsize|p1|6\n|teamsize|p2|6\n|gen|8\n|tier|[Gen 8] Random Battle\n|rated|Tournament battle\n|rule|Species Clause: Limit one of each Pok\u00e9mon\n|rule|HP Percentage Mod: HP is shown in percentages\n|rule|Sleep Clause Mod: Limit one foe put to sleep\n|rule|Inverse Mod: Weaknesses become resistances, while resistances and immunities become weaknesses.\n|\n|t:|1683837315\n|start\n|switch|p1a: Corsola|Corsola-Galar, L84, F|238/238\n|switch|p2a: Froslass|Froslass, L84, F|255/255\n|turn|1\n|j|*Lady Monita\n|inactive|Illustrious One has 120 seconds left.\n|inactive|Walkenskye has 120 seconds left.\n|inactive|Illustrious One has 90 seconds left.\n|\n|t:|1683837380\n|move|p2a: Froslass|Spikes|p1a: Corsola\n|-sidestart|p1: Illustrious One|Spikes\n|move|p1a: Corsola|Stealth Rock|p2a: Froslass\n|-sidestart|p2: Walkenskye|move: Stealth Rock\n|\n|upkeep\n|turn|2\n|\n|t:|1683837397\n|switch|p1a: Golurk|Golurk, L82|280/280\n|-damage|p1a: Golurk|245/280|[from] Spikes\n|move|p2a: Froslass|Spikes|p1a: Golurk\n|-sidestart|p1: Illustrious One|Spikes\n|\n|upkeep\n|turn|3\n|\n|t:|1683837416\n|switch|p2a: Aegislash|Aegislash, L80, F|227/227\n|-damage|p2a: Aegislash|171/227|[from] Stealth Rock\n|move|p1a: Golurk|Rock Polish|p1a: Golurk\n|-boost|p1a: Golurk|spe|2\n|\n|upkeep\n|turn|4\n|inactive|Illustrious One has 120 seconds left.\n|inactive|Illustrious One has 90 seconds left.\n|\n|t:|1683837480\n|move|p1a: Golurk|Dynamic Punch|p2a: Aegislash\n|-damage|p2a: Aegislash|87/227\n|-start|p2a: Aegislash|confusion\n|-damage|p1a: Golurk|217/280|[from] item: Life Orb\n|-activate|p2a: Aegislash|confusion\n|-formechange|p2a: Aegislash|Aegislash-Blade||[from] ability: Stance Change\n|move|p2a: Aegislash|Iron Head|p1a: Golurk\n|-damage|p1a: Golurk|77/280\n|-damage|p2a: Aegislash|65/227|[from] item: Life Orb\n|\n|upkeep\n|turn|5\n|inactive|Illustrious One has 90 seconds left.\n|inactive|Walkenskye has 120 seconds left.\n|j| Jonbot25\n|inactive|Walkenskye has 90 seconds left.\n|\n|t:|1683837546\n|-activate|p2a: Aegislash|confusion\n|-damage|p2a: Aegislash|10/227|[from] confusion\n|move|p1a: Golurk|Rock Polish|p1a: Golurk\n|-boost|p1a: Golurk|spe|2\n|\n|upkeep\n|turn|6\n|\n|t:|1683837554\n|-end|p2a: Aegislash|confusion\n|move|p2a: Aegislash|Shadow Sneak|p1a: Golurk\n|-resisted|p1a: Golurk\n|-damage|p1a: Golurk|39/280\n|-damage|p2a: Aegislash|0 fnt|[from] item: Life Orb\n|faint|p2a: Aegislash\n|move|p1a: Golurk|Earthquake|p2: Aegislash|[notarget]\n|-fail|p1a: Golurk\n|\n|upkeep\n|inactive|Walkenskye has 60 seconds left.\n|inactive|Walkenskye has 30 seconds left.\n|\n|t:|1683837616\n|switch|p2a: Froslass|Froslass, L84, F|255/255\n|-damage|p2a: Froslass|240/255|[from] Stealth Rock\n|turn|7\n|\n|t:|1683837627\n|move|p1a: Golurk|Earthquake|p2a: Froslass\n|-damage|p2a: Froslass|49/255\n|-damage|p1a: Golurk|11/280|[from] item: Life Orb\n|move|p2a: Froslass|Poltergeist|p1a: Golurk\n|-activate|p1a: Golurk|move: Poltergeist|Life Orb\n|-resisted|p1a: Golurk\n|-damage|p1a: Golurk|0 fnt\n|faint|p1a: Golurk\n|\n|upkeep\n|inactive|Illustrious One has 90 seconds left.\n|j| BGenius\n|\n|t:|1683837647\n|switch|p1a: Spectrier|Spectrier, L74|270/270\n|-damage|p1a: Spectrier|225/270|[from] Spikes\n|turn|8\n|l| BGenius\n|inactive|Illustrious One has 90 seconds left.\n|\n|t:|1683837664\n|move|p1a: Spectrier|Shadow Ball|p2a: Froslass\n|-resisted|p2a: Froslass\n|-damage|p2a: Froslass|0 fnt\n|-start|p1a: Spectrier|Disable|Shadow Ball|[from] ability: Cursed Body|[of] p2a: Froslass\n|faint|p2a: Froslass\n|-ability|p1a: Spectrier|Grim Neigh|boost\n|-boost|p1a: Spectrier|spa|1\n|\n|-heal|p1a: Spectrier|241/270|[from] item: Leftovers\n|upkeep\n|\n|t:|1683837672\n|switch|p2a: Lunala|Lunala, L72|316/316\n|-damage|p2a: Lunala|277/316|[from] Stealth Rock\n|turn|9\n|inactive|Illustrious One has 90 seconds left.\n|\n|t:|1683837689\n|switch|p1a: Calyrex|Calyrex-Shadow, L65|238/238\n|-ability|p1a: Calyrex|As One\n|-ability|p1a: Calyrex|Unnerve\n|-damage|p1a: Calyrex|199/238|[from] Spikes\n|move|p2a: Lunala|Calm Mind|p2a: Lunala\n|-boost|p2a: Lunala|spa|1\n|-boost|p2a: Lunala|spd|1\n|\n|-heal|p1a: Calyrex|213/238|[from] item: Leftovers\n|-heal|p2a: Lunala|296/316|[from] item: Leftovers\n|upkeep\n|turn|10\n|\n|t:|1683837699\n|move|p1a: Calyrex|Psyshock|p2a: Lunala\n|-supereffective|p2a: Lunala\n|-damage|p2a: Lunala|120/316\n|move|p2a: Lunala|Psyshock|p1a: Calyrex\n|-supereffective|p1a: Calyrex\n|-damage|p1a: Calyrex|0 fnt\n|faint|p1a: Calyrex\n|\n|-heal|p2a: Lunala|139/316|[from] item: Leftovers\n|upkeep\n|inactive|Illustrious One has 90 seconds left.\n|\n|t:|1683837722\n|switch|p1a: Spiritomb|Spiritomb, L88, F|231/231\n|-damage|p1a: Spiritomb|193/231|[from] Spikes\n|turn|11\n|\n|t:|1683837731\n|move|p2a: Lunala|Psyshock|p1a: Spiritomb\n|-supereffective|p1a: Spiritomb\n|-damage|p1a: Spiritomb|7/231\n|move|p1a: Spiritomb|Trick|p2a: Lunala\n|-activate|p1a: Spiritomb|move: Trick|[of] p2a: Lunala\n|-item|p2a: Lunala|Choice Band|[from] move: Trick\n|-item|p1a: Spiritomb|Leftovers|[from] move: Trick\n|\n|-heal|p1a: Spiritomb|21/231|[from] item: Leftovers\n|upkeep\n|turn|12\n|inactive|Walkenskye has 60 seconds left.\n|\n|t:|1683837739\n|move|p1a: Spiritomb|Sucker Punch|p2a: Lunala\n|-resisted|p2a: Lunala\n|-damage|p2a: Lunala|118/316\n|move|p2a: Lunala|Psyshock|p1a: Spiritomb\n|-supereffective|p1a: Spiritomb\n|-damage|p1a: Spiritomb|0 fnt\n|faint|p1a: Spiritomb\n|\n|upkeep\n|\n|t:|1683837743\n|switch|p1a: Corsola|Corsola-Galar, L84, F|238/238\n|-damage|p1a: Corsola|199/238|[from] Spikes\n|turn|13\n|\n|t:|1683837747\n|move|p2a: Lunala|Psyshock|p1a: Corsola\n|-damage|p1a: Corsola|129/238\n|move|p1a: Corsola|Night Shade|p2a: Lunala\n|-damage|p2a: Lunala|34/316\n|\n|upkeep\n|turn|14\n|\n|t:|1683837750\n|move|p2a: Lunala|Psyshock|p1a: Corsola\n|-damage|p1a: Corsola|50/238\n|move|p1a: Corsola|Strength Sap|p2a: Lunala\n|-unboost|p2a: Lunala|atk|1\n|-heal|p1a: Corsola|217/238\n|\n|upkeep\n|turn|15\n|inactive|Walkenskye has 90 seconds left.\n|\n|t:|1683837756\n|move|p2a: Lunala|Psyshock|p1a: Corsola\n|-damage|p1a: Corsola|147/238\n|move|p1a: Corsola|Night Shade|p2a: Lunala\n|-damage|p2a: Lunala|0 fnt\n|faint|p2a: Lunala\n|\n|upkeep\n|inactive|Walkenskye has 90 seconds left.\n|\n|t:|1683837776\n|switch|p2a: Drifblim|Drifblim, L84, F|389/389\n|-damage|p2a: Drifblim|365/389|[from] Stealth Rock\n|turn|16\n|\n|t:|1683837793\n|switch|p1a: Dusknoir|Dusknoir, L86, F|218/218\n|-damage|p1a: Dusknoir|182/218|[from] Spikes\n|-ability|p1a: Dusknoir|Pressure\n|move|p2a: Drifblim|Calm Mind|p2a: Drifblim\n|-boost|p2a: Drifblim|spa|1\n|-boost|p2a: Drifblim|spd|1\n|\n|-heal|p1a: Dusknoir|195/218|[from] item: Leftovers\n|upkeep\n|turn|17\n|inactive|Walkenskye has 90 seconds left.\n|\n|t:|1683837816\n|move|p2a: Drifblim|Strength Sap|p1a: Dusknoir\n|-unboost|p1a: Dusknoir|atk|1\n|-heal|p2a: Drifblim|389/389\n|move|p1a: Dusknoir|Earthquake|p2a: Drifblim\n|-supereffective|p2a: Drifblim\n|-damage|p2a: Drifblim|219/389\n|\n|-heal|p1a: Dusknoir|208/218|[from] item: Leftovers\n|upkeep\n|turn|18\n|\n|t:|1683837828\n|move|p2a: Drifblim|Strength Sap|p1a: Dusknoir\n|-unboost|p1a: Dusknoir|atk|1\n|-heal|p2a: Drifblim|366/389\n|move|p1a: Dusknoir|Earthquake|p2a: Drifblim\n|-supereffective|p2a: Drifblim\n|-damage|p2a: Drifblim|240/389\n|\n|-heal|p1a: Dusknoir|218/218|[from] item: Leftovers\n|upkeep\n|turn|19\n|inactive|Walkenskye has 90 seconds left.\n|\n|t:|1683837838\n|move|p2a: Drifblim|Calm Mind|p2a: Drifblim\n|-boost|p2a: Drifblim|spa|1\n|-boost|p2a: Drifblim|spd|1\n|move|p1a: Dusknoir|Earthquake|p2a: Drifblim\n|-supereffective|p2a: Drifblim\n|-damage|p2a: Drifblim|128/389\n|-enditem|p2a: Drifblim|Sitrus Berry|[eat]\n|-heal|p2a: Drifblim|225/389|[from] item: Sitrus Berry\n|\n|upkeep\n|turn|20\n|\n|t:|1683837846\n|move|p2a: Drifblim|Strength Sap|p1a: Dusknoir\n|-unboost|p1a: Dusknoir|atk|1\n|-heal|p2a: Drifblim|335/389\n|move|p1a: Dusknoir|Earthquake|p2a: Drifblim\n|-supereffective|p2a: Drifblim\n|-damage|p2a: Drifblim|239/389\n|\n|upkeep\n|turn|21\n|\n|t:|1683837854\n|move|p2a: Drifblim|Thunderbolt|p1a: Dusknoir\n|-damage|p1a: Dusknoir|139/218\n|move|p1a: Dusknoir|Earthquake|p2a: Drifblim\n|-supereffective|p2a: Drifblim\n|-damage|p2a: Drifblim|133/389\n|\n|-heal|p1a: Dusknoir|152/218|[from] item: Leftovers\n|upkeep\n|turn|22\n|\n|t:|1683837858\n|move|p2a: Drifblim|Thunderbolt|p1a: Dusknoir\n|-damage|p1a: Dusknoir|66/218\n|move|p1a: Dusknoir|Earthquake|p2a: Drifblim\n|-supereffective|p2a: Drifblim\n|-damage|p2a: Drifblim|35/389\n|\n|-heal|p1a: Dusknoir|79/218|[from] item: Leftovers\n|upkeep\n|turn|23\n|\n|t:|1683837864\n|move|p2a: Drifblim|Thunderbolt|p1a: Dusknoir\n|-damage|p1a: Dusknoir|0 fnt\n|faint|p1a: Dusknoir\n|\n|upkeep\n|\n|t:|1683837867\n|switch|p1a: Spectrier|Spectrier, L74|241/270\n|-damage|p1a: Spectrier|196/270|[from] Spikes\n|turn|24\n|\n|t:|1683837885\n|-start|p1a: Spectrier|Dynamax|\n|-heal|p1a: Spectrier|392/540|[silent]\n|move|p2a: Drifblim|Thunderbolt|p1a: Spectrier\n|-damage|p1a: Spectrier|256/540\n|move|p1a: Spectrier|Max Phantasm|p2a: Drifblim\n|-resisted|p2a: Drifblim\n|-damage|p2a: Drifblim|0 fnt\n|faint|p2a: Drifblim\n|-ability|p1a: Spectrier|Grim Neigh|boost\n|-boost|p1a: Spectrier|spa|1\n|\n|-heal|p1a: Spectrier|272/540|[from] item: Leftovers\n|upkeep\n|\n|t:|1683837899\n|switch|p2a: Silvally|Silvally-Ghost, L84|297/297\n|-damage|p2a: Silvally|260/297|[from] Stealth Rock\n|turn|25\n|\n|t:|1683837930\n|-start|p2a: Silvally|Dynamax|\n|-heal|p2a: Silvally|520/594|[silent]\n|move|p1a: Spectrier|Max Darkness|p2a: Silvally\n|-resisted|p2a: Silvally\n|-damage|p2a: Silvally|446/594\n|-unboost|p2a: Silvally|spd|1\n|move|p2a: Silvally|Max Flutterby|p1a: Spectrier\n|-supereffective|p1a: Spectrier\n|-damage|p1a: Spectrier|6/540\n|-unboost|p1a: Spectrier|spa|1\n|\n|-heal|p1a: Spectrier|22/540|[from] item: Leftovers\n|upkeep\n|turn|26\n|\n|t:|1683837945\n|move|p2a: Silvally|Max Guard|p2a: Silvally\n|-singleturn|p2a: Silvally|Max Guard\n|move|p1a: Spectrier|Max Phantasm|p2a: Silvally\n|-activate|p2a: Silvally|move: Max Guard\n|\n|-heal|p1a: Spectrier|38/540|[from] item: Leftovers\n|upkeep\n|-end|p1a: Spectrier|Dynamax\n|-heal|p1a: Spectrier|19/270|[silent]\n|turn|27\n|\n|t:|1683837956\n|move|p1a: Spectrier|Shadow Ball|p2a: Silvally\n|-resisted|p2a: Silvally\n|-damage|p2a: Silvally|382/594\n|move|p2a: Silvally|Max Flutterby|p1a: Spectrier\n|-supereffective|p1a: Spectrier\n|-damage|p1a: Spectrier|0 fnt\n|faint|p1a: Spectrier\n|\n|upkeep\n|\n|t:|1683837960\n|switch|p1a: Corsola|Corsola-Galar, L84, F|147/238\n|-damage|p1a: Corsola|108/238|[from] Spikes\n|-end|p2a: Silvally|Dynamax\n|-heal|p2a: Silvally|191/297|[silent]\n|turn|28\n|\n|t:|1683837963\n|move|p2a: Silvally|X-Scissor|p1a: Corsola\n|-supereffective|p1a: Corsola\n|-damage|p1a: Corsola|42/238\n|move|p1a: Corsola|Strength Sap|p2a: Silvally\n|-unboost|p2a: Silvally|atk|1\n|-heal|p1a: Corsola|238/238\n|\n|upkeep\n|turn|29\n|\n|t:|1683837968\n|move|p2a: Silvally|Swords Dance|p2a: Silvally\n|-boost|p2a: Silvally|atk|2\n|move|p1a: Corsola|Will-O-Wisp|p2a: Silvally\n|-status|p2a: Silvally|brn\n|\n|-damage|p2a: Silvally|173/297 brn|[from] brn\n|upkeep\n|turn|30\n|\n|t:|1683837972\n|move|p2a: Silvally|Swords Dance|p2a: Silvally\n|-boost|p2a: Silvally|atk|2\n|move|p1a: Corsola|Strength Sap|p2a: Silvally\n|-unboost|p2a: Silvally|atk|1\n|\n|-damage|p2a: Silvally|155/297 brn|[from] brn\n|upkeep\n|turn|31\n|\n|t:|1683837975\n|move|p2a: Silvally|Swords Dance|p2a: Silvally\n|-boost|p2a: Silvally|atk|2\n|move|p1a: Corsola|Strength Sap|p2a: Silvally\n|-unboost|p2a: Silvally|atk|1\n|\n|-damage|p2a: Silvally|137/297 brn|[from] brn\n|upkeep\n|turn|32\n|\n|t:|1683837978\n|move|p2a: Silvally|Swords Dance|p2a: Silvally\n|-boost|p2a: Silvally|atk|2\n|move|p1a: Corsola|Strength Sap|p2a: Silvally\n|-unboost|p2a: Silvally|atk|1\n|\n|-damage|p2a: Silvally|119/297 brn|[from] brn\n|upkeep\n|turn|33\n|\n|t:|1683837980\n|move|p2a: Silvally|X-Scissor|p1a: Corsola\n|-supereffective|p1a: Corsola\n|-damage|p1a: Corsola|146/238\n|move|p1a: Corsola|Strength Sap|p2a: Silvally\n|-unboost|p2a: Silvally|atk|1\n|-heal|p1a: Corsola|238/238\n|\n|-damage|p2a: Silvally|101/297 brn|[from] brn\n|upkeep\n|turn|34\n|\n|t:|1683837999\n|move|p2a: Silvally|X-Scissor|p1a: Corsola\n|-supereffective|p1a: Corsola\n|-damage|p1a: Corsola|147/238\n|move|p1a: Corsola|Strength Sap|p2a: Silvally\n|-unboost|p2a: Silvally|atk|1\n|-heal|p1a: Corsola|238/238\n|\n|-damage|p2a: Silvally|83/297 brn|[from] brn\n|upkeep\n|turn|35\n|\n|t:|1683838005\n|move|p2a: Silvally|X-Scissor|p1a: Corsola\n|-supereffective|p1a: Corsola\n|-damage|p1a: Corsola|176/238\n|-start|p2a: Silvally|Disable|X-Scissor|[from] ability: Cursed Body|[of] p1a: Corsola\n|move|p1a: Corsola|Strength Sap|p2a: Silvally\n|-unboost|p2a: Silvally|atk|1\n|-heal|p1a: Corsola|238/238\n|\n|-damage|p2a: Silvally|65/297 brn|[from] brn\n|upkeep\n|turn|36\n|\n|t:|1683838011\n|move|p2a: Silvally|Multi-Attack|p1a: Corsola\n|-resisted|p1a: Corsola\n|-damage|p1a: Corsola|211/238\n|move|p1a: Corsola|Night Shade|p2a: Silvally\n|-damage|p2a: Silvally|0 fnt\n|faint|p2a: Silvally\n|\n|upkeep\n|\n|t:|1683838014\n|switch|p2a: Gengar|Gengar, L80, M|227/227\n|-damage|p2a: Gengar|199/227|[from] Stealth Rock\n|turn|37\n|\n|t:|1683838021\n|move|p2a: Gengar|Sludge Wave|p1a: Corsola\n|-supereffective|p1a: Corsola\n|-damage|p1a: Corsola|39/238\n|-damage|p2a: Gengar|177/227|[from] item: Life Orb\n|move|p1a: Corsola|Night Shade|p2a: Gengar\n|-damage|p2a: Gengar|93/227\n|-start|p1a: Corsola|Disable|Night Shade|[from] ability: Cursed Body|[of] p2a: Gengar\n|\n|upkeep\n|turn|38\n|-message|Illustrious One forfeited.\n|\n|win|Walkenskye\n|n|\u2606Illustrious One|illustriousone\n|n|\u2606Walkenskye|walkenskye\n|n|*Lady Monita|ladymonita\n|n| Jonbot25|jonbot25\n", "inputlog": ">version bce759c5f189753f4322d11c9e5aa78bbe1b1bf9\n>start {\"formatid\":\"gen8randombattle@@@Inverse Mod,forcemonotype=Ghost\",\"seed\":[57173,26731,10621,46404],\"rated\":\"Tournament battle\"}\n>player p1 {\"name\":\"Illustrious One\",\"avatar\":\"dancer\",\"rating\":0,\"seed\":[30418,4629,23149,31603]}\n>player p2 {\"name\":\"Walkenskye\",\"avatar\":\"2\",\"rating\":0,\"seed\":[51596,2153,25612,55511]}\n>p1 move stealthrock\n>p2 move spikes\n>p1 switch 3\n>p2 move spikes\n>p1 move rockpolish\n>p2 switch 3\n>p1 move dynamicpunch\n>p2 move ironhead\n>p1 move rockpolish\n>p2 move shadowsneak\n>p1 move earthquake\n>p2 move shadowsneak\n>p2 switch 3\n>p1 move earthquake\n>p2 move poltergeist\n>p1 switch 2\n>p1 move shadowball\n>p2 move tripleaxel\n>p2 switch 5\n>p1 switch 6\n>p2 move calmmind\n>p1 move psyshock\n>p2 move psyshock\n>p1 switch 5\n>p1 move trick\n>p2 move psyshock\n>p1 move suckerpunch\n>p2 move psyshock\n>p1 switch 3\n>p1 move nightshade\n>p2 move psyshock\n>p1 move strengthsap\n>p2 move psyshock\n>p1 move nightshade\n>p2 move psyshock\n>p2 switch 4\n>p1 switch 4\n>p2 move calmmind\n>p1 move earthquake\n>p2 move strengthsap\n>p1 move earthquake\n>p2 move strengthsap\n>p1 move earthquake\n>p2 move calmmind\n>p1 move earthquake\n>p2 move strengthsap\n>p1 move earthquake\n>p2 move thunderbolt\n>p1 move earthquake\n>p2 move thunderbolt\n>p1 move earthquake\n>p2 move thunderbolt\n>p1 switch 6\n>p1 move shadowball dynamax\n>p2 move thunderbolt\n>p2 switch 2\n>p1 move darkpulse dynamax\n>p2 move xscissor dynamax\n>p1 move shadowball dynamax\n>p2 move swordsdance dynamax\n>p1 move shadowball\n>p2 move xscissor dynamax\n>p1 switch 4\n>p1 move strengthsap\n>p2 move xscissor\n>p1 move willowisp\n>p2 move swordsdance\n>p1 move strengthsap\n>p2 move swordsdance\n>p1 move strengthsap\n>p2 move swordsdance\n>p1 move strengthsap\n>p2 move swordsdance\n>p1 move strengthsap\n>p2 move xscissor\n>p1 move strengthsap\n>p2 move xscissor\n>p1 move strengthsap\n>p2 move xscissor\n>p1 move nightshade\n>p2 move multiattack\n>p2 switch 6\n>p1 move nightshade\n>p2 move sludgewave\n>forcelose p1", "uploadtime": 1683838027, "views": 3, "p1id": "illustriousone", "p2id": "walkenskye", "formatid": "gen8randombattle", "rating": 0, "private": 0, "password": ""}