{"id": "gen8randombattle-1707701980", "p1": "Shadows4", "p2": "norman2!", "format": "[Gen 8] Random Battle", "log": "|j|\u2606Shadows4\n|j|\u203dnorman2!\n|t:|1668114538\n|gametype|singles\n|player|p1|Shadows4|fisherman-gen4|2418\n|player|p2|norman2!|2|2438\n|teamsize|p1|6\n|teamsize|p2|6\n|gen|8\n|tier|[Gen 8] Random Battle\n|rated|\n|rule|Species Clause: Limit one of each Pok\u00e9mon\n|rule|HP Percentage Mod: HP is shown in percentages\n|rule|Sleep Clause Mod: Limit one foe put to sleep\n|\n|t:|1668114538\n|start\n|switch|p1a: Cofagrigus|Cofagrigus, L86, M|240/240\n|switch|p2a: Altaria|Altaria, L90, M|281/281\n|turn|1\n|inactive|Battle timer is ON: inactive players will automatically lose when time's up. (requested by Shadows4)\n|\n|t:|1668114565\n|switch|p1a: Duraludon|Duraludon, L84, M|255/255\n|move|p2a: Altaria|Toxic|p1a: Duraludon\n|-immune|p1a: Duraludon\n|\n|upkeep\n|turn|2\n|\n|t:|1668114580\n|move|p2a: Altaria|Draco Meteor|p1a: Duraludon\n|-damage|p1a: Duraludon|77/255\n|-unboost|p2a: Altaria|spa|2\n|move|p1a: Duraludon|Stealth Rock|p2a: Altaria\n|-sidestart|p2: norman2!|move: Stealth Rock\n|\n|upkeep\n|turn|3\n|\n|t:|1668114585\n|move|p2a: Altaria|Draco Meteor|p1a: Duraludon\n|-damage|p1a: Duraludon|0 fnt\n|-unboost|p2a: Altaria|spa|2\n|faint|p1a: Duraludon\n|\n|upkeep\n|\n|t:|1668114592\n|switch|p1a: Omastar|Omastar, L82, F|249/249\n|turn|4\n|\n|t:|1668114600\n|move|p2a: Altaria|Toxic|p1a: Omastar|[miss]\n|-miss|p2a: Altaria|p1a: Omastar\n|move|p1a: Omastar|Shell Smash|p1a: Omastar\n|-unboost|p1a: Omastar|def|1\n|-unboost|p1a: Omastar|spd|1\n|-boost|p1a: Omastar|atk|2\n|-boost|p1a: Omastar|spa|2\n|-boost|p1a: Omastar|spe|2\n|-enditem|p1a: Omastar|White Herb\n|-clearnegativeboost|p1a: Omastar|[silent]\n|\n|upkeep\n|turn|5\n|\n|t:|1668114610\n|move|p1a: Omastar|Ice Beam|p2a: Altaria\n|-supereffective|p2a: Altaria\n|-damage|p2a: Altaria|0 fnt\n|faint|p2a: Altaria\n|\n|upkeep\n|\n|t:|1668114614\n|switch|p2a: Virizion|Virizion, L82|283/283\n|-damage|p2a: Virizion|266/283|[from] Stealth Rock\n|turn|6\n|\n|t:|1668114618\n|-start|p2a: Virizion|Dynamax|\n|-heal|p2a: Virizion|532/566|[silent]\n|move|p1a: Omastar|Ice Beam|p2a: Virizion\n|-supereffective|p2a: Virizion\n|-damage|p2a: Virizion|310/566\n|move|p2a: Virizion|Max Overgrowth|p1a: Omastar\n|-supereffective|p1a: Omastar\n|-damage|p1a: Omastar|0 fnt\n|-fieldstart|move: Grassy Terrain\n|faint|p1a: Omastar\n|\n|-heal|p2a: Virizion|327/566|[from] Grassy Terrain\n|upkeep\n|\n|t:|1668114632\n|switch|p1a: Ferrothorn|Ferrothorn, L78, M|244/244\n|turn|7\n|\n|t:|1668114637\n|switch|p1a: Cofagrigus|Cofagrigus, L86, M|240/240\n|move|p2a: Virizion|Max Overgrowth|p1a: Cofagrigus\n|-damage|p1a: Cofagrigus|138/240\n|\n|-heal|p2a: Virizion|344/566|[from] Grassy Terrain\n|-heal|p1a: Cofagrigus|153/240|[from] Grassy Terrain\n|-heal|p1a: Cofagrigus|168/240|[from] item: Leftovers\n|upkeep\n|turn|8\n|\n|t:|1668114642\n|switch|p1a: Ferrothorn|Ferrothorn, L78, M|244/244\n|move|p2a: Virizion|Max Overgrowth|p1a: Ferrothorn\n|-resisted|p1a: Ferrothorn\n|-damage|p1a: Ferrothorn|213/244\n|\n|-heal|p2a: Virizion|361/566|[from] Grassy Terrain\n|-heal|p1a: Ferrothorn|228/244|[from] Grassy Terrain\n|-heal|p1a: Ferrothorn|243/244|[from] item: Leftovers\n|upkeep\n|-end|p2a: Virizion|Dynamax\n|-heal|p2a: Virizion|181/283|[silent]\n|turn|9\n|j| Ka$h Kev\n|\n|t:|1668114651\n|switch|p1a: Cofagrigus|Cofagrigus, L86, M|168/240\n|move|p2a: Virizion|Swords Dance|p2a: Virizion\n|-boost|p2a: Virizion|atk|2\n|\n|-heal|p2a: Virizion|198/283|[from] Grassy Terrain\n|-heal|p1a: Cofagrigus|183/240|[from] Grassy Terrain\n|-heal|p1a: Cofagrigus|198/240|[from] item: Leftovers\n|upkeep\n|turn|10\n|\n|t:|1668114681\n|move|p2a: Virizion|Leaf Blade|p1a: Cofagrigus\n|-damage|p1a: Cofagrigus|41/240\n|-activate|p1a: Cofagrigus|ability: Mummy|Justified|[of] p2a: Virizion\n|move|p1a: Cofagrigus|Memento|p2a: Virizion\n|-unboost|p2a: Virizion|atk|2\n|-unboost|p2a: Virizion|spa|2\n|faint|p1a: Cofagrigus\n|\n|-heal|p2a: Virizion|215/283|[from] Grassy Terrain\n|-fieldend|move: Grassy Terrain\n|upkeep\n|inactive|Shadows4 has 120 seconds left.\n|\n|t:|1668114692\n|switch|p1a: Marowak|Marowak, L86, F|243/243\n|turn|11\n|inactive|Shadows4 has 120 seconds left.\n|\n|t:|1668114707\n|-start|p1a: Marowak|Dynamax|\n|-heal|p1a: Marowak|486/486|[silent]\n|move|p2a: Virizion|Leaf Blade|p1a: Marowak\n|-supereffective|p1a: Marowak\n|-damage|p1a: Marowak|352/486\n|move|p1a: Marowak|Max Strike|p2a: Virizion\n|-damage|p2a: Virizion|0 fnt\n|faint|p2a: Virizion\n|\n|upkeep\n|inactive|norman2! has 120 seconds left.\n|\n|t:|1668114738\n|switch|p2a: Obstagoon|Obstagoon, L80, M|280/280\n|-damage|p2a: Obstagoon|245/280|[from] Stealth Rock\n|turn|12\n|\n|t:|1668114742\n|move|p2a: Obstagoon|Bulk Up|p2a: Obstagoon\n|-boost|p2a: Obstagoon|atk|1\n|-boost|p2a: Obstagoon|def|1\n|move|p1a: Marowak|Max Quake|p2a: Obstagoon\n|-damage|p2a: Obstagoon|79/280\n|-boost|p1a: Marowak|spd|1\n|\n|-status|p2a: Obstagoon|brn|[from] item: Flame Orb\n|upkeep\n|turn|13\n|\n|t:|1668114748\n|move|p2a: Obstagoon|Knock Off|p1a: Marowak\n|-damage|p1a: Marowak|172/486\n|-enditem|p1a: Marowak|Thick Club|[from] move: Knock Off|[of] p2a: Obstagoon\n|move|p1a: Marowak|Max Quake|p2a: Obstagoon\n|-damage|p2a: Obstagoon|1/280 brn\n|-boost|p1a: Marowak|spd|1\n|\n|-damage|p2a: Obstagoon|0 fnt|[from] brn\n|faint|p2a: Obstagoon\n|upkeep\n|\n|t:|1668114757\n|switch|p2a: Zapdos|Zapdos-Galar, L76|262/262\n|-damage|p2a: Zapdos|230/262|[from] Stealth Rock\n|-end|p1a: Marowak|Dynamax\n|-heal|p1a: Marowak|86/243|[silent]\n|turn|14\n|\n|t:|1668114766\n|move|p2a: Zapdos|Bulk Up|p2a: Zapdos\n|-boost|p2a: Zapdos|atk|1\n|-boost|p2a: Zapdos|def|1\n|move|p1a: Marowak|Double-Edge|p2a: Zapdos\n|-damage|p2a: Zapdos|173/262\n|\n|upkeep\n|turn|15\n|\n|t:|1668114778\n|move|p2a: Zapdos|Close Combat|p1a: Marowak\n|-damage|p1a: Marowak|0 fnt\n|-unboost|p2a: Zapdos|def|1\n|-unboost|p2a: Zapdos|spd|1\n|faint|p1a: Marowak\n|-damage|p2a: Zapdos|147/262|[from] item: Life Orb\n|\n|upkeep\n|\n|t:|1668114786\n|switch|p1a: Butterfree|Butterfree, L87, M|246/246\n|turn|16\n|\n|t:|1668114789\n|switch|p1a: Ferrothorn|Ferrothorn, L78, M|243/244\n|move|p2a: Zapdos|Brave Bird|p1a: Ferrothorn\n|-damage|p1a: Ferrothorn|32/244\n|-damage|p2a: Zapdos|115/262|[from] ability: Iron Barbs|[of] p1a: Ferrothorn\n|-damage|p2a: Zapdos|45/262|[from] Recoil\n|-damage|p2a: Zapdos|19/262|[from] item: Life Orb\n|\n|-heal|p1a: Ferrothorn|47/244|[from] item: Leftovers\n|upkeep\n|turn|17\n|\n|t:|1668114797\n|move|p2a: Zapdos|Brave Bird|p1a: Ferrothorn\n|-damage|p1a: Ferrothorn|0 fnt\n|-damage|p2a: Zapdos|0 fnt|[from] ability: Iron Barbs|[of] p1a: Ferrothorn\n|faint|p1a: Ferrothorn\n|faint|p2a: Zapdos\n|\n|upkeep\n|\n|t:|1668114806\n|switch|p2a: Heatmor|Heatmor, L90, M|299/299\n|switch|p1a: Butterfree|Butterfree, L87, M|246/246\n|-damage|p2a: Heatmor|225/299|[from] Stealth Rock\n|turn|18\n|\n|t:|1668114812\n|move|p1a: Butterfree|Sleep Powder|p2a: Heatmor\n|-status|p2a: Heatmor|slp|[from] move: Sleep Powder\n|cant|p2a: Heatmor|slp\n|\n|upkeep\n|turn|19\n|\n|t:|1668114837\n|move|p1a: Butterfree|Bug Buzz|p2a: Heatmor\n|-resisted|p2a: Heatmor\n|-damage|p2a: Heatmor|105/299 slp\n|cant|p2a: Heatmor|slp\n|\n|upkeep\n|turn|20\n|\n|t:|1668114851\n|-curestatus|p2a: Heatmor|slp|[msg]\n|move|p2a: Heatmor|Sucker Punch|p1a: Butterfree\n|-damage|p1a: Butterfree|141/246\n|-damage|p2a: Heatmor|76/299|[from] item: Life Orb\n|move|p1a: Butterfree|Bug Buzz|p2a: Heatmor\n|-resisted|p2a: Heatmor\n|-damage|p2a: Heatmor|0 fnt\n|faint|p2a: Heatmor\n|\n|upkeep\n|\n|t:|1668114853\n|switch|p2a: Barbaracle|Barbaracle, L80, F|246/246\n|-damage|p2a: Barbaracle|216/246|[from] Stealth Rock\n|turn|21\n|\n|t:|1668114877\n|move|p1a: Butterfree|Sleep Powder|p2a: Barbaracle\n|-status|p2a: Barbaracle|slp|[from] move: Sleep Powder\n|cant|p2a: Barbaracle|slp\n|\n|upkeep\n|turn|22\n|\n|t:|1668114881\n|move|p1a: Butterfree|Bug Buzz|p2a: Barbaracle\n|-damage|p2a: Barbaracle|122/246 slp\n|-unboost|p2a: Barbaracle|spd|1\n|-enditem|p2a: Barbaracle|White Herb\n|-clearnegativeboost|p2a: Barbaracle|[silent]\n|cant|p2a: Barbaracle|slp\n|\n|upkeep\n|turn|23\n|\n|t:|1668114891\n|move|p1a: Butterfree|Air Slash|p2a: Barbaracle\n|-resisted|p2a: Barbaracle\n|-damage|p2a: Barbaracle|40/246 slp\n|cant|p2a: Barbaracle|slp\n|\n|upkeep\n|turn|24\n|j| byrddd\n|\n|t:|1668114897\n|move|p1a: Butterfree|Bug Buzz|p2a: Barbaracle\n|-damage|p2a: Barbaracle|0 fnt\n|faint|p2a: Barbaracle\n|\n|win|Shadows4\n|raw|Shadows4's rating: 2418 &rarr; <strong>2439</strong><br />(+21 for winning)\n|raw|norman2!'s rating: 2438 &rarr; <strong>2417</strong><br />(-21 for losing)\n", "inputlog": ">version 453a3ad56483cc6a5c08448f6577d394b68621b7\n>start {\"formatid\":\"gen8randombattle\",\"seed\":[20481,55625,29524,19696],\"rated\":\"Rated battle\"}\n>player p1 {\"name\":\"Shadows4\",\"avatar\":\"fisherman-gen4\",\"rating\":2418,\"seed\":[9550,49733,60834,46862]}\n>player p2 {\"name\":\"norman2!\",\"avatar\":\"2\",\"rating\":2438,\"seed\":[15765,51036,48851,19614]}\n>p1 switch 3\n>p2 move toxic\n>p1 move stealthrock\n>p2 move dracometeor\n>p1 move dracometeor\n>p2 move dracometeor\n>p1 switch 5\n>p1 move shellsmash\n>p2 move toxic\n>p1 move icebeam\n>p2 move defog\n>p2 switch 2\n>p1 move icebeam\n>p2 move leafblade dynamax\n>p1 switch 2\n>p1 switch 3\n>p2 move leafblade dynamax\n>p1 switch 3\n>p2 move leafblade dynamax\n>p1 switch 3\n>p2 move swordsdance\n>p1 move memento\n>p2 move leafblade\n>p1 switch 6\n>p1 move doubleedge dynamax\n>p2 move leafblade\n>p2 switch 5\n>p1 move earthquake dynamax\n>p2 move bulkup\n>p1 move earthquake dynamax\n>p2 move knockoff\n>p2 switch 4\n>p1 move doubleedge\n>p2 move bulkup\n>p1 move doubleedge\n>p2 move closecombat\n>p1 switch 4\n>p1 switch 3\n>p2 move bravebird\n>p1 move spikes\n>p2 move bravebird\n>p1 switch 3\n>p2 switch 6\n>p1 move sleeppowder\n>p2 move firelash\n>p1 move bugbuzz\n>p2 move firelash\n>p1 move bugbuzz\n>p2 move suckerpunch\n>p2 switch 3\n>p1 move sleeppowder\n>p2 move shellsmash\n>p1 move bugbuzz\n>p2 move shellsmash\n>p1 move airslash\n>p2 move shellsmash\n>p1 move bugbuzz\n>p2 move stoneedge", "uploadtime": 1668114900, "views": 13, "p1id": "shadows4", "p2id": "norman2", "formatid": "gen8randombattle", "rating": 2417, "private": 0, "password": null}