{"id": "gen8randombattle-1873346974", "p1": "Lrogue \u2740", "p2": "PrinceOfAllTacos", "format": "[Gen 8] Random Battle", "log": "|j|\u2606Lrogue \u2740\n|j|\u2606PrinceOfAllTacos\n|t:|1685366473\n|gametype|singles\n|player|p1|Lrogue \u2740|zinnia|\n|player|p2|PrinceOfAllTacos|#psplxtournaments|\n|teamsize|p1|6\n|teamsize|p2|6\n|gen|8\n|tier|[Gen 8] Random Battle\n|rule|Species Clause: Limit one of each Pok\u00e9mon\n|rule|HP Percentage Mod: HP is shown in percentages\n|rule|Sleep Clause Mod: Limit one foe put to sleep\n|\n|t:|1685366473\n|start\n|switch|p1a: Lucario|Lucario, L82, M|249/249\n|switch|p2a: Lugia|Lugia, L74|279/279\n|turn|1\n|c|\u2606Lrogue \u2740|hf\n|c|\u2606PrinceOfAllTacos|You too\n|\n|t:|1685366494\n|switch|p1a: Absol|Absol, L84, F|246/246\n|move|p2a: Lugia|Earthquake|p1a: Absol\n|-damage|p1a: Absol|182/246\n|\n|upkeep\n|turn|2\n|\n|t:|1685366509\n|switch|p2a: Mawile|Mawile, L86, M|226/226\n|move|p1a: Absol|Knock Off|p2a: Mawile\n|-resisted|p2a: Mawile\n|-damage|p2a: Mawile|130/226\n|-enditem|p2a: Mawile|Life Orb|[from] move: Knock Off|[of] p1a: Absol\n|\n|upkeep\n|turn|3\n|\n|t:|1685366544\n|switch|p1a: Galvantula|Galvantula, L82, F|249/249\n|move|p2a: Mawile|Play Rough|p1a: Galvantula\n|-damage|p1a: Galvantula|102/249\n|\n|upkeep\n|turn|4\n|\n|t:|1685366550\n|move|p1a: Galvantula|Sticky Web|p2a: Mawile\n|-sidestart|p2: PrinceOfAllTacos|move: Sticky Web\n|move|p2a: Mawile|Play Rough|p1a: Galvantula\n|-damage|p1a: Galvantula|0 fnt\n|faint|p1a: Galvantula\n|\n|upkeep\n|\n|t:|1685366552\n|switch|p1a: Lucario|Lucario, L82, M|249/249\n|turn|5\n|\n|t:|1685366556\n|move|p1a: Lucario|Close Combat|p2a: Mawile\n|-damage|p2a: Mawile|0 fnt\n|-unboost|p1a: Lucario|def|1\n|-unboost|p1a: Lucario|spd|1\n|faint|p2a: Mawile\n|\n|upkeep\n|\n|t:|1685366562\n|switch|p2a: Crobat|Crobat, L82, F|274/274\n|turn|6\n|\n|t:|1685366565\n|switch|p1a: Regirock|Regirock, L85|275/275\n|move|p2a: Crobat|Defog|p1a: Regirock\n|-unboost|p1a: Regirock|evasion|1\n|-sideend|p2: PrinceOfAllTacos|Sticky Web|[from] move: Defog|[of] p2a: Crobat\n|\n|upkeep\n|turn|7\n|\n|t:|1685366570\n|move|p2a: Crobat|U-turn|p1a: Regirock\n|-damage|p1a: Regirock|253/275\n|\n|t:|1685366575\n|switch|p2a: Walrein|Walrein, L86, F|329/329|[from] U-turn\n|move|p1a: Regirock|Rock Slide|p2a: Walrein\n|-supereffective|p2a: Walrein\n|-damage|p2a: Walrein|161/329\n|\n|-heal|p2a: Walrein|181/329|[from] item: Leftovers\n|-heal|p1a: Regirock|270/275|[from] item: Leftovers\n|upkeep\n|turn|8\n|\n|t:|1685366582\n|switch|p1a: Poliwrath|Poliwrath, L84, M|288/288\n|move|p2a: Walrein|Toxic|p1a: Poliwrath\n|-status|p1a: Poliwrath|tox\n|\n|-heal|p2a: Walrein|201/329|[from] item: Leftovers\n|-damage|p1a: Poliwrath|270/288 tox|[from] psn\n|upkeep\n|turn|9\n|\n|t:|1685366592\n|switch|p2a: Crobat|Crobat, L82, F|274/274\n|move|p1a: Poliwrath|Rain Dance|p1a: Poliwrath\n|-weather|RainDance\n|\n|-weather|RainDance|[upkeep]\n|-damage|p1a: Poliwrath|234/288 tox|[from] psn\n|upkeep\n|turn|10\n|\n|t:|1685366599\n|move|p1a: Poliwrath|Liquidation|p2a: Crobat\n|-damage|p2a: Crobat|87/274\n|-damage|p1a: Poliwrath|206/288 tox|[from] item: Life Orb\n|move|p2a: Crobat|Brave Bird|p1a: Poliwrath\n|-supereffective|p1a: Poliwrath\n|-damage|p1a: Poliwrath|8/288 tox\n|-damage|p2a: Crobat|22/274|[from] Recoil\n|\n|-weather|RainDance|[upkeep]\n|-damage|p1a: Poliwrath|0 fnt|[from] psn\n|faint|p1a: Poliwrath\n|upkeep\n|\n|t:|1685366603\n|switch|p1a: Lucario|Lucario, L82, M|249/249\n|turn|11\n|\n|t:|1685366608\n|move|p2a: Crobat|Roost|p2a: Crobat\n|-heal|p2a: Crobat|159/274\n|-singleturn|p2a: Crobat|move: Roost\n|move|p1a: Lucario|Swords Dance|p1a: Lucario\n|-boost|p1a: Lucario|atk|2\n|\n|-weather|RainDance|[upkeep]\n|upkeep\n|turn|12\n|\n|t:|1685366613\n|move|p2a: Crobat|Brave Bird|p1a: Lucario\n|-damage|p1a: Lucario|110/249\n|-damage|p2a: Crobat|113/274|[from] Recoil\n|move|p1a: Lucario|Meteor Mash|p2a: Crobat\n|-damage|p2a: Crobat|0 fnt\n|faint|p2a: Crobat\n|\n|-weather|RainDance|[upkeep]\n|upkeep\n|\n|t:|1685366618\n|switch|p2a: Naganadel|Naganadel, L74|230/230\n|turn|13\n|\n|t:|1685366622\n|-start|p2a: Naganadel|Dynamax|\n|-heal|p2a: Naganadel|460/460|[silent]\n|move|p1a: Lucario|Extreme Speed|p2a: Naganadel\n|-damage|p2a: Naganadel|296/460\n|move|p2a: Naganadel|Max Flare|p1a: Lucario\n|-supereffective|p1a: Lucario\n|-damage|p1a: Lucario|0 fnt\n|-weather|SunnyDay\n|faint|p1a: Lucario\n|-ability|p2a: Naganadel|Beast Boost|boost\n|-boost|p2a: Naganadel|spa|1\n|-damage|p2a: Naganadel|273/460|[from] item: Life Orb\n|\n|-weather|SunnyDay|[upkeep]\n|upkeep\n|\n|t:|1685366633\n|switch|p1a: Regirock|Regirock, L85|270/275\n|turn|14\n|\n|t:|1685366635\n|move|p2a: Naganadel|Max Wyrmwind|p1a: Regirock\n|-damage|p1a: Regirock|11/275\n|-unboost|p1a: Regirock|atk|1\n|-damage|p2a: Naganadel|250/460|[from] item: Life Orb\n|move|p1a: Regirock|Earthquake|p2a: Naganadel\n|-supereffective|p2a: Naganadel\n|-damage|p2a: Naganadel|130/460\n|\n|-weather|SunnyDay|[upkeep]\n|-heal|p1a: Regirock|28/275|[from] item: Leftovers\n|upkeep\n|turn|15\n|\n|t:|1685366638\n|move|p2a: Naganadel|Max Ooze|p1a: Regirock\n|-resisted|p1a: Regirock\n|-damage|p1a: Regirock|0 fnt\n|-boost|p2a: Naganadel|spa|1\n|faint|p1a: Regirock\n|-ability|p2a: Naganadel|Beast Boost|boost\n|-boost|p2a: Naganadel|spa|1\n|-damage|p2a: Naganadel|107/460|[from] item: Life Orb\n|\n|-weather|SunnyDay|[upkeep]\n|upkeep\n|\n|t:|1685366642\n|switch|p1a: Archeops|Archeops, L82, M|257/257\n|-end|p2a: Naganadel|Dynamax\n|-heal|p2a: Naganadel|54/230|[silent]\n|turn|16\n|\n|t:|1685366651\n|move|p1a: Archeops|Earthquake|p2a: Naganadel\n|-supereffective|p2a: Naganadel\n|-damage|p2a: Naganadel|0 fnt\n|faint|p2a: Naganadel\n|\n|-weather|SunnyDay|[upkeep]\n|upkeep\n|\n|t:|1685366670\n|switch|p2a: Kangaskhan|Kangaskhan, L84, F|314/314\n|turn|17\n|\n|t:|1685366676\n|switch|p1a: Absol|Absol, L84, F|182/246\n|move|p2a: Kangaskhan|Fake Out|p1a: Absol\n|-damage|p1a: Absol|128/246\n|\n|-weather|none\n|upkeep\n|turn|18\n|\n|t:|1685366690\n|move|p2a: Kangaskhan|Double-Edge|p1a: Absol\n|-damage|p1a: Absol|0 fnt\n|faint|p1a: Absol\n|-damage|p2a: Kangaskhan|272/314|[from] Recoil\n|\n|upkeep\n|\n|t:|1685366692\n|switch|p1a: Archeops|Archeops, L82, M|257/257\n|turn|19\n|\n|t:|1685366697\n|switch|p2a: Walrein|Walrein, L86, F|201/329\n|move|p1a: Archeops|Stone Edge|p2a: Walrein\n|-supereffective|p2a: Walrein\n|-damage|p2a: Walrein|0 fnt\n|faint|p2a: Walrein\n|\n|upkeep\n|\n|t:|1685366698\n|switch|p2a: Kangaskhan|Kangaskhan, L84, F|272/314\n|turn|20\n|\n|t:|1685366702\n|-start|p1a: Archeops|Dynamax|\n|-heal|p1a: Archeops|514/514|[silent]\n|move|p2a: Kangaskhan|Fake Out|p1a: Archeops\n|-resisted|p1a: Archeops\n|-damage|p1a: Archeops|488/514\n|move|p1a: Archeops|Max Rockfall|p2a: Kangaskhan\n|-damage|p2a: Kangaskhan|85/314\n|-weather|Sandstorm\n|\n|-weather|Sandstorm|[upkeep]\n|-damage|p2a: Kangaskhan|66/314|[from] Sandstorm\n|upkeep\n|turn|21\n|\n|t:|1685366714\n|move|p2a: Kangaskhan|Sucker Punch|p1a: Archeops\n|-damage|p1a: Archeops|428/514\n|move|p1a: Archeops|Max Airstream|p2a: Kangaskhan\n|-damage|p2a: Kangaskhan|0 fnt\n|-boost|p1a: Archeops|spe|1\n|faint|p2a: Kangaskhan\n|\n|-weather|Sandstorm|[upkeep]\n|upkeep\n|\n|t:|1685366717\n|switch|p2a: Lugia|Lugia, L74|279/279\n|turn|22\n|\n|t:|1685366724\n|move|p1a: Archeops|Max Rockfall|p2a: Lugia\n|-supereffective|p2a: Lugia\n|-damage|p2a: Lugia|129/279\n|move|p2a: Lugia|Roost|p2a: Lugia\n|-heal|p2a: Lugia|269/279\n|-singleturn|p2a: Lugia|move: Roost\n|\n|-weather|Sandstorm|[upkeep]\n|-damage|p2a: Lugia|252/279|[from] Sandstorm\n|upkeep\n|-end|p1a: Archeops|Dynamax\n|-heal|p1a: Archeops|214/257|[silent]\n|turn|23\n|\n|t:|1685366727\n|move|p1a: Archeops|Stone Edge|p2a: Lugia\n|-supereffective|p2a: Lugia\n|-damage|p2a: Lugia|0 fnt\n|faint|p2a: Lugia\n|\n|win|Lrogue \u2740\n|c|\u2606PrinceOfAllTacos|Gg\n|c|\u2606Lrogue \u2740|gg\n|j| JJ09LIE\n|j| Wubben\n|l| JJ09LIE\n", "inputlog": ">version 6fec31d5a0d4498a06105aa188c9906bc0b6bf95\n>start {\"formatid\":\"gen8randombattle\",\"seed\":[55836,41799,37375,49683]}\n>player p1 {\"name\":\"Lrogue \u2740\",\"avatar\":\"zinnia\",\"rating\":0,\"seed\":[57577,12121,17547,14789]}\n>player p2 {\"name\":\"PrinceOfAllTacos\",\"avatar\":\"#psplxtournaments\",\"rating\":0,\"seed\":[9285,2002,29569,56120]}\n>chat \u2606Lrogue \u2740|hf\n>chat \u2606PrinceOfAllTacos|You too \n>p1 switch 6\n>p2 move earthquake\n>p1 move knockoff\n>p2 switch 2\n>p1 switch 3\n>p2 move playrough\n>p1 move stickyweb\n>p2 move playrough\n>p1 switch 6\n>p1 move closecombat\n>p2 move playrough\n>p2 switch 4\n>p1 switch 2\n>p2 move defog\n>p1 move rockslide\n>p2 move uturn\n>p2 switch 3\n>p1 switch 4\n>p2 move toxic\n>p1 move raindance\n>p2 switch 3\n>p1 move liquidation\n>p2 move bravebird\n>p1 switch 2\n>p1 move swordsdance\n>p2 move roost\n>p1 move meteormash\n>p2 move bravebird\n>p2 switch 6\n>p1 move extremespeed\n>p2 move fireblast dynamax\n>p1 switch 4\n>p1 move earthquake\n>p2 move dracometeor dynamax\n>p1 move earthquake\n>p2 move sludgewave dynamax\n>p1 switch 5\n>p1 move earthquake\n>p2 move dracometeor\n>p2 switch 5\n>p1 switch 3\n>p2 move fakeout\n>p1 move knockoff\n>p2 move doubleedge\n>p1 switch 3\n>p1 move stoneedge\n>p2 switch 3\n>p2 switch 3\n>p1 move stoneedge dynamax\n>p2 move fakeout\n>p1 move dualwingbeat dynamax\n>p2 move suckerpunch\n>p2 switch 2\n>p1 move stoneedge dynamax\n>p2 move roost\n>p1 move stoneedge\n>p2 move roost", "uploadtime": 1685366761, "views": 10, "p1id": "lrogue", "p2id": "princeofalltacos", "formatid": "gen8randombattle", "rating": 0, "private": 0, "password": ""}