{"id": "gen8randombattle-1709011227", "p1": "SalamenceHeart", "p2": "Yusei1789", "format": "[Gen 8] Random Battle", "log": "|j|\u203dSalamenceHeart\n|j|\u2606Yusei1789\n|t:|1668261610\n|gametype|singles\n|player|p1|SalamenceHeart|266|2437\n|player|p2|Yusei1789|1|2416\n|teamsize|p1|6\n|teamsize|p2|6\n|gen|8\n|tier|[Gen 8] Random Battle\n|rated|\n|rule|Species Clause: Limit one of each Pok\u00e9mon\n|rule|HP Percentage Mod: HP is shown in percentages\n|rule|Sleep Clause Mod: Limit one foe put to sleep\n|\n|t:|1668261610\n|start\n|switch|p1a: Volcarona|Volcarona, L76, F|254/254\n|switch|p2a: Skuntank|Skuntank, L85, F|314/314\n|turn|1\n|inactive|Battle timer is ON: inactive players will automatically lose when time's up. (requested by Yusei1789)\n|\n|t:|1668261637\n|move|p1a: Volcarona|Fire Blast|p2a: Skuntank\n|-damage|p2a: Skuntank|148/314\n|move|p2a: Skuntank|Poison Jab|p1a: Volcarona\n|-damage|p1a: Volcarona|98/254\n|-damage|p2a: Skuntank|117/314|[from] item: Life Orb\n|\n|upkeep\n|turn|2\n|j| xxdimixx\n|inactive|SalamenceHeart has 120 seconds left.\n|\n|t:|1668261672\n|switch|p2a: Toxapex|Toxapex, L82, M|216/216\n|move|p1a: Volcarona|Bug Buzz|p2a: Toxapex\n|-resisted|p2a: Toxapex\n|-damage|p2a: Toxapex|177/216\n|\n|-heal|p2a: Toxapex|190/216|[from] item: Black Sludge\n|upkeep\n|turn|3\n|inactive|SalamenceHeart has 120 seconds left.\n|c| xxdimixx|I really think you should have kept that volcarona o_O\n|\n|t:|1668261688\n|move|p1a: Volcarona|Fire Blast|p2a: Toxapex|[miss]\n|-miss|p1a: Volcarona|p2a: Toxapex\n|move|p2a: Toxapex|Toxic|p1a: Volcarona\n|-status|p1a: Volcarona|tox\n|\n|-heal|p2a: Toxapex|203/216|[from] item: Black Sludge\n|-damage|p1a: Volcarona|83/254 tox|[from] psn\n|upkeep\n|turn|4\n|inactive|SalamenceHeart has 120 seconds left.\n|c| xxdimixx|he sacked it\n|\n|t:|1668261697\n|move|p1a: Volcarona|Fire Blast|p2a: Toxapex\n|-resisted|p2a: Toxapex\n|-damage|p2a: Toxapex|162/216\n|move|p2a: Toxapex|Scald|p1a: Volcarona\n|-supereffective|p1a: Volcarona\n|-damage|p1a: Volcarona|0 fnt\n|faint|p1a: Volcarona\n|\n|-heal|p2a: Toxapex|175/216|[from] item: Black Sludge\n|upkeep\n|inactive|SalamenceHeart has 120 seconds left.\n|c| xxdimixx|long story short Yusei wins\n|\n|t:|1668261716\n|switch|p1a: Obstagoon|Obstagoon, L80, F|280/280\n|turn|5\n|\n|t:|1668261730\n|move|p1a: Obstagoon|Bulk Up|p1a: Obstagoon\n|-boost|p1a: Obstagoon|atk|1\n|-boost|p1a: Obstagoon|def|1\n|move|p2a: Toxapex|Scald|p1a: Obstagoon\n|-damage|p1a: Obstagoon|216/280\n|\n|-heal|p2a: Toxapex|188/216|[from] item: Black Sludge\n|-status|p1a: Obstagoon|brn|[from] item: Flame Orb\n|upkeep\n|turn|6\n|inactive|SalamenceHeart has 120 seconds left.\n|\n|t:|1668261756\n|move|p2a: Toxapex|Baneful Bunker|p2a: Toxapex\n|-singleturn|p2a: Toxapex|move: Protect\n|move|p1a: Obstagoon|Facade|p2a: Toxapex\n|-activate|p2a: Toxapex|move: Protect\n|\n|-heal|p2a: Toxapex|201/216|[from] item: Black Sludge\n|-damage|p1a: Obstagoon|199/280 brn|[from] brn\n|upkeep\n|turn|7\n|\n|t:|1668261771\n|switch|p2a: Skuntank|Skuntank, L85, F|117/314\n|move|p1a: Obstagoon|Facade|p2a: Skuntank\n|-damage|p2a: Skuntank|0 fnt\n|-damage|p1a: Obstagoon|129/280 brn|[from] ability: Aftermath|[of] p2a: Skuntank\n|faint|p2a: Skuntank\n|\n|-damage|p1a: Obstagoon|112/280 brn|[from] brn\n|upkeep\n|\n|t:|1668261785\n|switch|p2a: Tangrowth|Tangrowth, L84, M|305/305\n|turn|8\n|c| xxdimixx|Smart Yuesei dominant Yusei\n|\n|t:|1668261799\n|move|p1a: Obstagoon|Facade|p2a: Tangrowth\n|-damage|p2a: Tangrowth|82/305\n|-damage|p1a: Obstagoon|66/280 brn|[from] item: Rocky Helmet|[of] p2a: Tangrowth\n|move|p2a: Tangrowth|Giga Drain|p1a: Obstagoon\n|-damage|p1a: Obstagoon|0 fnt\n|-heal|p2a: Tangrowth|115/305|[from] drain|[of] p1a: Obstagoon\n|faint|p1a: Obstagoon\n|\n|upkeep\n|\n|t:|1668261809\n|switch|p1a: Decidueye|Decidueye, L86, F|274/274\n|turn|9\n|\n|t:|1668261818\n|move|p1a: Decidueye|Swords Dance|p1a: Decidueye\n|-boost|p1a: Decidueye|atk|2\n|move|p2a: Tangrowth|Knock Off|p1a: Decidueye\n|-supereffective|p1a: Decidueye\n|-damage|p1a: Decidueye|118/274\n|-enditem|p1a: Decidueye|Lum Berry|[from] move: Knock Off|[of] p2a: Tangrowth\n|\n|upkeep\n|turn|10\n|\n|t:|1668261827\n|move|p1a: Decidueye|Poltergeist|p2a: Tangrowth\n|-activate|p2a: Tangrowth|move: Poltergeist|Rocky Helmet\n|-damage|p2a: Tangrowth|0 fnt\n|faint|p2a: Tangrowth\n|\n|upkeep\n|\n|t:|1668261834\n|switch|p2a: Lucario|Lucario, L82, M|249/249\n|turn|11\n|\n|t:|1668261840\n|-start|p1a: Decidueye|Dynamax|\n|-heal|p1a: Decidueye|236/548|[silent]\n|move|p2a: Lucario|Meteor Mash|p1a: Decidueye\n|-damage|p1a: Decidueye|102/548\n|-damage|p2a: Lucario|225/249|[from] item: Life Orb\n|move|p1a: Decidueye|Max Phantasm|p2a: Lucario\n|-crit|p2a: Lucario\n|-damage|p2a: Lucario|0 fnt\n|faint|p2a: Lucario\n|\n|upkeep\n|\n|t:|1668261859\n|switch|p2a: Toxapex|Toxapex, L82, M|216/216\n|turn|12\n|\n|t:|1668261871\n|move|p2a: Toxapex|Baneful Bunker|p2a: Toxapex\n|-singleturn|p2a: Toxapex|move: Protect\n|move|p1a: Decidueye|Max Overgrowth|p2a: Toxapex\n|-zbroken|p2a: Toxapex\n|-damage|p2a: Toxapex|145/216\n|-fieldstart|move: Grassy Terrain\n|\n|-heal|p1a: Decidueye|119/548|[from] Grassy Terrain\n|-heal|p2a: Toxapex|158/216|[from] Grassy Terrain\n|-heal|p2a: Toxapex|171/216|[from] item: Black Sludge\n|upkeep\n|turn|13\n|\n|t:|1668261881\n|move|p1a: Decidueye|Max Overgrowth|p2a: Toxapex\n|-damage|p2a: Toxapex|0 fnt\n|faint|p2a: Toxapex\n|\n|-heal|p1a: Decidueye|136/548|[from] Grassy Terrain\n|upkeep\n|\n|t:|1668261883\n|switch|p2a: Doublade|Doublade, L82, F|231/231\n|-end|p1a: Decidueye|Dynamax\n|-heal|p1a: Decidueye|68/274|[silent]\n|turn|14\n|\n|t:|1668261895\n|move|p2a: Doublade|Shadow Sneak|p1a: Decidueye\n|-supereffective|p1a: Decidueye\n|-damage|p1a: Decidueye|0 fnt\n|faint|p1a: Decidueye\n|\n|upkeep\n|\n|t:|1668261899\n|switch|p1a: Urshifu|Urshifu, L76, F|277/277\n|turn|15\n|\n|t:|1668261920\n|-start|p2a: Doublade|Dynamax|\n|-heal|p2a: Doublade|462/462|[silent]\n|move|p1a: Urshifu|Bulk Up|p1a: Urshifu\n|-boost|p1a: Urshifu|atk|1\n|-boost|p1a: Urshifu|def|1\n|move|p2a: Doublade|Max Knuckle|p1a: Urshifu\n|-supereffective|p1a: Urshifu\n|-damage|p1a: Urshifu|183/277\n|-boost|p2a: Doublade|atk|1\n|\n|-heal|p1a: Urshifu|200/277|[from] Grassy Terrain\n|-heal|p1a: Urshifu|217/277|[from] item: Leftovers\n|upkeep\n|turn|16\n|c| xxdimixx|we are in a pickle at the moment yusei\n|c| xxdimixx|1more\n|\n|t:|1668261938\n|move|p1a: Urshifu|Bulk Up|p1a: Urshifu\n|-boost|p1a: Urshifu|atk|1\n|-boost|p1a: Urshifu|def|1\n|move|p2a: Doublade|Max Knuckle|p1a: Urshifu\n|-supereffective|p1a: Urshifu\n|-damage|p1a: Urshifu|105/277\n|-boost|p2a: Doublade|atk|1\n|\n|-heal|p1a: Urshifu|122/277|[from] Grassy Terrain\n|-heal|p1a: Urshifu|139/277|[from] item: Leftovers\n|-fieldend|move: Grassy Terrain\n|upkeep\n|turn|17\n|c| xxdimixx|yusei getting blasted\n|inactive|SalamenceHeart has 120 seconds left.\n|c| xxdimixx|im happy for how long he laster\n|c| xxdimixx|lasted\n|c| xxdimixx|in his game we trusted\n|inactive|SalamenceHeart has 90 seconds left.\n|inactive|SalamenceHeart has 60 seconds left.\n|\n|t:|1668262031\n|move|p1a: Urshifu|Wicked Blow|p2a: Doublade\n|-supereffective|p2a: Doublade\n|-crit|p2a: Doublade\n|-damage|p2a: Doublade|240/462\n|move|p2a: Doublade|Max Knuckle|p1a: Urshifu\n|-supereffective|p1a: Urshifu\n|-damage|p1a: Urshifu|0 fnt\n|-boost|p2a: Doublade|atk|1\n|faint|p1a: Urshifu\n|\n|upkeep\n|c| xxdimixx|but Salamance heart him crushed\n|c| xxdimixx|not\n|c| xxdimixx|comeback\n|inactive|SalamenceHeart has 30 seconds left.\n|inactive|SalamenceHeart has 20 seconds left.\n|inactive|SalamenceHeart has 15 seconds left.\n|\n|t:|1668262080\n|switch|p1a: Wishiwashi|Wishiwashi, L84, F|213/213\n|-formechange|p1a: Wishiwashi|Wishiwashi-School||[from] ability: Schooling\n|-end|p2a: Doublade|Dynamax\n|-heal|p2a: Doublade|120/231|[silent]\n|turn|18\n|inactive|SalamenceHeart has 25 seconds left this turn.\n|inactive|SalamenceHeart has 20 seconds left.\n|c| xxdimixx|i take back everything i wrote im thought unjusted\n|\n|t:|1668262099\n|switch|p2a: Gastrodon|Gastrodon-East, L84, F|324/324\n|move|p1a: Wishiwashi|Scald|p2a: Gastrodon\n|-ability|p2a: Gastrodon|Storm Drain|boost\n|-boost|p2a: Gastrodon|spa|1\n|\n|upkeep\n|turn|19\n|inactive|SalamenceHeart has 30 seconds left this turn.\n|-message|SalamenceHeart forfeited.\n|\n|win|Yusei1789\n|inactive|SalamenceHeart has 30 seconds left this turn.\n|raw|SalamenceHeart's rating: 2437 &rarr; <strong>2416</strong><br />(-21 for losing)\n|raw|Yusei1789's rating: 2416 &rarr; <strong>2437</strong><br />(+21 for winning)\n|l|\u203dSalamenceHeart\n|c|\u2606Yusei1789|Haha\n||Ladder isn't responding, score probably updated but might not have (Request timeout).\n", "inputlog": ">version 453a3ad56483cc6a5c08448f6577d394b68621b7\n>start {\"formatid\":\"gen8randombattle\",\"seed\":[44153,10021,20735,60910],\"rated\":\"Rated battle\"}\n>player p1 {\"name\":\"SalamenceHeart\",\"avatar\":\"266\",\"rating\":2437,\"seed\":[56571,62256,38379,20198]}\n>player p2 {\"name\":\"Yusei1789\",\"avatar\":\"1\",\"rating\":2416,\"seed\":[10183,10332,47992,18454]}\n>p1 move fireblast\n>p2 move poisonjab\n>p1 move bugbuzz\n>p2 switch 2\n>chat  xxdimixx|I really think you should have kept that volcarona o_O\n>p1 move fireblast\n>p2 move toxic\n>chat  xxdimixx|he sacked it\n>p1 move fireblast\n>p2 move scald\n>chat  xxdimixx|long story short Yusei wins\n>p1 switch 3\n>p1 move bulkup\n>p2 move scald\n>p1 move facade\n>p2 move banefulbunker\n>p1 move facade\n>p2 switch 2\n>p2 switch 5\n>chat  xxdimixx|Smart Yuesei dominant Yusei\n>p1 move facade\n>p2 move gigadrain\n>p1 switch 5\n>p1 move swordsdance\n>p2 move knockoff\n>p1 move poltergeist\n>p2 move sludgebomb\n>p2 switch 4\n>p1 move poltergeist dynamax\n>p2 move meteormash\n>p2 switch 2\n>p1 move leafblade dynamax\n>p2 move banefulbunker\n>p1 move leafblade dynamax\n>p2 move scald\n>p2 switch 3\n>p1 move poltergeist\n>p2 move shadowsneak\n>p1 switch 2\n>p1 move bulkup\n>p2 move closecombat dynamax\n>chat  xxdimixx|we are in a pickle at the moment yusei\n>chat  xxdimixx|1more\n>p1 move bulkup\n>p2 move closecombat dynamax\n>chat  xxdimixx|yusei getting blasted\n>chat  xxdimixx|im happy for how long he laster\n>chat  xxdimixx|lasted\n>chat  xxdimixx|in his game we trusted\n>p1 move wickedblow\n>p2 move closecombat dynamax\n>chat  xxdimixx|but Salamance heart him crushed\n>chat  xxdimixx|not\n>chat  xxdimixx|comeback\n>p1 switch 6\n>chat  xxdimixx|i take back everything i wrote im thought unjusted\n>p1 move scald\n>p2 switch 6\n>forcelose p1", "uploadtime": 1668262123, "views": 13, "p1id": "salamenceheart", "p2id": "yusei1789", "formatid": "gen8randombattle", "rating": 2416, "private": 0, "password": null}