{"id": "gen8randombattle-1865292775", "p1": "bonesiron", "p2": "Junebug54", "format": "[Gen 8] Random Battle", "log": "|j|\u2606bonesiron\n|j|\u2606Junebug54\n|t:|1684269887\n|gametype|singles\n|player|p1|bonesiron|psychic|\n|player|p2|Junebug54|102|\n|teamsize|p1|6\n|teamsize|p2|6\n|gen|8\n|tier|[Gen 8] Random Battle\n|rule|Species Clause: Limit one of each Pok\u00e9mon\n|rule|HP Percentage Mod: HP is shown in percentages\n|rule|Sleep Clause Mod: Limit one foe put to sleep\n|\n|t:|1684269887\n|start\n|switch|p1a: Slowbro|Slowbro, L84, M|297/297\n|switch|p2a: Electivire|Electivire, L82, F|257/257\n|turn|1\n|\n|t:|1684269908\n|switch|p1a: Stunfisk|Stunfisk, L84, M|320/320\n|move|p2a: Electivire|Wild Charge|p1a: Stunfisk\n|-immune|p1a: Stunfisk\n|\n|upkeep\n|turn|2\n|\n|t:|1684269923\n|-start|p2a: Electivire|Dynamax|\n|-heal|p2a: Electivire|514/514|[silent]\n|move|p2a: Electivire|Max Quake|p1a: Stunfisk\n|-supereffective|p1a: Stunfisk\n|-damage|p1a: Stunfisk|26/320\n|-boost|p2a: Electivire|spd|1\n|-damage|p2a: Electivire|489/514|[from] item: Life Orb\n|move|p1a: Stunfisk|Stealth Rock|p2a: Electivire\n|-sidestart|p2: Junebug54|move: Stealth Rock\n|\n|-heal|p1a: Stunfisk|46/320|[from] item: Leftovers\n|upkeep\n|turn|3\n|\n|t:|1684269944\n|move|p2a: Electivire|Max Knuckle|p1a: Stunfisk\n|-damage|p1a: Stunfisk|0 fnt\n|-boost|p2a: Electivire|atk|1\n|faint|p1a: Stunfisk\n|-damage|p2a: Electivire|464/514|[from] item: Life Orb\n|\n|upkeep\n|\n|t:|1684269960\n|switch|p1a: Metagross|Metagross, L79|256/256\n|turn|4\n|\n|t:|1684269965\n|-start|p1a: Metagross|Dynamax|\n|-heal|p1a: Metagross|512/512|[silent]\n|move|p2a: Electivire|Max Flare|p1a: Metagross\n|-supereffective|p1a: Metagross\n|-damage|p1a: Metagross|273/512\n|-weather|SunnyDay\n|-damage|p2a: Electivire|439/514|[from] item: Life Orb\n|move|p1a: Metagross|Max Quake|p2a: Electivire\n|-supereffective|p2a: Electivire\n|-damage|p2a: Electivire|197/514\n|-boost|p1a: Metagross|spd|1\n|\n|-weather|SunnyDay|[upkeep]\n|upkeep\n|-end|p2a: Electivire|Dynamax\n|-heal|p2a: Electivire|99/257|[silent]\n|turn|5\n|\n|t:|1684269983\n|move|p2a: Electivire|Flamethrower|p1a: Metagross\n|-supereffective|p1a: Metagross\n|-damage|p1a: Metagross|107/512\n|-damage|p2a: Electivire|74/257|[from] item: Life Orb\n|move|p1a: Metagross|Max Quake|p2a: Electivire\n|-supereffective|p2a: Electivire\n|-damage|p2a: Electivire|0 fnt\n|-boost|p1a: Metagross|spd|1\n|faint|p2a: Electivire\n|\n|-weather|SunnyDay|[upkeep]\n|upkeep\n|\n|t:|1684270001\n|switch|p2a: Mewtwo|Mewtwo, L72|272/272\n|-ability|p2a: Mewtwo|Unnerve\n|-damage|p2a: Mewtwo|238/272|[from] Stealth Rock\n|turn|6\n|\n|t:|1684270010\n|move|p2a: Mewtwo|Fire Blast|p1a: Metagross\n|-supereffective|p1a: Metagross\n|-damage|p1a: Metagross|0 fnt\n|faint|p1a: Metagross\n|-damage|p2a: Mewtwo|211/272|[from] item: Life Orb\n|\n|-weather|SunnyDay|[upkeep]\n|upkeep\n|\n|t:|1684270026\n|switch|p1a: Wishiwashi|Wishiwashi, L84, M|213/213\n|-formechange|p1a: Wishiwashi|Wishiwashi-School||[from] ability: Schooling\n|turn|7\n|\n|t:|1684270035\n|move|p2a: Mewtwo|Nasty Plot|p2a: Mewtwo\n|-boost|p2a: Mewtwo|spa|2\n|move|p1a: Wishiwashi|U-turn|p2a: Mewtwo\n|-supereffective|p2a: Mewtwo\n|-damage|p2a: Mewtwo|73/272\n|\n|t:|1684270047\n|switch|p1a: Braviary|Braviary, L82, M|298/298|[from] U-turn\n|\n|-weather|SunnyDay|[upkeep]\n|upkeep\n|turn|8\n|\n|t:|1684270055\n|move|p2a: Mewtwo|Psystrike|p1a: Braviary\n|-damage|p1a: Braviary|0 fnt\n|faint|p1a: Braviary\n|-damage|p2a: Mewtwo|46/272|[from] item: Life Orb\n|\n|-weather|none\n|upkeep\n|\n|t:|1684270063\n|switch|p1a: Wishiwashi|Wishiwashi, L84, M|213/213\n|-formechange|p1a: Wishiwashi|Wishiwashi-School||[from] ability: Schooling\n|turn|9\n|\n|t:|1684270069\n|move|p2a: Mewtwo|Psystrike|p1a: Wishiwashi\n|-damage|p1a: Wishiwashi|0 fnt\n|faint|p1a: Wishiwashi\n|-damage|p2a: Mewtwo|19/272|[from] item: Life Orb\n|\n|upkeep\n|\n|t:|1684270079\n|switch|p1a: Slowbro|Slowbro, L84, M|297/297\n|turn|10\n|\n|t:|1684270097\n|move|p2a: Mewtwo|Shadow Ball|p1a: Slowbro\n|-supereffective|p1a: Slowbro\n|-damage|p1a: Slowbro|0 fnt\n|faint|p1a: Slowbro\n|-damage|p2a: Mewtwo|0 fnt|[from] item: Life Orb\n|faint|p2a: Mewtwo\n|\n|upkeep\n|\n|t:|1684270106\n|switch|p2a: Mantine|Mantine, L86, F|286/286\n|switch|p1a: Kommo-o|Kommo-o, L80, M|251/251\n|turn|11\n|\n|t:|1684270128\n|move|p1a: Kommo-o|Clangorous Soul|p1a: Kommo-o\n|-boost|p1a: Kommo-o|atk|1\n|-boost|p1a: Kommo-o|def|1\n|-boost|p1a: Kommo-o|spa|1\n|-boost|p1a: Kommo-o|spd|1\n|-boost|p1a: Kommo-o|spe|1\n|-damage|p1a: Kommo-o|169/251\n|-enditem|p1a: Kommo-o|Throat Spray\n|-boost|p1a: Kommo-o|spa|1|[from] item: Throat Spray\n|move|p2a: Mantine|Scald|p1a: Kommo-o\n|-resisted|p1a: Kommo-o\n|-damage|p1a: Kommo-o|146/251\n|-status|p1a: Kommo-o|brn\n|\n|-damage|p1a: Kommo-o|131/251 brn|[from] brn\n|upkeep\n|turn|12\n|\n|t:|1684270146\n|move|p1a: Kommo-o|Clanging Scales|p2a: Mantine\n|-damage|p2a: Mantine|136/286\n|-unboost|p1a: Kommo-o|def|1\n|move|p2a: Mantine|Defog|p1a: Kommo-o\n|-unboost|p1a: Kommo-o|evasion|1\n|-sideend|p2: Junebug54|Stealth Rock|[from] move: Defog|[of] p2a: Mantine\n|\n|-damage|p1a: Kommo-o|116/251 brn|[from] brn\n|upkeep\n|turn|13\n|-message|bonesiron forfeited.\n|\n|win|Junebug54\n|l|\u2606bonesiron\n|j|\u2606bonesiron\n|player|p1|bonesiron|psychic\n", "inputlog": ">version a86fbaffe903c4a7274c53376b849908390bb49d\n>start {\"formatid\":\"gen8randombattle\",\"seed\":[11152,59147,25412,10050]}\n>player p1 {\"name\":\"bonesiron\",\"avatar\":\"psychic\",\"rating\":0,\"seed\":[47017,54700,20884,33943]}\n>player p2 {\"name\":\"Junebug54\",\"avatar\":\"102\",\"rating\":0,\"seed\":[4814,33652,55968,37343]}\n>p1 switch 2\n>p2 move wildcharge\n>p1 move stealthrock\n>p2 move earthquake dynamax\n>p1 move foulplay\n>p2 move crosschop dynamax\n>p1 switch 3\n>p1 move earthquake dynamax\n>p2 move flamethrower dynamax\n>p1 move earthquake dynamax\n>p2 move flamethrower\n>p2 switch 4\n>p1 move meteormash dynamax\n>p2 move fireblast\n>p1 switch 6\n>p1 move uturn\n>p2 move nastyplot\n>p1 switch 4\n>p1 move bravebird\n>p2 move psystrike\n>p1 switch 4\n>p1 move uturn\n>p2 move psystrike\n>p1 switch 2\n>p1 move slackoff\n>p2 move shadowball\n>p1 switch 5\n>p2 switch 2\n>p1 move clangoroussoul\n>p2 move scald\n>p1 move clangingscales\n>p2 move defog\n>forcelose p1", "uploadtime": 1684270162, "views": 3, "p1id": "bonesiron", "p2id": "junebug54", "formatid": "gen8randombattle", "rating": 0, "private": 0, "password": ""}