{"id": "gen8randombattle-1861619579", "p1": "badboyabc123", "p2": "Lime Samurai", "format": "[Gen 8] Random Battle", "log": "|j|\u2606badboyabc123\n|j|\u2606Lime Samurai\n|t:|1683782650\n|gametype|singles\n|player|p1|badboyabc123|ninjaboy|1410\n|player|p2|Lime Samurai|265|1323\n|teamsize|p1|6\n|teamsize|p2|6\n|gen|8\n|tier|[Gen 8] Random Battle\n|rated|\n|rule|Species Clause: Limit one of each Pok\u00e9mon\n|rule|HP Percentage Mod: HP is shown in percentages\n|rule|Sleep Clause Mod: Limit one foe put to sleep\n|\n|t:|1683782650\n|start\n|switch|p1a: Dugtrio|Dugtrio-Alola, L82, M|192/192\n|switch|p2a: Mantine|Mantine, L86, M|286/286\n|turn|1\n|inactive|Battle timer is ON: inactive players will automatically lose when time's up. (requested by badboyabc123)\n|c|\u2606Lime Samurai|glhf\n|c|\u2606badboyabc123|u2\n|\n|t:|1683782664\n|move|p1a: Dugtrio|Stealth Rock|p2a: Mantine\n|-sidestart|p2: Lime Samurai|move: Stealth Rock\n|move|p2a: Mantine|Scald|p1a: Dugtrio\n|-supereffective|p1a: Dugtrio\n|-damage|p1a: Dugtrio|12/192\n|\n|upkeep\n|turn|2\n|\n|t:|1683782672\n|switch|p1a: Jellicent|Jellicent, L84, F|305/305\n|move|p2a: Mantine|Hurricane|p1a: Jellicent|[miss]\n|-miss|p2a: Mantine|p1a: Jellicent\n|\n|upkeep\n|turn|3\n|\n|t:|1683782680\n|move|p2a: Mantine|Toxic|p1a: Jellicent\n|-status|p1a: Jellicent|tox\n|move|p1a: Jellicent|Shadow Ball|p2a: Mantine\n|-crit|p2a: Mantine\n|-damage|p2a: Mantine|205/286\n|\n|-damage|p1a: Jellicent|286/305 tox|[from] psn\n|upkeep\n|turn|4\n|\n|t:|1683782693\n|switch|p1a: Greedent|Greedent, L84, M|339/339\n|move|p2a: Mantine|Hurricane|p1a: Greedent\n|-damage|p1a: Greedent|224/339\n|\n|upkeep\n|turn|5\n|\n|t:|1683782702\n|switch|p1a: Espeon|Espeon, L82, F|241/241\n|move|p2a: Mantine|Toxic|p1a: Espeon\n|move|p1a: Espeon|Toxic|p2a: Mantine|[from]ability: Magic Bounce|[miss]\n|-miss|p1a: Espeon|p2a: Mantine\n|\n|upkeep\n|turn|6\n|c|\u2606Lime Samurai|nice play\n|c|\u2606badboyabc123|almost worked and thanks\n|\n|t:|1683782727\n|switch|p1a: Jellicent|Jellicent, L84, F|286/305 tox\n|move|p2a: Mantine|Hurricane|p1a: Jellicent\n|-damage|p1a: Jellicent|196/305 tox\n|\n|-heal|p1a: Jellicent|215/305 tox|[from] item: Leftovers\n|-damage|p1a: Jellicent|196/305 tox|[from] psn\n|upkeep\n|turn|7\n|\n|t:|1683782735\n|move|p2a: Mantine|Hurricane|p1a: Jellicent|[miss]\n|-miss|p2a: Mantine|p1a: Jellicent\n|move|p1a: Jellicent|Shadow Ball|p2a: Mantine\n|-damage|p2a: Mantine|156/286\n|\n|-heal|p1a: Jellicent|215/305 tox|[from] item: Leftovers\n|-damage|p1a: Jellicent|177/305 tox|[from] psn\n|upkeep\n|turn|8\n|c|\u2606badboyabc123|bad luck\n|\n|t:|1683782746\n|move|p2a: Mantine|Hurricane|p1a: Jellicent|[miss]\n|-miss|p2a: Mantine|p1a: Jellicent\n|move|p1a: Jellicent|Shadow Ball|p2a: Mantine\n|-damage|p2a: Mantine|104/286\n|\n|-heal|p1a: Jellicent|196/305 tox|[from] item: Leftovers\n|-damage|p1a: Jellicent|139/305 tox|[from] psn\n|upkeep\n|turn|9\n|c|\u2606Lime Samurai|I didn't even know magic bounce could miss\n|c|\u2606Lime Samurai|guess you learn something new everyday\n|\n|t:|1683782769\n|move|p2a: Mantine|Hurricane|p1a: Jellicent\n|-damage|p1a: Jellicent|48/305 tox\n|move|p1a: Jellicent|Recover|p1a: Jellicent\n|-heal|p1a: Jellicent|201/305 tox\n|\n|-heal|p1a: Jellicent|220/305 tox|[from] item: Leftovers\n|-damage|p1a: Jellicent|144/305 tox|[from] psn\n|upkeep\n|turn|10\n|c|\u2606badboyabc123|I didnt either\n|\n|t:|1683782779\n|switch|p1a: Dugtrio|Dugtrio-Alola, L82, M|12/192\n|move|p2a: Mantine|Roost|p2a: Mantine\n|-heal|p2a: Mantine|247/286\n|-singleturn|p2a: Mantine|move: Roost\n|\n|upkeep\n|turn|11\n|\n|t:|1683782786\n|switch|p2a: Zygarde|Zygarde, L70|267/267\n|-damage|p2a: Zygarde|251/267|[from] Stealth Rock\n|move|p1a: Dugtrio|Sucker Punch||[still]\n|-fail|p1a: Dugtrio\n|\n|-heal|p2a: Zygarde|267/267|[from] item: Leftovers\n|upkeep\n|turn|12\n|\n|t:|1683782796\n|move|p1a: Dugtrio|Earthquake|p2a: Zygarde\n|-damage|p2a: Zygarde|165/267\n|move|p2a: Zygarde|Substitute|p2a: Zygarde\n|-start|p2a: Zygarde|Substitute\n|-damage|p2a: Zygarde|99/267\n|\n|-heal|p2a: Zygarde|115/267|[from] item: Leftovers\n|-activate|p2a: Zygarde|ability: Power Construct\n|detailschange|p2a: Zygarde|Zygarde-Complete, L70\n|-heal|p2a: Zygarde|266/418|[silent]\n|upkeep\n|turn|13\n|c|\u2606badboyabc123|oh lol I thought I was playing gen 9\n|\n|t:|1683782823\n|move|p1a: Dugtrio|Earthquake|p2a: Zygarde\n|-end|p2a: Zygarde|Substitute\n|move|p2a: Zygarde|Dragon Dance|p2a: Zygarde\n|-boost|p2a: Zygarde|atk|1\n|-boost|p2a: Zygarde|spe|1\n|\n|-heal|p2a: Zygarde|292/418|[from] item: Leftovers\n|upkeep\n|turn|14\n|\n|t:|1683782831\n|move|p2a: Zygarde|Thousand Arrows|p1a: Dugtrio\n|-supereffective|p1a: Dugtrio\n|-crit|p1a: Dugtrio\n|-damage|p1a: Dugtrio|0 fnt\n|faint|p1a: Dugtrio\n|\n|-heal|p2a: Zygarde|318/418|[from] item: Leftovers\n|upkeep\n|\n|t:|1683782839\n|switch|p1a: Espeon|Espeon, L82, F|241/241\n|turn|15\n|c|\u2606Lime Samurai|:)\n|\n|t:|1683782846\n|move|p2a: Zygarde|Substitute|p2a: Zygarde\n|-start|p2a: Zygarde|Substitute\n|-damage|p2a: Zygarde|214/418\n|move|p1a: Espeon|Dazzling Gleam|p2a: Zygarde\n|-supereffective|p2a: Zygarde\n|-end|p2a: Zygarde|Substitute\n|-damage|p1a: Espeon|217/241|[from] item: Life Orb\n|\n|-heal|p2a: Zygarde|240/418|[from] item: Leftovers\n|upkeep\n|turn|16\n|\n|t:|1683782855\n|move|p2a: Zygarde|Substitute|p2a: Zygarde\n|-start|p2a: Zygarde|Substitute\n|-damage|p2a: Zygarde|136/418\n|move|p1a: Espeon|Dazzling Gleam|p2a: Zygarde\n|-supereffective|p2a: Zygarde\n|-end|p2a: Zygarde|Substitute\n|-damage|p1a: Espeon|193/241|[from] item: Life Orb\n|\n|-heal|p2a: Zygarde|162/418|[from] item: Leftovers\n|upkeep\n|turn|17\n|\n|t:|1683782864\n|move|p2a: Zygarde|Outrage|p1a: Espeon\n|-damage|p1a: Espeon|12/241\n|move|p1a: Espeon|Dazzling Gleam|p2a: Zygarde\n|-supereffective|p2a: Zygarde\n|-damage|p2a: Zygarde|0 fnt\n|faint|p2a: Zygarde\n|-damage|p1a: Espeon|0 fnt|[from] item: Life Orb\n|faint|p1a: Espeon\n|\n|upkeep\n|c|\u2606Lime Samurai|It lived that? Jesus\n|\n|t:|1683782884\n|switch|p1a: Calyrex|Calyrex-Shadow, L65|238/238\n|switch|p2a: Pikachu|Pikachu, L92, M|214/214\n|-ability|p1a: Calyrex|As One\n|-ability|p1a: Calyrex|Unnerve\n|-damage|p2a: Pikachu|188/214|[from] Stealth Rock\n|turn|18\n|\n|t:|1683782895\n|-start|p2a: Pikachu|Dynamax|\n|-heal|p2a: Pikachu|376/428|[silent]\n|move|p1a: Calyrex|Nasty Plot|p1a: Calyrex\n|-boost|p1a: Calyrex|spa|2\n|move|p2a: Pikachu|Max Lightning|p1a: Calyrex\n|-damage|p1a: Calyrex|30/238\n|-fieldstart|move: Electric Terrain\n|\n|-heal|p1a: Calyrex|44/238|[from] item: Leftovers\n|upkeep\n|turn|19\n|\n|t:|1683782912\n|move|p1a: Calyrex|Astral Barrage|p2a: Pikachu\n|-damage|p2a: Pikachu|52/428\n|move|p2a: Pikachu|Max Steelspike|p1a: Calyrex\n|-damage|p1a: Calyrex|0 fnt\n|-boost|p2a: Pikachu|def|1\n|faint|p1a: Calyrex\n|\n|upkeep\n|\n|t:|1683782929\n|switch|p1a: Jellicent|Jellicent, L84, F|144/305 tox\n|turn|20\n|\n|t:|1683782933\n|move|p2a: Pikachu|Max Lightning|p1a: Jellicent\n|-supereffective|p1a: Jellicent\n|-damage|p1a: Jellicent|0 fnt\n|faint|p1a: Jellicent\n|\n|upkeep\n|\n|t:|1683782938\n|switch|p1a: Garchomp|Garchomp, L74, M|282/282\n|-end|p2a: Pikachu|Dynamax\n|-heal|p2a: Pikachu|26/214|[silent]\n|turn|21\n|\n|t:|1683782951\n|move|p2a: Pikachu|Iron Tail|p1a: Garchomp\n|-damage|p1a: Garchomp|155/282\n|-unboost|p1a: Garchomp|def|1\n|-damage|p2a: Pikachu|0 fnt|[from] ability: Rough Skin|[of] p1a: Garchomp\n|faint|p2a: Pikachu\n|move|p1a: Garchomp|Earthquake|p2: Pikachu|[notarget]\n|-fail|p1a: Garchomp\n|\n|upkeep\n|\n|t:|1683782963\n|switch|p2a: Drifblim|Drifblim, L84, M|389/389\n|-damage|p2a: Drifblim|292/389|[from] Stealth Rock\n|turn|22\n|\n|t:|1683782974\n|switch|p1a: Greedent|Greedent, L84, M|224/339\n|move|p2a: Drifblim|Shadow Ball|p1a: Greedent\n|-immune|p1a: Greedent\n|\n|-fieldend|move: Electric Terrain\n|upkeep\n|turn|23\n|\n|t:|1683782984\n|move|p2a: Drifblim|Calm Mind|p2a: Drifblim\n|-boost|p2a: Drifblim|spa|1\n|-boost|p2a: Drifblim|spd|1\n|move|p1a: Greedent|Fire Fang|p2a: Drifblim\n|-damage|p2a: Drifblim|220/389\n|\n|upkeep\n|turn|24\n|\n|t:|1683782990\n|move|p2a: Drifblim|Strength Sap|p1a: Greedent\n|-unboost|p1a: Greedent|atk|1\n|-heal|p2a: Drifblim|389/389\n|move|p1a: Greedent|Swords Dance|p1a: Greedent\n|-boost|p1a: Greedent|atk|2\n|\n|upkeep\n|turn|25\n|\n|t:|1683782997\n|move|p2a: Drifblim|Calm Mind|p2a: Drifblim\n|-boost|p2a: Drifblim|spa|1\n|-boost|p2a: Drifblim|spd|1\n|move|p1a: Greedent|Swords Dance|p1a: Greedent\n|-boost|p1a: Greedent|atk|2\n|\n|upkeep\n|turn|26\n|\n|t:|1683783004\n|move|p2a: Drifblim|Thunderbolt|p1a: Greedent\n|-damage|p1a: Greedent|95/339\n|-enditem|p1a: Greedent|Sitrus Berry|[eat]\n|-heal|p1a: Greedent|179/339|[from] item: Sitrus Berry\n|-heal|p1a: Greedent|292/339|[from] ability: Cheek Pouch\n|move|p1a: Greedent|Fire Fang|p2a: Drifblim\n|-damage|p2a: Drifblim|196/389\n|\n|upkeep\n|turn|27\n|\n|t:|1683783015\n|move|p2a: Drifblim|Strength Sap|p1a: Greedent\n|-unboost|p1a: Greedent|atk|1\n|-heal|p2a: Drifblim|389/389\n|move|p1a: Greedent|Swords Dance|p1a: Greedent\n|-boost|p1a: Greedent|atk|2\n|\n|upkeep\n|turn|28\n|\n|t:|1683783022\n|move|p2a: Drifblim|Thunderbolt|p1a: Greedent\n|-damage|p1a: Greedent|157/339\n|move|p1a: Greedent|Fire Fang|p2a: Drifblim\n|-damage|p2a: Drifblim|165/389\n|-enditem|p2a: Drifblim|Sitrus Berry|[eat]\n|-heal|p2a: Drifblim|262/389|[from] item: Sitrus Berry\n|\n|upkeep\n|turn|29\n|\n|t:|1683783032\n|-start|p1a: Greedent|Dynamax|\n|-heal|p1a: Greedent|314/678|[silent]\n|move|p2a: Drifblim|Thunderbolt|p1a: Greedent\n|-damage|p1a: Greedent|187/678\n|-status|p1a: Greedent|par\n|move|p1a: Greedent|Max Flare|p2a: Drifblim\n|-damage|p2a: Drifblim|0 fnt\n|-weather|SunnyDay\n|faint|p2a: Drifblim\n|\n|-weather|SunnyDay|[upkeep]\n|upkeep\n|\n|t:|1683783051\n|switch|p2a: Slowking|Slowking-Galar, L84, F|297/297\n|-damage|p2a: Slowking|260/297|[from] Stealth Rock\n|turn|30\n|\n|t:|1683783058\n|move|p2a: Slowking|Sludge Bomb|p1a: Greedent\n|-damage|p1a: Greedent|22/678 par\n|move|p1a: Greedent|Max Quake|p2a: Slowking\n|-supereffective|p2a: Slowking\n|-damage|p2a: Slowking|0 fnt\n|-boost|p1a: Greedent|spd|1\n|faint|p2a: Slowking\n|\n|-weather|SunnyDay|[upkeep]\n|upkeep\n|\n|t:|1683783070\n|switch|p2a: Mantine|Mantine, L86, M|247/286\n|turn|31\n|\n|t:|1683783074\n|cant|p1a: Greedent|par\n|move|p2a: Mantine|Scald|p1a: Greedent\n|-damage|p1a: Greedent|0 fnt\n|faint|p1a: Greedent\n|\n|-weather|SunnyDay|[upkeep]\n|upkeep\n|\n|t:|1683783078\n|switch|p1a: Garchomp|Garchomp, L74, M|155/282\n|turn|32\n|\n|t:|1683783089\n|move|p1a: Garchomp|Stone Edge|p2a: Mantine\n|-supereffective|p2a: Mantine\n|-damage|p2a: Mantine|99/286\n|move|p2a: Mantine|Toxic|p1a: Garchomp\n|-status|p1a: Garchomp|tox\n|-enditem|p1a: Garchomp|Lum Berry|[eat]\n|-curestatus|p1a: Garchomp|tox|[msg]\n|\n|-weather|SunnyDay|[upkeep]\n|upkeep\n|turn|33\n|\n|t:|1683783097\n|move|p1a: Garchomp|Stone Edge|p2a: Mantine\n|-supereffective|p2a: Mantine\n|-damage|p2a: Mantine|0 fnt\n|faint|p2a: Mantine\n|\n|-weather|none\n|upkeep\n|\n|t:|1683783102\n|switch|p2a: Hatterene|Hatterene, L86, F|238/238\n|-damage|p2a: Hatterene|209/238|[from] Stealth Rock\n|turn|34\n|\n|t:|1683783107\n|move|p1a: Garchomp|Earthquake|p2a: Hatterene\n|-damage|p2a: Hatterene|106/238\n|move|p2a: Hatterene|Dazzling Gleam|p1a: Garchomp\n|-supereffective|p1a: Garchomp\n|-damage|p1a: Garchomp|0 fnt\n|faint|p1a: Garchomp\n|\n|win|Lime Samurai\n|raw|badboyabc123's rating: 1410 &rarr; <strong>1385</strong><br />(-25 for losing)\n|raw|Lime Samurai's rating: 1323 &rarr; <strong>1348</strong><br />(+25 for winning)\n|c|\u2606Lime Samurai|ggwp\n|c|\u2606badboyabc123|damn gg\n", "inputlog": ">version bce759c5f189753f4322d11c9e5aa78bbe1b1bf9\n>start {\"formatid\":\"gen8randombattle\",\"seed\":[24114,4341,17558,14006],\"rated\":\"Rated battle\"}\n>player p1 {\"name\":\"badboyabc123\",\"avatar\":\"ninjaboy\",\"rating\":1410,\"seed\":[25273,2544,25848,54634]}\n>player p2 {\"name\":\"Lime Samurai\",\"avatar\":\"265\",\"rating\":1323,\"seed\":[8515,33046,51753,9438]}\n>chat \u2606Lime Samurai|glhf\n>chat \u2606badboyabc123|u2\n>p1 move stealthrock\n>p2 move scald\n>p1 switch 5\n>p2 move hurricane\n>p1 move shadowball\n>p2 move toxic\n>p1 switch 6\n>p2 move hurricane\n>p1 switch 4\n>p2 move toxic\n>chat \u2606Lime Samurai|nice play\n>chat \u2606badboyabc123|almost worked and thanks\n>p1 switch 6\n>p2 move hurricane\n>p1 move shadowball\n>p2 move hurricane\n>chat \u2606badboyabc123|bad luck\n>p1 move shadowball\n>p2 move hurricane\n>chat \u2606Lime Samurai|I didn't even know magic bounce could miss\n>chat \u2606Lime Samurai|guess you learn something new everyday\n>p1 move recover\n>p2 move hurricane\n>chat \u2606badboyabc123|I didnt either \n>p1 switch 5\n>p2 move roost\n>p1 move suckerpunch\n>p2 switch 2\n>p1 move earthquake\n>p2 move substitute\n>chat \u2606badboyabc123|oh lol I thought I was playing gen 9\n>p1 move earthquake\n>p2 move dragondance\n>p1 move earthquake\n>p2 move thousandarrows\n>p1 switch 6\n>chat \u2606Lime Samurai|:)\n>p1 move dazzlinggleam\n>p2 move substitute\n>p1 move dazzlinggleam\n>p2 move substitute\n>p1 move dazzlinggleam\n>p2 move outrage\n>chat \u2606Lime Samurai|It lived that? Jesus\n>p1 switch 3\n>p2 switch 3\n>p1 move nastyplot\n>p2 move voltswitch dynamax\n>p1 move astralbarrage\n>p2 move irontail dynamax\n>p1 switch 5\n>p1 move scald\n>p2 move voltswitch dynamax\n>p1 switch 2\n>p1 move earthquake\n>p2 move irontail\n>p2 switch 4\n>p1 switch 4\n>p2 move shadowball\n>p1 move firefang\n>p2 move calmmind\n>p1 move swordsdance\n>p2 move strengthsap\n>p1 move swordsdance\n>p2 move calmmind\n>p1 move firefang\n>p2 move thunderbolt\n>p1 move swordsdance\n>p2 move strengthsap\n>p1 move firefang\n>p2 move thunderbolt\n>p1 move firefang dynamax\n>p2 move thunderbolt\n>p2 switch 6\n>p1 move earthquake dynamax\n>p2 move sludgebomb\n>p2 switch 2\n>p1 move swordsdance dynamax\n>p2 move scald\n>p1 switch 4\n>p1 move stoneedge\n>p2 move toxic\n>p1 move stoneedge\n>p2 move toxic\n>p2 switch 5\n>p1 move earthquake\n>p2 move dazzlinggleam", "uploadtime": 1683783113, "views": 4, "p1id": "badboyabc123", "p2id": "limesamurai", "formatid": "gen8randombattle", "rating": 1348, "private": 0, "password": ""}