{"id": "gen8randombattle-1873872950", "p1": "WhoDatMan", "p2": "GTNDA", "format": "[Gen 8] Random Battle", "log": "|j|\u2606WhoDatMan\n|j|\u2606GTNDA\n|inactive|Battle timer is ON: inactive players will automatically lose when time's up.\n|t:|1685435916\n|gametype|singles\n|player|p1|WhoDatMan|265|\n|player|p2|GTNDA|clair|\n|teamsize|p1|3\n|teamsize|p2|3\n|gen|8\n|tier|[Gen 8] Random Battle\n|rated|Tournament battle\n|rule|Species Clause: Limit one of each Pok\u00e9mon\n|rule|HP Percentage Mod: HP is shown in percentages\n|rule|Sleep Clause Mod: Limit one foe put to sleep\n|clearpoke\n|poke|p1|Haxorus, L77, F|\n|poke|p1|Rotom-Fan, L84|\n|poke|p1|Lurantis, L86, F|\n|poke|p2|Hawlucha, L80, F|\n|poke|p2|Beheeyem, L86, M|\n|poke|p2|Liepard, L86, F|\n|teampreview|1\n|j|*Lady Monita\n|inactive|WhoDatMan also wants the timer to be on.\n|inactive|GTNDA also wants the timer to be on.\n|inactive|WhoDatMan has 120 seconds left.\n|inactive|GTNDA has 120 seconds left.\n|c|\u2606GTNDA|Glhf\n|inactive|WhoDatMan has 90 seconds left.\n|\n|t:|1685435984\n|start\n|switch|p1a: Haxorus|Haxorus, L77, F|244/244\n|switch|p2a: Liepard|Liepard, L86, F|250/250\n|-ability|p1a: Haxorus|Mold Breaker\n|turn|1\n|\n|t:|1685435993\n|-start|p2a: Liepard|Dynamax|\n|-heal|p2a: Liepard|500/500|[silent]\n|-start|p1a: Haxorus|Dynamax|\n|-heal|p1a: Haxorus|488/488|[silent]\n|move|p2a: Liepard|Max Starfall|p1a: Haxorus\n|-supereffective|p1a: Haxorus\n|-damage|p1a: Haxorus|294/488\n|-fieldstart|move: Misty Terrain\n|move|p1a: Haxorus|Max Wyrmwind|p2a: Liepard\n|-damage|p2a: Liepard|327/500\n|-unboost|p2a: Liepard|atk|1\n|-damage|p1a: Haxorus|270/488|[from] item: Life Orb\n|\n|-heal|p2a: Liepard|342/500|[from] item: Leftovers\n|upkeep\n|turn|2\n|\n|t:|1685436013\n|move|p1a: Haxorus|Max Guard|p1a: Haxorus\n|-singleturn|p1a: Haxorus|Max Guard\n|move|p2a: Liepard|Max Starfall|p1a: Haxorus\n|-activate|p1a: Haxorus|move: Max Guard\n|\n|-heal|p2a: Liepard|357/500|[from] item: Leftovers\n|upkeep\n|turn|3\n|\n|t:|1685436036\n|move|p2a: Liepard|Max Starfall|p1a: Haxorus\n|-supereffective|p1a: Haxorus\n|-damage|p1a: Haxorus|140/488\n|move|p1a: Haxorus|Max Knuckle|p2a: Liepard\n|-supereffective|p2a: Liepard\n|-damage|p2a: Liepard|58/500\n|-boost|p1a: Haxorus|atk|1\n|-damage|p1a: Haxorus|116/488|[from] item: Life Orb\n|\n|-heal|p2a: Liepard|73/500|[from] item: Leftovers\n|upkeep\n|-end|p2a: Liepard|Dynamax\n|-heal|p2a: Liepard|37/250|[silent]\n|-end|p1a: Haxorus|Dynamax\n|-heal|p1a: Haxorus|58/244|[silent]\n|turn|4\n|\n|t:|1685436063\n|move|p2a: Liepard|Copycat|p2a: Liepard\n|move|p2a: Liepard|Close Combat|p1a: Haxorus|[from]move: Copycat\n|-damage|p1a: Haxorus|0 fnt\n|-unboost|p2a: Liepard|def|1\n|-unboost|p2a: Liepard|spd|1\n|faint|p1a: Haxorus\n|\n|win|GTNDA\n|n|\u2606WhoDatMan|whodatman\n|n|\u2606GTNDA|gtnda\n|n|*Lady Monita|ladymonita\n", "inputlog": ">version 6fec31d5a0d4498a06105aa188c9906bc0b6bf95\n>start {\"formatid\":\"gen8randombattle@@@Team Preview,maxteamsize=3,pickedteamsize=1\",\"seed\":[12252,33177,60429,8412],\"rated\":\"Tournament battle\"}\n>player p1 {\"name\":\"WhoDatMan\",\"avatar\":\"265\",\"rating\":0,\"seed\":[57196,12297,38808,62289]}\n>player p2 {\"name\":\"GTNDA\",\"avatar\":\"clair\",\"rating\":0,\"seed\":[47490,42993,5116,59559]}\n>chat \u2606GTNDA|Glhf\n>p1 team 1\n>p2 team 3\n>p1 move outrage dynamax\n>p2 move playrough dynamax\n>p1 move dragondance dynamax\n>p2 move playrough dynamax\n>p1 move closecombat dynamax\n>p2 move playrough dynamax\n>p1 move closecombat\n>p2 move copycat", "uploadtime": 1685436064, "views": 9, "p1id": "whodatman", "p2id": "gtnda", "formatid": "gen8randombattle", "rating": 0, "private": 0, "password": ""}