{"id": "gen8randombattle-1872811330", "p1": "atrjhryjfszdh", "p2": "MyPasswordIsPeePee", "format": "[Gen 8] Random Battle", "log": "|j|\u2606atrjhryjfszdh\n|j|\u2606MyPasswordIsPeePee\n|t:|1685287796\n|gametype|singles\n|player|p1|atrjhryjfszdh|169|1337\n|player|p2|MyPasswordIsPeePee|2|1566\n|teamsize|p1|6\n|teamsize|p2|6\n|gen|8\n|tier|[Gen 8] Random Battle\n|rated|\n|rule|Species Clause: Limit one of each Pok\u00e9mon\n|rule|HP Percentage Mod: HP is shown in percentages\n|rule|Sleep Clause Mod: Limit one foe put to sleep\n|\n|t:|1685287796\n|start\n|switch|p1a: Necrozma|Necrozma-Dusk-Mane, L67|241/241\n|switch|p2a: Spiritomb|Spiritomb, L88, F|231/231\n|turn|1\n|\n|t:|1685287811\n|switch|p1a: Azumarill|Azumarill, L84, M|305/305\n|move|p2a: Spiritomb|Poltergeist|p1a: Azumarill|[miss]\n|-miss|p2a: Spiritomb|p1a: Azumarill\n|\n|upkeep\n|turn|2\n|\n|t:|1685287818\n|switch|p2a: Solgaleo|Solgaleo, L72|316/316\n|move|p1a: Azumarill|Play Rough|p2a: Solgaleo\n|-resisted|p2a: Solgaleo\n|-damage|p2a: Solgaleo|235/316\n|\n|upkeep\n|turn|3\n|inactive|Battle timer is ON: inactive players will automatically lose when time's up. (requested by atrjhryjfszdh)\n|\n|t:|1685287828\n|switch|p1a: Scrafty|Scrafty, L82, F|241/241\n|-ability|p1a: Scrafty|Intimidate|boost\n|-fail|p2a: Solgaleo|unboost|[from] ability: Full Metal Body|[of] p2a: Solgaleo\n|move|p2a: Solgaleo|Knock Off|p1a: Scrafty\n|-resisted|p1a: Scrafty\n|-damage|p1a: Scrafty|227/241\n|-enditem|p1a: Scrafty|Lum Berry|[from] move: Knock Off|[of] p2a: Solgaleo\n|\n|upkeep\n|turn|4\n|\n|t:|1685287834\n|switch|p2a: Toxicroak|Toxicroak, L84, M|277/277\n|move|p1a: Scrafty|Knock Off|p2a: Toxicroak\n|-resisted|p2a: Toxicroak\n|-damage|p2a: Toxicroak|218/277\n|-enditem|p2a: Toxicroak|Life Orb|[from] move: Knock Off|[of] p1a: Scrafty\n|\n|upkeep\n|turn|5\n|\n|t:|1685287848\n|switch|p1a: Necrozma|Necrozma-Dusk-Mane, L67|241/241\n|move|p2a: Toxicroak|Swords Dance|p2a: Toxicroak\n|-boost|p2a: Toxicroak|atk|2\n|\n|upkeep\n|turn|6\n|\n|t:|1685287854\n|move|p2a: Toxicroak|Knock Off|p1a: Necrozma\n|-supereffective|p1a: Necrozma\n|-damage|p1a: Necrozma|42/241\n|-enditem|p1a: Necrozma|Weakness Policy\n|-boost|p1a: Necrozma|atk|2|[from] item: Weakness Policy\n|-boost|p1a: Necrozma|spa|2|[from] item: Weakness Policy\n|move|p1a: Necrozma|Earthquake|p2a: Toxicroak\n|-supereffective|p2a: Toxicroak\n|-damage|p2a: Toxicroak|0 fnt\n|faint|p2a: Toxicroak\n|\n|upkeep\n|inactive|MyPasswordIsPeePee has 120 seconds left.\n|\n|t:|1685287891\n|switch|p2a: Gengar|Gengar, L80, F|227/227\n|turn|7\n|\n|t:|1685287899\n|move|p2a: Gengar|Shadow Ball|p1a: Necrozma\n|-supereffective|p1a: Necrozma\n|-damage|p1a: Necrozma|0 fnt\n|faint|p1a: Necrozma\n|-damage|p2a: Gengar|205/227|[from] item: Life Orb\n|\n|upkeep\n|\n|t:|1685287910\n|switch|p1a: Kyurem|Kyurem, L80|331/331\n|-ability|p1a: Kyurem|Pressure\n|turn|8\n|\n|t:|1685287917\n|move|p2a: Gengar|Focus Blast|p1a: Kyurem\n|-supereffective|p1a: Kyurem\n|-damage|p1a: Kyurem|61/331\n|-damage|p2a: Gengar|183/227|[from] item: Life Orb\n|move|p1a: Kyurem|Earth Power|p2a: Gengar\n|-supereffective|p2a: Gengar\n|-damage|p2a: Gengar|0 fnt\n|faint|p2a: Gengar\n|\n|upkeep\n|\n|t:|1685287923\n|switch|p2a: Solgaleo|Solgaleo, L72|235/316\n|turn|9\n|\n|t:|1685287929\n|move|p2a: Solgaleo|Sunsteel Strike|p1a: Kyurem\n|-supereffective|p1a: Kyurem\n|-damage|p1a: Kyurem|0 fnt\n|faint|p1a: Kyurem\n|\n|upkeep\n|\n|t:|1685287935\n|switch|p1a: Magnezone|Magnezone, L84|255/255\n|turn|10\n|\n|t:|1685287940\n|-start|p2a: Solgaleo|Dynamax|\n|-heal|p2a: Solgaleo|470/632|[silent]\n|move|p2a: Solgaleo|Max Flare|p1a: Magnezone\n|-supereffective|p1a: Magnezone\n|-damage|p1a: Magnezone|103/255\n|-weather|SunnyDay\n|move|p1a: Magnezone|Thunderbolt|p2a: Solgaleo\n|-damage|p2a: Solgaleo|329/632\n|\n|-weather|SunnyDay|[upkeep]\n|upkeep\n|turn|11\n|\n|t:|1685287956\n|switch|p1a: Azumarill|Azumarill, L84, M|305/305\n|move|p2a: Solgaleo|Max Steelspike|p1a: Azumarill\n|-damage|p1a: Azumarill|151/305\n|-boost|p2a: Solgaleo|def|1\n|\n|-weather|SunnyDay|[upkeep]\n|upkeep\n|turn|12\n|\n|t:|1685287967\n|switch|p1a: Magnezone|Magnezone, L84|103/255\n|move|p2a: Solgaleo|Max Flare|p1a: Magnezone\n|-supereffective|p1a: Magnezone\n|-damage|p1a: Magnezone|0 fnt\n|faint|p1a: Magnezone\n|\n|-weather|SunnyDay|[upkeep]\n|upkeep\n|c|\u2606MyPasswordIsPeePee|:)\n|\n|t:|1685287977\n|switch|p1a: Toxicroak|Toxicroak, L84, M|277/277\n|-end|p2a: Solgaleo|Dynamax\n|-heal|p2a: Solgaleo|165/316|[silent]\n|turn|13\n|\n|t:|1685287984\n|move|p2a: Solgaleo|Sunsteel Strike|p1a: Toxicroak\n|-damage|p1a: Toxicroak|156/277\n|move|p1a: Toxicroak|Knock Off|p2a: Solgaleo\n|-supereffective|p2a: Solgaleo\n|-damage|p2a: Solgaleo|35/316\n|-enditem|p2a: Solgaleo|Choice Scarf|[from] move: Knock Off|[of] p1a: Toxicroak\n|-damage|p1a: Toxicroak|129/277|[from] item: Life Orb\n|\n|-weather|SunnyDay|[upkeep]\n|-damage|p1a: Toxicroak|95/277|[from] ability: Dry Skin|[of] p1a: Toxicroak\n|upkeep\n|turn|14\n|\n|t:|1685288004\n|move|p1a: Toxicroak|Drain Punch|p2a: Solgaleo\n|-damage|p2a: Solgaleo|0 fnt\n|-heal|p1a: Toxicroak|113/277|[from] drain|[of] p2a: Solgaleo\n|faint|p2a: Solgaleo\n|-damage|p1a: Toxicroak|86/277|[from] item: Life Orb\n|\n|-weather|none\n|upkeep\n|\n|t:|1685288011\n|switch|p2a: Porygon2|Porygon2, L82|274/274\n|-ability|p2a: Porygon2|Dry Skin|[from] ability: Trace|[of] p1a: Toxicroak\n|turn|15\n|\n|t:|1685288016\n|switch|p2a: Spiritomb|Spiritomb, L88, F|231/231\n|move|p1a: Toxicroak|Drain Punch|p2a: Spiritomb\n|-immune|p2a: Spiritomb\n|\n|upkeep\n|turn|16\n|\n|t:|1685288029\n|switch|p1a: Scrafty|Scrafty, L82, F|227/241\n|-ability|p1a: Scrafty|Intimidate|boost\n|-unboost|p2a: Spiritomb|atk|1\n|switch|p2a: Mr. Rime|Mr. Rime, L86, M|278/278\n|\n|upkeep\n|turn|17\n|\n|t:|1685288033\n|move|p2a: Mr. Rime|Focus Blast|p1a: Scrafty\n|-supereffective|p1a: Scrafty\n|-damage|p1a: Scrafty|63/241\n|move|p1a: Scrafty|Knock Off|p2a: Mr. Rime\n|-supereffective|p2a: Mr. Rime\n|-damage|p2a: Mr. Rime|92/278\n|-enditem|p2a: Mr. Rime|Heavy-Duty Boots|[from] move: Knock Off|[of] p1a: Scrafty\n|\n|upkeep\n|turn|18\n|\n|t:|1685288040\n|move|p2a: Mr. Rime|Freeze-Dry|p1a: Scrafty\n|-damage|p1a: Scrafty|0 fnt\n|faint|p1a: Scrafty\n|\n|upkeep\n|\n|t:|1685288045\n|switch|p1a: Toxicroak|Toxicroak, L84, M|86/277\n|turn|19\n|\n|t:|1685288053\n|move|p1a: Toxicroak|Knock Off|p2a: Mr. Rime\n|-supereffective|p2a: Mr. Rime\n|-damage|p2a: Mr. Rime|0 fnt\n|faint|p2a: Mr. Rime\n|-damage|p1a: Toxicroak|59/277|[from] item: Life Orb\n|\n|upkeep\n|\n|t:|1685288058\n|switch|p2a: Spiritomb|Spiritomb, L88, F|231/231\n|turn|20\n|\n|t:|1685288063\n|move|p1a: Toxicroak|Gunk Shot|p2a: Spiritomb\n|-resisted|p2a: Spiritomb\n|-damage|p2a: Spiritomb|153/231\n|-status|p2a: Spiritomb|psn\n|-damage|p1a: Toxicroak|32/277|[from] item: Life Orb\n|move|p2a: Spiritomb|Poltergeist|p1a: Toxicroak\n|-activate|p1a: Toxicroak|move: Poltergeist|Life Orb\n|-damage|p1a: Toxicroak|0 fnt\n|faint|p1a: Toxicroak\n|\n|-damage|p2a: Spiritomb|125/231 psn|[from] psn\n|upkeep\n|\n|t:|1685288067\n|switch|p1a: Azumarill|Azumarill, L84, M|151/305\n|turn|21\n|\n|t:|1685288071\n|-start|p1a: Azumarill|Dynamax|\n|-heal|p1a: Azumarill|302/610|[silent]\n|move|p1a: Azumarill|Max Starfall|p2a: Spiritomb\n|-supereffective|p2a: Spiritomb\n|-damage|p2a: Spiritomb|0 fnt\n|-fieldstart|move: Misty Terrain\n|faint|p2a: Spiritomb\n|\n|upkeep\n|\n|t:|1685288074\n|switch|p2a: Porygon2|Porygon2, L82|274/274\n|-ability|p2a: Porygon2|Huge Power|[from] ability: Trace|[of] p1a: Azumarill\n|turn|22\n|\n|t:|1685288077\n|move|p2a: Porygon2|Discharge|p1a: Azumarill\n|-supereffective|p1a: Azumarill\n|-damage|p1a: Azumarill|172/610\n|move|p1a: Azumarill|Max Geyser|p2a: Porygon2\n|-damage|p2a: Porygon2|157/274\n|-weather|RainDance\n|\n|-weather|RainDance|[upkeep]\n|upkeep\n|turn|23\n|\n|t:|1685288088\n|move|p2a: Porygon2|Recover|p2a: Porygon2\n|-heal|p2a: Porygon2|274/274\n|move|p1a: Azumarill|Max Geyser|p2a: Porygon2\n|-damage|p2a: Porygon2|114/274\n|\n|-weather|RainDance|[upkeep]\n|upkeep\n|-end|p1a: Azumarill|Dynamax\n|-heal|p1a: Azumarill|86/305|[silent]\n|turn|24\n|\n|t:|1685288095\n|move|p2a: Porygon2|Recover|p2a: Porygon2\n|-heal|p2a: Porygon2|251/274\n|move|p1a: Azumarill|Liquidation|p2a: Porygon2\n|-damage|p2a: Porygon2|70/274\n|\n|-weather|RainDance|[upkeep]\n|upkeep\n|turn|25\n|\n|t:|1685288097\n|move|p2a: Porygon2|Discharge|p1a: Azumarill\n|-supereffective|p1a: Azumarill\n|-damage|p1a: Azumarill|0 fnt\n|faint|p1a: Azumarill\n|\n|win|MyPasswordIsPeePee\n|raw|atrjhryjfszdh's rating: 1337 &rarr; <strong>1329</strong><br />(-8 for losing)\n|raw|MyPasswordIsPeePee's rating: 1566 &rarr; <strong>1574</strong><br />(+8 for winning)\n|l|\u2606atrjhryjfszdh\n|c|\u2606MyPasswordIsPeePee|Ggs\n", "inputlog": ">version d74822bbc74c095aa312053f7034baee3068d99e\n>start {\"formatid\":\"gen8randombattle\",\"seed\":[14910,37014,34813,50757],\"rated\":\"Rated battle\"}\n>player p1 {\"name\":\"atrjhryjfszdh\",\"avatar\":\"169\",\"rating\":1337,\"seed\":[60739,57717,2589,1345]}\n>player p2 {\"name\":\"MyPasswordIsPeePee\",\"avatar\":\"2\",\"rating\":1566,\"seed\":[61025,23415,52686,28776]}\n>p1 switch 5\n>p2 move poltergeist\n>p1 move playrough\n>p2 switch 5\n>p1 switch 3\n>p2 move knockoff\n>p1 move knockoff\n>p2 switch 6\n>p1 switch 5\n>p2 move swordsdance\n>p1 move earthquake\n>p2 move knockoff\n>p2 switch 2\n>p1 move morningsun\n>p2 move shadowball\n>p1 switch 2\n>p1 move earthpower\n>p2 move focusblast\n>p2 switch 6\n>p1 move earthpower\n>p2 move sunsteelstrike\n>p1 switch 6\n>p1 move thunderbolt\n>p2 move flareblitz dynamax\n>p1 switch 3\n>p2 move sunsteelstrike dynamax\n>p1 switch 3\n>p2 move flareblitz dynamax\n>chat \u2606MyPasswordIsPeePee|:)\n>p1 switch 4\n>p1 move knockoff\n>p2 move sunsteelstrike\n>p1 move drainpunch\n>p2 move psychicfangs\n>p2 switch 4\n>p1 move drainpunch\n>p2 switch 5\n>p1 switch 5\n>p2 switch 3\n>p1 move knockoff\n>p2 move focusblast\n>p1 move closecombat\n>p2 move freezedry\n>p1 switch 5\n>p1 move knockoff\n>p2 move psychic\n>p2 switch 3\n>p1 move gunkshot\n>p2 move poltergeist\n>p1 switch 3\n>p1 move playrough dynamax\n>p2 move poltergeist\n>p2 switch 5\n>p1 move liquidation dynamax\n>p2 move discharge\n>p1 move liquidation dynamax\n>p2 move recover\n>p1 move liquidation\n>p2 move recover\n>p1 move liquidation\n>p2 move discharge", "uploadtime": 1685288109, "views": 5, "p1id": "atrjhryjfszdh", "p2id": "mypasswordispeepee", "formatid": "gen8randombattle", "rating": 1329, "private": 0, "password": ""}