{"id": "gen8randombattle-1871746993", "p1": "Darkrai1717", "p2": "trying_toget_tough", "format": "[Gen 8] Random Battle", "log": "|j|\u2606Darkrai1717\n|j|\u2606trying_toget_tough\n|t:|1685125788\n|gametype|singles\n|player|p1|Darkrai1717|169|1295\n|player|p2|trying_toget_tough|170|1310\n|teamsize|p1|6\n|teamsize|p2|6\n|gen|8\n|tier|[Gen 8] Random Battle\n|rated|\n|rule|Species Clause: Limit one of each Pok\u00e9mon\n|rule|HP Percentage Mod: HP is shown in percentages\n|rule|Sleep Clause Mod: Limit one foe put to sleep\n|\n|t:|1685125788\n|start\n|switch|p1a: Greedent|Greedent, L84, M|339/339\n|switch|p2a: Tornadus|Tornadus-Therian, L78, M|251/251\n|turn|1\n|\n|t:|1685125797\n|move|p2a: Tornadus|Superpower|p1a: Greedent\n|-supereffective|p1a: Greedent\n|-damage|p1a: Greedent|191/339\n|-unboost|p2a: Tornadus|atk|1\n|-unboost|p2a: Tornadus|def|1\n|move|p1a: Greedent|Swords Dance|p1a: Greedent\n|-boost|p1a: Greedent|atk|2\n|\n|upkeep\n|turn|2\n|inactive|Battle timer is ON: inactive players will automatically lose when time's up. (requested by trying_toget_tough)\n|\n|t:|1685125806\n|move|p2a: Tornadus|Knock Off|p1a: Greedent\n|-damage|p1a: Greedent|150/339\n|-enditem|p1a: Greedent|Sitrus Berry|[from] move: Knock Off|[of] p2a: Tornadus\n|move|p1a: Greedent|Swords Dance|p1a: Greedent\n|-boost|p1a: Greedent|atk|2\n|\n|upkeep\n|turn|3\n|\n|t:|1685125814\n|move|p2a: Tornadus|Superpower|p1a: Greedent\n|-supereffective|p1a: Greedent\n|-damage|p1a: Greedent|48/339\n|-unboost|p2a: Tornadus|atk|1\n|-unboost|p2a: Tornadus|def|1\n|move|p1a: Greedent|Swords Dance|p1a: Greedent\n|-boost|p1a: Greedent|atk|2\n|\n|upkeep\n|turn|4\n|\n|t:|1685125826\n|move|p2a: Tornadus|Superpower|p1a: Greedent\n|-supereffective|p1a: Greedent\n|-damage|p1a: Greedent|0 fnt\n|-unboost|p2a: Tornadus|atk|1\n|-unboost|p2a: Tornadus|def|1\n|faint|p1a: Greedent\n|\n|upkeep\n|c|\u2606trying_toget_tough|what was the goal here?\n|\n|t:|1685125839\n|switch|p1a: Lycanroc|Lycanroc, L80, M|251/251\n|turn|5\n|\n|t:|1685125844\n|switch|p2a: Quagsire|Quagsire, L84, M|297/297\n|move|p1a: Lycanroc|Accelerock|p2a: Quagsire\n|-resisted|p2a: Quagsire\n|-damage|p2a: Quagsire|267/297\n|-damage|p1a: Lycanroc|226/251|[from] item: Life Orb\n|\n|-heal|p2a: Quagsire|285/297|[from] item: Leftovers\n|upkeep\n|turn|6\n|\n|t:|1685125854\n|switch|p1a: Noivern|Noivern, L82, F|274/274\n|move|p2a: Quagsire|Scald|p1a: Noivern\n|-resisted|p1a: Noivern\n|-damage|p1a: Noivern|238/274\n|-status|p1a: Noivern|brn\n|\n|-heal|p2a: Quagsire|297/297|[from] item: Leftovers\n|-damage|p1a: Noivern|221/274 brn|[from] brn\n|upkeep\n|turn|7\n|\n|t:|1685125876\n|move|p1a: Noivern|Hurricane|p2a: Quagsire\n|-damage|p2a: Quagsire|167/297\n|-start|p2a: Quagsire|confusion\n|-activate|p2a: Quagsire|confusion\n|move|p2a: Quagsire|Scald|p1a: Noivern\n|-resisted|p1a: Noivern\n|-damage|p1a: Noivern|188/274 brn\n|\n|-heal|p2a: Quagsire|185/297|[from] item: Leftovers\n|-damage|p1a: Noivern|171/274 brn|[from] brn\n|upkeep\n|turn|8\n|\n|t:|1685125892\n|move|p1a: Noivern|Hurricane|p2a: Quagsire\n|-damage|p2a: Quagsire|41/297\n|-activate|p2a: Quagsire|confusion\n|move|p2a: Quagsire|Recover|p2a: Quagsire\n|-heal|p2a: Quagsire|190/297\n|\n|-heal|p2a: Quagsire|208/297|[from] item: Leftovers\n|-damage|p1a: Noivern|154/274 brn|[from] brn\n|upkeep\n|turn|9\n|\n|t:|1685125900\n|move|p1a: Noivern|Roost|p1a: Noivern\n|-heal|p1a: Noivern|274/274 brn\n|-singleturn|p1a: Noivern|move: Roost\n|-activate|p2a: Quagsire|confusion\n|move|p2a: Quagsire|Recover|p2a: Quagsire\n|-heal|p2a: Quagsire|297/297\n|\n|-damage|p1a: Noivern|257/274 brn|[from] brn\n|upkeep\n|turn|10\n|\n|t:|1685125913\n|switch|p2a: Aromatisse|Aromatisse, L88, F|321/321\n|move|p1a: Noivern|Hurricane|p2a: Aromatisse|[miss]\n|-miss|p1a: Noivern|p2a: Aromatisse\n|\n|-damage|p1a: Noivern|240/274 brn|[from] brn\n|upkeep\n|turn|11\n|\n|t:|1685125925\n|switch|p1a: Roserade|Roserade, L84, F|238/238\n|move|p2a: Aromatisse|Calm Mind|p2a: Aromatisse\n|-boost|p2a: Aromatisse|spa|1\n|-boost|p2a: Aromatisse|spd|1\n|\n|upkeep\n|turn|12\n|\n|t:|1685125937\n|switch|p2a: Slowking|Slowking-Galar, L84, F|297/297\n|move|p1a: Roserade|Sleep Powder|p2a: Slowking|[miss]\n|-miss|p1a: Roserade|p2a: Slowking\n|\n|upkeep\n|turn|13\n|\n|t:|1685125944\n|move|p1a: Roserade|Sleep Powder|p2a: Slowking\n|-status|p2a: Slowking|slp|[from] move: Sleep Powder\n|cant|p2a: Slowking|slp\n|\n|upkeep\n|turn|14\n|\n|t:|1685125959\n|switch|p1a: Noivern|Noivern, L82, F|240/274 brn\n|switch|p2a: Reuniclus|Reuniclus, L84, F|322/322\n|\n|-damage|p1a: Noivern|223/274 brn|[from] brn\n|upkeep\n|turn|15\n|\n|t:|1685125968\n|move|p1a: Noivern|Hurricane|p2a: Reuniclus\n|-damage|p2a: Reuniclus|207/322\n|move|p2a: Reuniclus|Trick Room|p2a: Reuniclus\n|-fieldstart|move: Trick Room|[of] p2a: Reuniclus\n|\n|-damage|p1a: Noivern|206/274 brn|[from] brn\n|upkeep\n|turn|16\n|\n|t:|1685125979\n|move|p2a: Reuniclus|Psychic|p1a: Noivern\n|-damage|p1a: Noivern|42/274 brn\n|-unboost|p1a: Noivern|spd|1\n|move|p1a: Noivern|Draco Meteor|p2a: Reuniclus\n|-damage|p2a: Reuniclus|65/322\n|-unboost|p1a: Noivern|spa|2\n|\n|-damage|p1a: Noivern|25/274 brn|[from] brn\n|upkeep\n|turn|17\n|inactive|Darkrai1717 has 120 seconds left.\n|\n|t:|1685126007\n|switch|p1a: Roserade|Roserade, L84, F|238/238\n|move|p2a: Reuniclus|Recover|p2a: Reuniclus\n|-heal|p2a: Reuniclus|226/322\n|\n|upkeep\n|turn|18\n|\n|t:|1685126013\n|move|p2a: Reuniclus|Psychic|p1a: Roserade\n|-supereffective|p1a: Roserade\n|-damage|p1a: Roserade|0 fnt\n|faint|p1a: Roserade\n|\n|upkeep\n|\n|t:|1685126018\n|switch|p1a: Lycanroc|Lycanroc, L80, M|226/251\n|turn|19\n|\n|t:|1685126023\n|move|p2a: Reuniclus|Focus Blast|p1a: Lycanroc\n|-supereffective|p1a: Lycanroc\n|-damage|p1a: Lycanroc|0 fnt\n|faint|p1a: Lycanroc\n|\n|-fieldend|move: Trick Room\n|upkeep\n|\n|t:|1685126028\n|switch|p1a: Flygon|Flygon, L80, F|259/259\n|turn|20\n|\n|t:|1685126036\n|move|p1a: Flygon|Dragon Dance|p1a: Flygon\n|-boost|p1a: Flygon|atk|1\n|-boost|p1a: Flygon|spe|1\n|move|p2a: Reuniclus|Trick Room|p2a: Reuniclus\n|-fieldstart|move: Trick Room|[of] p2a: Reuniclus\n|\n|upkeep\n|turn|21\n|\n|t:|1685126044\n|move|p2a: Reuniclus|Psychic|p1a: Flygon\n|-crit|p1a: Flygon\n|-damage|p1a: Flygon|0 fnt\n|faint|p1a: Flygon\n|\n|upkeep\n|\n|t:|1685126051\n|switch|p1a: Volcarona|Volcarona, L76, F|254/254\n|turn|22\n|\n|t:|1685126063\n|switch|p2a: Quagsire|Quagsire, L84, M|297/297\n|move|p1a: Volcarona|Quiver Dance|p1a: Volcarona\n|-boost|p1a: Volcarona|spa|1\n|-boost|p1a: Volcarona|spd|1\n|-boost|p1a: Volcarona|spe|1\n|\n|upkeep\n|turn|23\n|\n|t:|1685126078\n|move|p2a: Quagsire|Earthquake|p1a: Volcarona\n|-damage|p1a: Volcarona|133/254\n|move|p1a: Volcarona|Bug Buzz|p2a: Quagsire\n|-damage|p2a: Quagsire|174/297\n|\n|-heal|p2a: Quagsire|192/297|[from] item: Leftovers\n|upkeep\n|turn|24\n|\n|t:|1685126090\n|move|p2a: Quagsire|Toxic|p1a: Volcarona\n|-status|p1a: Volcarona|tox\n|move|p1a: Volcarona|Bug Buzz|p2a: Quagsire\n|-damage|p2a: Quagsire|54/297\n|\n|-heal|p2a: Quagsire|72/297|[from] item: Leftovers\n|-damage|p1a: Volcarona|118/254 tox|[from] psn\n|-fieldend|move: Trick Room\n|upkeep\n|turn|25\n|\n|t:|1685126099\n|move|p1a: Volcarona|Bug Buzz|p2a: Quagsire\n|-damage|p2a: Quagsire|0 fnt\n|faint|p2a: Quagsire\n|\n|-damage|p1a: Volcarona|88/254 tox|[from] psn\n|upkeep\n|\n|t:|1685126112\n|switch|p2a: Tornadus|Tornadus-Therian, L78, M|251/251\n|turn|26\n|\n|t:|1685126122\n|-start|p2a: Tornadus|Dynamax|\n|-heal|p2a: Tornadus|502/502|[silent]\n|move|p1a: Volcarona|Fire Blast|p2a: Tornadus\n|-damage|p2a: Tornadus|370/502\n|move|p2a: Tornadus|Max Airstream|p1a: Volcarona\n|-supereffective|p1a: Volcarona\n|-crit|p1a: Volcarona\n|-damage|p1a: Volcarona|0 fnt\n|-boost|p2a: Tornadus|spe|1\n|faint|p1a: Volcarona\n|\n|upkeep\n|\n|t:|1685126134\n|switch|p1a: Noivern|Noivern, L82, F|25/274 brn\n|turn|27\n|\n|t:|1685126142\n|move|p2a: Tornadus|Max Airstream|p1a: Noivern\n|-damage|p1a: Noivern|0 fnt\n|-boost|p2a: Tornadus|spe|1\n|faint|p1a: Noivern\n|\n|win|trying_toget_tough\n|raw|Darkrai1717's rating: 1295 &rarr; <strong>1271</strong><br />(-24 for losing)\n|raw|trying_toget_tough's rating: 1310 &rarr; <strong>1329</strong><br />(+19 for winning)\n", "inputlog": ">version 61c68e60481ef09071210320730fc448fef50368\n>start {\"formatid\":\"gen8randombattle\",\"seed\":[61702,12864,63703,10959],\"rated\":\"Rated battle\"}\n>player p1 {\"name\":\"Darkrai1717\",\"avatar\":\"169\",\"rating\":1295,\"seed\":[36622,41632,65102,34354]}\n>player p2 {\"name\":\"trying_toget_tough\",\"avatar\":\"170\",\"rating\":1310,\"seed\":[3313,9344,20608,9322]}\n>p1 move swordsdance\n>p2 move superpower\n>p1 move swordsdance\n>p2 move knockoff\n>p1 move swordsdance\n>p2 move superpower\n>p1 move bodyslam\n>p2 move superpower\n>chat \u2606trying_toget_tough|what was the goal here?\n>p1 switch 5\n>p1 move accelerock\n>p2 switch 3\n>p1 switch 3\n>p2 move scald\n>p1 move hurricane\n>p2 move scald\n>p1 move hurricane\n>p2 move recover\n>p1 move roost\n>p2 move recover\n>p1 move hurricane\n>p2 switch 6\n>p1 switch 6\n>p2 move calmmind\n>p1 move sleeppowder\n>p2 switch 4\n>p1 move sleeppowder\n>p2 move psyshock\n>p1 switch 6\n>p2 switch 2\n>p1 move hurricane\n>p2 move trickroom\n>p1 move dracometeor\n>p2 move psychic\n>p1 switch 6\n>p2 move recover\n>p1 move sleeppowder\n>p2 move psychic\n>p1 switch 3\n>p1 move swordsdance\n>p2 move focusblast\n>p1 switch 2\n>p1 move dragondance\n>p2 move trickroom\n>p1 move earthquake\n>p2 move psychic\n>p1 switch 4\n>p1 move quiverdance\n>p2 switch 6\n>p1 move bugbuzz\n>p2 move earthquake\n>p1 move bugbuzz\n>p2 move toxic\n>p1 move bugbuzz\n>p2 move scald\n>p2 switch 3\n>p1 move fireblast\n>p2 move hurricane dynamax\n>p1 switch 6\n>p1 move roost\n>p2 move hurricane dynamax", "uploadtime": 1685126151, "views": 4, "p1id": "darkrai1717", "p2id": "tryingtogettough", "formatid": "gen8randombattle", "rating": 1271, "private": 0, "password": ""}