{"id": "gen8randombattle-1862042337", "p1": "rafalotee", "p2": "Baltany", "format": "[Gen 8] Random Battle", "log": "|j|\u2606rafalotee\n|j|\u2606Baltany\n|t:|1683831391\n|gametype|singles\n|player|p1|rafalotee|266|\n|player|p2|Baltany|psychic-gen4|\n|teamsize|p1|6\n|teamsize|p2|6\n|gen|8\n|tier|[Gen 8] Random Battle\n|rule|Species Clause: Limit one of each Pok\u00e9mon\n|rule|HP Percentage Mod: HP is shown in percentages\n|rule|Sleep Clause Mod: Limit one foe put to sleep\n|\n|t:|1683831391\n|start\n|switch|p1a: Flareon|Flareon, L86, M|251/251\n|switch|p2a: Accelgor|Accelgor, L86, M|278/278\n|turn|1\n|c|\u2606Baltany|gg\n|\n|t:|1683831410\n|move|p2a: Accelgor|Yawn|p1a: Flareon\n|-start|p1a: Flareon|move: Yawn|[of] p2a: Accelgor\n|move|p1a: Flareon|Superpower|p2a: Accelgor\n|-resisted|p2a: Accelgor\n|-damage|p2a: Accelgor|178/278\n|-unboost|p1a: Flareon|atk|1\n|-unboost|p1a: Flareon|def|1\n|\n|-status|p1a: Flareon|tox|[from] item: Toxic Orb\n|upkeep\n|turn|2\n|\n|t:|1683831440\n|switch|p2a: Weezing|Weezing-Galar, L86, M|252/252\n|-start|p1a: Flareon|Dynamax|\n|-heal|p1a: Flareon|502/502 tox|[silent]\n|move|p1a: Flareon|Max Flare|p2a: Weezing\n|-damage|p2a: Weezing|105/252\n|-weather|SunnyDay\n|\n|-weather|SunnyDay|[upkeep]\n|-heal|p2a: Weezing|120/252|[from] item: Black Sludge\n|-damage|p1a: Flareon|487/502 tox|[from] psn\n|-end|p1a: Flareon|move: Yawn|[silent]\n|upkeep\n|turn|3\n|\n|t:|1683831459\n|move|p1a: Flareon|Max Flare|p2a: Weezing\n|-damage|p2a: Weezing|0 fnt\n|faint|p2a: Weezing\n|\n|-weather|SunnyDay|[upkeep]\n|-damage|p1a: Flareon|457/502 tox|[from] psn\n|upkeep\n|\n|t:|1683831487\n|switch|p2a: Hitmonlee|Hitmonlee, L84, M|221/221\n|turn|4\n|\n|t:|1683831495\n|move|p2a: Hitmonlee|Stone Edge|p1a: Flareon|[miss]\n|-miss|p2a: Hitmonlee|p1a: Flareon\n|move|p1a: Flareon|Max Knuckle|p2a: Hitmonlee\n|-damage|p2a: Hitmonlee|88/221\n|-boost|p1a: Flareon|atk|1\n|\n|-weather|SunnyDay|[upkeep]\n|-damage|p1a: Flareon|412/502 tox|[from] psn\n|upkeep\n|-end|p1a: Flareon|Dynamax\n|-heal|p1a: Flareon|206/251 tox|[silent]\n|turn|5\n|\n|t:|1683831507\n|move|p2a: Hitmonlee|Stone Edge|p1a: Flareon\n|-supereffective|p1a: Flareon\n|-damage|p1a: Flareon|0 fnt\n|faint|p1a: Flareon\n|\n|-weather|SunnyDay|[upkeep]\n|upkeep\n|\n|t:|1683831529\n|switch|p1a: Toxtricity|Toxtricity-Low-Key, L82, F|257/257\n|turn|6\n|\n|t:|1683831557\n|move|p1a: Toxtricity|Volt Switch|p2a: Hitmonlee\n|-damage|p2a: Hitmonlee|22/221\n|\n|t:|1683831565\n|switch|p1a: Raichu|Raichu-Alola, L84, M|238/238|[from] Volt Switch\n|move|p2a: Hitmonlee|Knock Off|p1a: Raichu\n|-supereffective|p1a: Raichu\n|-damage|p1a: Raichu|10/238\n|-enditem|p1a: Raichu|Life Orb|[from] move: Knock Off|[of] p2a: Hitmonlee\n|\n|-weather|none\n|upkeep\n|turn|7\n|\n|t:|1683831575\n|move|p1a: Raichu|Focus Blast|p2a: Hitmonlee|[miss]\n|-miss|p1a: Raichu|p2a: Hitmonlee\n|move|p2a: Hitmonlee|Stone Edge|p1a: Raichu\n|-damage|p1a: Raichu|0 fnt\n|faint|p1a: Raichu\n|\n|upkeep\n|\n|t:|1683831582\n|switch|p1a: Toxtricity|Toxtricity-Low-Key, L82, F|257/257\n|turn|8\n|\n|t:|1683831589\n|move|p1a: Toxtricity|Volt Switch|p2a: Hitmonlee\n|-damage|p2a: Hitmonlee|0 fnt\n|faint|p2a: Hitmonlee\n|\n|t:|1683831595\n|switch|p1a: Landorus|Landorus, L76, M|260/260|[from] Volt Switch\n|\n|upkeep\n|\n|t:|1683831604\n|switch|p2a: Accelgor|Accelgor, L86, M|178/278\n|turn|9\n|\n|t:|1683831613\n|move|p2a: Accelgor|Yawn|p1a: Landorus\n|-start|p1a: Landorus|move: Yawn|[of] p2a: Accelgor\n|move|p1a: Landorus|Rock Slide|p2a: Accelgor\n|-supereffective|p2a: Accelgor\n|-damage|p2a: Accelgor|0 fnt\n|faint|p2a: Accelgor\n|\n|upkeep\n|\n|t:|1683831625\n|switch|p2a: Mewtwo|Mewtwo, L72|272/272\n|-ability|p2a: Mewtwo|Unnerve\n|turn|10\n|\n|t:|1683831636\n|move|p2a: Mewtwo|Nasty Plot|p2a: Mewtwo\n|-boost|p2a: Mewtwo|spa|2\n|move|p1a: Landorus|Focus Blast|p2a: Mewtwo\n|-resisted|p2a: Mewtwo\n|-damage|p2a: Mewtwo|193/272\n|\n|-heal|p2a: Mewtwo|210/272|[from] item: Leftovers\n|-end|p1a: Landorus|move: Yawn|[silent]\n|-status|p1a: Landorus|slp\n|upkeep\n|turn|11\n|\n|t:|1683831645\n|move|p2a: Mewtwo|Nasty Plot|p2a: Mewtwo\n|-boost|p2a: Mewtwo|spa|2\n|cant|p1a: Landorus|slp\n|\n|-heal|p2a: Mewtwo|227/272|[from] item: Leftovers\n|upkeep\n|turn|12\n|\n|t:|1683831654\n|move|p2a: Mewtwo|Psystrike|p1a: Landorus\n|-crit|p1a: Landorus\n|-damage|p1a: Landorus|0 fnt\n|faint|p1a: Landorus\n|\n|-heal|p2a: Mewtwo|244/272|[from] item: Leftovers\n|upkeep\n|\n|t:|1683831657\n|switch|p1a: Tapu Bulu|Tapu Bulu, L82|249/249\n|-fieldstart|move: Grassy Terrain|[from] ability: Grassy Surge|[of] p1a: Tapu Bulu\n|turn|13\n|\n|t:|1683831665\n|-start|p2a: Mewtwo|Dynamax|\n|-heal|p2a: Mewtwo|488/544|[silent]\n|move|p2a: Mewtwo|Max Flare|p1a: Tapu Bulu\n|-supereffective|p1a: Tapu Bulu\n|-damage|p1a: Tapu Bulu|0 fnt\n|-weather|SunnyDay\n|faint|p1a: Tapu Bulu\n|\n|-weather|SunnyDay|[upkeep]\n|-heal|p2a: Mewtwo|505/544|[from] Grassy Terrain\n|-heal|p2a: Mewtwo|522/544|[from] item: Leftovers\n|upkeep\n|\n|t:|1683831670\n|switch|p1a: Toxtricity|Toxtricity-Low-Key, L82, F|257/257\n|turn|14\n|\n|t:|1683831678\n|move|p1a: Toxtricity|Volt Switch|p2a: Mewtwo\n|-damage|p2a: Mewtwo|438/544\n|\n|t:|1683831683\n|switch|p1a: Appletun|Appletun, L90, M|344/344|[from] Volt Switch\n|move|p2a: Mewtwo|Max Mindstorm|p1a: Appletun\n|-damage|p1a: Appletun|0 fnt\n|-fieldstart|move: Psychic Terrain\n|faint|p1a: Appletun\n|\n|-weather|SunnyDay|[upkeep]\n|-heal|p2a: Mewtwo|455/544|[from] item: Leftovers\n|upkeep\n|c|\u2606Baltany|gg\n|\n|t:|1683831692\n|switch|p1a: Toxtricity|Toxtricity-Low-Key, L82, F|257/257\n|turn|15\n|\n|t:|1683831701\n|move|p1a: Toxtricity|Overdrive|p2a: Mewtwo\n|-damage|p2a: Mewtwo|313/544\n|move|p2a: Mewtwo|Max Mindstorm|p1a: Toxtricity\n|-supereffective|p1a: Toxtricity\n|-damage|p1a: Toxtricity|0 fnt\n|faint|p1a: Toxtricity\n|\n|win|Baltany\n", "inputlog": ">version bce759c5f189753f4322d11c9e5aa78bbe1b1bf9\n>start {\"formatid\":\"gen8randombattle\",\"seed\":[2110,54383,5611,28532]}\n>player p1 {\"name\":\"rafalotee\",\"avatar\":\"266\",\"rating\":0,\"seed\":[32701,14342,21122,53424]}\n>player p2 {\"name\":\"Baltany\",\"avatar\":\"psychic-gen4\",\"rating\":0,\"seed\":[53946,51629,19520,27729]}\n>chat \u2606Baltany|gg\n>p1 move superpower\n>p2 move yawn\n>p1 move flareblitz dynamax\n>p2 switch 4\n>p1 move flareblitz dynamax\n>p2 move sludgebomb\n>p2 switch 2\n>p1 move superpower dynamax\n>p2 move stoneedge\n>p1 move superpower\n>p2 move stoneedge\n>p1 switch 4\n>p1 move voltswitch\n>p2 move knockoff\n>p1 switch 3\n>p1 move focusblast\n>p2 move stoneedge\n>p1 switch 3\n>p1 move voltswitch\n>p2 move curse\n>p1 switch 2\n>p2 switch 4\n>p1 move rockslide\n>p2 move yawn\n>p2 switch 5\n>p1 move focusblast\n>p2 move nastyplot\n>p1 move earthpower\n>p2 move nastyplot\n>p1 move focusblast\n>p2 move psystrike\n>p1 switch 5\n>p1 move stoneedge\n>p2 move fireblast dynamax\n>p1 switch 2\n>p1 move voltswitch\n>p2 move psystrike dynamax\n>p1 switch 6\n>chat \u2606Baltany|gg\n>p1 switch 6\n>p1 move overdrive\n>p2 move psystrike dynamax", "uploadtime": 1683831762, "views": 11, "p1id": "rafalotee", "p2id": "baltany", "formatid": "gen8randombattle", "rating": 0, "private": 0, "password": ""}