{"id": "gen8randombattle-1862092716", "p1": "lauda Mera", "p2": "N0VAgenesis", "format": "[Gen 8] Random Battle", "log": "|j|\u2606lauda Mera\n|j|\u2606N0VAgenesis\n|t:|1683836202\n|gametype|singles\n|player|p1|lauda Mera|hilbert-wonderlauncher|1474\n|player|p2|N0VAgenesis|ingo|1483\n|teamsize|p1|6\n|teamsize|p2|6\n|gen|8\n|tier|[Gen 8] Random Battle\n|rated|\n|rule|Species Clause: Limit one of each Pok\u00e9mon\n|rule|HP Percentage Mod: HP is shown in percentages\n|rule|Sleep Clause Mod: Limit one foe put to sleep\n|\n|t:|1683836202\n|start\n|switch|p1a: Glalie|Glalie, L80, M|259/259\n|switch|p2a: Mantine|Mantine, L86, M|286/286\n|turn|1\n|inactive|Battle timer is ON: inactive players will automatically lose when time's up. (requested by lauda Mera)\n|\n|t:|1683836230\n|switch|p2a: Toxtricity|Toxtricity, L82, M|257/257\n|move|p1a: Glalie|Substitute|p1a: Glalie\n|-start|p1a: Glalie|Substitute\n|-damage|p1a: Glalie|195/259\n|\n|-heal|p1a: Glalie|211/259|[from] item: Leftovers\n|-ability|p1a: Glalie|Moody|boost\n|-boost|p1a: Glalie|def|2\n|-unboost|p1a: Glalie|atk|1\n|upkeep\n|turn|2\n|\n|t:|1683836239\n|move|p1a: Glalie|Protect|p1a: Glalie\n|-singleturn|p1a: Glalie|Protect\n|move|p2a: Toxtricity|Boomburst|p1a: Glalie\n|-activate|p1a: Glalie|move: Protect\n|\n|-heal|p1a: Glalie|227/259|[from] item: Leftovers\n|-ability|p1a: Glalie|Moody|boost\n|-boost|p1a: Glalie|atk|2\n|-unboost|p1a: Glalie|spa|1\n|upkeep\n|turn|3\n|\n|t:|1683836246\n|move|p1a: Glalie|Earthquake|p2a: Toxtricity\n|-supereffective|p2a: Toxtricity\n|-damage|p2a: Toxtricity|0 fnt\n|faint|p2a: Toxtricity\n|\n|-heal|p1a: Glalie|243/259|[from] item: Leftovers\n|-ability|p1a: Glalie|Moody|boost\n|-boost|p1a: Glalie|spa|2\n|-unboost|p1a: Glalie|spd|1\n|upkeep\n|\n|t:|1683836259\n|switch|p2a: Zapdos|Zapdos, L78|267/267\n|turn|4\n|\n|t:|1683836266\n|move|p1a: Glalie|Protect|p1a: Glalie\n|-singleturn|p1a: Glalie|Protect\n|move|p2a: Zapdos|Discharge|p1a: Glalie\n|-activate|p1a: Glalie|move: Protect\n|\n|-heal|p1a: Glalie|259/259|[from] item: Leftovers\n|-ability|p1a: Glalie|Moody|boost\n|-boost|p1a: Glalie|atk|2\n|-unboost|p1a: Glalie|spa|1\n|upkeep\n|turn|5\n|\n|t:|1683836280\n|move|p2a: Zapdos|Discharge|p1a: Glalie\n|-end|p1a: Glalie|Substitute\n|-damage|p2a: Zapdos|241/267|[from] item: Life Orb\n|move|p1a: Glalie|Substitute|p1a: Glalie\n|-start|p1a: Glalie|Substitute\n|-damage|p1a: Glalie|195/259\n|\n|-heal|p1a: Glalie|211/259|[from] item: Leftovers\n|-ability|p1a: Glalie|Moody|boost\n|-boost|p1a: Glalie|spa|2\n|-unboost|p1a: Glalie|def|1\n|upkeep\n|turn|6\n|\n|t:|1683836286\n|move|p1a: Glalie|Protect|p1a: Glalie\n|-singleturn|p1a: Glalie|Protect\n|move|p2a: Zapdos|Discharge|p1a: Glalie\n|-activate|p1a: Glalie|move: Protect\n|\n|-heal|p1a: Glalie|227/259|[from] item: Leftovers\n|-ability|p1a: Glalie|Moody|boost\n|-boost|p1a: Glalie|spa|2\n|-unboost|p1a: Glalie|def|1\n|upkeep\n|turn|7\n|\n|t:|1683836301\n|move|p2a: Zapdos|Discharge|p1a: Glalie\n|-end|p1a: Glalie|Substitute\n|-damage|p2a: Zapdos|215/267|[from] item: Life Orb\n|move|p1a: Glalie|Substitute|p1a: Glalie\n|-start|p1a: Glalie|Substitute\n|-damage|p1a: Glalie|163/259\n|\n|-heal|p1a: Glalie|179/259|[from] item: Leftovers\n|-ability|p1a: Glalie|Moody|boost\n|-boost|p1a: Glalie|spa|2\n|-unboost|p1a: Glalie|def|1\n|upkeep\n|turn|8\n|\n|t:|1683836307\n|move|p1a: Glalie|Protect|p1a: Glalie\n|-singleturn|p1a: Glalie|Protect\n|move|p2a: Zapdos|Discharge|p1a: Glalie\n|-activate|p1a: Glalie|move: Protect\n|\n|-heal|p1a: Glalie|195/259|[from] item: Leftovers\n|-ability|p1a: Glalie|Moody|boost\n|-boost|p1a: Glalie|atk|2\n|-unboost|p1a: Glalie|spe|1\n|upkeep\n|turn|9\n|\n|t:|1683836311\n|move|p2a: Zapdos|Discharge|p1a: Glalie\n|-end|p1a: Glalie|Substitute\n|-damage|p2a: Zapdos|189/267|[from] item: Life Orb\n|move|p1a: Glalie|Freeze-Dry|p2a: Zapdos\n|-supereffective|p2a: Zapdos\n|-damage|p2a: Zapdos|0 fnt\n|faint|p2a: Zapdos\n|\n|-heal|p1a: Glalie|211/259|[from] item: Leftovers\n|-ability|p1a: Glalie|Moody|boost\n|-boost|p1a: Glalie|spe|2\n|-unboost|p1a: Glalie|spd|1\n|upkeep\n|\n|t:|1683836320\n|switch|p2a: Genesect|Genesect, L74|227/227\n|-ability|p2a: Genesect|Download|boost\n|-boost|p2a: Genesect|spa|1\n|turn|10\n|\n|t:|1683836334\n|move|p1a: Glalie|Protect|p1a: Glalie\n|-singleturn|p1a: Glalie|Protect\n|move|p2a: Genesect|Extreme Speed|p1a: Glalie\n|-activate|p1a: Glalie|move: Protect\n|\n|-heal|p1a: Glalie|227/259|[from] item: Leftovers\n|-ability|p1a: Glalie|Moody|boost\n|-boost|p1a: Glalie|atk|1\n|-unboost|p1a: Glalie|spa|1\n|upkeep\n|turn|11\n|\n|t:|1683836338\n|move|p2a: Genesect|Extreme Speed|p1a: Glalie\n|-damage|p1a: Glalie|115/259\n|-damage|p2a: Genesect|205/227|[from] item: Life Orb\n|move|p1a: Glalie|Substitute|p1a: Glalie\n|-start|p1a: Glalie|Substitute\n|-damage|p1a: Glalie|51/259\n|\n|-heal|p1a: Glalie|67/259|[from] item: Leftovers\n|-ability|p1a: Glalie|Moody|boost\n|-boost|p1a: Glalie|spe|2\n|-unboost|p1a: Glalie|atk|1\n|upkeep\n|turn|12\n|\n|t:|1683836344\n|move|p1a: Glalie|Protect|p1a: Glalie\n|-singleturn|p1a: Glalie|Protect\n|move|p2a: Genesect|Extreme Speed|p1a: Glalie\n|-activate|p1a: Glalie|move: Protect\n|\n|-heal|p1a: Glalie|83/259|[from] item: Leftovers\n|-ability|p1a: Glalie|Moody|boost\n|-boost|p1a: Glalie|spa|1\n|-unboost|p1a: Glalie|spd|1\n|upkeep\n|turn|13\n|\n|t:|1683836359\n|move|p2a: Genesect|Extreme Speed|p1a: Glalie\n|-end|p1a: Glalie|Substitute\n|-damage|p2a: Genesect|183/227|[from] item: Life Orb\n|move|p1a: Glalie|Earthquake|p2a: Genesect\n|-damage|p2a: Genesect|0 fnt\n|faint|p2a: Genesect\n|\n|-heal|p1a: Glalie|99/259|[from] item: Leftovers\n|-ability|p1a: Glalie|Moody|boost\n|-boost|p1a: Glalie|spd|2\n|-unboost|p1a: Glalie|spa|1\n|upkeep\n|\n|t:|1683836370\n|switch|p2a: Rillaboom|Rillaboom, L78, F|284/284\n|-fieldstart|move: Grassy Terrain|[from] ability: Grassy Surge|[of] p2a: Rillaboom\n|turn|14\n|\n|t:|1683836375\n|move|p1a: Glalie|Protect|p1a: Glalie\n|-singleturn|p1a: Glalie|Protect\n|move|p2a: Rillaboom|Grassy Glide|p1a: Glalie\n|-activate|p1a: Glalie|move: Protect\n|\n|-heal|p1a: Glalie|115/259|[from] Grassy Terrain\n|-heal|p1a: Glalie|131/259|[from] item: Leftovers\n|-ability|p1a: Glalie|Moody|boost\n|-boost|p1a: Glalie|spd|2\n|-unboost|p1a: Glalie|spe|1\n|upkeep\n|turn|15\n|\n|t:|1683836382\n|move|p2a: Rillaboom|Grassy Glide|p1a: Glalie\n|-damage|p1a: Glalie|0 fnt\n|faint|p1a: Glalie\n|\n|upkeep\n|\n|t:|1683836391\n|switch|p1a: Type: Null|Type: Null, L86|304/304\n|turn|16\n|\n|t:|1683836395\n|switch|p2a: Mantine|Mantine, L86, M|286/286\n|move|p1a: Type: Null|Swords Dance|p1a: Type: Null\n|-boost|p1a: Type: Null|atk|2\n|\n|upkeep\n|turn|17\n|\n|t:|1683836404\n|move|p2a: Mantine|Hurricane|p1a: Type: Null|[miss]\n|-miss|p2a: Mantine|p1a: Type: Null\n|move|p1a: Type: Null|Crush Claw|p2a: Mantine\n|-damage|p2a: Mantine|102/286\n|-unboost|p2a: Mantine|def|1\n|\n|upkeep\n|turn|18\n|\n|t:|1683836409\n|move|p2a: Mantine|Hurricane|p1a: Type: Null\n|-damage|p1a: Type: Null|237/304\n|move|p1a: Type: Null|Payback|p2a: Mantine\n|-damage|p2a: Mantine|0 fnt\n|faint|p2a: Mantine\n|\n|-heal|p1a: Type: Null|256/304|[from] Grassy Terrain\n|-fieldend|move: Grassy Terrain\n|upkeep\n|\n|t:|1683836421\n|switch|p2a: Rillaboom|Rillaboom, L78, F|284/284\n|-fieldstart|move: Grassy Terrain|[from] ability: Grassy Surge|[of] p2a: Rillaboom\n|turn|19\n|\n|t:|1683836426\n|move|p2a: Rillaboom|Wood Hammer|p1a: Type: Null\n|-damage|p1a: Type: Null|103/304\n|-damage|p2a: Rillaboom|234/284|[from] Recoil\n|move|p1a: Type: Null|Crush Claw|p2a: Rillaboom\n|-damage|p2a: Rillaboom|66/284\n|-unboost|p2a: Rillaboom|def|1\n|\n|-heal|p2a: Rillaboom|83/284|[from] Grassy Terrain\n|-heal|p1a: Type: Null|122/304|[from] Grassy Terrain\n|upkeep\n|turn|20\n|\n|t:|1683836432\n|move|p2a: Rillaboom|Wood Hammer|p1a: Type: Null\n|-damage|p1a: Type: Null|0 fnt\n|faint|p1a: Type: Null\n|-damage|p2a: Rillaboom|43/284|[from] Recoil\n|\n|-heal|p2a: Rillaboom|60/284|[from] Grassy Terrain\n|upkeep\n|\n|t:|1683836453\n|switch|p1a: Dhelmise|Dhelmise, L86|261/261\n|turn|21\n|\n|t:|1683836458\n|move|p2a: Rillaboom|Wood Hammer|p1a: Dhelmise\n|-resisted|p1a: Dhelmise\n|-damage|p1a: Dhelmise|151/261\n|-damage|p2a: Rillaboom|24/284|[from] Recoil\n|move|p1a: Dhelmise|Anchor Shot|p2a: Rillaboom\n|-damage|p2a: Rillaboom|0 fnt\n|faint|p2a: Rillaboom\n|\n|-heal|p1a: Dhelmise|167/261|[from] Grassy Terrain\n|upkeep\n|\n|t:|1683836466\n|switch|p2a: Clawitzer|Clawitzer, L84, F|256/256\n|turn|22\n|\n|t:|1683836485\n|-start|p2a: Clawitzer|Dynamax|\n|-heal|p2a: Clawitzer|512/512|[silent]\n|move|p2a: Clawitzer|Max Darkness|p1a: Dhelmise\n|-supereffective|p1a: Dhelmise\n|-damage|p1a: Dhelmise|0 fnt\n|faint|p1a: Dhelmise\n|\n|upkeep\n|\n|t:|1683836491\n|switch|p1a: Registeel|Registeel, L83|268/268\n|turn|23\n|\n|t:|1683836495\n|move|p2a: Clawitzer|Max Geyser|p1a: Registeel\n|-damage|p1a: Registeel|175/268\n|-weather|RainDance\n|move|p1a: Registeel|Toxic|p2a: Clawitzer\n|-status|p2a: Clawitzer|tox\n|\n|-weather|RainDance|[upkeep]\n|-heal|p1a: Registeel|191/268|[from] Grassy Terrain\n|-damage|p2a: Clawitzer|496/512 tox|[from] psn\n|-fieldend|move: Grassy Terrain\n|upkeep\n|turn|24\n|inactive|lauda Mera has 120 seconds left.\n|\n|t:|1683836554\n|move|p2a: Clawitzer|Max Geyser|p1a: Registeel\n|-damage|p1a: Registeel|55/268\n|move|p1a: Registeel|Body Press|p2a: Clawitzer\n|-damage|p2a: Clawitzer|412/512 tox\n|\n|-weather|RainDance|[upkeep]\n|-damage|p2a: Clawitzer|380/512 tox|[from] psn\n|upkeep\n|-end|p2a: Clawitzer|Dynamax\n|-heal|p2a: Clawitzer|190/256 tox|[silent]\n|turn|25\n|\n|t:|1683836563\n|move|p2a: Clawitzer|Water Pulse|p1a: Registeel\n|-damage|p1a: Registeel|0 fnt\n|faint|p1a: Registeel\n|\n|-weather|RainDance|[upkeep]\n|-damage|p2a: Clawitzer|142/256 tox|[from] psn\n|upkeep\n|inactive|lauda Mera has 90 seconds left.\n|\n|t:|1683836591\n|switch|p1a: Groudon|Groudon, L73|266/266\n|-weather|SunnyDay|[from] ability: Drought|[of] p1a: Groudon\n|turn|26\n|\n|t:|1683836596\n|-start|p1a: Groudon|Dynamax|\n|-heal|p1a: Groudon|532/532|[silent]\n|move|p1a: Groudon|Max Quake|p2a: Clawitzer\n|-damage|p2a: Clawitzer|0 fnt\n|-boost|p1a: Groudon|spd|1\n|faint|p2a: Clawitzer\n|\n|win|lauda Mera\n|raw|lauda Mera's rating: 1474 &rarr; <strong>1495</strong><br />(+21 for winning)\n|raw|N0VAgenesis's rating: 1483 &rarr; <strong>1462</strong><br />(-21 for losing)\n", "inputlog": ">version bce759c5f189753f4322d11c9e5aa78bbe1b1bf9\n>start {\"formatid\":\"gen8randombattle\",\"seed\":[30220,49374,60907,59139],\"rated\":\"Rated battle\"}\n>player p1 {\"name\":\"lauda Mera\",\"avatar\":\"hilbert-wonderlauncher\",\"rating\":1474,\"seed\":[26544,36411,29484,23498]}\n>player p2 {\"name\":\"N0VAgenesis\",\"avatar\":\"ingo\",\"rating\":1483,\"seed\":[59406,56869,17482,41860]}\n>p1 move substitute\n>p2 switch 4\n>p1 move protect\n>p2 move boomburst\n>p1 move earthquake\n>p2 move boomburst\n>p2 switch 5\n>p1 move protect\n>p2 move discharge\n>p1 move substitute\n>p2 move discharge\n>p1 move protect\n>p2 move discharge\n>p1 move substitute\n>p2 move discharge\n>p1 move protect\n>p2 move discharge\n>p1 move freezedry\n>p2 move discharge\n>p2 switch 2\n>p1 move protect\n>p2 move extremespeed\n>p1 move substitute\n>p2 move extremespeed\n>p1 move protect\n>p2 move extremespeed\n>p1 move earthquake\n>p2 move extremespeed\n>p2 switch 3\n>p1 move protect\n>p2 move grassyglide\n>p1 move freezedry\n>p2 move grassyglide\n>p1 switch 5\n>p1 move swordsdance\n>p2 switch 4\n>p1 move crushclaw\n>p2 move hurricane\n>p1 move payback\n>p2 move hurricane\n>p2 switch 4\n>p1 move crushclaw\n>p2 move woodhammer\n>p1 move payback\n>p2 move woodhammer\n>p1 switch 3\n>p1 move anchorshot\n>p2 move woodhammer\n>p2 switch 6\n>p1 move powerwhip\n>p2 move darkpulse dynamax\n>p1 switch 6\n>p1 move toxic\n>p2 move waterpulse dynamax\n>p1 move bodypress\n>p2 move waterpulse dynamax\n>p1 move bodypress\n>p2 move waterpulse\n>p1 switch 2\n>p1 move precipiceblades dynamax\n>p2 move waterpulse", "uploadtime": 1683836600, "views": 7, "p1id": "laudamera", "p2id": "n0vagenesis", "formatid": "gen8randombattle", "rating": 1462, "private": 0, "password": ""}