{"id": "gen8randombattle-1871888484", "p1": "Applejuicebruh", "p2": "CrystaLove_x0", "format": "[Gen 8] Random Battle", "log": "|j|\u203dApplejuicebruh\n|j|\u2606CrystaLove_x0\n|t:|1685142681\n|gametype|singles\n|player|p1|Applejuicebruh|101|1184\n|player|p2|CrystaLove_x0|pokekid|1023\n|teamsize|p1|6\n|teamsize|p2|6\n|gen|8\n|tier|[Gen 8] Random Battle\n|rated|\n|rule|Species Clause: Limit one of each Pok\u00e9mon\n|rule|HP Percentage Mod: HP is shown in percentages\n|rule|Sleep Clause Mod: Limit one foe put to sleep\n|\n|t:|1685142681\n|start\n|switch|p1a: Galvantula|Galvantula, L82, M|249/249\n|switch|p2a: Sudowoodo|Sudowoodo, L87, F|264/264\n|turn|1\n|\n|t:|1685142717\n|move|p2a: Sudowoodo|Sucker Punch||[still]\n|-fail|p2a: Sudowoodo\n|move|p1a: Galvantula|Sticky Web|p2a: Sudowoodo\n|-sidestart|p2: CrystaLove_x0|move: Sticky Web\n|\n|upkeep\n|turn|2\n|\n|t:|1685142728\n|move|p1a: Galvantula|Bug Buzz|p2a: Sudowoodo\n|-damage|p2a: Sudowoodo|159/264\n|-unboost|p2a: Sudowoodo|spd|1\n|move|p2a: Sudowoodo|Wood Hammer|p1a: Galvantula\n|-resisted|p1a: Galvantula\n|-damage|p1a: Galvantula|189/249\n|\n|-heal|p2a: Sudowoodo|175/264|[from] item: Leftovers\n|upkeep\n|turn|3\n|\n|t:|1685142737\n|move|p2a: Sudowoodo|Sucker Punch|p1a: Galvantula\n|-damage|p1a: Galvantula|122/249\n|move|p1a: Galvantula|Thunder|p2a: Sudowoodo\n|-damage|p2a: Sudowoodo|0 fnt\n|faint|p2a: Sudowoodo\n|\n|upkeep\n|inactive|Battle timer is ON: inactive players will automatically lose when time's up. (requested by CrystaLove_x0)\n|\n|t:|1685142742\n|switch|p2a: Exploud|Exploud, L84, F|312/312\n|-activate|p2a: Exploud|move: Sticky Web\n|-unboost|p2a: Exploud|spe|1\n|turn|4\n|\n|t:|1685142747\n|move|p1a: Galvantula|Bug Buzz|p2a: Exploud\n|-damage|p2a: Exploud|204/312\n|move|p2a: Exploud|Fire Blast|p1a: Galvantula|[miss]\n|-miss|p2a: Exploud|p1a: Galvantula\n|\n|upkeep\n|turn|5\n|inactive|CrystaLove_x0 has 120 seconds left.\n|\n|t:|1685142792\n|move|p1a: Galvantula|Bug Buzz|p2a: Exploud\n|-damage|p2a: Exploud|104/312\n|move|p2a: Exploud|Fire Blast|p1a: Galvantula\n|-supereffective|p1a: Galvantula\n|-damage|p1a: Galvantula|0 fnt\n|faint|p1a: Galvantula\n|\n|upkeep\n|\n|t:|1685142816\n|switch|p1a: Zygarde|Zygarde, L70|267/267\n|turn|6\n|inactive|CrystaLove_x0 has 120 seconds left.\n|\n|t:|1685142823\n|move|p1a: Zygarde|Dragon Dance|p1a: Zygarde\n|-boost|p1a: Zygarde|atk|1\n|-boost|p1a: Zygarde|spe|1\n|move|p2a: Exploud|Fire Blast|p1a: Zygarde\n|-resisted|p1a: Zygarde\n|-damage|p1a: Zygarde|203/267\n|\n|-heal|p1a: Zygarde|219/267|[from] item: Leftovers\n|upkeep\n|turn|7\n|\n|t:|1685142826\n|move|p1a: Zygarde|Dragon Dance|p1a: Zygarde\n|-boost|p1a: Zygarde|atk|1\n|-boost|p1a: Zygarde|spe|1\n|move|p2a: Exploud|Fire Blast|p1a: Zygarde\n|-resisted|p1a: Zygarde\n|-damage|p1a: Zygarde|160/267\n|\n|-heal|p1a: Zygarde|176/267|[from] item: Leftovers\n|upkeep\n|turn|8\n|inactive|CrystaLove_x0 has 120 seconds left.\n|\n|t:|1685142847\n|move|p1a: Zygarde|Dragon Dance|p1a: Zygarde\n|-boost|p1a: Zygarde|atk|1\n|-boost|p1a: Zygarde|spe|1\n|move|p2a: Exploud|Fire Blast|p1a: Zygarde\n|-resisted|p1a: Zygarde\n|-damage|p1a: Zygarde|118/267\n|\n|-heal|p1a: Zygarde|134/267|[from] item: Leftovers\n|upkeep\n|turn|9\n|\n|t:|1685142854\n|move|p1a: Zygarde|Substitute|p1a: Zygarde\n|-start|p1a: Zygarde|Substitute\n|-damage|p1a: Zygarde|68/267\n|move|p2a: Exploud|Fire Blast|p1a: Zygarde\n|-resisted|p1a: Zygarde\n|-end|p1a: Zygarde|Substitute\n|\n|-heal|p1a: Zygarde|84/267|[from] item: Leftovers\n|-activate|p1a: Zygarde|ability: Power Construct\n|detailschange|p1a: Zygarde|Zygarde-Complete, L70\n|-heal|p1a: Zygarde|235/418|[silent]\n|upkeep\n|turn|10\n|\n|t:|1685142865\n|move|p1a: Zygarde|Thousand Arrows|p2a: Exploud\n|-damage|p2a: Exploud|0 fnt\n|faint|p2a: Exploud\n|\n|-heal|p1a: Zygarde|261/418|[from] item: Leftovers\n|upkeep\n|\n|t:|1685142876\n|switch|p2a: Regidrago|Regidrago, L78|440/440\n|-activate|p2a: Regidrago|move: Sticky Web\n|-unboost|p2a: Regidrago|spe|1\n|turn|11\n|\n|t:|1685142890\n|-start|p1a: Zygarde|Dynamax|\n|-heal|p1a: Zygarde|522/836|[silent]\n|move|p1a: Zygarde|Max Quake|p2a: Regidrago\n|-damage|p2a: Regidrago|74/440\n|-boost|p1a: Zygarde|spd|1\n|move|p2a: Regidrago|Hammer Arm|p1a: Zygarde\n|-damage|p1a: Zygarde|462/836\n|-unboost|p2a: Regidrago|spe|1\n|\n|-heal|p1a: Zygarde|488/836|[from] item: Leftovers\n|upkeep\n|turn|12\n|\n|t:|1685142914\n|move|p1a: Zygarde|Max Quake|p2a: Regidrago\n|-damage|p2a: Regidrago|0 fnt\n|-boost|p1a: Zygarde|spd|1\n|faint|p2a: Regidrago\n|\n|-heal|p1a: Zygarde|514/836|[from] item: Leftovers\n|upkeep\n|\n|t:|1685142918\n|switch|p2a: Qwilfish|Qwilfish, L84, F|246/246\n|-activate|p2a: Qwilfish|move: Sticky Web\n|-unboost|p2a: Qwilfish|spe|1\n|-ability|p2a: Qwilfish|Intimidate|boost\n|-unboost|p1a: Zygarde|atk|1\n|turn|13\n|\n|t:|1685142923\n|move|p1a: Zygarde|Max Quake|p2a: Qwilfish\n|-supereffective|p2a: Qwilfish\n|-damage|p2a: Qwilfish|0 fnt\n|-boost|p1a: Zygarde|spd|1\n|faint|p2a: Qwilfish\n|\n|-heal|p1a: Zygarde|540/836|[from] item: Leftovers\n|upkeep\n|\n|t:|1685142926\n|switch|p2a: Hitmonchan|Hitmonchan, L86, M|226/226\n|-activate|p2a: Hitmonchan|move: Sticky Web\n|-unboost|p2a: Hitmonchan|spe|1\n|-end|p1a: Zygarde|Dynamax\n|-heal|p1a: Zygarde|270/418|[silent]\n|turn|14\n|\n|t:|1685142933\n|move|p1a: Zygarde|Thousand Arrows|p2a: Hitmonchan\n|-damage|p2a: Hitmonchan|85/226\n|move|p2a: Hitmonchan|Throat Chop|p1a: Zygarde\n|-damage|p1a: Zygarde|186/418\n|-start|p1a: Zygarde|Throat Chop|[silent]\n|-damage|p2a: Hitmonchan|63/226|[from] item: Life Orb\n|\n|-heal|p1a: Zygarde|212/418|[from] item: Leftovers\n|upkeep\n|turn|15\n|\n|t:|1685142938\n|move|p1a: Zygarde|Thousand Arrows|p2a: Hitmonchan\n|-damage|p2a: Hitmonchan|0 fnt\n|faint|p2a: Hitmonchan\n|\n|-heal|p1a: Zygarde|238/418|[from] item: Leftovers\n|-end|p1a: Zygarde|Throat Chop|[silent]\n|upkeep\n|l|\u2606CrystaLove_x0\n|inactive|CrystaLove_x0 disconnected and has a minute to reconnect!\n|player|p2|\n|inactive|CrystaLove_x0 has 30 seconds to reconnect!\n|inactive|CrystaLove_x0 has 20 seconds to reconnect!\n|inactive|CrystaLove_x0 has 15 seconds to reconnect!\n|inactive|CrystaLove_x0 has 10 seconds to reconnect!\n|inactive|CrystaLove_x0 has 5 seconds to reconnect!\n|-message|CrystaLove_x0 lost due to inactivity.\n|\n|win|Applejuicebruh\n|raw|Applejuicebruh's rating: 1184 &rarr; <strong>1198</strong><br />(+14 for winning)\n|raw|CrystaLove_x0's rating: 1023 &rarr; <strong>1015</strong><br />(-8 for losing)\n", "inputlog": ">version 61c68e60481ef09071210320730fc448fef50368\n>start {\"formatid\":\"gen8randombattle\",\"seed\":[26764,27045,11007,23023],\"rated\":\"Rated battle\"}\n>player p1 {\"name\":\"Applejuicebruh\",\"avatar\":\"101\",\"rating\":1184,\"seed\":[54006,23871,47974,40773]}\n>player p2 {\"name\":\"CrystaLove_x0\",\"avatar\":\"pokekid\",\"rating\":1023,\"seed\":[36165,5247,51808,36062]}\n>p1 move stickyweb\n>p2 move suckerpunch\n>p1 move bugbuzz\n>p2 move woodhammer\n>p1 move thunder\n>p2 move suckerpunch\n>p2 switch 6\n>p1 move bugbuzz\n>p2 move fireblast\n>p1 move bugbuzz\n>p2 move fireblast\n>p1 switch 4\n>p1 move dragondance\n>p2 move fireblast\n>p1 move dragondance\n>p2 move fireblast\n>p1 move dragondance\n>p2 move fireblast\n>p1 move substitute\n>p2 move fireblast\n>p1 move thousandarrows\n>p2 move fireblast\n>p2 switch 5\n>p1 move thousandarrows dynamax\n>p2 move hammerarm\n>p1 move thousandarrows dynamax\n>p2 move outrage\n>p2 switch 2\n>p1 move thousandarrows dynamax\n>p2 move destinybond\n>p2 switch 4\n>p1 move thousandarrows\n>p2 move throatchop\n>p1 move thousandarrows\n>p2 move drainpunch\n>forcelose p2", "uploadtime": 1685143017, "views": 4, "p1id": "applejuicebruh", "p2id": "crystalovex0", "formatid": "gen8randombattle", "rating": 1015, "private": 0, "password": ""}