{"id": "gen8randombattle-1872062792", "p1": "yes or no my dude\u2740", "p2": "Bigwubben", "format": "[Gen 8] Random Battle", "log": "|j|\u2606yes or no my dude\u2740\n|j|\u2606Bigwubben\n|t:|1685171043\n|gametype|singles\n|player|p1|yes or no my dude\u2740|#rbtt6teamchienpaof|\n|player|p2|Bigwubben|102|\n|teamsize|p1|6\n|teamsize|p2|6\n|gen|8\n|tier|[Gen 8] Random Battle\n|rule|Species Clause: Limit one of each Pok\u00e9mon\n|rule|HP Percentage Mod: HP is shown in percentages\n|rule|Sleep Clause Mod: Limit one foe put to sleep\n|\n|t:|1685171043\n|start\n|switch|p1a: Azumarill|Azumarill, L84, F|305/305\n|switch|p2a: Kingdra|Kingdra, L82, M|257/257\n|turn|1\n|inactive|Battle timer is ON: inactive players will automatically lose when time's up. (requested by yes or no my dude\u2740)\n|c|\u2606Bigwubben|good luck men\n|c|\u2606yes or no my dude\u2740|u2\n|inactive|Bigwubben has 270 seconds left.\n|\n|t:|1685171102\n|move|p2a: Kingdra|Flip Turn|p1a: Azumarill\n|-resisted|p1a: Azumarill\n|-damage|p1a: Azumarill|270/305\n|\n|t:|1685171119\n|switch|p2a: Electivire|Electivire, L82, M|257/257|[from] Flip Turn\n|move|p1a: Azumarill|Play Rough|p2a: Electivire\n|-damage|p2a: Electivire|25/257\n|\n|upkeep\n|turn|2\n|\n|t:|1685171132\n|switch|p1a: Tapu Koko|Tapu Koko, L78|237/237\n|-fieldstart|move: Electric Terrain|[from] ability: Electric Surge|[of] p1a: Tapu Koko\n|move|p2a: Electivire|Wild Charge|p1a: Tapu Koko\n|-resisted|p1a: Tapu Koko\n|-damage|p1a: Tapu Koko|132/237\n|-damage|p2a: Electivire|0 fnt|[from] Recoil\n|faint|p2a: Electivire\n|\n|-heal|p1a: Tapu Koko|146/237|[from] item: Leftovers\n|upkeep\n|\n|t:|1685171149\n|switch|p2a: Mudsdale|Mudsdale, L82, M|298/298\n|turn|3\n|\n|t:|1685171164\n|switch|p1a: Sigilyph|Sigilyph, L83, M|255/255\n|move|p2a: Mudsdale|Stealth Rock|p1a: Sigilyph\n|-sidestart|p1: yes or no my dude\u2740|move: Stealth Rock\n|\n|upkeep\n|turn|4\n|\n|t:|1685171181\n|switch|p2a: Cofagrigus|Cofagrigus, L86, F|240/240\n|move|p1a: Sigilyph|Defog|p2a: Cofagrigus\n|-unboost|p2a: Cofagrigus|evasion|1\n|-sideend|p1: yes or no my dude\u2740|Stealth Rock|[from] move: Defog|[of] p1a: Sigilyph\n|-fieldend|move: Electric Terrain\n|\n|upkeep\n|turn|5\n|\n|t:|1685171192\n|switch|p1a: Chansey|Chansey, L84, F|557/557\n|move|p2a: Cofagrigus|Will-O-Wisp|p1a: Chansey\n|-status|p1a: Chansey|brn\n|\n|-damage|p1a: Chansey|523/557 brn|[from] brn\n|upkeep\n|turn|6\n|inactive|Bigwubben has 270 seconds left.\n|\n|t:|1685171219\n|move|p1a: Chansey|Toxic|p2a: Cofagrigus\n|-status|p2a: Cofagrigus|tox\n|move|p2a: Cofagrigus|Body Press|p1a: Chansey\n|-supereffective|p1a: Chansey\n|-damage|p1a: Chansey|169/557 brn\n|\n|-damage|p2a: Cofagrigus|225/240 tox|[from] psn\n|-damage|p1a: Chansey|135/557 brn|[from] brn\n|upkeep\n|turn|7\n|inactive|Bigwubben has 270 seconds left.\n|c|\u2606yes or no my dude\u2740|oop I forgot it got that\n|\n|t:|1685171243\n|-curestatus|p1a: Chansey|brn|[from] ability: Natural Cure\n|switch|p1a: Azumarill|Azumarill, L84, F|270/305\n|move|p2a: Cofagrigus|Body Press|p1a: Azumarill\n|-resisted|p1a: Azumarill\n|-damage|p1a: Azumarill|222/305\n|\n|-heal|p2a: Cofagrigus|240/240 tox|[from] item: Leftovers\n|-damage|p2a: Cofagrigus|210/240 tox|[from] psn\n|upkeep\n|turn|8\n|inactive|yes or no my dude\u2740 has 270 seconds left.\n|inactive|Bigwubben has 240 seconds left.\n|\n|t:|1685171282\n|switch|p1a: Sigilyph|Sigilyph, L83, M|255/255\n|move|p2a: Cofagrigus|Will-O-Wisp|p1a: Sigilyph|[miss]\n|-miss|p2a: Cofagrigus|p1a: Sigilyph\n|\n|-heal|p2a: Cofagrigus|225/240 tox|[from] item: Leftovers\n|-damage|p2a: Cofagrigus|180/240 tox|[from] psn\n|upkeep\n|turn|9\n|inactive|Bigwubben has 240 seconds left.\n|inactive|yes or no my dude\u2740 has 270 seconds left.\n|\n|t:|1685171302\n|switch|p1a: Chansey|Chansey, L84, F|135/557\n|switch|p2a: Coalossal|Coalossal, L87, F|333/333\n|\n|upkeep\n|turn|10\n|\n|t:|1685171321\n|switch|p2a: Hitmonchan|Hitmonchan, L86, M|226/226\n|move|p1a: Chansey|Soft-Boiled|p1a: Chansey\n|-heal|p1a: Chansey|414/557\n|\n|upkeep\n|turn|11\n|\n|t:|1685171330\n|switch|p1a: Sigilyph|Sigilyph, L83, M|255/255\n|move|p2a: Hitmonchan|Bulk Up|p2a: Hitmonchan\n|-boost|p2a: Hitmonchan|atk|1\n|-boost|p2a: Hitmonchan|def|1\n|\n|upkeep\n|turn|12\n|inactive|Bigwubben has 210 seconds left.\n|\n|t:|1685171366\n|switch|p2a: Cofagrigus|Cofagrigus, L86, F|180/240 tox\n|move|p1a: Sigilyph|Air Slash|p2a: Cofagrigus\n|-damage|p2a: Cofagrigus|93/240 tox\n|\n|-heal|p2a: Cofagrigus|108/240 tox|[from] item: Leftovers\n|-damage|p2a: Cofagrigus|93/240 tox|[from] psn\n|upkeep\n|turn|13\n|inactive|Bigwubben has 210 seconds left.\n|\n|t:|1685171384\n|move|p1a: Sigilyph|Air Slash|p2a: Cofagrigus\n|-damage|p2a: Cofagrigus|0 fnt\n|faint|p2a: Cofagrigus\n|\n|upkeep\n|\n|t:|1685171404\n|switch|p2a: Coalossal|Coalossal, L87, F|333/333\n|turn|14\n|\n|t:|1685171411\n|switch|p1a: Azumarill|Azumarill, L84, F|222/305\n|move|p2a: Coalossal|Stone Edge|p1a: Azumarill\n|-damage|p1a: Azumarill|113/305\n|\n|upkeep\n|turn|15\n|\n|t:|1685171432\n|switch|p2a: Kingdra|Kingdra, L82, M|257/257\n|move|p1a: Azumarill|Superpower|p2a: Kingdra\n|-damage|p2a: Kingdra|102/257\n|-unboost|p1a: Azumarill|atk|1\n|-unboost|p1a: Azumarill|def|1\n|\n|upkeep\n|turn|16\n|inactive|Bigwubben has 180 seconds left.\n|\n|t:|1685171452\n|switch|p1a: Chansey|Chansey, L84, F|414/557\n|move|p2a: Kingdra|Hurricane|p1a: Chansey\n|-damage|p1a: Chansey|348/557\n|\n|upkeep\n|turn|17\n|inactive|Bigwubben has 180 seconds left.\n|\n|t:|1685171466\n|switch|p2a: Mudsdale|Mudsdale, L82, M|298/298\n|switch|p1a: Azumarill|Azumarill, L84, F|113/305\n|\n|upkeep\n|turn|18\n|inactive|Bigwubben has 180 seconds left.\n|\n|t:|1685171490\n|switch|p2a: Kingdra|Kingdra, L82, M|102/257\n|move|p1a: Azumarill|Liquidation|p2a: Kingdra\n|-resisted|p2a: Kingdra\n|-damage|p2a: Kingdra|60/257\n|-unboost|p2a: Kingdra|def|1\n|\n|upkeep\n|turn|19\n|\n|t:|1685171501\n|switch|p1a: Chansey|Chansey, L84, F|348/557\n|move|p2a: Kingdra|Flip Turn|p1a: Chansey\n|-damage|p1a: Chansey|221/557\n|\n|t:|1685171508\n|switch|p2a: Hitmonchan|Hitmonchan, L86, M|226/226|[from] Flip Turn\n|\n|upkeep\n|turn|20\n|\n|t:|1685171513\n|switch|p1a: Sigilyph|Sigilyph, L83, M|255/255\n|move|p2a: Hitmonchan|Bulk Up|p2a: Hitmonchan\n|-boost|p2a: Hitmonchan|atk|1\n|-boost|p2a: Hitmonchan|def|1\n|\n|upkeep\n|turn|21\n|inactive|Bigwubben has 180 seconds left.\n|\n|t:|1685171535\n|move|p1a: Sigilyph|Air Slash|p2a: Hitmonchan\n|-supereffective|p2a: Hitmonchan\n|-damage|p2a: Hitmonchan|44/226\n|move|p2a: Hitmonchan|Throat Chop|p1a: Sigilyph\n|-supereffective|p1a: Sigilyph\n|-damage|p1a: Sigilyph|0 fnt\n|faint|p1a: Sigilyph\n|-damage|p2a: Hitmonchan|22/226|[from] item: Life Orb\n|\n|upkeep\n|\n|t:|1685171545\n|switch|p1a: Tapu Koko|Tapu Koko, L78|146/237\n|-fieldstart|move: Electric Terrain|[from] ability: Electric Surge|[of] p1a: Tapu Koko\n|turn|22\n|\n|t:|1685171575\n|switch|p2a: Coalossal|Coalossal, L87, F|333/333\n|move|p1a: Tapu Koko|Dazzling Gleam|p2a: Coalossal\n|-resisted|p2a: Coalossal\n|-crit|p2a: Coalossal\n|-damage|p2a: Coalossal|285/333\n|\n|-heal|p1a: Tapu Koko|160/237|[from] item: Leftovers\n|upkeep\n|turn|23\n|\n|t:|1685171585\n|move|p1a: Tapu Koko|Calm Mind|p1a: Tapu Koko\n|-boost|p1a: Tapu Koko|spa|1\n|-boost|p1a: Tapu Koko|spd|1\n|move|p2a: Coalossal|Spikes|p1a: Tapu Koko\n|-sidestart|p1: yes or no my dude\u2740|Spikes\n|\n|-heal|p1a: Tapu Koko|174/237|[from] item: Leftovers\n|upkeep\n|turn|24\n|\n|t:|1685171598\n|switch|p2a: Mudsdale|Mudsdale, L82, M|298/298\n|move|p1a: Tapu Koko|Substitute|p1a: Tapu Koko\n|-start|p1a: Tapu Koko|Substitute\n|-damage|p1a: Tapu Koko|115/237\n|\n|-heal|p1a: Tapu Koko|129/237|[from] item: Leftovers\n|upkeep\n|turn|25\n|inactive|Bigwubben has 150 seconds left.\n|\n|t:|1685171614\n|move|p1a: Tapu Koko|Dazzling Gleam|p2a: Mudsdale\n|-damage|p2a: Mudsdale|177/298\n|-ability|p2a: Mudsdale|Stamina|boost\n|-boost|p2a: Mudsdale|def|1\n|move|p2a: Mudsdale|Earthquake|p1a: Tapu Koko\n|-supereffective|p1a: Tapu Koko\n|-end|p1a: Tapu Koko|Substitute\n|\n|-heal|p1a: Tapu Koko|143/237|[from] item: Leftovers\n|-heal|p2a: Mudsdale|195/298|[from] item: Leftovers\n|upkeep\n|turn|26\n|inactive|Bigwubben has 150 seconds left.\n|\n|t:|1685171633\n|move|p1a: Tapu Koko|Dazzling Gleam|p2a: Mudsdale\n|-damage|p2a: Mudsdale|90/298\n|-ability|p2a: Mudsdale|Stamina|boost\n|-boost|p2a: Mudsdale|def|1\n|move|p2a: Mudsdale|Earthquake|p1a: Tapu Koko\n|-supereffective|p1a: Tapu Koko\n|-damage|p1a: Tapu Koko|0 fnt\n|faint|p1a: Tapu Koko\n|\n|-heal|p2a: Mudsdale|108/298|[from] item: Leftovers\n|-fieldend|move: Electric Terrain\n|upkeep\n|\n|t:|1685171636\n|switch|p1a: Azumarill|Azumarill, L84, F|113/305\n|-damage|p1a: Azumarill|75/305|[from] Spikes\n|turn|27\n|inactive|Bigwubben has 150 seconds left.\n|\n|t:|1685171678\n|switch|p2a: Kingdra|Kingdra, L82, M|60/257\n|move|p1a: Azumarill|Liquidation|p2a: Kingdra\n|-resisted|p2a: Kingdra\n|-damage|p2a: Kingdra|18/257\n|\n|upkeep\n|turn|28\n|\n|t:|1685171706\n|-start|p1a: Azumarill|Dynamax|\n|-heal|p1a: Azumarill|150/610|[silent]\n|move|p2a: Kingdra|Flip Turn|p1a: Azumarill\n|-resisted|p1a: Azumarill\n|-damage|p1a: Azumarill|117/610\n|inactive|Bigwubben has 120 seconds left.\n|\n|t:|1685171736\n|switch|p2a: Mudsdale|Mudsdale, L82, M|108/298|[from] Flip Turn\n|move|p1a: Azumarill|Max Geyser|p2a: Mudsdale\n|-supereffective|p2a: Mudsdale\n|-damage|p2a: Mudsdale|0 fnt\n|-weather|RainDance\n|faint|p2a: Mudsdale\n|\n|-weather|RainDance|[upkeep]\n|upkeep\n|\n|t:|1685171746\n|switch|p2a: Kingdra|Kingdra, L82, M|18/257\n|turn|29\n|\n|t:|1685171754\n|move|p2a: Kingdra|Hydro Pump|p1a: Azumarill\n|-resisted|p1a: Azumarill\n|-damage|p1a: Azumarill|0 fnt\n|faint|p1a: Azumarill\n|\n|-weather|RainDance|[upkeep]\n|upkeep\n|\n|t:|1685171775\n|switch|p1a: Chansey|Chansey, L84, F|221/557\n|-damage|p1a: Chansey|152/557|[from] Spikes\n|turn|30\n|inactive|Bigwubben has 120 seconds left.\n|\n|t:|1685171791\n|-start|p2a: Kingdra|Dynamax|\n|-heal|p2a: Kingdra|36/514|[silent]\n|move|p2a: Kingdra|Max Geyser|p1a: Chansey\n|-damage|p1a: Chansey|40/557\n|move|p1a: Chansey|Seismic Toss|p2a: Kingdra\n|-damage|p2a: Kingdra|0 fnt\n|faint|p2a: Kingdra\n|\n|-weather|RainDance|[upkeep]\n|upkeep\n|\n|t:|1685171805\n|switch|p2a: Hitmonchan|Hitmonchan, L86, M|22/226\n|turn|31\n|\n|t:|1685171815\n|move|p2a: Hitmonchan|Drain Punch|p1a: Chansey\n|-supereffective|p1a: Chansey\n|-damage|p1a: Chansey|0 fnt\n|-heal|p2a: Hitmonchan|42/226|[from] drain|[of] p1a: Chansey\n|faint|p1a: Chansey\n|-damage|p2a: Hitmonchan|20/226|[from] item: Life Orb\n|\n|-weather|RainDance|[upkeep]\n|upkeep\n|\n|t:|1685171817\n|switch|p1a: Crustle|Crustle, L82, F|249/249\n|turn|32\n|\n|t:|1685171830\n|move|p2a: Hitmonchan|Drain Punch|p1a: Crustle\n|-damage|p1a: Crustle|140/249\n|-heal|p2a: Hitmonchan|75/226|[from] drain|[of] p1a: Crustle\n|-damage|p2a: Hitmonchan|53/226|[from] item: Life Orb\n|move|p1a: Crustle|Shell Smash|p1a: Crustle\n|-unboost|p1a: Crustle|def|1\n|-unboost|p1a: Crustle|spd|1\n|-boost|p1a: Crustle|atk|2\n|-boost|p1a: Crustle|spa|2\n|-boost|p1a: Crustle|spe|2\n|\n|-weather|none\n|upkeep\n|turn|33\n|\n|t:|1685171846\n|move|p2a: Hitmonchan|Mach Punch|p1a: Crustle\n|-damage|p1a: Crustle|58/249\n|-damage|p2a: Hitmonchan|31/226|[from] item: Life Orb\n|move|p1a: Crustle|Earthquake|p2a: Hitmonchan\n|-damage|p2a: Hitmonchan|0 fnt\n|faint|p2a: Hitmonchan\n|\n|upkeep\n|\n|t:|1685171854\n|switch|p2a: Coalossal|Coalossal, L87, F|285/333\n|turn|34\n|c|\u2606yes or no my dude\u2740|gg\n|\n|t:|1685171863\n|move|p1a: Crustle|Earthquake|p2a: Coalossal\n|-supereffective|p2a: Coalossal\n|-damage|p2a: Coalossal|0 fnt\n|faint|p2a: Coalossal\n|\n|win|yes or no my dude\u2740\n|c|\u2606Bigwubben|gg\n|c|\u2606Bigwubben|why chansey dont die?\n", "inputlog": ">version d74822bbc74c095aa312053f7034baee3068d99e\n>start {\"formatid\":\"gen8randombattle\",\"seed\":[31307,63497,63321,44212]}\n>player p1 {\"name\":\"yes or no my dude\u2740\",\"avatar\":\"#rbtt6teamchienpaof\",\"rating\":0,\"seed\":[41688,35180,17231,34120]}\n>player p2 {\"name\":\"Bigwubben\",\"avatar\":\"102\",\"rating\":0,\"seed\":[10437,40677,35757,56750]}\n>chat \u2606Bigwubben|good luck men\n>chat \u2606yes or no my dude\u2740|u2\n>p1 move playrough\n>p2 move flipturn\n>p2 switch 4\n>p1 switch 5\n>p2 move wildcharge\n>p2 switch 2\n>p1 switch 2\n>p2 move stealthrock\n>p1 move defog\n>p2 switch 3\n>p1 switch 6\n>p2 move willowisp\n>p1 move toxic\n>p2 move bodypress\n>chat \u2606yes or no my dude\u2740|oop I forgot it got that\n>p1 switch 5\n>p2 move bodypress\n>p1 switch 6\n>p2 move willowisp\n>p1 switch 5\n>p2 switch 6\n>p1 move softboiled\n>p2 switch 5\n>p1 switch 5\n>p2 move bulkup\n>p1 move airslash\n>p2 switch 6\n>p1 move airslash\n>p2 move shadowball\n>p2 switch 5\n>p1 switch 6\n>p2 move stoneedge\n>p1 move superpower\n>p2 switch 4\n>p1 switch 5\n>p2 move hurricane\n>p1 switch 5\n>p2 switch 3\n>p1 move liquidation\n>p2 switch 3\n>p1 switch 5\n>p2 move flipturn\n>p2 switch 6\n>p1 switch 6\n>p2 move bulkup\n>p1 move airslash\n>p2 move throatchop\n>p1 switch 2\n>p1 move dazzlinggleam\n>p2 switch 4\n>p1 move calmmind\n>p2 move spikes\n>p1 move substitute\n>p2 switch 3\n>p1 move dazzlinggleam\n>p2 move earthquake\n>p1 move dazzlinggleam\n>p2 move earthquake\n>p1 switch 5\n>p1 move liquidation\n>p2 switch 6\n>p1 move aquajet dynamax\n>p2 move flipturn\n>p2 switch 6\n>p2 switch 6\n>p1 move playrough dynamax\n>p2 move hydropump\n>p1 switch 6\n>p1 move seismictoss\n>p2 move hydropump dynamax\n>p2 switch 4\n>p1 move seismictoss\n>p2 move drainpunch\n>p1 switch 4\n>p1 move shellsmash\n>p2 move drainpunch\n>p1 move earthquake\n>p2 move machpunch\n>p2 switch 3\n>chat \u2606yes or no my dude\u2740|gg\n>p1 move earthquake\n>p2 move overheat", "uploadtime": 1685172444, "views": 13, "p1id": "yesornomydude", "p2id": "bigwubben", "formatid": "gen8randombattle", "rating": 0, "private": 0, "password": ""}