{"id": "gen8randombattle-1865295025", "p1": "krai_ace", "p2": "Jr1234jr", "format": "[Gen 8] Random Battle", "log": "|j|\u2606krai_ace\n|j|\u2606Jr1234jr\n|t:|1684270136\n|gametype|singles\n|player|p1|krai_ace|169|1145\n|player|p2|Jr1234jr|ethan|1172\n|teamsize|p1|6\n|teamsize|p2|6\n|gen|8\n|tier|[Gen 8] Random Battle\n|rated|\n|rule|Species Clause: Limit one of each Pok\u00e9mon\n|rule|HP Percentage Mod: HP is shown in percentages\n|rule|Sleep Clause Mod: Limit one foe put to sleep\n|\n|t:|1684270136\n|start\n|switch|p1a: Escavalier|Escavalier, L84, M|255/255\n|switch|p2a: Sableye|Sableye, L88, F|231/231\n|turn|1\n|\n|t:|1684270165\n|move|p2a: Sableye|Knock Off|p1a: Escavalier\n|-damage|p1a: Escavalier|179/255\n|-enditem|p1a: Escavalier|Leftovers|[from] move: Knock Off|[of] p2a: Sableye\n|move|p1a: Escavalier|Swords Dance|p1a: Escavalier\n|-boost|p1a: Escavalier|atk|2\n|\n|upkeep\n|turn|2\n|\n|t:|1684270239\n|switch|p2a: Hydreigon|Hydreigon, L80, M|278/278\n|move|p1a: Escavalier|Iron Head|p2a: Hydreigon\n|-damage|p2a: Hydreigon|38/278\n|\n|upkeep\n|turn|3\n|\n|t:|1684270261\n|-start|p2a: Hydreigon|Dynamax|\n|-heal|p2a: Hydreigon|76/556|[silent]\n|move|p2a: Hydreigon|Max Flare|p1a: Escavalier\n|-supereffective|p1a: Escavalier\n|-damage|p1a: Escavalier|0 fnt\n|-weather|SunnyDay\n|faint|p1a: Escavalier\n|\n|-weather|SunnyDay|[upkeep]\n|upkeep\n|\n|t:|1684270272\n|switch|p1a: Marowak|Marowak, L86, M|243/243\n|turn|4\n|\n|t:|1684270283\n|move|p2a: Hydreigon|Max Steelspike|p1a: Marowak\n|-damage|p1a: Marowak|133/243\n|-boost|p2a: Hydreigon|def|1\n|move|p1a: Marowak|Double-Edge|p2a: Hydreigon\n|-damage|p2a: Hydreigon|0 fnt\n|faint|p2a: Hydreigon\n|\n|-weather|SunnyDay|[upkeep]\n|upkeep\n|c|\u2606krai_ace|rekt\n|c|\u2606krai_ace|magot\n|\n|t:|1684270299\n|switch|p2a: Tentacruel|Tentacruel, L84, F|272/272\n|turn|5\n|\n|t:|1684270308\n|move|p2a: Tentacruel|Scald|p1a: Marowak\n|-supereffective|p1a: Marowak\n|-damage|p1a: Marowak|61/243\n|-status|p1a: Marowak|brn\n|move|p1a: Marowak|Earthquake|p2a: Tentacruel\n|-supereffective|p2a: Tentacruel\n|-damage|p2a: Tentacruel|26/272\n|\n|-weather|SunnyDay|[upkeep]\n|-heal|p2a: Tentacruel|43/272|[from] item: Black Sludge\n|-damage|p1a: Marowak|46/243 brn|[from] brn\n|upkeep\n|turn|6\n|c|\u2606krai_ace|hahahahahah\n|c|\u2606krai_ace|suck\n|\n|t:|1684270326\n|move|p2a: Tentacruel|Scald|p1a: Marowak\n|-supereffective|p1a: Marowak\n|-damage|p1a: Marowak|0 fnt\n|faint|p1a: Marowak\n|\n|-weather|SunnyDay|[upkeep]\n|-heal|p2a: Tentacruel|60/272|[from] item: Black Sludge\n|upkeep\n|\n|t:|1684270344\n|switch|p1a: Drampa|Drampa, L86, F|274/274\n|turn|7\n|\n|t:|1684270353\n|move|p2a: Tentacruel|Knock Off|p1a: Drampa\n|-damage|p1a: Drampa|217/274\n|-enditem|p1a: Drampa|Leftovers|[from] move: Knock Off|[of] p2a: Tentacruel\n|move|p1a: Drampa|Hyper Voice|p2a: Tentacruel\n|-damage|p2a: Tentacruel|0 fnt\n|faint|p2a: Tentacruel\n|\n|-weather|none\n|upkeep\n|\n|t:|1684270362\n|switch|p2a: Sableye|Sableye, L88, F|231/231\n|turn|8\n|c|\u2606krai_ace|kiss my has\n|\n|t:|1684270369\n|move|p2a: Sableye|Toxic|p1a: Drampa\n|-status|p1a: Drampa|tox\n|move|p1a: Drampa|Glare|p2a: Sableye\n|-status|p2a: Sableye|par\n|\n|-damage|p1a: Drampa|200/274 tox|[from] psn\n|upkeep\n|turn|9\n|\n|t:|1684270378\n|move|p1a: Drampa|Draco Meteor|p2a: Sableye\n|-damage|p2a: Sableye|0 fnt\n|-unboost|p1a: Drampa|spa|2\n|faint|p2a: Sableye\n|\n|-damage|p1a: Drampa|166/274 tox|[from] psn\n|upkeep\n|\n|t:|1684270383\n|switch|p2a: Lunala|Lunala, L72|316/316\n|turn|10\n|\n|t:|1684270392\n|switch|p1a: Ferrothorn|Ferrothorn, L78, F|244/244\n|move|p2a: Lunala|Calm Mind|p2a: Lunala\n|-boost|p2a: Lunala|spa|1\n|-boost|p2a: Lunala|spd|1\n|\n|upkeep\n|turn|11\n|c|\u2606krai_ace|stupid\n|\n|t:|1684270413\n|move|p2a: Lunala|Moongeist Beam|p1a: Ferrothorn\n|-damage|p1a: Ferrothorn|120/244\n|move|p1a: Ferrothorn|Leech Seed|p2a: Lunala\n|-start|p2a: Lunala|move: Leech Seed\n|\n|-heal|p1a: Ferrothorn|135/244|[from] item: Leftovers\n|-damage|p2a: Lunala|277/316|[from] Leech Seed|[of] p1a: Ferrothorn\n|-heal|p1a: Ferrothorn|174/244|[silent]\n|upkeep\n|turn|12\n|c|\u2606krai_ace|you are a pice of shit\n|\n|t:|1684270427\n|move|p1a: Ferrothorn|Protect|p1a: Ferrothorn\n|-singleturn|p1a: Ferrothorn|Protect\n|move|p2a: Lunala|Psyshock|p1a: Ferrothorn\n|-activate|p1a: Ferrothorn|move: Protect\n|\n|-heal|p2a: Lunala|296/316|[from] item: Leftovers\n|-heal|p1a: Ferrothorn|189/244|[from] item: Leftovers\n|-damage|p2a: Lunala|257/316|[from] Leech Seed|[of] p1a: Ferrothorn\n|-heal|p1a: Ferrothorn|228/244|[silent]\n|upkeep\n|turn|13\n|\n|t:|1684270437\n|move|p2a: Lunala|Psyshock|p1a: Ferrothorn\n|-resisted|p1a: Ferrothorn\n|-damage|p1a: Ferrothorn|181/244\n|move|p1a: Ferrothorn|Knock Off|p2a: Lunala\n|-supereffective|p2a: Lunala\n|-crit|p2a: Lunala\n|-damage|p2a: Lunala|0 fnt\n|-enditem|p2a: Lunala|Leftovers|[from] move: Knock Off|[of] p1a: Ferrothorn\n|faint|p2a: Lunala\n|\n|-heal|p1a: Ferrothorn|196/244|[from] item: Leftovers\n|upkeep\n|\n|t:|1684270443\n|switch|p2a: Arctovish|Arctovish, L86|295/295\n|turn|14\n|\n|t:|1684270453\n|move|p2a: Arctovish|Icicle Crash|p1a: Ferrothorn\n|-damage|p1a: Ferrothorn|84/244\n|move|p1a: Ferrothorn|Leech Seed|p2a: Arctovish\n|-start|p2a: Arctovish|move: Leech Seed\n|\n|-heal|p1a: Ferrothorn|99/244|[from] item: Leftovers\n|-damage|p2a: Arctovish|259/295|[from] Leech Seed|[of] p1a: Ferrothorn\n|-heal|p1a: Ferrothorn|135/244|[silent]\n|upkeep\n|turn|15\n|\n|t:|1684270461\n|move|p1a: Ferrothorn|Protect|p1a: Ferrothorn\n|-singleturn|p1a: Ferrothorn|Protect\n|move|p2a: Arctovish|Icicle Crash|p1a: Ferrothorn\n|-activate|p1a: Ferrothorn|move: Protect\n|\n|-heal|p1a: Ferrothorn|150/244|[from] item: Leftovers\n|-damage|p2a: Arctovish|223/295|[from] Leech Seed|[of] p1a: Ferrothorn\n|-heal|p1a: Ferrothorn|186/244|[silent]\n|upkeep\n|turn|16\n|c|\u2606krai_ace|you dont have a brain\n|\n|t:|1684270484\n|move|p2a: Arctovish|Icicle Crash|p1a: Ferrothorn\n|-damage|p1a: Ferrothorn|71/244\n|cant|p1a: Ferrothorn|flinch\n|\n|-heal|p1a: Ferrothorn|86/244|[from] item: Leftovers\n|-damage|p2a: Arctovish|187/295|[from] Leech Seed|[of] p1a: Ferrothorn\n|-heal|p1a: Ferrothorn|122/244|[silent]\n|upkeep\n|turn|17\n|\n|t:|1684270492\n|switch|p2a: Jolteon|Jolteon, L82, M|241/241\n|move|p1a: Ferrothorn|Protect||[still]\n|-fail|p1a: Ferrothorn\n|\n|-heal|p1a: Ferrothorn|137/244|[from] item: Leftovers\n|upkeep\n|turn|18\n|\n|t:|1684270499\n|move|p2a: Jolteon|Shadow Ball|p1a: Ferrothorn\n|-damage|p1a: Ferrothorn|58/244\n|move|p1a: Ferrothorn|Leech Seed|p2a: Jolteon\n|-start|p2a: Jolteon|move: Leech Seed\n|\n|-heal|p1a: Ferrothorn|73/244|[from] item: Leftovers\n|-damage|p2a: Jolteon|211/241|[from] Leech Seed|[of] p1a: Ferrothorn\n|-heal|p1a: Ferrothorn|103/244|[silent]\n|upkeep\n|turn|19\n|\n|t:|1684270509\n|switch|p2a: Arctovish|Arctovish, L86|187/295\n|move|p1a: Ferrothorn|Protect||[still]\n|-fail|p1a: Ferrothorn\n|\n|-heal|p1a: Ferrothorn|118/244|[from] item: Leftovers\n|upkeep\n|turn|20\n|\n|t:|1684270521\n|move|p2a: Arctovish|Icicle Crash|p1a: Ferrothorn\n|-damage|p1a: Ferrothorn|19/244\n|move|p1a: Ferrothorn|Leech Seed|p2a: Arctovish\n|-start|p2a: Arctovish|move: Leech Seed\n|\n|-heal|p1a: Ferrothorn|34/244|[from] item: Leftovers\n|-damage|p2a: Arctovish|151/295|[from] Leech Seed|[of] p1a: Ferrothorn\n|-heal|p1a: Ferrothorn|70/244|[silent]\n|upkeep\n|turn|21\n|\n|t:|1684270529\n|move|p1a: Ferrothorn|Protect|p1a: Ferrothorn\n|-singleturn|p1a: Ferrothorn|Protect\n|move|p2a: Arctovish|Icicle Crash|p1a: Ferrothorn\n|-activate|p1a: Ferrothorn|move: Protect\n|\n|-heal|p1a: Ferrothorn|85/244|[from] item: Leftovers\n|-damage|p2a: Arctovish|115/295|[from] Leech Seed|[of] p1a: Ferrothorn\n|-heal|p1a: Ferrothorn|121/244|[silent]\n|upkeep\n|turn|22\n|\n|t:|1684270538\n|move|p2a: Arctovish|Icicle Crash|p1a: Ferrothorn\n|-crit|p1a: Ferrothorn\n|-damage|p1a: Ferrothorn|0 fnt\n|faint|p1a: Ferrothorn\n|\n|upkeep\n|\n|t:|1684270545\n|switch|p1a: Drampa|Drampa, L86, F|166/274 tox\n|turn|23\n|\n|t:|1684270556\n|move|p2a: Arctovish|Icicle Crash|p1a: Drampa\n|-supereffective|p1a: Drampa\n|-damage|p1a: Drampa|0 fnt\n|faint|p1a: Drampa\n|\n|upkeep\n|\n|t:|1684270561\n|switch|p1a: Darmanitan|Darmanitan-Galar, L78, F|292/292\n|turn|24\n|\n|t:|1684270572\n|switch|p2a: Jolteon|Jolteon, L82, M|211/241\n|move|p1a: Darmanitan|Fire Punch|p2a: Jolteon\n|-damage|p2a: Jolteon|131/241\n|\n|upkeep\n|turn|25\n|\n|t:|1684270580\n|move|p2a: Jolteon|Thunderbolt|p1a: Darmanitan\n|-damage|p1a: Darmanitan|88/292\n|move|p1a: Darmanitan|Icicle Crash|p2a: Jolteon\n|-damage|p2a: Jolteon|0 fnt\n|faint|p2a: Jolteon\n|\n|-formechange|p1a: Darmanitan|Darmanitan-Galar-Zen|\n|upkeep\n|\n|t:|1684270584\n|switch|p2a: Arctovish|Arctovish, L86|115/295\n|turn|26\n|c|\u2606krai_ace|stupid\n|\n|t:|1684270594\n|move|p1a: Darmanitan|Fire Punch|p2a: Arctovish\n|-damage|p2a: Arctovish|27/295\n|move|p2a: Arctovish|Psychic Fangs|p1a: Darmanitan\n|-damage|p1a: Darmanitan|0 fnt\n|faint|p1a: Darmanitan\n|\n|upkeep\n|c|\u2606krai_ace|now\n|c|\u2606krai_ace|kiss my hass\n|\n|t:|1684270607\n|switch|p1a: Salamence|Salamence, L76, F|269/269\n|turn|27\n|j|@Waves\n|n|\u203dkrai_ace|kraiace\n|c|@Waves|/log krai_ace was locked from talking by Waves. (continued the same behavior they were warned for not too long ago)\n|l|@Waves\n|\n|t:|1684270613\n|-start|p1a: Salamence|Dynamax|\n|-heal|p1a: Salamence|538/538|[silent]\n|move|p1a: Salamence|Max Wyrmwind|p2a: Arctovish\n|-damage|p2a: Arctovish|0 fnt\n|faint|p2a: Arctovish\n|\n|win|krai_ace\n|raw|krai_ace's rating: 1145 &rarr; <strong>1173</strong><br />(+28 for winning)\n|raw|Jr1234jr's rating: 1188 &rarr; <strong>1160</strong><br />(-28 for losing)\n", "inputlog": ">version a86fbaffe903c4a7274c53376b849908390bb49d\n>start {\"formatid\":\"gen8randombattle\",\"seed\":[62868,18639,59916,56250],\"rated\":\"Rated battle\"}\n>player p1 {\"name\":\"krai_ace\",\"avatar\":\"169\",\"rating\":1145,\"seed\":[55700,12817,5413,635]}\n>player p2 {\"name\":\"Jr1234jr\",\"avatar\":\"ethan\",\"rating\":1172,\"seed\":[23685,18161,38428,42151]}\n>p1 move swordsdance\n>p2 move knockoff\n>p1 move ironhead\n>p2 switch 4\n>p1 move ironhead\n>p2 move fireblast dynamax\n>p1 switch 2\n>p1 move doubleedge\n>p2 move flashcannon dynamax\n>chat \u2606krai_ace|rekt\n>chat \u2606krai_ace|magot\n>p2 switch 2\n>p1 move earthquake\n>p2 move scald\n>chat \u2606krai_ace|hahahahahah\n>chat \u2606krai_ace|suck\n>p1 move doubleedge\n>p2 move scald\n>p1 switch 6\n>p1 move hypervoice\n>p2 move knockoff\n>p2 switch 4\n>chat \u2606krai_ace|kiss my has\n>p1 move glare\n>p2 move toxic\n>p1 move dracometeor\n>p2 move knockoff\n>p2 switch 3\n>p1 switch 4\n>p2 move calmmind\n>chat \u2606krai_ace|stupid\n>p1 move leechseed\n>p2 move moongeistbeam\n>chat \u2606krai_ace|you are a pice of shit\n>p1 move protect\n>p2 move psyshock\n>p1 move knockoff\n>p2 move psyshock\n>p2 switch 5\n>p1 move leechseed\n>p2 move iciclecrash\n>p1 move protect\n>p2 move iciclecrash\n>chat \u2606krai_ace|you dont have a brain\n>p1 move gyroball\n>p2 move iciclecrash\n>p1 move protect\n>p2 switch 6\n>p1 move leechseed\n>p2 move shadowball\n>p1 move protect\n>p2 switch 6\n>p1 move leechseed\n>p2 move iciclecrash\n>p1 move protect\n>p2 move iciclecrash\n>p1 move gyroball\n>p2 move iciclecrash\n>p1 switch 4\n>p1 move hypervoice\n>p2 move iciclecrash\n>p1 switch 5\n>p1 move firepunch\n>p2 switch 6\n>p1 move iciclecrash\n>p2 move thunderbolt\n>p2 switch 6\n>chat \u2606krai_ace|stupid\n>p1 move firepunch\n>p2 move psychicfangs\n>chat \u2606krai_ace|now\n>chat \u2606krai_ace|kiss my hass\n>p1 switch 3\n>p1 move outrage dynamax\n>p2 move psychicfangs", "uploadtime": 1684270426, "views": 5, "p1id": "kraiace", "p2id": "jr1234jr", "formatid": "gen8randombattle", "rating": 1160, "private": 0, "password": ""}