{"id": "gen8randombattle-1865405986", "p1": "FreeYeezy69", "p2": "mscar2012", "format": "[Gen 8] Random Battle", "log": "|j|\u2606FreeYeezy69\n|j|\u2606mscar2012\n|t:|1684283928\n|gametype|singles\n|player|p1|FreeYeezy69|clay|1327\n|player|p2|mscar2012|266|1500\n|teamsize|p1|6\n|teamsize|p2|6\n|gen|8\n|tier|[Gen 8] Random Battle\n|rated|\n|rule|Species Clause: Limit one of each Pok\u00e9mon\n|rule|HP Percentage Mod: HP is shown in percentages\n|rule|Sleep Clause Mod: Limit one foe put to sleep\n|\n|t:|1684283928\n|start\n|switch|p1a: Toxtricity|Toxtricity, L82, M|257/257\n|switch|p2a: Luxray|Luxray, L84, F|272/272\n|-ability|p2a: Luxray|Intimidate|boost\n|-unboost|p1a: Toxtricity|atk|1\n|turn|1\n|inactive|Battle timer is ON: inactive players will automatically lose when time's up. (requested by mscar2012)\n|\n|t:|1684283940\n|switch|p2a: Swampert|Swampert, L80, M|291/291\n|move|p1a: Toxtricity|Boomburst|p2a: Swampert\n|-damage|p2a: Swampert|66/291\n|\n|-heal|p2a: Swampert|84/291|[from] item: Leftovers\n|upkeep\n|turn|2\n|\n|t:|1684283947\n|move|p2a: Swampert|Protect|p2a: Swampert\n|-singleturn|p2a: Swampert|Protect\n|move|p1a: Toxtricity|Boomburst|p2a: Swampert\n|-activate|p2a: Swampert|move: Protect\n|\n|-heal|p2a: Swampert|102/291|[from] item: Leftovers\n|upkeep\n|turn|3\n|\n|t:|1684283953\n|switch|p2a: Sceptile|Sceptile, L86, M|261/261\n|move|p1a: Toxtricity|Boomburst|p2a: Sceptile\n|-damage|p2a: Sceptile|49/261\n|\n|upkeep\n|turn|4\n|c|\u2606mscar2012|that is definitely spec\n|\n|t:|1684283973\n|switch|p1a: Scyther|Scyther, L81, M|246/246\n|move|p2a: Sceptile|Earthquake|p1a: Scyther\n|-immune|p1a: Scyther\n|\n|upkeep\n|turn|5\n|\n|t:|1684283987\n|switch|p2a: Vileplume|Vileplume, L84, F|263/263\n|move|p1a: Scyther|U-turn|p2a: Vileplume\n|-damage|p2a: Vileplume|184/263\n|inactive|FreeYeezy69 has 120 seconds left.\n|\n|t:|1684284009\n|switch|p1a: Entei|Entei, L78|307/307|[from] U-turn\n|\n|-heal|p2a: Vileplume|200/263|[from] item: Black Sludge\n|upkeep\n|turn|6\n|inactive|FreeYeezy69 has 120 seconds left.\n|\n|t:|1684284018\n|switch|p2a: Swampert|Swampert, L80, M|102/291\n|move|p1a: Entei|Sacred Fire|p2a: Swampert\n|-resisted|p2a: Swampert\n|-damage|p2a: Swampert|21/291\n|\n|-heal|p2a: Swampert|39/291|[from] item: Leftovers\n|upkeep\n|turn|7\n|\n|t:|1684284027\n|move|p2a: Swampert|Protect|p2a: Swampert\n|-singleturn|p2a: Swampert|Protect\n|move|p1a: Entei|Sacred Fire|p2a: Swampert\n|-activate|p2a: Swampert|move: Protect\n|\n|-heal|p2a: Swampert|57/291|[from] item: Leftovers\n|upkeep\n|turn|8\n|\n|t:|1684284035\n|move|p1a: Entei|Sacred Fire|p2a: Swampert\n|-resisted|p2a: Swampert\n|-damage|p2a: Swampert|0 fnt\n|faint|p2a: Swampert\n|\n|upkeep\n|\n|t:|1684284043\n|switch|p2a: Gallade|Gallade, L82, M|246/246\n|turn|9\n|\n|t:|1684284057\n|-start|p2a: Gallade|Dynamax|\n|-heal|p2a: Gallade|492/492|[silent]\n|move|p1a: Entei|Sacred Fire|p2a: Gallade\n|-crit|p2a: Gallade\n|-damage|p2a: Gallade|213/492\n|-status|p2a: Gallade|brn\n|move|p2a: Gallade|Max Knuckle|p1a: Entei\n|-damage|p1a: Entei|242/307\n|-boost|p2a: Gallade|atk|1\n|\n|-damage|p2a: Gallade|198/492 brn|[from] brn\n|upkeep\n|turn|10\n|c|\u2606mscar2012|ok\n|\n|t:|1684284070\n|move|p1a: Entei|Sacred Fire|p2a: Gallade\n|-damage|p2a: Gallade|0 fnt\n|faint|p2a: Gallade\n|\n|upkeep\n|\n|t:|1684284074\n|switch|p2a: Luxray|Luxray, L84, F|272/272\n|-ability|p2a: Luxray|Intimidate|boost\n|-fail|p1a: Entei|unboost|Attack|[from] ability: Inner Focus|[of] p1a: Entei\n|turn|11\n|\n|t:|1684284078\n|move|p1a: Entei|Sacred Fire|p2a: Luxray\n|-damage|p2a: Luxray|86/272\n|-status|p2a: Luxray|brn\n|move|p2a: Luxray|Agility|p2a: Luxray\n|-boost|p2a: Luxray|spe|2\n|\n|-damage|p2a: Luxray|69/272 brn|[from] brn\n|upkeep\n|turn|12\n|-message|mscar2012 forfeited.\n|\n|win|FreeYeezy69\n|raw|FreeYeezy69's rating: 1327 &rarr; <strong>1356</strong><br />(+29 for winning)\n|raw|mscar2012's rating: 1500 &rarr; <strong>1471</strong><br />(-29 for losing)\n|l|\u2606mscar2012\n", "inputlog": ">version 3f967b429d9dd76d8eb692efdd7dfe9038092d20\n>start {\"formatid\":\"gen8randombattle\",\"seed\":[55407,56676,22204,27543],\"rated\":\"Rated battle\"}\n>player p1 {\"name\":\"FreeYeezy69\",\"avatar\":\"clay\",\"rating\":1327,\"seed\":[1645,14384,57685,53707]}\n>player p2 {\"name\":\"mscar2012\",\"avatar\":\"266\",\"rating\":1500,\"seed\":[53399,6640,58378,10685]}\n>p1 move boomburst\n>p2 switch 3\n>p1 move boomburst\n>p2 move protect\n>p1 move boomburst\n>p2 switch 4\n>chat \u2606mscar2012|that is definitely spec\n>p1 switch 4\n>p2 move earthquake\n>p1 move uturn\n>p2 switch 6\n>p1 switch 6\n>p1 move sacredfire\n>p2 switch 4\n>p1 move sacredfire\n>p2 move protect\n>p1 move sacredfire\n>p2 move scald\n>p2 switch 5\n>p1 move sacredfire\n>p2 move closecombat dynamax\n>chat \u2606mscar2012|ok\n>p1 move sacredfire\n>p2 move closecombat dynamax\n>p2 switch 3\n>p1 move sacredfire\n>p2 move agility\n>forcelose p2", "uploadtime": 1684284091, "views": 6, "p1id": "freeyeezy69", "p2id": "mscar2012", "formatid": "gen8randombattle", "rating": 1356, "private": 0, "password": ""}