{"id": "gen8randombattle-1873451539", "p1": "gooeygoommii", "p2": "ClutchNightmare", "format": "[Gen 8] Random Battle", "log": "|j|\u2606gooeygoommii\n|j|\u2606ClutchNightmare\n|t:|1685378366\n|gametype|singles\n|player|p1|gooeygoommii|cynthia-masters|\n|player|p2|ClutchNightmare|2|\n|teamsize|p1|6\n|teamsize|p2|6\n|gen|8\n|tier|[Gen 8] Random Battle\n|rated|Tournament battle\n|rule|Species Clause: Limit one of each Pok\u00e9mon\n|rule|HP Percentage Mod: HP is shown in percentages\n|rule|Sleep Clause Mod: Limit one foe put to sleep\n|rule|Camomons Mod: Pok\u00e9mon have their types set to match their first two moves.\n|rule|Inverse Mod: Weaknesses become resistances, while resistances and immunities become weaknesses.\n|rule|Scalemons Mod: Every Pokemon's stats, barring HP, are scaled to come as close to a BST of 600 as possible\n|clearpoke\n|poke|p1|Emolga, L88, M|\n|poke|p1|Registeel, L83|\n|poke|p1|Aerodactyl, L82, F|\n|poke|p1|Kyurem-Black, L73|\n|poke|p1|Hydreigon, L80, M|\n|poke|p1|Slurpuff, L80, M|\n|poke|p2|Chandelure, L82, F|\n|poke|p2|Volcanion, L80|\n|poke|p2|Orbeetle, L86, F|\n|poke|p2|Reuniclus, L84, M|\n|poke|p2|Registeel, L83|\n|poke|p2|Persian-Alola, L82, F|\n|teampreview\n|j|%Iolanthe\n|inactive|Battle timer is ON: inactive players will automatically lose when time's up. (requested by gooeygoommii)\n|\n|t:|1685378384\n|start\n|switch|p1a: Slurpuff|Slurpuff, L80, M|262/262\n|switch|p2a: Persian|Persian-Alola, L82, F|241/241\n|-start|p2a: Persian|typechange|Electric/Dark|[silent]\n|-start|p1a: Slurpuff|typechange|Fairy/Normal|[silent]\n|-start|p1a: Slurpuff|typechange|Fairy/Normal|[silent]\n|-start|p2a: Persian|typechange|Electric/Dark|[silent]\n|turn|1\n|l|%Iolanthe\n|c|\u2606ClutchNightmare|forgot about gen8 slurpuff fuck that thing\n|\n|t:|1685378408\n|switch|p1a: Emolga|Emolga, L88, M|240/240\n|-start|p1a: Emolga|typechange|Flying/Poison|[silent]\n|move|p2a: Persian|Dark Pulse|p1a: Emolga\n|-damage|p1a: Emolga|158/240\n|\n|upkeep\n|-start|p1a: Emolga|typechange|Flying/Poison|[silent]\n|turn|2\n|c|\u2606ClutchNightmare|plz plz die\n|c|\u2606ClutchNightmare|ok good\n|\n|t:|1685378430\n|switch|p2a: Reuniclus|Reuniclus, L84, M|322/322\n|-start|p2a: Reuniclus|typechange|Psychic|[silent]\n|move|p1a: Emolga|Toxic|p2a: Reuniclus\n|-status|p2a: Reuniclus|tox\n|\n|upkeep\n|turn|3\n|\n|t:|1685378440\n|switch|p1a: Registeel|Registeel, L83|268/268\n|-start|p1a: Registeel|typechange|Poison/Normal|[silent]\n|move|p2a: Reuniclus|Focus Blast|p1a: Registeel\n|-damage|p1a: Registeel|154/268\n|\n|-heal|p1a: Registeel|170/268|[from] item: Leftovers\n|upkeep\n|-start|p1a: Registeel|typechange|Poison/Normal|[silent]\n|turn|4\n|\n|t:|1685378450\n|move|p1a: Registeel|Iron Head|p2a: Reuniclus\n|-damage|p2a: Reuniclus|300/322 tox\n|cant|p2a: Reuniclus|flinch\n|\n|-heal|p1a: Registeel|186/268|[from] item: Leftovers\n|upkeep\n|turn|5\n|\n|t:|1685378456\n|move|p1a: Registeel|Protect|p1a: Registeel\n|-singleturn|p1a: Registeel|Protect\n|move|p2a: Reuniclus|Shadow Ball|p1a: Registeel\n|-activate|p1a: Registeel|move: Protect\n|\n|-heal|p1a: Registeel|202/268|[from] item: Leftovers\n|upkeep\n|turn|6\n|\n|t:|1685378471\n|switch|p1a: Kyurem|Kyurem-Black, L73|303/303\n|-start|p1a: Kyurem|typechange|Ice/Dragon|[silent]\n|-ability|p1a: Kyurem|Teravolt\n|move|p2a: Reuniclus|Shadow Ball|p1a: Kyurem\n|-damage|p1a: Kyurem|160/303\n|\n|upkeep\n|-start|p1a: Kyurem|typechange|Ice/Dragon|[silent]\n|turn|7\n|\n|t:|1685378492\n|switch|p1a: Slurpuff|Slurpuff, L80, M|262/262\n|-ability|p1a: Slurpuff|Teravolt\n|-start|p1a: Slurpuff|typechange|Fairy/Normal|[silent]\n|move|p2a: Reuniclus|Psychic|p1a: Slurpuff\n|-damage|p1a: Slurpuff|71/262\n|-enditem|p1a: Slurpuff|Sitrus Berry|[eat]\n|-heal|p1a: Slurpuff|136/262|[from] item: Sitrus Berry\n|\n|upkeep\n|-start|p1a: Slurpuff|typechange|Fairy/Normal|[silent]\n|turn|8\n|\n|t:|1685378507\n|move|p1a: Slurpuff|Drain Punch|p2a: Reuniclus\n|-supereffective|p2a: Reuniclus\n|-crit|p2a: Reuniclus\n|-damage|p2a: Reuniclus|144/322 tox\n|-heal|p1a: Slurpuff|214/262|[from] drain|[of] p2a: Reuniclus\n|move|p2a: Reuniclus|Psychic|p1a: Slurpuff\n|-damage|p1a: Slurpuff|46/262\n|\n|upkeep\n|turn|9\n|\n|t:|1685378524\n|switch|p2a: Orbeetle|Orbeetle, L86, F|243/243\n|-start|p2a: Orbeetle|typechange|Normal/Bug|[silent]\n|move|p1a: Slurpuff|Drain Punch|p2a: Orbeetle\n|-damage|p2a: Orbeetle|205/243\n|-heal|p1a: Slurpuff|65/262|[from] drain|[of] p2a: Orbeetle\n|\n|upkeep\n|-start|p2a: Orbeetle|typechange|Normal/Bug|[silent]\n|turn|10\n|inactive|gooeygoommii has 120 seconds left.\n|\n|t:|1685378546\n|move|p1a: Slurpuff|Play Rough|p2a: Orbeetle\n|-damage|p2a: Orbeetle|145/243\n|move|p2a: Orbeetle|U-turn|p1a: Slurpuff\n|-supereffective|p1a: Slurpuff\n|-damage|p1a: Slurpuff|0 fnt\n|faint|p1a: Slurpuff\n|\n|t:|1685378563\n|switch|p2a: Registeel|Registeel, L83|268/268|[from] U-turn\n|-start|p2a: Registeel|typechange|Poison/Steel|[silent]\n|\n|upkeep\n|inactive|gooeygoommii has 120 seconds left.\n|\n|t:|1685378588\n|switch|p1a: Emolga|Emolga, L88, M|158/240\n|-ability|p1a: Emolga|Teravolt\n|-start|p1a: Emolga|typechange|Flying/Poison|[silent]\n|-start|p1a: Emolga|typechange|Flying/Poison|[silent]\n|-start|p2a: Registeel|typechange|Poison/Steel|[silent]\n|turn|11\n|\n|t:|1685378603\n|move|p1a: Emolga|Air Slash|p2a: Registeel\n|-supereffective|p2a: Registeel\n|-damage|p2a: Registeel|136/268\n|cant|p2a: Registeel|flinch\n|\n|-heal|p2a: Registeel|152/268|[from] item: Leftovers\n|upkeep\n|turn|12\n|\n|t:|1685378610\n|move|p2a: Registeel|Protect|p2a: Registeel\n|-singleturn|p2a: Registeel|Protect\n|move|p1a: Emolga|Air Slash|p2a: Registeel\n|-activate|p2a: Registeel|move: Protect\n|\n|-heal|p2a: Registeel|168/268|[from] item: Leftovers\n|upkeep\n|turn|13\n|\n|t:|1685378613\n|move|p1a: Emolga|Air Slash|p2a: Registeel\n|-supereffective|p2a: Registeel\n|-damage|p2a: Registeel|48/268\n|move|p2a: Registeel|Stealth Rock|p1a: Emolga\n|-sidestart|p1: gooeygoommii|move: Stealth Rock\n|\n|-heal|p2a: Registeel|64/268|[from] item: Leftovers\n|upkeep\n|turn|14\n|j|%TheTrueLtaker\n|\n|t:|1685378618\n|move|p1a: Emolga|Roost|p1a: Emolga\n|-heal|p1a: Emolga|240/240\n|-singleturn|p1a: Emolga|move: Roost\n|move|p2a: Registeel|Iron Head|p1a: Emolga\n|-damage|p1a: Emolga|170/240\n|\n|-heal|p2a: Registeel|80/268|[from] item: Leftovers\n|upkeep\n|turn|15\n|\n|t:|1685378623\n|move|p1a: Emolga|Air Slash|p2a: Registeel\n|-supereffective|p2a: Registeel\n|-damage|p2a: Registeel|0 fnt\n|faint|p2a: Registeel\n|\n|upkeep\n|\n|t:|1685378636\n|switch|p2a: Orbeetle|Orbeetle, L86, F|145/243\n|-start|p2a: Orbeetle|typechange|Normal/Bug|[silent]\n|-item|p1a: Emolga|Heavy-Duty Boots|[from] ability: Frisk|[of] p2a: Orbeetle|[identify]\n|-start|p2a: Orbeetle|typechange|Normal/Bug|[silent]\n|turn|16\n|\n|t:|1685378646\n|move|p1a: Emolga|Toxic|p2a: Orbeetle\n|-status|p2a: Orbeetle|tox\n|move|p2a: Orbeetle|U-turn|p1a: Emolga\n|-supereffective|p1a: Emolga\n|-damage|p1a: Emolga|0 fnt\n|faint|p1a: Emolga\n|\n|t:|1685378657\n|switch|p2a: Chandelure|Chandelure, L82, F|233/233|[from] U-turn\n|-start|p2a: Chandelure|typechange|Fire/Psychic|[silent]\n|\n|upkeep\n|\n|t:|1685378667\n|switch|p1a: Hydreigon|Hydreigon, L80, M|278/278\n|-ability|p1a: Hydreigon|Teravolt\n|-start|p1a: Hydreigon|typechange|Dark|[silent]\n|-damage|p1a: Hydreigon|244/278|[from] Stealth Rock\n|-start|p1a: Hydreigon|typechange|Dark|[silent]\n|-start|p2a: Chandelure|typechange|Fire/Psychic|[silent]\n|turn|17\n|\n|t:|1685378685\n|move|p1a: Hydreigon|Nasty Plot|p1a: Hydreigon\n|-boost|p1a: Hydreigon|spa|2\n|move|p2a: Chandelure|Shadow Ball|p1a: Hydreigon\n|-supereffective|p1a: Hydreigon\n|-damage|p1a: Hydreigon|72/278\n|\n|upkeep\n|turn|18\n|\n|t:|1685378699\n|move|p1a: Hydreigon|Draco Meteor|p2a: Chandelure\n|-damage|p2a: Chandelure|9/233\n|-unboost|p1a: Hydreigon|spa|2\n|-damage|p1a: Hydreigon|45/278|[from] item: Life Orb\n|move|p2a: Chandelure|Shadow Ball|p1a: Hydreigon\n|-supereffective|p1a: Hydreigon\n|-damage|p1a: Hydreigon|0 fnt\n|faint|p1a: Hydreigon\n|\n|upkeep\n|\n|t:|1685378710\n|switch|p1a: Aerodactyl|Aerodactyl, L82, F|265/265\n|-ability|p1a: Aerodactyl|Unnerve\n|-ability|p1a: Aerodactyl|Teravolt\n|-start|p1a: Aerodactyl|typechange|Rock/Flying|[silent]\n|turn|19\n|\n|t:|1685378717\n|move|p1a: Aerodactyl|Dual Wingbeat|p2a: Chandelure|[miss]\n|-miss|p1a: Aerodactyl|p2a: Chandelure\n|move|p2a: Chandelure|Fire Blast|p1a: Aerodactyl\n|-supereffective|p1a: Aerodactyl\n|-damage|p1a: Aerodactyl|0 fnt\n|faint|p1a: Aerodactyl\n|\n|upkeep\n|\n|t:|1685378721\n|switch|p1a: Registeel|Registeel, L83|202/268\n|-ability|p1a: Registeel|Unnerve\n|-ability|p1a: Registeel|Teravolt\n|-start|p1a: Registeel|typechange|Poison/Normal|[silent]\n|-damage|p1a: Registeel|169/268|[from] Stealth Rock\n|-start|p1a: Registeel|typechange|Poison/Normal|[silent]\n|turn|20\n|c|\u2606ClutchNightmare|omg\n|\n|t:|1685378728\n|move|p2a: Chandelure|Shadow Ball|p1a: Registeel\n|-supereffective|p1a: Registeel\n|-damage|p1a: Registeel|67/268\n|move|p1a: Registeel|Iron Head|p2a: Chandelure\n|-supereffective|p2a: Chandelure\n|-damage|p2a: Chandelure|0 fnt\n|faint|p2a: Chandelure\n|\n|-heal|p1a: Registeel|83/268|[from] item: Leftovers\n|upkeep\n|\n|t:|1685378737\n|switch|p2a: Orbeetle|Orbeetle, L86, F|145/243 tox\n|-start|p2a: Orbeetle|typechange|Normal/Bug|[silent]\n|-item|p1a: Registeel|Leftovers|[from] ability: Frisk|[of] p2a: Orbeetle|[identify]\n|-start|p2a: Orbeetle|typechange|Normal/Bug|[silent]\n|turn|21\n|\n|t:|1685378742\n|move|p1a: Registeel|Protect|p1a: Registeel\n|-singleturn|p1a: Registeel|Protect\n|move|p2a: Orbeetle|U-turn|p1a: Registeel\n|-activate|p1a: Registeel|move: Protect\n|\n|-heal|p1a: Registeel|99/268|[from] item: Leftovers\n|upkeep\n|turn|22\n|\n|t:|1685378749\n|move|p2a: Orbeetle|U-turn|p1a: Registeel\n|-supereffective|p1a: Registeel\n|-damage|p1a: Registeel|31/268\n|\n|t:|1685378753\n|switch|p2a: Volcanion|Volcanion, L80|259/259|[from] U-turn\n|-item|p1a: Registeel|Leftovers|[from] ability: Frisk|[of] p2a: Volcanion|[identify]\n|-start|p2a: Volcanion|typechange|Fire/Ground|[silent]\n|move|p1a: Registeel|Iron Head|p2a: Volcanion\n|-supereffective|p2a: Volcanion\n|-damage|p2a: Volcanion|181/259\n|\n|-heal|p1a: Registeel|47/268|[from] item: Leftovers\n|upkeep\n|-start|p2a: Volcanion|typechange|Fire/Ground|[silent]\n|turn|23\n|\n|t:|1685378762\n|move|p2a: Volcanion|Flamethrower|p1a: Registeel\n|-damage|p1a: Registeel|0 fnt\n|faint|p1a: Registeel\n|\n|upkeep\n|\n|t:|1685378765\n|switch|p1a: Kyurem|Kyurem-Black, L73|160/303\n|-ability|p1a: Kyurem|Unnerve\n|-start|p1a: Kyurem|typechange|Ice/Dragon|[silent]\n|-ability|p1a: Kyurem|Teravolt\n|-start|p1a: Kyurem|typechange|Ice/Dragon|[silent]\n|turn|24\n|\n|t:|1685378774\n|-start|p1a: Kyurem|Dynamax|\n|-heal|p1a: Kyurem|320/606|[silent]\n|move|p2a: Volcanion|Steam Eruption|p1a: Kyurem\n|-supereffective|p1a: Kyurem\n|-damage|p1a: Kyurem|94/606\n|-status|p1a: Kyurem|brn\n|move|p1a: Kyurem|Max Lightning|p2a: Volcanion\n|-supereffective|p2a: Volcanion\n|-damage|p2a: Volcanion|98/259\n|-fieldstart|move: Electric Terrain\n|\n|-damage|p1a: Kyurem|76/606 brn|[from] brn\n|upkeep\n|turn|25\n|\n|t:|1685378784\n|move|p2a: Volcanion|Flamethrower|p1a: Kyurem\n|-damage|p1a: Kyurem|0 fnt\n|faint|p1a: Kyurem\n|\n|win|ClutchNightmare\n|n|\u2606gooeygoommii|gooeygoommii\n|n|\u2606ClutchNightmare|clutchnightmare\n|n| TheTrueLtaker|thetrueltaker\n", "inputlog": ">version 6fec31d5a0d4498a06105aa188c9906bc0b6bf95\n>start {\"formatid\":\"gen8randombattle@@@[Gen 9] Random Battle Mayhem\",\"seed\":[15662,13131,36765,52719],\"rated\":\"Tournament battle\"}\n>player p1 {\"name\":\"gooeygoommii\",\"avatar\":\"cynthia-masters\",\"rating\":0,\"seed\":[42986,53306,4347,54237]}\n>player p2 {\"name\":\"ClutchNightmare\",\"avatar\":\"2\",\"rating\":0,\"seed\":[13112,39677,45669,27658]}\n>p1 team 6, 2, 3, 4, 5, 1\n>p2 team 6, 2, 3, 4, 5, 1\n>chat \u2606ClutchNightmare|forgot about gen8 slurpuff fuck that thing\n>p1 switch 6\n>p2 move darkpulse\n>chat \u2606ClutchNightmare|plz plz die\n>chat \u2606ClutchNightmare|ok good\n>p1 move toxic\n>p2 switch 4\n>p1 switch 2\n>p2 move focusblast\n>p1 move ironhead\n>p2 move shadowball\n>p1 move protect\n>p2 move shadowball\n>p1 switch 4\n>p2 move shadowball\n>p1 switch 6\n>p2 move psychic\n>p1 move drainpunch\n>p2 move psychic\n>p1 move drainpunch\n>p2 switch 3\n>p1 move playrough\n>p2 move uturn\n>p2 switch 5\n>p1 switch 2\n>p1 move airslash\n>p2 move stealthrock\n>p1 move airslash\n>p2 move protect\n>p1 move airslash\n>p2 move stealthrock\n>p1 move roost\n>p2 move ironhead\n>p1 move airslash\n>p2 move ironhead\n>p2 switch 5\n>p1 move toxic\n>p2 move uturn\n>p2 switch 6\n>p1 switch 5\n>p1 move nastyplot\n>p2 move shadowball\n>p1 move dracometeor\n>p2 move shadowball\n>p1 switch 3\n>p1 move dualwingbeat\n>p2 move fireblast\n>p1 switch 4\n>chat \u2606ClutchNightmare|omg\n>p1 move ironhead\n>p2 move shadowball\n>p2 switch 6\n>p1 move protect\n>p2 move uturn\n>p1 move ironhead\n>p2 move uturn\n>p2 switch 2\n>p1 move ironhead\n>p2 move flamethrower\n>p1 switch 6\n>p1 move fusionbolt dynamax\n>p2 move steameruption\n>p1 move outrage dynamax\n>p2 move flamethrower", "uploadtime": 1685378785, "views": 5, "p1id": "gooeygoommii", "p2id": "clutchnightmare", "formatid": "gen8randombattle", "rating": 0, "private": 0, "password": ""}