{"id": "gen8randombattle-1872546978", "p1": "tylerfitz8", "p2": "Tails72", "format": "[Gen 8] Random Battle", "log": "|j|\u2606tylerfitz8\n|j|\u2606Tails72\n|inactive|Battle timer is ON: inactive players will automatically lose when time's up.\n|t:|1685241839\n|gametype|singles\n|player|p1|tylerfitz8|#rbtt6teampalkia|\n|player|p2|Tails72|volo-ginkgo|\n|teamsize|p1|24\n|teamsize|p2|24\n|gen|8\n|tier|[Gen 8] Random Battle\n|rated|Tournament battle\n|rule|Species Clause: Limit one of each Pok\u00e9mon\n|rule|HP Percentage Mod: HP is shown in percentages\n|rule|Sleep Clause Mod: Limit one foe put to sleep\n|rule|Dynamax Clause: You cannot dynamax\n|clearpoke\n|poke|p1|Togekiss, L84, F|\n|poke|p1|Celebi, L84|\n|poke|p1|Copperajah, L86, M|\n|poke|p1|Calyrex-Shadow, L68|\n|poke|p1|Arctozolt, L88|\n|poke|p1|Corviknight, L80, M|\n|poke|p1|Vespiquen, L96, F|\n|poke|p1|Dragapult, L80, M|\n|poke|p1|Rhydon, L88, F|\n|poke|p1|Seaking, L88, M|\n|poke|p1|Lycanroc-Dusk, L82, F|\n|poke|p1|Flapple, L88, F|\n|poke|p1|Kangaskhan, L88, F|\n|poke|p1|Roserade, L84, F|\n|poke|p1|Yveltal, L76|\n|poke|p1|Latios, L81, M|\n|poke|p1|Talonflame, L86, F|\n|poke|p1|Emolga, L88, M|\n|poke|p1|Aurorus, L88, F|\n|poke|p1|Cinderace, L76, F|\n|poke|p1|Orbeetle, L88, M|\n|poke|p1|Galvantula, L88, M|\n|poke|p1|Walrein, L88, M|\n|poke|p1|Steelix, L84, F|\n|poke|p2|Farfetch\u2019d, L88, M|\n|poke|p2|Zarude-Dada, L82|\n|poke|p2|Celebi, L84|\n|poke|p2|Blacephalon, L80|\n|poke|p2|Moltres, L82|\n|poke|p2|Leafeon, L88, F|\n|poke|p2|Skarmory, L82, F|\n|poke|p2|Articuno, L88|\n|poke|p2|Gallade, L88, M|\n|poke|p2|Regigigas, L88|\n|poke|p2|Liepard, L88, M|\n|poke|p2|Musharna, L88, M|\n|poke|p2|Mudsdale, L86, M|\n|poke|p2|Guzzlord, L87|\n|poke|p2|Jellicent, L88, F|\n|poke|p2|Latios, L81, M|\n|poke|p2|Dugtrio, L84, F|\n|poke|p2|Doublade, L88, F|\n|poke|p2|Noctowl, L88, F|\n|poke|p2|Golisopod, L84, F|\n|poke|p2|Exploud, L86, F|\n|poke|p2|Stoutland, L88, M|\n|poke|p2|Indeedee-F, L85, F|\n|poke|p2|Poliwrath, L88, F|\n|teampreview|6\n|j|*Lady Monita\n|c|\u2606Tails72|gl hf\n|inactive|tylerfitz8 has 120 seconds left.\n|inactive|Tails72 has 120 seconds left.\n|inactive|tylerfitz8 has 90 seconds left.\n|inactive|Tails72 has 90 seconds left.\n|j| Obmana\n|inactive|tylerfitz8 has 60 seconds left.\n|inactive|Tails72 has 60 seconds left.\n|inactive|tylerfitz8 has 30 seconds left.\n|inactive|Tails72 has 30 seconds left.\n|inactive|Tails72 has 20 seconds left.\n|c|\u2606tylerfitz8|glhf\n|\n|t:|1685241972\n|start\n|switch|p1a: Galvantula|Galvantula, L88, M|275/275\n|switch|p2a: Dugtrio|Dugtrio, L84, F|226/226\n|turn|1\n|inactive|tylerfitz8 has 90 seconds left.\n|\n|t:|1685241989\n|move|p1a: Galvantula|Brave Bird|p2a: Dugtrio\n|-damage|p2a: Dugtrio|0 fnt\n|faint|p2a: Dugtrio\n|-damage|p1a: Galvantula|200/275|[from] Recoil\n|\n|win|tylerfitz8\n|n|\u2606tylerfitz8|tylerfitz8\n|n|\u2606Tails72|tails72\n|n|*Lady Monita|ladymonita\n|n| Obmana|obmana\n", "inputlog": ">version d74822bbc74c095aa312053f7034baee3068d99e\n>start {\"formatid\":\"gen8randombattle@@@Chimera 1v1 Rule,Dynamax Clause,maxteamsize=24\",\"seed\":[22779,45360,26287,9717],\"rated\":\"Tournament battle\"}\n>player p1 {\"name\":\"tylerfitz8\",\"avatar\":\"#rbtt6teampalkia\",\"rating\":0,\"seed\":[20560,748,56839,54032]}\n>player p2 {\"name\":\"Tails72\",\"avatar\":\"volo-ginkgo\",\"rating\":0,\"seed\":[64799,19117,32019,4945]}\n>chat \u2606Tails72|gl hf\n>chat \u2606tylerfitz8|glhf\n>p1 team 22, 3, 12, 11, 17, 20\n>p2 team 17, 24, 15, 4, 5, 21\n>p1 move bravebird\n>p2 move fireblast", "uploadtime": 1685241990, "views": 3, "p1id": "tylerfitz8", "p2id": "tails72", "formatid": "gen8randombattle", "rating": 0, "private": 0, "password": ""}