{"id": "gen8randombattle-1865475531", "p1": "uwuette requiem", "p2": "What Do I Mean", "format": "[Gen 8] Random Battle", "log": "|inactive|Battle timer is ON: inactive players will automatically lose when time's up.\n|j|\u2606uwuette requiem\n|j|\u2606What Do I Mean\n|t:|1684293695\n|gametype|singles\n|player|p1|uwuette requiem|veteranf|\n|player|p2|What Do I Mean|janine|\n|teamsize|p1|6\n|teamsize|p2|6\n|gen|8\n|tier|[Gen 8] Random Battle\n|rated|Tournament battle\n|rule|Species Clause: Limit one of each Pok\u00e9mon\n|rule|HP Percentage Mod: HP is shown in percentages\n|rule|Sleep Clause Mod: Limit one foe put to sleep\n|rule|Blitz: Super-fast timer\n|\n|t:|1684293695\n|start\n|switch|p1a: Porygon2|Porygon2, L82|274/274\n|switch|p2a: Alcremie|Alcremie, L86, F|252/252\n|-ability|p1a: Porygon2|Download|boost\n|-boost|p1a: Porygon2|atk|1\n|turn|1\n|inactive|uwuette requiem also wants the timer to be on.\n|inactive|uwuette requiem has 30 seconds left.\n|inactive|What Do I Mean has 30 seconds left.\n|\n|t:|1684293717\n|switch|p2a: Klefki|Klefki, L82, M|228/228\n|switch|p1a: Bellossom|Bellossom, L82, M|257/257\n|\n|upkeep\n|turn|2\n|inactive|What Do I Mean has 10 seconds left.\n|\n|t:|1684293723\n|move|p2a: Klefki|Thunder Wave|p1a: Bellossom\n|-status|p1a: Bellossom|par\n|move|p1a: Bellossom|Quiver Dance|p1a: Bellossom\n|-boost|p1a: Bellossom|spa|1\n|-boost|p1a: Bellossom|spd|1\n|-boost|p1a: Bellossom|spe|1\n|\n|upkeep\n|turn|3\n|\n|t:|1684293728\n|switch|p2a: Dhelmise|Dhelmise, L86|261/261\n|cant|p1a: Bellossom|par\n|\n|upkeep\n|turn|4\n|inactive|uwuette requiem has 10 seconds left.\n|\n|t:|1684293734\n|switch|p1a: Aromatisse|Aromatisse, L88, F|321/321\n|move|p2a: Dhelmise|Swords Dance|p2a: Dhelmise\n|-boost|p2a: Dhelmise|atk|2\n|\n|upkeep\n|turn|5\n|j| hy is garbage\n|inactive|uwuette requiem has 10 seconds left.\n|\n|t:|1684293739\n|move|p2a: Dhelmise|Anchor Shot|p1a: Aromatisse\n|-supereffective|p1a: Aromatisse\n|-damage|p1a: Aromatisse|0 fnt\n|faint|p1a: Aromatisse\n|\n|upkeep\n|\n|t:|1684293741\n|switch|p1a: Ho-Oh|Ho-Oh, L72|272/272\n|turn|6\n|inactive|What Do I Mean has 10 seconds left.\n|\n|t:|1684293747\n|move|p1a: Ho-Oh|Sacred Fire|p2a: Dhelmise\n|-supereffective|p2a: Dhelmise\n|-damage|p2a: Dhelmise|73/261\n|move|p2a: Dhelmise|Poltergeist|p1a: Ho-Oh\n|-activate|p1a: Ho-Oh|move: Poltergeist|Heavy-Duty Boots\n|-damage|p1a: Ho-Oh|0 fnt\n|faint|p1a: Ho-Oh\n|\n|upkeep\n|inactive|uwuette requiem has 10 seconds left.\n|\n|t:|1684293753\n|switch|p1a: Porygon2|Porygon2, L82|274/274\n|-ability|p1a: Porygon2|Download|boost\n|-boost|p1a: Porygon2|spa|1\n|turn|7\n|\n|t:|1684293756\n|switch|p2a: Klefki|Klefki, L82, M|228/228\n|move|p1a: Porygon2|Ice Beam|p2a: Klefki\n|-resisted|p2a: Klefki\n|-damage|p2a: Klefki|178/228\n|\n|-heal|p2a: Klefki|192/228|[from] item: Leftovers\n|upkeep\n|turn|8\n|\n|t:|1684293760\n|move|p2a: Klefki|Spikes|p1a: Porygon2\n|-sidestart|p1: uwuette requiem|Spikes\n|move|p1a: Porygon2|Discharge|p2a: Klefki\n|-damage|p2a: Klefki|103/228\n|\n|-heal|p2a: Klefki|117/228|[from] item: Leftovers\n|upkeep\n|turn|9\n|\n|t:|1684293762\n|switch|p2a: Quagsire|Quagsire, L84, F|297/297\n|move|p1a: Porygon2|Discharge|p2a: Quagsire\n|-immune|p2a: Quagsire\n|\n|upkeep\n|turn|10\n|\n|t:|1684293764\n|move|p1a: Porygon2|Ice Beam|p2a: Quagsire\n|-damage|p2a: Quagsire|223/297\n|move|p2a: Quagsire|Toxic|p1a: Porygon2\n|-status|p1a: Porygon2|tox\n|\n|-heal|p2a: Quagsire|241/297|[from] item: Leftovers\n|-damage|p1a: Porygon2|257/274 tox|[from] psn\n|upkeep\n|turn|11\n|\n|t:|1684293768\n|move|p1a: Porygon2|Ice Beam|p2a: Quagsire\n|-damage|p2a: Quagsire|165/297\n|move|p2a: Quagsire|Recover|p2a: Quagsire\n|-heal|p2a: Quagsire|297/297\n|\n|-damage|p1a: Porygon2|223/274 tox|[from] psn\n|upkeep\n|turn|12\n|\n|t:|1684293773\n|switch|p1a: Bellossom|Bellossom, L82, M|257/257 par\n|-damage|p1a: Bellossom|225/257 par|[from] Spikes\n|move|p2a: Quagsire|Earthquake|p1a: Bellossom\n|-resisted|p1a: Bellossom\n|-damage|p1a: Bellossom|177/257 par\n|\n|-heal|p1a: Bellossom|193/257 par|[from] item: Leftovers\n|upkeep\n|turn|13\n|inactive|uwuette requiem has 10 seconds left.\n|inactive|What Do I Mean has 10 seconds left.\n|\n|t:|1684293778\n|switch|p2a: Dhelmise|Dhelmise, L86|73/261\n|move|p1a: Bellossom|Moonblast|p2a: Dhelmise\n|-damage|p2a: Dhelmise|19/261\n|\n|-heal|p1a: Bellossom|209/257 par|[from] item: Leftovers\n|upkeep\n|turn|14\n|\n|t:|1684293782\n|move|p2a: Dhelmise|Anchor Shot|p1a: Bellossom\n|-damage|p1a: Bellossom|103/257 par\n|-activate|p1a: Bellossom|trapped\n|move|p1a: Bellossom|Moonblast|p2a: Dhelmise\n|-damage|p2a: Dhelmise|0 fnt\n|faint|p2a: Dhelmise\n|\n|-heal|p1a: Bellossom|119/257 par|[from] item: Leftovers\n|upkeep\n|\n|t:|1684293785\n|switch|p2a: Glalie|Glalie, L80, M|259/259\n|turn|15\n|\n|t:|1684293787\n|move|p2a: Glalie|Substitute|p2a: Glalie\n|-start|p2a: Glalie|Substitute\n|-damage|p2a: Glalie|195/259\n|move|p1a: Bellossom|Strength Sap||[still]\n|-fail|p1a: Bellossom\n|\n|-heal|p2a: Glalie|211/259|[from] item: Leftovers\n|-heal|p1a: Bellossom|135/257 par|[from] item: Leftovers\n|-ability|p2a: Glalie|Moody|boost\n|-boost|p2a: Glalie|def|2\n|-unboost|p2a: Glalie|spe|1\n|upkeep\n|turn|16\n|\n|t:|1684293791\n|switch|p1a: Porygon2|Porygon2, L82|223/274 tox\n|-damage|p1a: Porygon2|189/274 tox|[from] Spikes\n|-ability|p1a: Porygon2|Download|boost\n|-boost|p1a: Porygon2|spa|1\n|move|p2a: Glalie|Freeze-Dry|p1a: Porygon2\n|-damage|p1a: Porygon2|150/274 tox\n|\n|-heal|p2a: Glalie|227/259|[from] item: Leftovers\n|-damage|p1a: Porygon2|133/274 tox|[from] psn\n|-ability|p2a: Glalie|Moody|boost\n|-boost|p2a: Glalie|def|2\n|-unboost|p2a: Glalie|spa|1\n|upkeep\n|turn|17\n|\n|t:|1684293793\n|move|p2a: Glalie|Protect|p2a: Glalie\n|-singleturn|p2a: Glalie|Protect\n|move|p1a: Porygon2|Ice Beam|p2a: Glalie\n|-activate|p2a: Glalie|move: Protect\n|\n|-heal|p2a: Glalie|243/259|[from] item: Leftovers\n|-damage|p1a: Porygon2|99/274 tox|[from] psn\n|-ability|p2a: Glalie|Moody|boost\n|-boost|p2a: Glalie|spa|2\n|-unboost|p2a: Glalie|spe|1\n|upkeep\n|turn|18\n|\n|t:|1684293797\n|move|p1a: Porygon2|Tri Attack|p2a: Glalie\n|-end|p2a: Glalie|Substitute\n|move|p2a: Glalie|Freeze-Dry|p1a: Porygon2\n|-damage|p1a: Porygon2|39/274 tox\n|\n|-heal|p2a: Glalie|259/259|[from] item: Leftovers\n|-damage|p1a: Porygon2|0 fnt|[from] psn\n|faint|p1a: Porygon2\n|-ability|p2a: Glalie|Moody|boost\n|-boost|p2a: Glalie|spd|2\n|-unboost|p2a: Glalie|spa|1\n|upkeep\n|inactive|uwuette requiem has 10 seconds left.\n|\n|t:|1684293804\n|switch|p1a: Cresselia|Cresselia, L80, F|323/323\n|turn|19\n|\n|t:|1684293807\n|move|p1a: Cresselia|Calm Mind|p1a: Cresselia\n|-boost|p1a: Cresselia|spa|1\n|-boost|p1a: Cresselia|spd|1\n|move|p2a: Glalie|Freeze-Dry|p1a: Cresselia\n|-damage|p1a: Cresselia|295/323\n|\n|-heal|p1a: Cresselia|315/323|[from] item: Leftovers\n|-ability|p2a: Glalie|Moody|boost\n|-boost|p2a: Glalie|def|2\n|-unboost|p2a: Glalie|spe|1\n|upkeep\n|turn|20\n|\n|t:|1684293809\n|move|p1a: Cresselia|Calm Mind|p1a: Cresselia\n|-boost|p1a: Cresselia|spa|1\n|-boost|p1a: Cresselia|spd|1\n|move|p2a: Glalie|Disable|p1a: Cresselia\n|-start|p1a: Cresselia|Disable|Calm Mind\n|\n|-heal|p1a: Cresselia|323/323|[from] item: Leftovers\n|-ability|p2a: Glalie|Moody|boost\n|-boost|p2a: Glalie|spd|2\n|-unboost|p2a: Glalie|spa|1\n|upkeep\n|turn|21\n|inactive|uwuette requiem has 10 seconds left.\n|inactive|What Do I Mean has 10 seconds left.\n|\n|t:|1684293815\n|switch|p2a: Quagsire|Quagsire, L84, F|297/297\n|move|p1a: Cresselia|Moonblast|p2a: Quagsire\n|-damage|p2a: Quagsire|229/297\n|\n|-heal|p2a: Quagsire|247/297|[from] item: Leftovers\n|upkeep\n|turn|22\n|\n|t:|1684293818\n|move|p1a: Cresselia|Psyshock|p2a: Quagsire\n|-damage|p2a: Quagsire|184/297\n|move|p2a: Quagsire|Toxic|p1a: Cresselia\n|-status|p1a: Cresselia|tox\n|\n|-heal|p2a: Quagsire|202/297|[from] item: Leftovers\n|-damage|p1a: Cresselia|303/323 tox|[from] psn\n|upkeep\n|turn|23\n|\n|t:|1684293821\n|move|p1a: Cresselia|Psyshock|p2a: Quagsire\n|-damage|p2a: Quagsire|133/297\n|move|p2a: Quagsire|Recover|p2a: Quagsire\n|-heal|p2a: Quagsire|282/297\n|\n|-heal|p1a: Cresselia|323/323 tox|[from] item: Leftovers\n|-heal|p2a: Quagsire|297/297|[from] item: Leftovers\n|-damage|p1a: Cresselia|283/323 tox|[from] psn\n|upkeep\n|turn|24\n|\n|t:|1684293826\n|switch|p1a: Bellossom|Bellossom, L82, M|135/257 par\n|-damage|p1a: Bellossom|103/257 par|[from] Spikes\n|switch|p2a: Klefki|Klefki, L82, M|117/228\n|\n|-heal|p2a: Klefki|131/228|[from] item: Leftovers\n|-heal|p1a: Bellossom|119/257 par|[from] item: Leftovers\n|upkeep\n|turn|25\n|\n|t:|1684293828\n|switch|p1a: Cresselia|Cresselia, L80, F|283/323 tox\n|move|p2a: Klefki|Play Rough|p1a: Cresselia\n|-damage|p1a: Cresselia|223/323 tox\n|\n|-heal|p1a: Cresselia|243/323 tox|[from] item: Leftovers\n|-heal|p2a: Klefki|145/228|[from] item: Leftovers\n|-damage|p1a: Cresselia|223/323 tox|[from] psn\n|upkeep\n|turn|26\n|\n|t:|1684293832\n|move|p1a: Cresselia|Psyshock|p2a: Klefki\n|-resisted|p2a: Klefki\n|-damage|p2a: Klefki|113/228\n|move|p2a: Klefki|Play Rough|p1a: Cresselia\n|-damage|p1a: Cresselia|162/323 tox\n|\n|-heal|p1a: Cresselia|182/323 tox|[from] item: Leftovers\n|-heal|p2a: Klefki|127/228|[from] item: Leftovers\n|-damage|p1a: Cresselia|142/323 tox|[from] psn\n|upkeep\n|turn|27\n|\n|t:|1684293836\n|move|p1a: Cresselia|Moonlight|p1a: Cresselia\n|-heal|p1a: Cresselia|303/323 tox\n|move|p2a: Klefki|Play Rough|p1a: Cresselia\n|-damage|p1a: Cresselia|240/323 tox\n|\n|-heal|p1a: Cresselia|260/323 tox|[from] item: Leftovers\n|-heal|p2a: Klefki|141/228|[from] item: Leftovers\n|-damage|p1a: Cresselia|200/323 tox|[from] psn\n|upkeep\n|turn|28\n|c|\u2606What Do I Mean|leave\n|\n|t:|1684293839\n|switch|p1a: Bellossom|Bellossom, L82, M|119/257 par\n|-damage|p1a: Bellossom|87/257 par|[from] Spikes\n|move|p2a: Klefki|Play Rough|p1a: Bellossom\n|-damage|p1a: Bellossom|8/257 par\n|-unboost|p1a: Bellossom|atk|1\n|\n|-heal|p2a: Klefki|155/228|[from] item: Leftovers\n|-heal|p1a: Bellossom|24/257 par|[from] item: Leftovers\n|upkeep\n|turn|29\n|\n|t:|1684293841\n|move|p2a: Klefki|Play Rough|p1a: Bellossom\n|-damage|p1a: Bellossom|0 fnt\n|faint|p1a: Bellossom\n|\n|-heal|p2a: Klefki|169/228|[from] item: Leftovers\n|upkeep\n|\n|t:|1684293844\n|switch|p1a: Cresselia|Cresselia, L80, F|200/323 tox\n|turn|30\n|\n|t:|1684293847\n|move|p1a: Cresselia|Psyshock|p2a: Klefki\n|-resisted|p2a: Klefki\n|-damage|p2a: Klefki|136/228\n|move|p2a: Klefki|Play Rough|p1a: Cresselia\n|-damage|p1a: Cresselia|140/323 tox\n|\n|-heal|p1a: Cresselia|160/323 tox|[from] item: Leftovers\n|-heal|p2a: Klefki|150/228|[from] item: Leftovers\n|-damage|p1a: Cresselia|140/323 tox|[from] psn\n|upkeep\n|turn|31\n|\n|t:|1684293849\n|move|p1a: Cresselia|Moonblast|p2a: Klefki\n|-resisted|p2a: Klefki\n|-damage|p2a: Klefki|123/228\n|-unboost|p2a: Klefki|spa|1\n|move|p2a: Klefki|Play Rough|p1a: Cresselia\n|-damage|p1a: Cresselia|80/323 tox\n|\n|-heal|p1a: Cresselia|100/323 tox|[from] item: Leftovers\n|-heal|p2a: Klefki|137/228|[from] item: Leftovers\n|-damage|p1a: Cresselia|60/323 tox|[from] psn\n|upkeep\n|turn|32\n|\n|t:|1684293852\n|move|p1a: Cresselia|Moonblast|p2a: Klefki\n|-resisted|p2a: Klefki\n|-damage|p2a: Klefki|112/228\n|-unboost|p2a: Klefki|spa|1\n|move|p2a: Klefki|Play Rough|p1a: Cresselia\n|-damage|p1a: Cresselia|0 fnt\n|faint|p1a: Cresselia\n|\n|-heal|p2a: Klefki|126/228|[from] item: Leftovers\n|upkeep\n|\n|t:|1684293853\n|switch|p1a: Latias|Latias, L80, F|259/259\n|turn|33\n|\n|t:|1684293857\n|move|p2a: Klefki|Thunder Wave|p1a: Latias\n|-status|p1a: Latias|par\n|move|p1a: Latias|Calm Mind|p1a: Latias\n|-boost|p1a: Latias|spa|1\n|-boost|p1a: Latias|spd|1\n|\n|-heal|p2a: Klefki|140/228|[from] item: Leftovers\n|upkeep\n|turn|34\n|inactive|uwuette requiem has 10 seconds left.\n|\n|t:|1684293862\n|-start|p2a: Klefki|Dynamax|\n|-heal|p2a: Klefki|280/456|[silent]\n|-start|p1a: Latias|Dynamax|\n|-heal|p1a: Latias|518/518 par|[silent]\n|move|p2a: Klefki|Max Starfall|p1a: Latias\n|-supereffective|p1a: Latias\n|-damage|p1a: Latias|300/518 par\n|-fieldstart|move: Misty Terrain\n|move|p1a: Latias|Max Mindstorm|p2a: Klefki\n|-resisted|p2a: Klefki\n|-damage|p2a: Klefki|177/456\n|-fieldstart|move: Psychic Terrain\n|\n|-heal|p2a: Klefki|191/456|[from] item: Leftovers\n|-heal|p1a: Latias|316/518 par|[from] item: Leftovers\n|upkeep\n|turn|35\n|\n|t:|1684293865\n|move|p2a: Klefki|Max Starfall|p1a: Latias\n|-supereffective|p1a: Latias\n|-damage|p1a: Latias|100/518 par\n|-fieldstart|move: Misty Terrain\n|move|p1a: Latias|Max Mindstorm|p2a: Klefki\n|-resisted|p2a: Klefki\n|-damage|p2a: Klefki|80/456\n|-fieldstart|move: Psychic Terrain\n|\n|-heal|p2a: Klefki|94/456|[from] item: Leftovers\n|-heal|p1a: Latias|116/518 par|[from] item: Leftovers\n|upkeep\n|turn|36\n|\n|t:|1684293868\n|move|p2a: Klefki|Max Starfall|p1a: Latias\n|-supereffective|p1a: Latias\n|-damage|p1a: Latias|0 fnt\n|-fieldstart|move: Misty Terrain\n|faint|p1a: Latias\n|\n|win|What Do I Mean\n|n|\u2606uwuette requiem|uwuetterequiem\n|n|\u2606What Do I Mean|whatdoimean\n|n| hy is garbage|hyisgarbage\n", "inputlog": ">version 3f967b429d9dd76d8eb692efdd7dfe9038092d20\n>start {\"formatid\":\"gen8randombattle@@@blitz\",\"seed\":[40324,28682,43801,46922],\"rated\":\"Tournament battle\"}\n>player p1 {\"name\":\"uwuette requiem\",\"avatar\":\"veteranf\",\"rating\":0,\"seed\":[10902,16844,65281,61411]}\n>player p2 {\"name\":\"What Do I Mean\",\"avatar\":\"janine\",\"rating\":0,\"seed\":[28607,30153,22878,7914]}\n>p1 switch 3\n>p2 switch 2\n>p1 move quiverdance\n>p2 move thunderwave\n>p1 move quiverdance\n>p2 switch 6\n>p1 switch 2\n>p2 move swordsdance\n>p1 move moonblast\n>p2 move anchorshot\n>p1 switch 5\n>p1 move sacredfire\n>p2 move poltergeist\n>p1 switch 3\n>p1 move icebeam\n>p2 switch 6\n>p1 move discharge\n>p2 move spikes\n>p1 move discharge\n>p2 switch 5\n>p1 move icebeam\n>p2 move toxic\n>p1 move icebeam\n>p2 move recover\n>p1 switch 2\n>p2 move earthquake\n>p1 move moonblast\n>p2 switch 6\n>p1 move moonblast\n>p2 move anchorshot\n>p2 switch 3\n>p1 move strengthsap\n>p2 move substitute\n>p1 switch 2\n>p2 move freezedry\n>p1 move icebeam\n>p2 move protect\n>p1 move triattack\n>p2 move freezedry\n>p1 switch 6\n>p1 move calmmind\n>p2 move freezedry\n>p1 move calmmind\n>p2 move disable\n>p1 move moonblast\n>p2 switch 6\n>p1 move psyshock\n>p2 move toxic\n>p1 move psyshock\n>p2 move recover\n>p1 switch 2\n>p2 switch 5\n>p1 switch 2\n>p2 move playrough\n>p1 move psyshock\n>p2 move playrough\n>p1 move moonlight\n>p2 move playrough\n>chat \u2606What Do I Mean|leave\n>p1 switch 2\n>p2 move playrough\n>p1 move strengthsap\n>p2 move playrough\n>p1 switch 2\n>p1 move psyshock\n>p2 move playrough\n>p1 move moonblast\n>p2 move playrough\n>p1 move moonblast\n>p2 move playrough\n>p1 switch 4\n>p1 move calmmind\n>p2 move thunderwave\n>p1 move psychic dynamax\n>p2 move playrough dynamax\n>p1 move psychic dynamax\n>p2 move playrough dynamax\n>p1 move psychic dynamax\n>p2 move playrough dynamax", "uploadtime": 1684293869, "views": 5, "p1id": "uwuetterequiem", "p2id": "whatdoimean", "formatid": "gen8randombattle", "rating": 0, "private": 0, "password": ""}