{"id": "gen8randombattle-1873973747", "p1": "pham5huong7", "p2": "LiJing0520", "format": "[Gen 8] Random Battle", "log": "|j|\u2606pham5huong7\n|j|\u2606LiJing0520\n|t:|1685451054\n|gametype|singles\n|player|p1|pham5huong7|266|1051\n|player|p2|LiJing0520|169|1073\n|teamsize|p1|6\n|teamsize|p2|6\n|gen|8\n|tier|[Gen 8] Random Battle\n|rated|\n|rule|Species Clause: Limit one of each Pok\u00e9mon\n|rule|HP Percentage Mod: HP is shown in percentages\n|rule|Sleep Clause Mod: Limit one foe put to sleep\n|\n|t:|1685451054\n|start\n|switch|p1a: Qwilfish|Qwilfish, L84, M|246/246\n|switch|p2a: Electivire|Electivire, L82, M|257/257\n|-ability|p1a: Qwilfish|Intimidate|boost\n|-unboost|p2a: Electivire|atk|1\n|turn|1\n|inactive|Battle timer is ON: inactive players will automatically lose when time's up. (requested by LiJing0520)\n|\n|t:|1685451066\n|switch|p1a: Regigigas|Regigigas, L82|315/315\n|-start|p1a: Regigigas|ability: Slow Start\n|move|p2a: Electivire|Wild Charge|p1a: Regigigas\n|-damage|p1a: Regigigas|225/315\n|-damage|p2a: Electivire|234/257|[from] Recoil\n|-damage|p2a: Electivire|209/257|[from] item: Life Orb\n|\n|-heal|p1a: Regigigas|244/315|[from] item: Leftovers\n|upkeep\n|turn|2\n|\n|t:|1685451084\n|move|p2a: Electivire|Cross Chop|p1a: Regigigas\n|-supereffective|p1a: Regigigas\n|-crit|p1a: Regigigas\n|-damage|p1a: Regigigas|0 fnt\n|faint|p1a: Regigigas\n|-end|p1a: Regigigas|Slow Start|[silent]\n|-damage|p2a: Electivire|184/257|[from] item: Life Orb\n|\n|upkeep\n|\n|t:|1685451098\n|switch|p1a: Hitmontop|Hitmontop, L85, M|224/224\n|-ability|p1a: Hitmontop|Intimidate|boost\n|-unboost|p2a: Electivire|atk|1\n|turn|3\n|\n|t:|1685451113\n|switch|p2a: Hippowdon|Hippowdon, L80, M|304/304\n|-weather|Sandstorm|[from] ability: Sand Stream|[of] p2a: Hippowdon\n|move|p1a: Hitmontop|Earthquake|p2a: Hippowdon\n|-damage|p2a: Hippowdon|240/304\n|\n|-weather|Sandstorm|[upkeep]\n|-damage|p1a: Hitmontop|210/224|[from] Sandstorm\n|-heal|p2a: Hippowdon|259/304|[from] item: Leftovers\n|upkeep\n|turn|4\n|\n|t:|1685451126\n|move|p1a: Hitmontop|Close Combat|p2a: Hippowdon\n|-damage|p2a: Hippowdon|147/304\n|-unboost|p1a: Hitmontop|def|1\n|-unboost|p1a: Hitmontop|spd|1\n|move|p2a: Hippowdon|Earthquake|p1a: Hitmontop\n|-damage|p1a: Hitmontop|51/224\n|\n|-weather|Sandstorm|[upkeep]\n|-damage|p1a: Hitmontop|37/224|[from] Sandstorm\n|-heal|p2a: Hippowdon|166/304|[from] item: Leftovers\n|upkeep\n|turn|5\n|\n|t:|1685451137\n|move|p1a: Hitmontop|Close Combat|p2a: Hippowdon\n|-damage|p2a: Hippowdon|54/304\n|-unboost|p1a: Hitmontop|def|1\n|-unboost|p1a: Hitmontop|spd|1\n|move|p2a: Hippowdon|Slack Off|p2a: Hippowdon\n|-heal|p2a: Hippowdon|206/304\n|\n|-weather|Sandstorm|[upkeep]\n|-damage|p1a: Hitmontop|23/224|[from] Sandstorm\n|-heal|p2a: Hippowdon|225/304|[from] item: Leftovers\n|upkeep\n|turn|6\n|\n|t:|1685451149\n|move|p1a: Hitmontop|Close Combat|p2a: Hippowdon\n|-damage|p2a: Hippowdon|110/304\n|-unboost|p1a: Hitmontop|def|1\n|-unboost|p1a: Hitmontop|spd|1\n|move|p2a: Hippowdon|Slack Off|p2a: Hippowdon\n|-heal|p2a: Hippowdon|262/304\n|\n|-weather|Sandstorm|[upkeep]\n|-damage|p1a: Hitmontop|9/224|[from] Sandstorm\n|-heal|p2a: Hippowdon|281/304|[from] item: Leftovers\n|upkeep\n|turn|7\n|\n|t:|1685451159\n|move|p1a: Hitmontop|Close Combat|p2a: Hippowdon\n|-damage|p2a: Hippowdon|163/304\n|-unboost|p1a: Hitmontop|def|1\n|-unboost|p1a: Hitmontop|spd|1\n|move|p2a: Hippowdon|Toxic|p1a: Hitmontop\n|-status|p1a: Hitmontop|tox\n|\n|-weather|none\n|-heal|p2a: Hippowdon|182/304|[from] item: Leftovers\n|-damage|p1a: Hitmontop|0 fnt|[from] psn\n|faint|p1a: Hitmontop\n|upkeep\n|\n|t:|1685451173\n|switch|p1a: Tornadus|Tornadus, L80, M|258/258\n|turn|8\n|\n|t:|1685451192\n|switch|p2a: Duraludon|Duraludon, L84, F|255/255\n|move|p1a: Tornadus|Hurricane|p2a: Duraludon\n|-resisted|p2a: Duraludon\n|-damage|p2a: Duraludon|150/255\n|\n|upkeep\n|turn|9\n|\n|t:|1685451202\n|-start|p2a: Duraludon|Dynamax|\n|-heal|p2a: Duraludon|300/510|[silent]\n|move|p1a: Tornadus|Heat Wave|p2a: Duraludon\n|-damage|p2a: Duraludon|188/510\n|move|p2a: Duraludon|Max Lightning|p1a: Tornadus\n|-supereffective|p1a: Tornadus\n|-damage|p1a: Tornadus|0 fnt\n|-fieldstart|move: Electric Terrain\n|faint|p1a: Tornadus\n|-damage|p2a: Duraludon|163/510|[from] item: Life Orb\n|\n|upkeep\n|\n|t:|1685451224\n|switch|p1a: Zapdos|Zapdos-Galar, L76|262/262\n|turn|10\n|\n|t:|1685451230\n|move|p1a: Zapdos|Close Combat|p2a: Duraludon\n|-supereffective|p2a: Duraludon\n|-damage|p2a: Duraludon|0 fnt\n|-unboost|p1a: Zapdos|def|1\n|-unboost|p1a: Zapdos|spd|1\n|faint|p2a: Duraludon\n|\n|upkeep\n|\n|t:|1685451236\n|switch|p2a: Electivire|Electivire, L82, M|184/257\n|turn|11\n|\n|t:|1685451257\n|move|p1a: Zapdos|Close Combat|p2a: Electivire\n|-damage|p2a: Electivire|27/257\n|-unboost|p1a: Zapdos|def|1\n|-unboost|p1a: Zapdos|spd|1\n|move|p2a: Electivire|Wild Charge|p1a: Zapdos\n|-supereffective|p1a: Zapdos\n|-damage|p1a: Zapdos|0 fnt\n|faint|p1a: Zapdos\n|-damage|p2a: Electivire|0 fnt|[from] Recoil\n|faint|p2a: Electivire\n|\n|upkeep\n|\n|t:|1685451270\n|switch|p2a: Hippowdon|Hippowdon, L80, M|182/304\n|switch|p1a: Qwilfish|Qwilfish, L84, M|246/246\n|-ability|p1a: Qwilfish|Intimidate|boost\n|-unboost|p2a: Hippowdon|atk|1\n|-weather|Sandstorm|[from] ability: Sand Stream|[of] p2a: Hippowdon\n|turn|12\n|\n|t:|1685451278\n|move|p1a: Qwilfish|Waterfall|p2a: Hippowdon\n|-supereffective|p2a: Hippowdon\n|-damage|p2a: Hippowdon|50/304\n|move|p2a: Hippowdon|Slack Off|p2a: Hippowdon\n|-heal|p2a: Hippowdon|202/304\n|\n|-weather|Sandstorm|[upkeep]\n|-damage|p1a: Qwilfish|231/246|[from] Sandstorm\n|-heal|p2a: Hippowdon|221/304|[from] item: Leftovers\n|upkeep\n|turn|13\n|\n|t:|1685451289\n|move|p1a: Qwilfish|Waterfall|p2a: Hippowdon\n|-supereffective|p2a: Hippowdon\n|-damage|p2a: Hippowdon|83/304\n|cant|p2a: Hippowdon|flinch\n|\n|-weather|Sandstorm|[upkeep]\n|-damage|p1a: Qwilfish|216/246|[from] Sandstorm\n|-heal|p2a: Hippowdon|102/304|[from] item: Leftovers\n|-fieldend|move: Electric Terrain\n|upkeep\n|turn|14\n|\n|t:|1685451299\n|switch|p2a: Kingler|Kingler, L84, M|230/230\n|move|p1a: Qwilfish|Waterfall|p2a: Kingler\n|-resisted|p2a: Kingler\n|-damage|p2a: Kingler|198/230\n|\n|-weather|Sandstorm|[upkeep]\n|-damage|p1a: Qwilfish|201/246|[from] Sandstorm\n|-damage|p2a: Kingler|184/230|[from] Sandstorm\n|upkeep\n|turn|15\n|\n|t:|1685451316\n|move|p1a: Qwilfish|Thunder Wave|p2a: Kingler\n|-status|p2a: Kingler|par\n|move|p2a: Kingler|Swords Dance|p2a: Kingler\n|-boost|p2a: Kingler|atk|2\n|\n|-weather|Sandstorm|[upkeep]\n|-damage|p1a: Qwilfish|186/246|[from] Sandstorm\n|-damage|p2a: Kingler|170/230 par|[from] Sandstorm\n|upkeep\n|turn|16\n|\n|t:|1685451329\n|move|p1a: Qwilfish|Taunt|p2a: Kingler\n|-start|p2a: Kingler|move: Taunt\n|cant|p2a: Kingler|par\n|\n|-weather|none\n|upkeep\n|turn|17\n|\n|t:|1685451335\n|move|p1a: Qwilfish|Waterfall|p2a: Kingler\n|-resisted|p2a: Kingler\n|-damage|p2a: Kingler|134/230 par\n|move|p2a: Kingler|Liquidation|p1a: Qwilfish\n|-resisted|p1a: Qwilfish\n|-damage|p1a: Qwilfish|0 fnt\n|faint|p1a: Qwilfish\n|\n|upkeep\n|\n|t:|1685451343\n|switch|p1a: Solrock|Solrock, L88|302/302\n|turn|18\n|\n|t:|1685451349\n|-start|p1a: Solrock|Dynamax|\n|-heal|p1a: Solrock|604/604|[silent]\n|move|p1a: Solrock|Max Quake|p2a: Kingler\n|-damage|p2a: Kingler|51/230 par\n|-boost|p1a: Solrock|spd|1\n|move|p2a: Kingler|Liquidation|p1a: Solrock\n|-supereffective|p1a: Solrock\n|-damage|p1a: Solrock|0 fnt\n|faint|p1a: Solrock\n|\n|win|LiJing0520\n|raw|pham5huong7's rating: 1051 &rarr; <strong>1034</strong><br />(-17 for losing)\n|raw|LiJing0520's rating: 1073 &rarr; <strong>1100</strong><br />(+27 for winning)\n", "inputlog": ">version 6fec31d5a0d4498a06105aa188c9906bc0b6bf95\n>start {\"formatid\":\"gen8randombattle\",\"seed\":[27423,10661,41876,58753],\"rated\":\"Rated battle\"}\n>player p1 {\"name\":\"pham5huong7\",\"avatar\":\"266\",\"rating\":1051,\"seed\":[11669,37338,12164,53336]}\n>player p2 {\"name\":\"LiJing0520\",\"avatar\":\"169\",\"rating\":1073,\"seed\":[36520,7751,12475,18362]}\n>p1 switch 6\n>p2 move wildcharge\n>p1 move bodyslam\n>p2 move crosschop\n>p1 switch 2\n>p1 move earthquake\n>p2 switch 6\n>p1 move closecombat\n>p2 move earthquake\n>p1 move closecombat\n>p2 move slackoff\n>p1 move closecombat\n>p2 move slackoff\n>p1 move closecombat\n>p2 move toxic\n>p1 switch 5\n>p1 move hurricane\n>p2 switch 4\n>p1 move heatwave\n>p2 move thunderbolt dynamax\n>p1 switch 3\n>p1 move closecombat\n>p2 move thunderbolt dynamax\n>p2 switch 6\n>p1 move closecombat\n>p2 move wildcharge\n>p1 switch 6\n>p2 switch 4\n>p1 move waterfall\n>p2 move slackoff\n>p1 move waterfall\n>p2 move slackoff\n>p1 move waterfall\n>p2 switch 2\n>p1 move thunderwave\n>p2 move swordsdance\n>p1 move taunt\n>p2 move liquidation\n>p1 move waterfall\n>p2 move liquidation\n>p1 switch 4\n>p1 move earthquake dynamax\n>p2 move liquidation", "uploadtime": 1685451362, "views": 5, "p1id": "pham5huong7", "p2id": "lijing0520", "formatid": "gen8randombattle", "rating": 1034, "private": 0, "password": ""}