{"id": "gen8randombattle-1872961788", "p1": "Andrew2079", "p2": "gareeb adani", "format": "[Gen 8] Random Battle", "log": "|j|\u2606Andrew2079\n|j|\u2606gareeb adani\n|t:|1685305925\n|gametype|singles\n|player|p1|Andrew2079|palmer|1333\n|player|p2|gareeb adani|2|1445\n|teamsize|p1|6\n|teamsize|p2|6\n|gen|8\n|tier|[Gen 8] Random Battle\n|rated|\n|rule|Species Clause: Limit one of each Pok\u00e9mon\n|rule|HP Percentage Mod: HP is shown in percentages\n|rule|Sleep Clause Mod: Limit one foe put to sleep\n|\n|t:|1685305925\n|start\n|switch|p1a: Meowstic|Meowstic, L84, M|262/262\n|switch|p2a: Arctozolt|Arctozolt, L86|295/295\n|turn|1\n|inactive|Battle timer is ON: inactive players will automatically lose when time's up. (requested by gareeb adani)\n|\n|t:|1685305940\n|move|p1a: Meowstic|Reflect|p1a: Meowstic\n|-sidestart|p1: Andrew2079|Reflect\n|move|p2a: Arctozolt|Thunder Wave|p1a: Meowstic|[miss]\n|-miss|p2a: Arctozolt|p1a: Meowstic\n|\n|upkeep\n|turn|2\n|\n|t:|1685305945\n|move|p1a: Meowstic|Light Screen|p1a: Meowstic\n|-sidestart|p1: Andrew2079|move: Light Screen\n|move|p2a: Arctozolt|Thunder Wave|p1a: Meowstic\n|-status|p1a: Meowstic|par\n|\n|upkeep\n|turn|3\n|\n|t:|1685305951\n|move|p1a: Meowstic|Yawn|p2a: Arctozolt\n|-start|p2a: Arctozolt|move: Yawn|[of] p1a: Meowstic\n|move|p2a: Arctozolt|Bolt Beak|p1a: Meowstic\n|-damage|p1a: Meowstic|213/262 par\n|\n|upkeep\n|turn|4\n|\n|t:|1685305957\n|switch|p2a: Tornadus|Tornadus-Therian, L78, M|251/251\n|cant|p1a: Meowstic|par\n|\n|upkeep\n|turn|5\n|\n|t:|1685305979\n|move|p1a: Meowstic|Yawn|p2a: Tornadus\n|-start|p2a: Tornadus|move: Yawn|[of] p1a: Meowstic\n|move|p2a: Tornadus|Defog|p1a: Meowstic\n|-unboost|p1a: Meowstic|evasion|1\n|-sideend|p1: Andrew2079|Reflect\n|-sideend|p1: Andrew2079|move: Light Screen\n|\n|upkeep\n|turn|6\n|\n|t:|1685305995\n|switch|p2a: Arctozolt|Arctozolt, L86|295/295\n|cant|p1a: Meowstic|par\n|\n|upkeep\n|turn|7\n|\n|t:|1685305999\n|cant|p1a: Meowstic|par\n|move|p2a: Arctozolt|Bolt Beak|p1a: Meowstic\n|-damage|p1a: Meowstic|104/262 par\n|\n|upkeep\n|turn|8\n|\n|t:|1685306005\n|move|p1a: Meowstic|Yawn|p2a: Arctozolt\n|-start|p2a: Arctozolt|move: Yawn|[of] p1a: Meowstic\n|move|p2a: Arctozolt|Bolt Beak|p1a: Meowstic\n|-crit|p1a: Meowstic\n|-damage|p1a: Meowstic|0 fnt\n|faint|p1a: Meowstic\n|\n|upkeep\n|\n|t:|1685306010\n|switch|p1a: Dubwool|Dubwool, L86, M|264/264\n|turn|9\n|\n|t:|1685306018\n|switch|p2a: Zekrom|Zekrom, L69|252/252\n|-ability|p2a: Zekrom|Teravolt\n|move|p1a: Dubwool|Cotton Guard|p1a: Dubwool\n|-boost|p1a: Dubwool|def|3\n|\n|upkeep\n|turn|10\n|\n|t:|1685306024\n|move|p1a: Dubwool|Cotton Guard|p1a: Dubwool\n|-boost|p1a: Dubwool|def|3\n|move|p2a: Zekrom|Dragon Dance|p2a: Zekrom\n|-boost|p2a: Zekrom|atk|1\n|-boost|p2a: Zekrom|spe|1\n|\n|upkeep\n|turn|11\n|\n|t:|1685306029\n|-start|p2a: Zekrom|Dynamax|\n|-heal|p2a: Zekrom|504/504|[silent]\n|move|p2a: Zekrom|Max Lightning|p1a: Dubwool\n|-damage|p1a: Dubwool|218/264\n|-fieldstart|move: Electric Terrain\n|move|p1a: Dubwool|Body Press|p2a: Zekrom\n|-damage|p2a: Zekrom|270/504\n|\n|-heal|p1a: Dubwool|234/264|[from] item: Leftovers\n|upkeep\n|turn|12\n|\n|t:|1685306041\n|-start|p1a: Dubwool|Dynamax|\n|-heal|p1a: Dubwool|468/528|[silent]\n|move|p2a: Zekrom|Max Wyrmwind|p1a: Dubwool\n|-damage|p1a: Dubwool|417/528\n|-unboost|p1a: Dubwool|atk|1\n|move|p1a: Dubwool|Max Knuckle|p2a: Zekrom\n|-damage|p2a: Zekrom|243/504\n|-boost|p1a: Dubwool|atk|1\n|\n|-heal|p1a: Dubwool|433/528|[from] item: Leftovers\n|upkeep\n|turn|13\n|\n|t:|1685306054\n|move|p2a: Zekrom|Max Wyrmwind|p1a: Dubwool\n|-damage|p1a: Dubwool|382/528\n|-unboost|p1a: Dubwool|atk|1\n|move|p1a: Dubwool|Max Knuckle|p2a: Zekrom\n|-damage|p2a: Zekrom|216/504\n|-boost|p1a: Dubwool|atk|1\n|\n|-heal|p1a: Dubwool|398/528|[from] item: Leftovers\n|upkeep\n|-end|p2a: Zekrom|Dynamax\n|-heal|p2a: Zekrom|108/252|[silent]\n|turn|14\n|\n|t:|1685306058\n|move|p2a: Zekrom|Roost|p2a: Zekrom\n|-heal|p2a: Zekrom|234/252\n|-singleturn|p2a: Zekrom|move: Roost\n|move|p1a: Dubwool|Max Knuckle|p2a: Zekrom\n|-damage|p2a: Zekrom|194/252\n|-boost|p1a: Dubwool|atk|1\n|\n|-heal|p1a: Dubwool|414/528|[from] item: Leftovers\n|upkeep\n|-end|p1a: Dubwool|Dynamax\n|-heal|p1a: Dubwool|207/264|[silent]\n|turn|15\n|\n|t:|1685306070\n|move|p2a: Zekrom|Bolt Strike|p1a: Dubwool\n|-damage|p1a: Dubwool|150/264\n|move|p1a: Dubwool|Body Press|p2a: Zekrom\n|-damage|p2a: Zekrom|0 fnt\n|faint|p2a: Zekrom\n|\n|-heal|p1a: Dubwool|166/264|[from] item: Leftovers\n|-fieldend|move: Electric Terrain\n|upkeep\n|\n|t:|1685306072\n|switch|p2a: Tornadus|Tornadus-Therian, L78, M|251/251\n|turn|16\n|\n|t:|1685306079\n|move|p2a: Tornadus|Hurricane|p1a: Dubwool\n|-damage|p1a: Dubwool|52/264\n|move|p1a: Dubwool|Body Press|p2a: Tornadus\n|-resisted|p2a: Tornadus\n|-damage|p2a: Tornadus|122/251\n|\n|-heal|p1a: Dubwool|68/264|[from] item: Leftovers\n|upkeep\n|turn|17\n|\n|t:|1685306089\n|move|p2a: Tornadus|Hurricane|p1a: Dubwool\n|-damage|p1a: Dubwool|0 fnt\n|faint|p1a: Dubwool\n|\n|upkeep\n|\n|t:|1685306094\n|switch|p1a: Regieleki|Regieleki, L78|253/253\n|turn|18\n|\n|t:|1685306102\n|switch|p2a: Arctozolt|Arctozolt, L86|295/295\n|move|p1a: Regieleki|Substitute|p1a: Regieleki\n|-start|p1a: Regieleki|Substitute\n|-damage|p1a: Regieleki|190/253\n|\n|upkeep\n|turn|19\n|\n|t:|1685306112\n|move|p1a: Regieleki|Thunderbolt|p2a: Arctozolt\n|-immune|p2a: Arctozolt|[from] ability: Volt Absorb\n|move|p2a: Arctozolt|Stomping Tantrum|p1a: Regieleki\n|-supereffective|p1a: Regieleki\n|-end|p1a: Regieleki|Substitute\n|\n|upkeep\n|turn|20\n|\n|t:|1685306118\n|move|p1a: Regieleki|Explosion|p2a: Arctozolt\n|-damage|p2a: Arctozolt|150/295\n|faint|p1a: Regieleki\n|move|p2a: Arctozolt|Bolt Beak|p1: Regieleki|[notarget]\n|-fail|p2a: Arctozolt\n|\n|upkeep\n|\n|t:|1685306133\n|switch|p1a: Rotom|Rotom, L84|221/221\n|turn|21\n|\n|t:|1685306141\n|switch|p2a: Arcanine|Arcanine, L82, M|282/282\n|move|p1a: Rotom|Nasty Plot|p1a: Rotom\n|-boost|p1a: Rotom|spa|2\n|\n|upkeep\n|turn|22\n|\n|t:|1685306150\n|move|p2a: Arcanine|Flare Blitz|p1a: Rotom\n|-damage|p1a: Rotom|14/221\n|-damage|p2a: Arcanine|214/282|[from] Recoil\n|-damage|p2a: Arcanine|186/282|[from] item: Life Orb\n|move|p1a: Rotom|Thunderbolt|p2a: Arcanine\n|-damage|p2a: Arcanine|0 fnt\n|faint|p2a: Arcanine\n|-damage|p1a: Rotom|0 fnt|[from] item: Life Orb\n|faint|p1a: Rotom\n|\n|upkeep\n|\n|t:|1685306159\n|switch|p2a: Tornadus|Tornadus-Therian, L78, M|205/251\n|switch|p1a: Swampert|Swampert, L80, F|291/291\n|turn|23\n|\n|t:|1685306167\n|move|p2a: Tornadus|Knock Off|p1a: Swampert\n|-damage|p1a: Swampert|229/291\n|-enditem|p1a: Swampert|Leftovers|[from] move: Knock Off|[of] p2a: Tornadus\n|move|p1a: Swampert|Ice Beam|p2a: Tornadus\n|-supereffective|p2a: Tornadus\n|-damage|p2a: Tornadus|85/251\n|\n|upkeep\n|turn|24\n|\n|t:|1685306179\n|switch|p2a: Arctozolt|Arctozolt, L86|150/295\n|move|p1a: Swampert|Ice Beam|p2a: Arctozolt\n|-resisted|p2a: Arctozolt\n|-damage|p2a: Arctozolt|122/295\n|\n|upkeep\n|turn|25\n|\n|t:|1685306190\n|switch|p2a: Cradily|Cradily, L86, M|288/288\n|move|p1a: Swampert|Scald|p2a: Cradily\n|-ability|p2a: Cradily|Storm Drain|boost\n|-boost|p2a: Cradily|spa|1\n|\n|upkeep\n|turn|26\n|\n|t:|1685306198\n|move|p1a: Swampert|Earthquake|p2a: Cradily\n|-damage|p2a: Cradily|191/288\n|move|p2a: Cradily|Power Whip|p1a: Swampert\n|-supereffective|p1a: Swampert\n|-damage|p1a: Swampert|0 fnt\n|faint|p1a: Swampert\n|\n|-heal|p2a: Cradily|209/288|[from] item: Leftovers\n|upkeep\n|\n|t:|1685306203\n|switch|p1a: Landorus|Landorus-Therian, L72, M|247/247\n|-ability|p1a: Landorus|Intimidate|boost\n|-unboost|p2a: Cradily|atk|1\n|turn|27\n|\n|t:|1685306225\n|move|p1a: Landorus|Fly||[still]\n|-prepare|p1a: Landorus|Fly\n|move|p2a: Cradily|Swords Dance|p2a: Cradily\n|-boost|p2a: Cradily|atk|2\n|\n|-heal|p2a: Cradily|227/288|[from] item: Leftovers\n|upkeep\n|turn|28\n|\n|t:|1685306230\n|move|p1a: Landorus|Fly|p2a: Cradily|[from]lockedmove\n|-damage|p2a: Cradily|140/288\n|move|p2a: Cradily|Power Whip|p1a: Landorus\n|-damage|p1a: Landorus|31/247\n|\n|-heal|p2a: Cradily|158/288|[from] item: Leftovers\n|upkeep\n|turn|29\n|\n|t:|1685306237\n|move|p1a: Landorus|Fly||[still]\n|-prepare|p1a: Landorus|Fly\n|move|p2a: Cradily|Recover|p2a: Cradily\n|-heal|p2a: Cradily|288/288\n|\n|upkeep\n|turn|30\n|\n|t:|1685306240\n|move|p1a: Landorus|Fly|p2a: Cradily|[from]lockedmove\n|-damage|p2a: Cradily|197/288\n|move|p2a: Cradily|Power Whip|p1a: Landorus\n|-damage|p1a: Landorus|0 fnt\n|faint|p1a: Landorus\n|\n|win|gareeb adani\n|raw|Andrew2079's rating: 1333 &rarr; <strong>1320</strong><br />(-13 for losing)\n|raw|gareeb adani's rating: 1461 &rarr; <strong>1474</strong><br />(+13 for winning)\n", "inputlog": ">version d74822bbc74c095aa312053f7034baee3068d99e\n>start {\"formatid\":\"gen8randombattle\",\"seed\":[54642,17645,59822,35779],\"rated\":\"Rated battle\"}\n>player p1 {\"name\":\"Andrew2079\",\"avatar\":\"palmer\",\"rating\":1333,\"seed\":[1272,14357,45599,58713]}\n>player p2 {\"name\":\"gareeb adani\",\"avatar\":\"2\",\"rating\":1445,\"seed\":[22816,47068,55718,60804]}\n>p1 move reflect\n>p2 move thunderwave\n>p1 move lightscreen\n>p2 move thunderwave\n>p1 move yawn\n>p2 move boltbeak\n>p1 move psychic\n>p2 switch 2\n>p1 move yawn\n>p2 move defog\n>p1 move psychic\n>p2 switch 2\n>p1 move yawn\n>p2 move boltbeak\n>p1 move yawn\n>p2 move boltbeak\n>p1 switch 5\n>p1 move cottonguard\n>p2 switch 3\n>p1 move cottonguard\n>p2 move dragondance\n>p1 move bodypress\n>p2 move boltstrike dynamax\n>p1 move bodypress dynamax\n>p2 move outrage dynamax\n>p1 move bodypress dynamax\n>p2 move outrage dynamax\n>p1 move bodypress dynamax\n>p2 move roost\n>p1 move bodypress\n>p2 move boltstrike\n>p2 switch 2\n>p1 move bodypress\n>p2 move hurricane\n>p1 move rest\n>p2 move hurricane\n>p1 switch 2\n>p1 move substitute\n>p2 switch 3\n>p1 move thunderbolt\n>p2 move stompingtantrum\n>p1 move explosion\n>p2 move boltbeak\n>p1 switch 4\n>p1 move nastyplot\n>p2 switch 4\n>p1 move thunderbolt\n>p2 move flareblitz\n>p1 switch 6\n>p2 switch 3\n>p1 move icebeam\n>p2 move knockoff\n>p1 move icebeam\n>p2 switch 4\n>p1 move scald\n>p2 switch 6\n>p1 move earthquake\n>p2 move powerwhip\n>p1 switch 3\n>p1 move fly\n>p2 move swordsdance\n>p1 move fly\n>p2 move powerwhip\n>p1 move fly\n>p2 move recover\n>p1 move fly\n>p2 move powerwhip", "uploadtime": 1685306243, "views": 3, "p1id": "andrew2079", "p2id": "gareebadani", "formatid": "gen8randombattle", "rating": 1320, "private": 0, "password": ""}