{"id": "gen8randombattle-1709792116", "p1": "Teres BAHJi", "p2": "OnArceus", "format": "[Gen 8] Random Battle", "log": "|j|\u2606Teres BAHJi\n|j|\u2606OnArceus\n|t:|1668350381\n|gametype|singles\n|player|p1|Teres BAHJi|266|2442\n|player|p2|OnArceus|#scl2spartans|2378\n|teamsize|p1|6\n|teamsize|p2|6\n|gen|8\n|tier|[Gen 8] Random Battle\n|rated|\n|rule|Species Clause: Limit one of each Pok\u00e9mon\n|rule|HP Percentage Mod: HP is shown in percentages\n|rule|Sleep Clause Mod: Limit one foe put to sleep\n|\n|t:|1668350381\n|start\n|switch|p1a: Zeraora|Zeraora, L76|259/259\n|switch|p2a: Heliolisk|Heliolisk, L82, F|236/236\n|turn|1\n|inactive|Battle timer is ON: inactive players will automatically lose when time's up. (requested by OnArceus)\n|\n|t:|1668350396\n|switch|p1a: Hitmonlee|Hitmonlee, L84, M|221/221\n|switch|p2a: Rhyperior|Rhyperior, L82, M|323/323\n|\n|upkeep\n|turn|2\n|\n|t:|1668350402\n|switch|p2a: Tapu Fini|Tapu Fini, L78|237/237\n|-fieldstart|move: Misty Terrain|[from] ability: Misty Surge|[of] p2a: Tapu Fini\n|move|p1a: Hitmonlee|High Jump Kick|p2a: Tapu Fini\n|-resisted|p2a: Tapu Fini\n|-damage|p2a: Tapu Fini|147/237\n|\n|-heal|p2a: Tapu Fini|161/237|[from] item: Leftovers\n|upkeep\n|turn|3\n|\n|t:|1668350419\n|switch|p1a: Klefki|Klefki, L82, F|228/228\n|move|p2a: Tapu Fini|Moonblast|p1a: Klefki\n|-resisted|p1a: Klefki\n|-damage|p1a: Klefki|180/228\n|\n|-heal|p2a: Tapu Fini|175/237|[from] item: Leftovers\n|-heal|p1a: Klefki|194/228|[from] item: Leftovers\n|upkeep\n|turn|4\n|\n|t:|1668350424\n|move|p1a: Klefki|Spikes|p2a: Tapu Fini\n|-sidestart|p2: OnArceus|Spikes\n|move|p2a: Tapu Fini|Taunt|p1a: Klefki\n|-start|p1a: Klefki|move: Taunt\n|\n|-heal|p2a: Tapu Fini|189/237|[from] item: Leftovers\n|-heal|p1a: Klefki|208/228|[from] item: Leftovers\n|upkeep\n|turn|5\n|\n|t:|1668350435\n|move|p2a: Tapu Fini|Defog|p1a: Klefki\n|-unboost|p1a: Klefki|evasion|1\n|-sideend|p2: OnArceus|Spikes|[from] move: Defog|[of] p2a: Tapu Fini\n|-fieldend|Misty Terrain\n|move|p1a: Klefki|Play Rough|p2a: Tapu Fini|[miss]\n|-miss|p1a: Klefki|p2a: Tapu Fini\n|\n|-heal|p2a: Tapu Fini|203/237|[from] item: Leftovers\n|-heal|p1a: Klefki|222/228|[from] item: Leftovers\n|upkeep\n|turn|6\n|\n|t:|1668350447\n|move|p2a: Tapu Fini|Surf|p1a: Klefki\n|-damage|p1a: Klefki|134/228\n|move|p1a: Klefki|Play Rough|p2a: Tapu Fini\n|-damage|p2a: Tapu Fini|130/237\n|\n|-heal|p2a: Tapu Fini|144/237|[from] item: Leftovers\n|-heal|p1a: Klefki|148/228|[from] item: Leftovers\n|upkeep\n|turn|7\n|\n|t:|1668350452\n|move|p2a: Tapu Fini|Surf|p1a: Klefki\n|-damage|p1a: Klefki|66/228\n|move|p1a: Klefki|Play Rough|p2a: Tapu Fini\n|-damage|p2a: Tapu Fini|77/237\n|\n|-heal|p2a: Tapu Fini|91/237|[from] item: Leftovers\n|-heal|p1a: Klefki|80/228|[from] item: Leftovers\n|-end|p1a: Klefki|move: Taunt\n|upkeep\n|turn|8\n|\n|t:|1668350461\n|move|p1a: Klefki|Spikes|p2a: Tapu Fini\n|-sidestart|p2: OnArceus|Spikes\n|move|p2a: Tapu Fini|Taunt|p1a: Klefki\n|-start|p1a: Klefki|move: Taunt\n|\n|-heal|p2a: Tapu Fini|105/237|[from] item: Leftovers\n|-heal|p1a: Klefki|94/228|[from] item: Leftovers\n|upkeep\n|turn|9\n|\n|t:|1668350464\n|move|p2a: Tapu Fini|Defog|p1a: Klefki\n|-unboost|p1a: Klefki|evasion|1\n|-sideend|p2: OnArceus|Spikes|[from] move: Defog|[of] p2a: Tapu Fini\n|move|p1a: Klefki|Play Rough|p2a: Tapu Fini\n|-damage|p2a: Tapu Fini|38/237\n|\n|-heal|p2a: Tapu Fini|52/237|[from] item: Leftovers\n|-heal|p1a: Klefki|108/228|[from] item: Leftovers\n|upkeep\n|turn|10\n|\n|t:|1668350469\n|move|p2a: Tapu Fini|Surf|p1a: Klefki\n|-damage|p1a: Klefki|20/228\n|move|p1a: Klefki|Play Rough|p2a: Tapu Fini\n|-crit|p2a: Tapu Fini\n|-damage|p2a: Tapu Fini|0 fnt\n|faint|p2a: Tapu Fini\n|\n|-heal|p1a: Klefki|34/228|[from] item: Leftovers\n|upkeep\n|\n|t:|1668350472\n|switch|p2a: Rhyperior|Rhyperior, L82, M|323/323\n|turn|11\n|\n|t:|1668350477\n|move|p1a: Klefki|Play Rough|p2a: Rhyperior\n|-damage|p2a: Rhyperior|269/323\n|move|p2a: Rhyperior|Rock Polish|p2a: Rhyperior\n|-boost|p2a: Rhyperior|spe|2\n|\n|-heal|p1a: Klefki|48/228|[from] item: Leftovers\n|-end|p1a: Klefki|move: Taunt\n|upkeep\n|turn|12\n|\n|t:|1668350481\n|move|p1a: Klefki|Spikes|p2a: Rhyperior\n|-sidestart|p2: OnArceus|Spikes\n|move|p2a: Rhyperior|Earthquake|p1a: Klefki\n|-supereffective|p1a: Klefki\n|-damage|p1a: Klefki|0 fnt\n|faint|p1a: Klefki\n|\n|upkeep\n|\n|t:|1668350487\n|switch|p1a: Hitmonlee|Hitmonlee, L84, M|221/221\n|turn|13\n|\n|t:|1668350497\n|-start|p2a: Rhyperior|Dynamax|\n|-heal|p2a: Rhyperior|538/646|[silent]\n|move|p1a: Hitmonlee|High Jump Kick|p2a: Rhyperior\n|-supereffective|p2a: Rhyperior\n|-damage|p2a: Rhyperior|325/646\n|-enditem|p2a: Rhyperior|Weakness Policy\n|-boost|p2a: Rhyperior|atk|2|[from] item: Weakness Policy\n|-boost|p2a: Rhyperior|spa|2|[from] item: Weakness Policy\n|move|p2a: Rhyperior|Max Quake|p1a: Hitmonlee\n|-damage|p1a: Hitmonlee|0 fnt\n|-boost|p2a: Rhyperior|spd|1\n|faint|p1a: Hitmonlee\n|\n|upkeep\n|-message|Teres BAHJi forfeited.\n|\n|win|OnArceus\n|raw|Teres BAHJi's rating: 2442 &rarr; <strong>2418</strong><br />(-24 for losing)\n|raw|OnArceus's rating: 2378 &rarr; <strong>2402</strong><br />(+24 for winning)\n|l|\u2606Teres BAHJi\n|l|\u2606OnArceus\n||Ladder isn't responding, score probably updated but might not have (Request timeout).\n", "inputlog": ">version 453a3ad56483cc6a5c08448f6577d394b68621b7\n>start {\"formatid\":\"gen8randombattle\",\"seed\":[14073,47019,65076,9802],\"rated\":\"Rated battle\"}\n>player p1 {\"name\":\"Teres BAHJi\",\"avatar\":\"266\",\"rating\":2442,\"seed\":[2624,12858,41163,7481]}\n>player p2 {\"name\":\"OnArceus\",\"avatar\":\"#scl2spartans\",\"rating\":2378,\"seed\":[47148,42786,22158,60767]}\n>p1 switch 5\n>p2 switch 2\n>p1 move highjumpkick\n>p2 switch 6\n>p1 switch 2\n>p2 move moonblast\n>p1 move spikes\n>p2 move taunt\n>p1 move playrough\n>p2 move defog\n>p1 move playrough\n>p2 move surf\n>p1 move playrough\n>p2 move surf\n>p1 move spikes\n>p2 move taunt\n>p1 move playrough\n>p2 move defog\n>p1 move playrough\n>p2 move surf\n>p2 switch 6\n>p1 move playrough\n>p2 move rockpolish\n>p1 move spikes\n>p2 move earthquake\n>p1 switch 2\n>p1 move highjumpkick\n>p2 move earthquake dynamax\n>forcelose p1", "uploadtime": 1668350568, "views": 13, "p1id": "teresbahji", "p2id": "onarceus", "formatid": "gen8randombattle", "rating": 2402, "private": 0, "password": null}