{"id": "gen8randombattle-1874052154", "p1": "Murkrow067", "p2": "Brainy858", "format": "[Gen 8] Random Battle", "log": "|j|\u2606Murkrow067\n|j|\u2606Brainy858\n|t:|1685459460\n|gametype|singles\n|player|p1|Murkrow067|lady-gen4|1531\n|player|p2|Brainy858|lance|1488\n|teamsize|p1|6\n|teamsize|p2|6\n|gen|8\n|tier|[Gen 8] Random Battle\n|rated|\n|rule|Species Clause: Limit one of each Pok\u00e9mon\n|rule|HP Percentage Mod: HP is shown in percentages\n|rule|Sleep Clause Mod: Limit one foe put to sleep\n|\n|t:|1685459460\n|start\n|switch|p1a: Pangoro|Pangoro, L84, F|297/297\n|switch|p2a: Togekiss|Togekiss, L80, F|267/267\n|turn|1\n|inactive|Battle timer is ON: inactive players will automatically lose when time's up. (requested by Brainy858)\n|\n|t:|1685459475\n|switch|p1a: Pyukumuku|Pyukumuku, L84, M|230/230\n|move|p2a: Togekiss|Air Slash|p1a: Pyukumuku\n|-damage|p1a: Pyukumuku|172/230\n|\n|-heal|p1a: Pyukumuku|186/230|[from] item: Leftovers\n|upkeep\n|turn|2\n|\n|t:|1685459501\n|switch|p2a: Relicanth|Relicanth, L86, F|312/312\n|move|p1a: Pyukumuku|Toxic|p2a: Relicanth\n|-status|p2a: Relicanth|tox\n|\n|-heal|p1a: Pyukumuku|200/230|[from] item: Leftovers\n|-damage|p2a: Relicanth|293/312 tox|[from] psn\n|upkeep\n|turn|3\n|\n|t:|1685459508\n|switch|p2a: Togekiss|Togekiss, L80, F|267/267\n|move|p1a: Pyukumuku|Counter||[still]\n|-fail|p1a: Pyukumuku\n|\n|-heal|p1a: Pyukumuku|214/230|[from] item: Leftovers\n|upkeep\n|turn|4\n|\n|t:|1685459513\n|move|p2a: Togekiss|Trick|p1a: Pyukumuku\n|-activate|p2a: Togekiss|move: Trick|[of] p1a: Pyukumuku\n|-item|p1a: Pyukumuku|Choice Scarf|[from] move: Trick\n|-item|p2a: Togekiss|Leftovers|[from] move: Trick\n|move|p1a: Pyukumuku|Toxic|p2a: Togekiss\n|-status|p2a: Togekiss|tox\n|\n|-damage|p2a: Togekiss|251/267 tox|[from] psn\n|upkeep\n|turn|5\n|\n|t:|1685459523\n|switch|p2a: Relicanth|Relicanth, L86, F|293/312 tox\n|move|p1a: Pyukumuku|Toxic|p2a: Relicanth\n|-fail|p2a: Relicanth|tox\n|\n|-damage|p2a: Relicanth|274/312 tox|[from] psn\n|upkeep\n|turn|6\n|inactive|Murkrow067 has 120 seconds left.\n|\n|t:|1685459556\n|switch|p1a: Pangoro|Pangoro, L84, F|297/297\n|move|p2a: Relicanth|Head Smash|p1a: Pangoro\n|-resisted|p1a: Pangoro\n|-damage|p1a: Pangoro|164/297\n|\n|-damage|p2a: Relicanth|236/312 tox|[from] psn\n|upkeep\n|turn|7\n|inactive|Murkrow067 has 120 seconds left.\n|\n|t:|1685459578\n|switch|p2a: Togekiss|Togekiss, L80, F|251/267 tox\n|move|p1a: Pangoro|Knock Off|p2a: Togekiss\n|-resisted|p2a: Togekiss\n|-damage|p2a: Togekiss|158/267 tox\n|-enditem|p2a: Togekiss|Leftovers|[from] move: Knock Off|[of] p1a: Pangoro\n|\n|-damage|p2a: Togekiss|142/267 tox|[from] psn\n|upkeep\n|turn|8\n|\n|t:|1685459588\n|switch|p1a: Pyukumuku|Pyukumuku, L84, M|214/230\n|move|p2a: Togekiss|Air Slash|p1a: Pyukumuku\n|-damage|p1a: Pyukumuku|156/230\n|\n|-damage|p2a: Togekiss|110/267 tox|[from] psn\n|upkeep\n|turn|9\n|inactive|Murkrow067 has 120 seconds left.\n|\n|t:|1685459599\n|switch|p2a: Relicanth|Relicanth, L86, F|236/312 tox\n|move|p1a: Pyukumuku|Recover|p1a: Pyukumuku\n|-heal|p1a: Pyukumuku|230/230\n|\n|-damage|p2a: Relicanth|217/312 tox|[from] psn\n|upkeep\n|turn|10\n|inactive|Murkrow067 has 120 seconds left.\n|\n|t:|1685459619\n|move|p2a: Relicanth|Body Press|p1a: Pyukumuku\n|-damage|p1a: Pyukumuku|152/230\n|move|p1a: Pyukumuku|Recover|p1a: Pyukumuku\n|-heal|p1a: Pyukumuku|230/230\n|\n|-damage|p2a: Relicanth|179/312 tox|[from] psn\n|upkeep\n|turn|11\n|\n|t:|1685459641\n|switch|p2a: Seaking|Seaking, L88, F|284/284\n|move|p1a: Pyukumuku|Recover||[still]\n|-fail|p1a: Pyukumuku|heal\n|\n|upkeep\n|turn|12\n|inactive|Murkrow067 has 120 seconds left.\n|\n|t:|1685459651\n|switch|p1a: Golisopod|Golisopod, L84, F|263/263\n|move|p2a: Seaking|Swords Dance|p2a: Seaking\n|-boost|p2a: Seaking|atk|2\n|\n|upkeep\n|turn|13\n|inactive|Murkrow067 has 120 seconds left.\n|\n|t:|1685459661\n|move|p1a: Golisopod|First Impression|p2a: Seaking\n|-damage|p2a: Seaking|155/284\n|move|p2a: Seaking|Megahorn|p1a: Golisopod\n|-damage|p1a: Golisopod|94/263\n|-activate|p1a: Golisopod|ability: Emergency Exit\n|-damage|p2a: Seaking|127/284|[from] item: Life Orb\n|inactive|Murkrow067 has 120 seconds left.\n|\n|t:|1685459695\n|switch|p1a: Lycanroc|Lycanroc-Midnight, L82, M|274/274\n|\n|upkeep\n|turn|14\n|\n|t:|1685459704\n|move|p1a: Lycanroc|Stone Edge|p2a: Seaking\n|-damage|p2a: Seaking|0 fnt\n|faint|p2a: Seaking\n|-damage|p1a: Lycanroc|247/274|[from] item: Life Orb\n|\n|upkeep\n|\n|t:|1685459716\n|switch|p2a: Zarude|Zarude, L78|292/292\n|turn|15\n|\n|t:|1685459729\n|move|p2a: Zarude|Power Whip|p1a: Lycanroc\n|-supereffective|p1a: Lycanroc\n|-damage|p1a: Lycanroc|0 fnt\n|faint|p1a: Lycanroc\n|\n|upkeep\n|\n|t:|1685459740\n|switch|p1a: Golisopod|Golisopod, L84, F|94/263\n|turn|16\n|\n|t:|1685459752\n|switch|p2a: Togekiss|Togekiss, L80, F|110/267 tox\n|move|p1a: Golisopod|First Impression|p2a: Togekiss\n|-resisted|p2a: Togekiss\n|-damage|p2a: Togekiss|83/267 tox\n|\n|-damage|p2a: Togekiss|67/267 tox|[from] psn\n|upkeep\n|turn|17\n|\n|t:|1685459760\n|switch|p1a: Pyukumuku|Pyukumuku, L84, M|230/230\n|move|p2a: Togekiss|Air Slash|p1a: Pyukumuku\n|-damage|p1a: Pyukumuku|169/230\n|\n|-damage|p2a: Togekiss|35/267 tox|[from] psn\n|upkeep\n|turn|18\n|\n|t:|1685459770\n|move|p2a: Togekiss|Air Slash|p1a: Pyukumuku\n|-damage|p1a: Pyukumuku|109/230\n|cant|p1a: Pyukumuku|flinch\n|\n|-damage|p2a: Togekiss|0 fnt|[from] psn\n|faint|p2a: Togekiss\n|upkeep\n|\n|t:|1685459780\n|switch|p2a: Mr. Rime|Mr. Rime, L86, F|278/278\n|turn|19\n|\n|t:|1685459791\n|move|p2a: Mr. Rime|Freeze-Dry|p1a: Pyukumuku\n|-supereffective|p1a: Pyukumuku\n|-crit|p1a: Pyukumuku\n|-damage|p1a: Pyukumuku|0 fnt\n|faint|p1a: Pyukumuku\n|\n|upkeep\n|\n|t:|1685459799\n|switch|p1a: Golisopod|Golisopod, L84, F|94/263\n|turn|20\n|\n|t:|1685459807\n|switch|p2a: Relicanth|Relicanth, L86, F|179/312 tox\n|move|p1a: Golisopod|First Impression|p2a: Relicanth\n|-damage|p2a: Relicanth|91/312 tox\n|\n|-damage|p2a: Relicanth|72/312 tox|[from] psn\n|upkeep\n|turn|21\n|\n|t:|1685459816\n|switch|p1a: Pangoro|Pangoro, L84, F|164/297\n|move|p2a: Relicanth|Head Smash|p1a: Pangoro\n|-resisted|p1a: Pangoro\n|-damage|p1a: Pangoro|41/297\n|\n|-damage|p2a: Relicanth|34/312 tox|[from] psn\n|upkeep\n|turn|22\n|\n|t:|1685459824\n|move|p1a: Pangoro|Knock Off|p2a: Relicanth\n|-damage|p2a: Relicanth|0 fnt\n|-enditem|p2a: Relicanth|Choice Band|[from] move: Knock Off|[of] p1a: Pangoro\n|faint|p2a: Relicanth\n|\n|upkeep\n|\n|t:|1685459829\n|switch|p2a: Mr. Rime|Mr. Rime, L86, F|278/278\n|turn|23\n|\n|t:|1685459834\n|move|p2a: Mr. Rime|Freeze-Dry|p1a: Pangoro\n|-damage|p1a: Pangoro|0 fnt\n|faint|p1a: Pangoro\n|\n|upkeep\n|raw|<div class=\"broadcast-red\"><b>The server is restarting soon.</b><br />Please finish your battles quickly. No new battles can be started until the server resets in a few minutes.</div>\n|inactive|staff also wants the timer to be on.\n|raw|<div class=\"broadcast-red\"><b>Moderated chat was set to +!</b><br />Only users of rank + and higher can talk.</div>\n|\n|t:|1685459859\n|switch|p1a: Butterfree|Butterfree, L87, M|246/246\n|turn|24\n|inactive|Murkrow067 has 120 seconds left.\n|\n|t:|1685459882\n|-start|p2a: Mr. Rime|Dynamax|\n|-heal|p2a: Mr. Rime|556/556|[silent]\n|move|p1a: Butterfree|Sleep Powder|p2a: Mr. Rime\n|-status|p2a: Mr. Rime|slp|[from] move: Sleep Powder\n|cant|p2a: Mr. Rime|slp\n|\n|upkeep\n|turn|25\n|\n|t:|1685459891\n|move|p1a: Butterfree|Quiver Dance|p1a: Butterfree\n|-boost|p1a: Butterfree|spa|1\n|-boost|p1a: Butterfree|spd|1\n|-boost|p1a: Butterfree|spe|1\n|cant|p2a: Mr. Rime|slp\n|\n|upkeep\n|turn|26\n|inactive|Murkrow067 has 120 seconds left.\n|\n|t:|1685459915\n|-start|p1a: Butterfree|Dynamax|Gmax\n|-heal|p1a: Butterfree|492/492|[silent]\n|move|p1a: Butterfree|G-Max Befuddle|p2a: Mr. Rime\n|-supereffective|p2a: Mr. Rime\n|-damage|p2a: Mr. Rime|206/556 slp\n|cant|p2a: Mr. Rime|slp\n|\n|upkeep\n|-end|p2a: Mr. Rime|Dynamax\n|-heal|p2a: Mr. Rime|103/278 slp|[silent]\n|turn|27\n|inactive|Murkrow067 has 120 seconds left.\n|\n|t:|1685459929\n|move|p1a: Butterfree|Max Airstream|p2a: Mr. Rime\n|-damage|p2a: Mr. Rime|0 fnt\n|-boost|p1a: Butterfree|spe|1\n|faint|p2a: Mr. Rime\n|\n|upkeep\n|\n|t:|1685459933\n|switch|p2a: Mimikyu|Mimikyu, L76, M|209/209\n|turn|28\n|inactive|Murkrow067 has 120 seconds left.\n|\n|t:|1685459945\n|move|p1a: Butterfree|G-Max Befuddle|p2a: Mimikyu\n|-activate|p2a: Mimikyu|ability: Disguise\n|-damage|p2a: Mimikyu|209/209\n|-status|p2a: Mimikyu|slp\n|detailschange|p2a: Mimikyu|Mimikyu-Busted, L76, M\n|-damage|p2a: Mimikyu|183/209 slp|[from] pokemon: Mimikyu-Busted\n|cant|p2a: Mimikyu|slp\n|\n|upkeep\n|-end|p1a: Butterfree|Dynamax\n|-heal|p1a: Butterfree|246/246|[silent]\n|turn|29\n|inactive|Murkrow067 has 120 seconds left.\n|\n|t:|1685459982\n|cant|p2a: Mimikyu|slp\n|move|p1a: Butterfree|Air Slash|p2a: Mimikyu\n|-damage|p2a: Mimikyu|59/209 slp\n|\n|upkeep\n|turn|30\n|\n|t:|1685459992\n|cant|p2a: Mimikyu|slp\n|move|p1a: Butterfree|Air Slash|p2a: Mimikyu\n|-damage|p2a: Mimikyu|0 fnt\n|faint|p2a: Mimikyu\n|\n|upkeep\n|\n|t:|1685459997\n|switch|p2a: Zarude|Zarude, L78|292/292\n|turn|31\n|\n|t:|1685460002\n|move|p1a: Butterfree|Bug Buzz|p2a: Zarude\n|-supereffective|p2a: Zarude\n|-damage|p2a: Zarude|0 fnt\n|faint|p2a: Zarude\n|\n|win|Murkrow067\n|raw|Murkrow067's rating: 1531 &rarr; <strong>1549</strong><br />(+18 for winning)\n|raw|Brainy858's rating: 1488 &rarr; <strong>1470</strong><br />(-18 for losing)\n|l|\u2606Brainy858\n", "inputlog": ">version 6fec31d5a0d4498a06105aa188c9906bc0b6bf95\n>start {\"formatid\":\"gen8randombattle\",\"seed\":[22332,49787,12352,53305],\"rated\":\"Rated battle\"}\n>player p1 {\"name\":\"Murkrow067\",\"avatar\":\"lady-gen4\",\"rating\":1531,\"seed\":[47440,28364,46608,16764]}\n>player p2 {\"name\":\"Brainy858\",\"avatar\":\"lance\",\"rating\":1488,\"seed\":[36632,3817,53739,26595]}\n>p1 switch 2\n>p2 move airslash\n>p1 move toxic\n>p2 switch 5\n>p1 move counter\n>p2 switch 5\n>p1 move toxic\n>p2 move trick\n>p1 move toxic\n>p2 switch 5\n>p1 switch 2\n>p2 move headsmash\n>p1 move knockoff\n>p2 switch 5\n>p1 switch 2\n>p2 move airslash\n>p1 move recover\n>p2 switch 5\n>p1 move recover\n>p2 move bodypress\n>p1 move recover\n>p2 switch 2\n>p1 switch 3\n>p2 move swordsdance\n>p1 move firstimpression\n>p2 move megahorn\n>p1 switch 4\n>p1 move stoneedge\n>p2 move waterfall\n>p2 switch 6\n>p1 move closecombat\n>p2 move powerwhip\n>p1 switch 4\n>p1 move firstimpression\n>p2 switch 5\n>p1 switch 3\n>p2 move airslash\n>p1 move toxic\n>p2 move airslash\n>p2 switch 3\n>p1 move toxic\n>p2 move freezedry\n>p1 switch 3\n>p1 move firstimpression\n>p2 switch 2\n>p1 switch 2\n>p2 move headsmash\n>p1 move knockoff\n>p2 move headsmash\n>p2 switch 2\n>p1 move knockoff\n>p2 move freezedry\n>p1 switch 5\n>p1 move sleeppowder\n>p2 move freezedry dynamax\n>p1 move quiverdance\n>p2 move freezedry dynamax\n>p1 move bugbuzz dynamax\n>p2 move freezedry dynamax\n>p1 move airslash dynamax\n>p2 move freezedry\n>p2 switch 4\n>p1 move bugbuzz dynamax\n>p2 move shadowclaw\n>p1 move airslash\n>p2 move shadowsneak\n>p1 move airslash\n>p2 move shadowsneak\n>p2 switch 5\n>p1 move bugbuzz\n>p2 move darkestlariat", "uploadtime": 1685460089, "views": 10, "p1id": "murkrow067", "p2id": "brainy858", "formatid": "gen8randombattle", "rating": 1470, "private": 0, "password": ""}