{"id": "gen8randombattle-1872009844", "p1": "piaa", "p2": "BoboMania", "format": "[Gen 8] Random Battle", "log": "|j|\u2606piaa\n|j|\u2606BoboMania\n|t:|1685160661\n|gametype|singles\n|player|p1|piaa|#rbtt6teamchienpaof|\n|player|p2|BoboMania|twins-gen4dp|\n|teamsize|p1|6\n|teamsize|p2|6\n|gen|8\n|tier|[Gen 8] Random Battle\n|rule|Species Clause: Limit one of each Pok\u00e9mon\n|rule|HP Percentage Mod: HP is shown in percentages\n|rule|Sleep Clause Mod: Limit one foe put to sleep\n|\n|t:|1685160661\n|start\n|switch|p1a: Raikou|Raikou, L80|275/275\n|switch|p2a: Gourgeist|Gourgeist-Small, L84, F|230/230\n|-ability|p1a: Raikou|Pressure\n|-item|p1a: Raikou|Leftovers|[from] ability: Frisk|[of] p2a: Gourgeist|[identify]\n|turn|1\n|\n|t:|1685160700\n|switch|p1a: Whimsicott|Whimsicott, L84, M|238/238\n|move|p2a: Gourgeist|Power Whip|p1a: Whimsicott\n|-resisted|p1a: Whimsicott\n|-damage|p1a: Whimsicott|184/238\n|\n|-heal|p1a: Whimsicott|198/238|[from] item: Leftovers\n|upkeep\n|turn|2\n|\n|t:|1685160706\n|move|p1a: Whimsicott|Moonblast|p2a: Gourgeist\n|-damage|p2a: Gourgeist|130/230\n|move|p2a: Gourgeist|Poltergeist|p1a: Whimsicott\n|-activate|p1a: Whimsicott|move: Poltergeist|Leftovers\n|-damage|p1a: Whimsicott|92/238\n|\n|-heal|p1a: Whimsicott|106/238|[from] item: Leftovers\n|-heal|p2a: Gourgeist|144/230|[from] item: Leftovers\n|upkeep\n|turn|3\n|\n|t:|1685160712\n|move|p1a: Whimsicott|U-turn|p2a: Gourgeist\n|-damage|p2a: Gourgeist|116/230\n|\n|t:|1685160714\n|switch|p1a: Incineroar|Incineroar, L80, M|283/283|[from] U-turn\n|-ability|p1a: Incineroar|Intimidate|boost\n|-unboost|p2a: Gourgeist|atk|1\n|move|p2a: Gourgeist|Poltergeist|p1a: Incineroar\n|-activate|p1a: Incineroar|move: Poltergeist|Heavy-Duty Boots\n|-resisted|p1a: Incineroar\n|-damage|p1a: Incineroar|248/283\n|\n|-heal|p2a: Gourgeist|130/230|[from] item: Leftovers\n|upkeep\n|turn|4\n|\n|t:|1685160719\n|switch|p2a: Araquanid|Araquanid, L80, M|240/240\n|move|p1a: Incineroar|Knock Off|p2a: Araquanid\n|-damage|p2a: Araquanid|138/240\n|-enditem|p2a: Araquanid|Heavy-Duty Boots|[from] move: Knock Off|[of] p1a: Incineroar\n|\n|upkeep\n|turn|5\n|\n|t:|1685160731\n|move|p1a: Incineroar|Parting Shot|p2a: Araquanid\n|-unboost|p2a: Araquanid|atk|1\n|-unboost|p2a: Araquanid|spa|1\n|\n|t:|1685160733\n|switch|p1a: Buzzwole|Buzzwole, L77|291/291|[from] Parting Shot\n|move|p2a: Araquanid|Liquidation|p1a: Buzzwole\n|-damage|p1a: Buzzwole|227/291\n|\n|upkeep\n|turn|6\n|\n|t:|1685160741\n|switch|p2a: Gourgeist|Gourgeist-Small, L84, F|130/230\n|-item|p1a: Buzzwole|Choice Band|[from] ability: Frisk|[of] p2a: Gourgeist|[identify]\n|move|p1a: Buzzwole|Leech Life|p2a: Gourgeist\n|-damage|p2a: Gourgeist|22/230\n|-heal|p1a: Buzzwole|281/291|[from] drain|[of] p2a: Gourgeist\n|\n|-heal|p2a: Gourgeist|36/230|[from] item: Leftovers\n|upkeep\n|turn|7\n|\n|t:|1685160747\n|switch|p2a: Dialga|Dialga, L74|270/270\n|-ability|p2a: Dialga|Pressure\n|move|p1a: Buzzwole|Leech Life|p2a: Dialga\n|-resisted|p2a: Dialga\n|-damage|p2a: Dialga|211/270\n|-heal|p1a: Buzzwole|291/291|[from] drain|[of] p2a: Dialga\n|\n|-heal|p2a: Dialga|227/270|[from] item: Leftovers\n|upkeep\n|turn|8\n|\n|t:|1685160763\n|-start|p1a: Buzzwole|Dynamax|\n|-heal|p1a: Buzzwole|582/582|[silent]\n|move|p2a: Dialga|Toxic|p1a: Buzzwole\n|-status|p1a: Buzzwole|tox\n|move|p1a: Buzzwole|Max Knuckle|p2a: Dialga\n|-supereffective|p2a: Dialga\n|-damage|p2a: Dialga|41/270\n|-boost|p1a: Buzzwole|atk|1\n|\n|-heal|p2a: Dialga|57/270|[from] item: Leftovers\n|-damage|p1a: Buzzwole|564/582 tox|[from] psn\n|upkeep\n|turn|9\n|\n|t:|1685160771\n|move|p2a: Dialga|Draco Meteor|p1a: Buzzwole\n|-damage|p1a: Buzzwole|335/582 tox\n|-unboost|p2a: Dialga|spa|2\n|move|p1a: Buzzwole|Max Airstream|p2a: Dialga\n|-resisted|p2a: Dialga\n|-damage|p2a: Dialga|0 fnt\n|-boost|p1a: Buzzwole|spe|1\n|faint|p2a: Dialga\n|-ability|p1a: Buzzwole|Beast Boost|boost\n|-boost|p1a: Buzzwole|atk|1\n|\n|-damage|p1a: Buzzwole|299/582 tox|[from] psn\n|upkeep\n|\n|t:|1685160789\n|switch|p2a: Shuckle|Shuckle, L87, F|177/177\n|turn|10\n|\n|t:|1685160799\n|move|p1a: Buzzwole|Max Flutterby|p2a: Shuckle\n|-damage|p2a: Shuckle|33/177\n|-unboost|p2a: Shuckle|spa|1\n|move|p2a: Shuckle|Sticky Web|p1a: Buzzwole\n|-sidestart|p1: piaa|move: Sticky Web\n|\n|-damage|p1a: Buzzwole|245/582 tox|[from] psn\n|upkeep\n|-end|p1a: Buzzwole|Dynamax\n|-heal|p1a: Buzzwole|123/291 tox|[silent]\n|turn|11\n|\n|t:|1685160808\n|move|p1a: Buzzwole|Leech Life|p2a: Shuckle\n|-damage|p2a: Shuckle|0 fnt\n|-heal|p1a: Buzzwole|140/291 tox|[from] drain|[of] p2a: Shuckle\n|faint|p2a: Shuckle\n|-ability|p1a: Buzzwole|Beast Boost|boost\n|-boost|p1a: Buzzwole|atk|1\n|\n|-damage|p1a: Buzzwole|68/291 tox|[from] psn\n|upkeep\n|\n|t:|1685160814\n|switch|p2a: Gourgeist|Gourgeist-Small, L84, F|36/230\n|-item|p1a: Buzzwole|Choice Band|[from] ability: Frisk|[of] p2a: Gourgeist|[identify]\n|turn|12\n|\n|t:|1685160816\n|move|p1a: Buzzwole|Leech Life|p2a: Gourgeist\n|-damage|p2a: Gourgeist|0 fnt\n|-heal|p1a: Buzzwole|86/291 tox|[from] drain|[of] p2a: Gourgeist\n|faint|p2a: Gourgeist\n|-ability|p1a: Buzzwole|Beast Boost|boost\n|-boost|p1a: Buzzwole|atk|1\n|\n|-damage|p1a: Buzzwole|0 fnt|[from] psn\n|faint|p1a: Buzzwole\n|upkeep\n|\n|t:|1685160825\n|switch|p2a: Venusaur|Venusaur, L82, M|265/265\n|switch|p1a: Whimsicott|Whimsicott, L84, M|106/238\n|-activate|p1a: Whimsicott|move: Sticky Web\n|-unboost|p1a: Whimsicott|spe|1\n|turn|13\n|\n|t:|1685160830\n|move|p2a: Venusaur|Substitute|p2a: Venusaur\n|-start|p2a: Venusaur|Substitute\n|-damage|p2a: Venusaur|199/265\n|move|p1a: Whimsicott|U-turn|p2a: Venusaur\n|-activate|p2a: Venusaur|move: Substitute|[damage]\n|\n|t:|1685160835\n|switch|p1a: Incineroar|Incineroar, L80, M|248/283|[from] U-turn\n|-ability|p1a: Incineroar|Intimidate|boost\n|-immune|p2a: Venusaur\n|\n|-heal|p2a: Venusaur|215/265|[from] item: Black Sludge\n|upkeep\n|turn|14\n|\n|t:|1685160838\n|move|p2a: Venusaur|Sleep Powder|p1a: Incineroar\n|-status|p1a: Incineroar|slp|[from] move: Sleep Powder\n|cant|p1a: Incineroar|slp\n|\n|-heal|p2a: Venusaur|231/265|[from] item: Black Sludge\n|upkeep\n|turn|15\n|\n|t:|1685160846\n|move|p2a: Venusaur|Leech Seed|p1a: Incineroar\n|-start|p1a: Incineroar|move: Leech Seed\n|cant|p1a: Incineroar|slp\n|\n|-heal|p2a: Venusaur|247/265|[from] item: Black Sludge\n|-damage|p1a: Incineroar|213/283 slp|[from] Leech Seed|[of] p2a: Venusaur\n|-heal|p2a: Venusaur|265/265|[silent]\n|upkeep\n|turn|16\n|c|\u2606BoboMania|earth power instead of hydro pump means dragalge is about 50% since it doesnt have to eat two ice beams so hydrei would have to draco meaning rhydon can take more hits\n|c|\u2606BoboMania|but i dont think its enough to deal with articuno\n|\n|t:|1685160878\n|move|p2a: Venusaur|Sludge Bomb|p1a: Incineroar\n|-damage|p1a: Incineroar|126/283 slp\n|cant|p1a: Incineroar|slp\n|\n|-damage|p1a: Incineroar|91/283 slp|[from] Leech Seed|[of] p2a: Venusaur\n|upkeep\n|turn|17\n|c|\u2606piaa|depends if you hit your moves\n|\n|t:|1685160905\n|move|p2a: Venusaur|Sludge Bomb|p1a: Incineroar\n|-damage|p1a: Incineroar|0 fnt\n|faint|p1a: Incineroar\n|\n|upkeep\n|c|\u2606BoboMania|that too\n|\n|t:|1685160930\n|switch|p1a: Cradily|Cradily, L86, M|288/288\n|-activate|p1a: Cradily|move: Sticky Web\n|-unboost|p1a: Cradily|spe|1\n|turn|18\n|c|\u2606piaa|man\n|\n|t:|1685160941\n|move|p2a: Venusaur|Sludge Bomb|p1a: Cradily\n|-crit|p1a: Cradily\n|-damage|p1a: Cradily|170/288\n|move|p1a: Cradily|Swords Dance|p1a: Cradily\n|-boost|p1a: Cradily|atk|2\n|\n|-heal|p1a: Cradily|188/288|[from] item: Leftovers\n|upkeep\n|turn|19\n|\n|t:|1685160945\n|move|p2a: Venusaur|Sludge Bomb|p1a: Cradily\n|-damage|p1a: Cradily|112/288\n|move|p1a: Cradily|Recover|p1a: Cradily\n|-heal|p1a: Cradily|256/288\n|\n|-heal|p1a: Cradily|274/288|[from] item: Leftovers\n|upkeep\n|turn|20\n|\n|t:|1685160952\n|move|p2a: Venusaur|Sludge Bomb|p1a: Cradily\n|-damage|p1a: Cradily|195/288\n|move|p1a: Cradily|Stone Edge|p2a: Venusaur\n|-end|p2a: Venusaur|Substitute\n|\n|-heal|p1a: Cradily|213/288|[from] item: Leftovers\n|upkeep\n|turn|21\n|\n|t:|1685160956\n|move|p2a: Venusaur|Sludge Bomb|p1a: Cradily\n|-damage|p1a: Cradily|140/288\n|move|p1a: Cradily|Stone Edge|p2a: Venusaur\n|-damage|p2a: Venusaur|70/265\n|\n|-heal|p2a: Venusaur|86/265|[from] item: Black Sludge\n|-heal|p1a: Cradily|158/288|[from] item: Leftovers\n|upkeep\n|turn|22\n|\n|t:|1685160970\n|move|p2a: Venusaur|Sludge Bomb|p1a: Cradily\n|-damage|p1a: Cradily|76/288\n|-status|p1a: Cradily|psn\n|move|p1a: Cradily|Stone Edge|p2a: Venusaur\n|-damage|p2a: Venusaur|0 fnt\n|faint|p2a: Venusaur\n|\n|-heal|p1a: Cradily|94/288 psn|[from] item: Leftovers\n|-damage|p1a: Cradily|58/288 psn|[from] psn\n|upkeep\n|\n|t:|1685160974\n|switch|p2a: Araquanid|Araquanid, L80, M|138/240\n|turn|23\n|\n|t:|1685160977\n|move|p2a: Araquanid|Leech Life|p1a: Cradily\n|-supereffective|p1a: Cradily\n|-damage|p1a: Cradily|0 fnt\n|-heal|p2a: Araquanid|167/240|[from] drain|[of] p1a: Cradily\n|faint|p1a: Cradily\n|\n|upkeep\n|\n|t:|1685160981\n|switch|p1a: Raikou|Raikou, L80|275/275\n|-activate|p1a: Raikou|move: Sticky Web\n|-unboost|p1a: Raikou|spe|1\n|-ability|p1a: Raikou|Pressure\n|turn|24\n|\n|t:|1685160987\n|move|p1a: Raikou|Thunderbolt|p2a: Araquanid\n|-supereffective|p2a: Araquanid\n|-damage|p2a: Araquanid|3/240\n|move|p2a: Araquanid|Mirror Coat|p1a: Raikou\n|-damage|p1a: Raikou|0 fnt\n|faint|p1a: Raikou\n|\n|upkeep\n|\n|t:|1685160992\n|switch|p1a: Whimsicott|Whimsicott, L84, M|106/238\n|-activate|p1a: Whimsicott|move: Sticky Web\n|-unboost|p1a: Whimsicott|spe|1\n|turn|25\n|\n|t:|1685160995\n|move|p1a: Whimsicott|Energy Ball|p2a: Araquanid\n|-damage|p2a: Araquanid|0 fnt\n|faint|p2a: Araquanid\n|\n|-heal|p1a: Whimsicott|120/238|[from] item: Leftovers\n|upkeep\n|\n|t:|1685160997\n|switch|p2a: Espeon|Espeon, L82, M|241/241\n|turn|26\n|\n|t:|1685161003\n|-start|p2a: Espeon|Dynamax|\n|-heal|p2a: Espeon|482/482|[silent]\n|move|p2a: Espeon|Max Mindstorm|p1a: Whimsicott\n|-damage|p1a: Whimsicott|0 fnt\n|-fieldstart|move: Psychic Terrain\n|faint|p1a: Whimsicott\n|-damage|p2a: Espeon|458/482|[from] item: Life Orb\n|\n|upkeep\n|\n|t:|1685161005\n|switch|p1a: Diggersby|Diggersby, L80, M|267/267\n|-activate|p1a: Diggersby|move: Sticky Web\n|-unboost|p1a: Diggersby|spe|1\n|turn|27\n|c|\u2606piaa|man\n|c|\u2606piaa|if i just got parting shot off\n|c|\u2606piaa|you can't break raikou sub without dynamax on venu\n|c|\u2606piaa|gg\n|\n|t:|1685161056\n|move|p2a: Espeon|Max Mindstorm|p1a: Diggersby\n|-damage|p1a: Diggersby|0 fnt\n|faint|p1a: Diggersby\n|-damage|p2a: Espeon|434/482|[from] item: Life Orb\n|\n|win|BoboMania\n", "inputlog": ">version d74822bbc74c095aa312053f7034baee3068d99e\n>start {\"formatid\":\"gen8randombattle\",\"seed\":[60380,43745,39271,60773]}\n>player p1 {\"name\":\"piaa\",\"avatar\":\"#rbtt6teamchienpaof\",\"rating\":0,\"seed\":[6110,11986,38151,42722]}\n>player p2 {\"name\":\"BoboMania\",\"avatar\":\"twins-gen4dp\",\"rating\":0,\"seed\":[6088,27692,45068,62095]}\n>p1 switch 2\n>p2 move powerwhip\n>p1 move moonblast\n>p2 move poltergeist\n>p1 move uturn\n>p2 move poltergeist\n>p1 switch 3\n>p1 move knockoff\n>p2 switch 3\n>p1 move partingshot\n>p2 move liquidation\n>p1 switch 6\n>p1 move leechlife\n>p2 switch 3\n>p1 move leechlife\n>p2 switch 5\n>p1 move closecombat dynamax\n>p2 move toxic\n>p1 move dualwingbeat dynamax\n>p2 move dracometeor\n>p2 switch 2\n>p1 move leechlife dynamax\n>p2 move stickyweb\n>p1 move leechlife\n>p2 move stealthrock\n>p2 switch 5\n>p1 move leechlife\n>p2 move poltergeist\n>p1 switch 3\n>p2 switch 4\n>p1 move uturn\n>p2 move substitute\n>p1 switch 6\n>p1 move knockoff\n>p2 move sleeppowder\n>p1 move knockoff\n>p2 move leechseed\n>chat \u2606BoboMania|earth power instead of hydro pump means dragalge is about 50% since it doesnt have to eat two ice beams so hydrei would have to draco meaning rhydon can take more hits\n>chat \u2606BoboMania|but i dont think its enough to deal with articuno\n>p1 move partingshot\n>p2 move sludgebomb\n>chat \u2606piaa|depends if you hit your moves\n>p1 move partingshot\n>p2 move sludgebomb\n>chat \u2606BoboMania|that too\n>p1 switch 4\n>chat \u2606piaa|man\n>p1 move swordsdance\n>p2 move sludgebomb\n>p1 move recover\n>p2 move sludgebomb\n>p1 move stoneedge\n>p2 move sludgebomb\n>p1 move stoneedge\n>p2 move sludgebomb\n>p1 move stoneedge\n>p2 move sludgebomb\n>p2 switch 3\n>p1 move stoneedge\n>p2 move leechlife\n>p1 switch 2\n>p1 move thunderbolt\n>p2 move mirrorcoat\n>p1 switch 6\n>p1 move energyball\n>p2 move liquidation\n>p2 switch 6\n>p1 move uturn\n>p2 move psychic dynamax\n>p1 switch 5\n>chat \u2606piaa|man\n>chat \u2606piaa|if i just got parting shot off\n>chat \u2606piaa|you can't break raikou sub without dynamax on venu\n>chat \u2606piaa|gg\n>p1 move knockoff\n>p2 move psychic dynamax", "uploadtime": 1685161062, "views": 6, "p1id": "piaa", "p2id": "bobomania", "formatid": "gen8randombattle", "rating": 0, "private": 0, "password": ""}