{"id": "gen8randombattle-1873178578", "p1": "flyingworkshop", "p2": "Mat Destructor", "format": "[Gen 8] Random Battle", "log": "|j|\u2606flyingworkshop\n|j|\u2606Mat Destructor\n|t:|1685337423\n|gametype|singles\n|player|p1|flyingworkshop|dawn|1149\n|player|p2|Mat Destructor|102|1073\n|teamsize|p1|6\n|teamsize|p2|6\n|gen|8\n|tier|[Gen 8] Random Battle\n|rated|\n|rule|Species Clause: Limit one of each Pok\u00e9mon\n|rule|HP Percentage Mod: HP is shown in percentages\n|rule|Sleep Clause Mod: Limit one foe put to sleep\n|\n|t:|1685337423\n|start\n|switch|p1a: Pyukumuku|Pyukumuku, L84, F|230/230\n|switch|p2a: Sandslash|Sandslash, L86, F|269/269\n|turn|1\n|inactive|Battle timer is ON: inactive players will automatically lose when time's up. (requested by Mat Destructor)\n|\n|t:|1685337443\n|move|p2a: Sandslash|Knock Off|p1a: Pyukumuku\n|-damage|p1a: Pyukumuku|160/230\n|-enditem|p1a: Pyukumuku|Leftovers|[from] move: Knock Off|[of] p2a: Sandslash\n|-damage|p2a: Sandslash|243/269|[from] item: Life Orb\n|move|p1a: Pyukumuku|Toxic|p2a: Sandslash\n|-status|p2a: Sandslash|tox\n|\n|-damage|p2a: Sandslash|227/269 tox|[from] psn\n|upkeep\n|turn|2\n|\n|t:|1685337459\n|move|p2a: Sandslash|Swords Dance|p2a: Sandslash\n|-boost|p2a: Sandslash|atk|2\n|move|p1a: Pyukumuku|Counter||[still]\n|-fail|p1a: Pyukumuku\n|\n|-damage|p2a: Sandslash|195/269 tox|[from] psn\n|upkeep\n|turn|3\n|\n|t:|1685337468\n|switch|p1a: Leafeon|Leafeon, L86, F|252/252\n|move|p2a: Sandslash|Stone Edge|p1a: Leafeon\n|-crit|p1a: Leafeon\n|-damage|p1a: Leafeon|32/252\n|-damage|p2a: Sandslash|169/269 tox|[from] item: Life Orb\n|\n|-damage|p2a: Sandslash|121/269 tox|[from] psn\n|upkeep\n|turn|4\n|\n|t:|1685337492\n|move|p1a: Leafeon|Leaf Blade|p2a: Sandslash\n|-supereffective|p2a: Sandslash\n|-damage|p2a: Sandslash|0 fnt\n|faint|p2a: Sandslash\n|\n|upkeep\n|\n|t:|1685337502\n|switch|p2a: Froslass|Froslass, L84, F|255/255\n|turn|5\n|\n|t:|1685337508\n|switch|p1a: Blissey|Blissey, L83, F|559/559\n|move|p2a: Froslass|Triple Axel|p1a: Blissey\n|-damage|p1a: Blissey|496/559\n|-damage|p1a: Blissey|378/559\n|-damage|p1a: Blissey|216/559\n|-hitcount|p1a: Blissey|3\n|\n|-heal|p1a: Blissey|250/559|[from] item: Leftovers\n|upkeep\n|turn|6\n|inactive|flyingworkshop has 120 seconds left.\n|\n|t:|1685337540\n|switch|p1a: Turtonator|Turtonator, L84, M|238/238\n|move|p2a: Froslass|Triple Axel|p1a: Turtonator\n|-damage|p1a: Turtonator|225/238\n|-damage|p1a: Turtonator|197/238\n|-damage|p1a: Turtonator|158/238\n|-hitcount|p1a: Turtonator|3\n|\n|upkeep\n|turn|7\n|\n|t:|1685337550\n|move|p2a: Froslass|Poltergeist|p1a: Turtonator\n|-activate|p1a: Turtonator|move: Poltergeist|White Herb\n|-damage|p1a: Turtonator|82/238\n|move|p1a: Turtonator|Shell Smash|p1a: Turtonator\n|-unboost|p1a: Turtonator|def|1\n|-unboost|p1a: Turtonator|spd|1\n|-boost|p1a: Turtonator|atk|2\n|-boost|p1a: Turtonator|spa|2\n|-boost|p1a: Turtonator|spe|2\n|-enditem|p1a: Turtonator|White Herb\n|-clearnegativeboost|p1a: Turtonator|[silent]\n|\n|upkeep\n|turn|8\n|\n|t:|1685337561\n|move|p2a: Froslass|Poltergeist||[still]\n|-fail|p2a: Froslass\n|move|p1a: Turtonator|Fire Blast|p2a: Froslass\n|-supereffective|p2a: Froslass\n|-damage|p2a: Froslass|0 fnt\n|-start|p1a: Turtonator|Disable|Fire Blast|[from] ability: Cursed Body|[of] p2a: Froslass\n|faint|p2a: Froslass\n|\n|upkeep\n|-message|Mat Destructor forfeited.\n|\n|win|flyingworkshop\n|raw|flyingworkshop's rating: 1149 &rarr; <strong>1169</strong><br />(+20 for winning)\n|raw|Mat Destructor's rating: 1073 &rarr; <strong>1057</strong><br />(-16 for losing)\n|l|\u2606Mat Destructor\n", "inputlog": ">version 6fec31d5a0d4498a06105aa188c9906bc0b6bf95\n>start {\"formatid\":\"gen8randombattle\",\"seed\":[55460,60985,25377,25846],\"rated\":\"Rated battle\"}\n>player p1 {\"name\":\"flyingworkshop\",\"avatar\":\"dawn\",\"rating\":1149,\"seed\":[44189,48279,10043,63266]}\n>player p2 {\"name\":\"Mat Destructor\",\"avatar\":\"102\",\"rating\":1073,\"seed\":[26855,65051,52183,36685]}\n>p1 move toxic\n>p2 move knockoff\n>p1 move counter\n>p2 move swordsdance\n>p1 switch 4\n>p2 move stoneedge\n>p1 move leafblade\n>p2 move knockoff\n>p2 switch 2\n>p1 switch 3\n>p2 move tripleaxel\n>p1 switch 6\n>p2 move tripleaxel\n>p1 move shellsmash\n>p2 move poltergeist\n>p1 move fireblast\n>p2 move poltergeist\n>forcelose p2", "uploadtime": 1685337571, "views": 2, "p1id": "flyingworkshop", "p2id": "matdestructor", "formatid": "gen8randombattle", "rating": 1057, "private": 0, "password": ""}