{"id": "gen8randombattle-1872797031", "p1": "Tyler409", "p2": "cureja", "format": "[Gen 8] Random Battle", "log": "|j|\u2606Tyler409\n|j|\u2606cureja\n|t:|1685285991\n|gametype|singles\n|player|p1|Tyler409|palmer|\n|player|p2|cureja|2|\n|teamsize|p1|6\n|teamsize|p2|6\n|gen|8\n|tier|[Gen 8] Random Battle\n|rule|Species Clause: Limit one of each Pok\u00e9mon\n|rule|HP Percentage Mod: HP is shown in percentages\n|rule|Sleep Clause Mod: Limit one foe put to sleep\n|\n|t:|1685285991\n|start\n|switch|p1a: Bisharp|Bisharp, L80, F|235/235\n|switch|p2a: Ho-Oh|Ho-Oh, L72|272/272\n|turn|1\n|\n|t:|1685286010\n|switch|p1a: Audino|Audino, L91, F|335/335\n|move|p2a: Ho-Oh|Sacred Fire|p1a: Audino\n|-damage|p1a: Audino|241/335\n|\n|-heal|p1a: Audino|261/335|[from] item: Leftovers\n|upkeep\n|turn|2\n|\n|t:|1685286038\n|switch|p2a: Ribombee|Ribombee, L82, F|233/233\n|move|p1a: Audino|Toxic|p2a: Ribombee\n|-status|p2a: Ribombee|tox\n|\n|-heal|p1a: Audino|281/335|[from] item: Leftovers\n|-damage|p2a: Ribombee|219/233 tox|[from] psn\n|upkeep\n|turn|3\n|\n|t:|1685286074\n|switch|p1a: Bisharp|Bisharp, L80, F|235/235\n|move|p2a: Ribombee|Stun Spore|p1a: Bisharp\n|-status|p1a: Bisharp|par\n|\n|-damage|p2a: Ribombee|191/233 tox|[from] psn\n|upkeep\n|turn|4\n|\n|t:|1685286088\n|move|p2a: Ribombee|U-turn|p1a: Bisharp\n|-damage|p1a: Bisharp|193/235 par\n|\n|t:|1685286097\n|switch|p2a: Ho-Oh|Ho-Oh, L72|272/272|[from] U-turn\n|move|p1a: Bisharp|Stealth Rock|p2a: Ho-Oh\n|-sidestart|p2: cureja|move: Stealth Rock\n|\n|upkeep\n|turn|5\n|\n|t:|1685286111\n|switch|p2a: Claydol|Claydol, L86|243/243\n|-damage|p2a: Claydol|228/243|[from] Stealth Rock\n|switch|p1a: Audino|Audino, L91, F|335/335\n|\n|-heal|p2a: Claydol|243/243|[from] item: Leftovers\n|upkeep\n|turn|6\n|\n|t:|1685286121\n|move|p2a: Claydol|Stealth Rock|p1a: Audino\n|-sidestart|p1: Tyler409|move: Stealth Rock\n|move|p1a: Audino|Knock Off|p2a: Claydol\n|-supereffective|p2a: Claydol\n|-damage|p2a: Claydol|149/243\n|-enditem|p2a: Claydol|Leftovers|[from] move: Knock Off|[of] p1a: Audino\n|\n|upkeep\n|turn|7\n|\n|t:|1685286127\n|move|p2a: Claydol|Rapid Spin|p1a: Audino\n|-damage|p1a: Audino|306/335\n|-boost|p2a: Claydol|spe|1\n|-sideend|p2: cureja|Stealth Rock|[from] move: Rapid Spin|[of] p2a: Claydol\n|move|p1a: Audino|Toxic|p2a: Claydol\n|-status|p2a: Claydol|tox\n|\n|-heal|p1a: Audino|326/335|[from] item: Leftovers\n|-damage|p2a: Claydol|134/243 tox|[from] psn\n|upkeep\n|turn|8\n|\n|t:|1685286186\n|move|p2a: Claydol|Earthquake|p1a: Audino\n|-damage|p1a: Audino|248/335\n|move|p1a: Audino|Knock Off|p2a: Claydol\n|-supereffective|p2a: Claydol\n|-damage|p2a: Claydol|70/243 tox\n|\n|-heal|p1a: Audino|268/335|[from] item: Leftovers\n|-damage|p2a: Claydol|40/243 tox|[from] psn\n|upkeep\n|turn|9\n|\n|t:|1685286196\n|switch|p2a: Pheromosa|Pheromosa, L75|230/230\n|move|p1a: Audino|Knock Off|p2a: Pheromosa\n|-resisted|p2a: Pheromosa\n|-damage|p2a: Pheromosa|171/230\n|-enditem|p2a: Pheromosa|Life Orb|[from] move: Knock Off|[of] p1a: Audino\n|\n|-heal|p1a: Audino|288/335|[from] item: Leftovers\n|upkeep\n|turn|10\n|\n|t:|1685286217\n|move|p2a: Pheromosa|Ice Beam|p1a: Audino\n|-damage|p1a: Audino|226/335\n|-status|p1a: Audino|frz\n|-curestatus|p1a: Audino|frz|[msg]\n|move|p1a: Audino|Toxic|p2a: Pheromosa\n|-status|p2a: Pheromosa|tox\n|\n|-heal|p1a: Audino|246/335|[from] item: Leftovers\n|-damage|p2a: Pheromosa|157/230 tox|[from] psn\n|upkeep\n|turn|11\n|\n|t:|1685286223\n|move|p2a: Pheromosa|Close Combat|p1a: Audino\n|-supereffective|p1a: Audino\n|-damage|p1a: Audino|0 fnt\n|-unboost|p2a: Pheromosa|def|1\n|-unboost|p2a: Pheromosa|spd|1\n|faint|p1a: Audino\n|-ability|p2a: Pheromosa|Beast Boost|boost\n|-boost|p2a: Pheromosa|spe|1\n|\n|-damage|p2a: Pheromosa|129/230 tox|[from] psn\n|upkeep\n|\n|t:|1685286235\n|switch|p1a: Galvantula|Galvantula, L82, F|249/249\n|turn|12\n|\n|t:|1685286258\n|switch|p2a: Ho-Oh|Ho-Oh, L72|272/272\n|move|p1a: Galvantula|Sticky Web|p2a: Ho-Oh\n|-sidestart|p2: cureja|move: Sticky Web\n|\n|upkeep\n|turn|13\n|\n|t:|1685286275\n|move|p1a: Galvantula|Thunder|p2a: Ho-Oh\n|-supereffective|p2a: Ho-Oh\n|-damage|p2a: Ho-Oh|116/272\n|move|p2a: Ho-Oh|Sacred Fire|p1a: Galvantula\n|-supereffective|p1a: Galvantula\n|-damage|p1a: Galvantula|0 fnt\n|faint|p1a: Galvantula\n|\n|upkeep\n|\n|t:|1685286289\n|switch|p1a: Falinks|Falinks, L84|246/246\n|-damage|p1a: Falinks|231/246|[from] Stealth Rock\n|turn|14\n|\n|t:|1685286321\n|-start|p2a: Ho-Oh|Dynamax|\n|-heal|p2a: Ho-Oh|232/544|[silent]\n|move|p1a: Falinks|Rock Slide|p2a: Ho-Oh\n|-supereffective|p2a: Ho-Oh\n|-damage|p2a: Ho-Oh|0 fnt\n|faint|p2a: Ho-Oh\n|\n|upkeep\n|\n|t:|1685286347\n|switch|p2a: Claydol|Claydol, L86|40/243 tox\n|turn|15\n|\n|t:|1685286350\n|move|p1a: Falinks|Rock Slide|p2a: Claydol\n|-resisted|p2a: Claydol\n|-damage|p2a: Claydol|17/243 tox\n|move|p2a: Claydol|Rapid Spin|p1a: Falinks\n|-damage|p1a: Falinks|204/246\n|-boost|p2a: Claydol|spe|1\n|-sideend|p2: cureja|Sticky Web|[from] move: Rapid Spin|[of] p2a: Claydol\n|\n|-damage|p2a: Claydol|2/243 tox|[from] psn\n|upkeep\n|turn|16\n|\n|t:|1685286364\n|-start|p1a: Falinks|Dynamax|\n|-heal|p1a: Falinks|408/492|[silent]\n|move|p2a: Claydol|Earthquake|p1a: Falinks\n|-damage|p1a: Falinks|330/492\n|move|p1a: Falinks|Max Darkness|p2a: Claydol\n|-supereffective|p2a: Claydol\n|-damage|p2a: Claydol|0 fnt\n|faint|p2a: Claydol\n|\n|upkeep\n|\n|t:|1685286405\n|switch|p2a: Ribombee|Ribombee, L82, F|191/233 tox\n|turn|17\n|\n|t:|1685286415\n|move|p2a: Ribombee|Moonblast|p1a: Falinks\n|-supereffective|p1a: Falinks\n|-damage|p1a: Falinks|72/492\n|move|p1a: Falinks|Max Ooze|p2a: Ribombee\n|-supereffective|p2a: Ribombee\n|-damage|p2a: Ribombee|29/233 tox\n|-boost|p1a: Falinks|spa|1\n|\n|-damage|p2a: Ribombee|15/233 tox|[from] psn\n|upkeep\n|turn|18\n|\n|t:|1685286437\n|move|p2a: Ribombee|Sticky Web|p1a: Falinks\n|-sidestart|p1: Tyler409|move: Sticky Web\n|move|p1a: Falinks|Max Rockfall|p2a: Ribombee\n|-supereffective|p2a: Ribombee\n|-damage|p2a: Ribombee|0 fnt\n|-weather|Sandstorm\n|faint|p2a: Ribombee\n|\n|-weather|Sandstorm|[upkeep]\n|-damage|p1a: Falinks|57/492|[from] Sandstorm\n|upkeep\n|\n|t:|1685286444\n|switch|p2a: Pheromosa|Pheromosa, L75|129/230 tox\n|-end|p1a: Falinks|Dynamax\n|-heal|p1a: Falinks|29/246|[silent]\n|turn|19\n|\n|t:|1685286450\n|move|p2a: Pheromosa|Close Combat|p1a: Falinks\n|-damage|p1a: Falinks|0 fnt\n|-unboost|p2a: Pheromosa|def|1\n|-unboost|p2a: Pheromosa|spd|1\n|faint|p1a: Falinks\n|-ability|p2a: Pheromosa|Beast Boost|boost\n|-boost|p2a: Pheromosa|spe|1\n|\n|-weather|Sandstorm|[upkeep]\n|-damage|p2a: Pheromosa|115/230 tox|[from] Sandstorm\n|-damage|p2a: Pheromosa|101/230 tox|[from] psn\n|upkeep\n|\n|t:|1685286465\n|switch|p1a: Blaziken|Blaziken, L76, M|247/247\n|-damage|p1a: Blaziken|217/247|[from] Stealth Rock\n|-activate|p1a: Blaziken|move: Sticky Web\n|-unboost|p1a: Blaziken|spe|1\n|turn|20\n|\n|t:|1685286473\n|move|p2a: Pheromosa|Close Combat|p1a: Blaziken\n|-damage|p1a: Blaziken|48/247\n|-unboost|p2a: Pheromosa|def|1\n|-unboost|p2a: Pheromosa|spd|1\n|move|p1a: Blaziken|Swords Dance|p1a: Blaziken\n|-boost|p1a: Blaziken|atk|2\n|\n|-weather|Sandstorm|[upkeep]\n|-damage|p2a: Pheromosa|87/230 tox|[from] Sandstorm\n|-damage|p1a: Blaziken|33/247|[from] Sandstorm\n|-damage|p2a: Pheromosa|59/230 tox|[from] psn\n|-ability|p1a: Blaziken|Speed Boost|boost\n|-boost|p1a: Blaziken|spe|1\n|upkeep\n|turn|21\n|\n|t:|1685286485\n|move|p2a: Pheromosa|Close Combat|p1a: Blaziken\n|-damage|p1a: Blaziken|0 fnt\n|-unboost|p2a: Pheromosa|def|1\n|-unboost|p2a: Pheromosa|spd|1\n|faint|p1a: Blaziken\n|-ability|p2a: Pheromosa|Beast Boost|boost\n|-boost|p2a: Pheromosa|spe|1\n|\n|-weather|Sandstorm|[upkeep]\n|-damage|p2a: Pheromosa|45/230 tox|[from] Sandstorm\n|-damage|p2a: Pheromosa|3/230 tox|[from] psn\n|upkeep\n|\n|t:|1685286495\n|switch|p1a: Cloyster|Cloyster, L80, M|211/211\n|-damage|p1a: Cloyster|159/211|[from] Stealth Rock\n|-activate|p1a: Cloyster|move: Sticky Web\n|-unboost|p1a: Cloyster|spe|1\n|-enditem|p1a: Cloyster|White Herb\n|-clearnegativeboost|p1a: Cloyster|[silent]\n|turn|22\n|\n|t:|1685286502\n|move|p2a: Pheromosa|Close Combat|p1a: Cloyster\n|-supereffective|p1a: Cloyster\n|-damage|p1a: Cloyster|0 fnt\n|-unboost|p2a: Pheromosa|def|1\n|-unboost|p2a: Pheromosa|spd|1\n|faint|p1a: Cloyster\n|-ability|p2a: Pheromosa|Beast Boost|boost\n|-boost|p2a: Pheromosa|spe|1\n|\n|-weather|none\n|-damage|p2a: Pheromosa|0 fnt|[from] psn\n|faint|p2a: Pheromosa\n|upkeep\n|\n|t:|1685286520\n|switch|p2a: Drednaw|Drednaw, L84, F|288/288\n|switch|p1a: Bisharp|Bisharp, L80, F|193/235 par\n|-damage|p1a: Bisharp|179/235 par|[from] Stealth Rock\n|-activate|p1a: Bisharp|move: Sticky Web\n|-unboost|p1a: Bisharp|spe|1\n|-ability|p1a: Bisharp|Defiant|boost\n|-boost|p1a: Bisharp|atk|2\n|turn|23\n|\n|t:|1685286528\n|move|p2a: Drednaw|Superpower|p1a: Bisharp\n|-supereffective|p1a: Bisharp\n|-crit|p1a: Bisharp\n|-damage|p1a: Bisharp|0 fnt\n|-unboost|p2a: Drednaw|atk|1\n|-unboost|p2a: Drednaw|def|1\n|faint|p1a: Bisharp\n|-damage|p2a: Drednaw|260/288|[from] item: Life Orb\n|\n|win|cureja\n|c|\u2606cureja|gg\n|c|\u2606Tyler409|gg\n", "inputlog": ">version d74822bbc74c095aa312053f7034baee3068d99e\n>start {\"formatid\":\"gen8randombattle\",\"seed\":[12273,3631,41296,38151]}\n>player p1 {\"name\":\"Tyler409\",\"avatar\":\"palmer\",\"rating\":0,\"seed\":[41290,39670,40354,31071]}\n>player p2 {\"name\":\"cureja\",\"avatar\":\"2\",\"rating\":0,\"seed\":[2726,43772,14859,46137]}\n>p1 switch 6\n>p2 move sacredfire\n>p1 move toxic\n>p2 switch 4\n>p1 switch 6\n>p2 move stunspore\n>p1 move stealthrock\n>p2 move uturn\n>p2 switch 4\n>p1 switch 6\n>p2 switch 6\n>p1 move knockoff\n>p2 move stealthrock\n>p1 move toxic\n>p2 move rapidspin\n>p1 move knockoff\n>p2 move earthquake\n>p1 move knockoff\n>p2 switch 5\n>p1 move toxic\n>p2 move icebeam\n>p1 move knockoff\n>p2 move closecombat\n>p1 switch 2\n>p1 move stickyweb\n>p2 switch 6\n>p1 move thunder\n>p2 move sacredfire\n>p1 switch 4\n>p1 move rockslide\n>p2 move bravebird dynamax\n>p2 switch 5\n>p1 move rockslide\n>p2 move rapidspin\n>p1 move throatchop dynamax\n>p2 move earthquake\n>p2 switch 4\n>p1 move poisonjab dynamax\n>p2 move moonblast\n>p1 move rockslide dynamax\n>p2 move stickyweb\n>p2 switch 6\n>p1 move rockslide\n>p2 move closecombat\n>p1 switch 5\n>p1 move swordsdance\n>p2 move closecombat\n>p1 move flareblitz\n>p2 move closecombat\n>p1 switch 3\n>p1 move shellsmash\n>p2 move closecombat\n>p1 switch 6\n>p2 switch 2\n>p1 move ironhead\n>p2 move superpower", "uploadtime": 1685286538, "views": 6, "p1id": "tyler409", "p2id": "cureja", "formatid": "gen8randombattle", "rating": 0, "private": 0, "password": ""}