{"id": "gen8randombattle-1654359776", "p1": "Sylveon is so cute", "p2": "Batram", "format": "[Gen 8] Random Battle", "log": "|j|\u2606Sylveon is so cute\n|j|\u2606Batram\n|t:|1662132425\n|gametype|singles\n|player|p1|Sylveon is so cute|bryony|2457\n|player|p2|Batram|101|2383\n|teamsize|p1|6\n|teamsize|p2|6\n|gen|8\n|tier|[Gen 8] Random Battle\n|rated|\n|rule|Species Clause: Limit one of each Pok\u00e9mon\n|rule|HP Percentage Mod: HP is shown in percentages\n|rule|Sleep Clause Mod: Limit one foe put to sleep\n|\n|t:|1662132425\n|start\n|switch|p1a: Mr. Mime|Mr. Mime-Galar, L86, F|226/226\n|switch|p2a: Tornadus|Tornadus-Therian, L78, M|251/251\n|turn|1\n|inactive|Battle timer is ON: inactive players will automatically lose when time's up. (requested by Sylveon is so cute)\n|\n|t:|1662132443\n|switch|p1a: Relicanth|Relicanth, L86, M|312/312\n|move|p2a: Tornadus|U-turn|p1a: Relicanth\n|-damage|p1a: Relicanth|279/312\n|\n|t:|1662132453\n|switch|p2a: Exeggutor|Exeggutor-Alola, L87, F|307/307\n|-item|p1a: Relicanth|Leftovers|[from] ability: Frisk|[of] p2a: Exeggutor|[identify]\n|\n|-heal|p1a: Relicanth|298/312|[from] item: Leftovers\n|upkeep\n|turn|2\n|j| imma rolling stone\n|\n|t:|1662132472\n|switch|p1a: Zapdos|Zapdos, L78|267/267\n|move|p2a: Exeggutor|Draco Meteor|p1a: Zapdos\n|-damage|p1a: Zapdos|41/267\n|-unboost|p2a: Exeggutor|spa|2\n|-damage|p2a: Exeggutor|277/307|[from] item: Life Orb\n|\n|upkeep\n|turn|3\n|\n|t:|1662132483\n|switch|p2a: Terrakion|Terrakion, L78|270/270\n|move|p1a: Zapdos|Hurricane|p2a: Terrakion|[miss]\n|-miss|p1a: Zapdos|p2a: Terrakion\n|\n|upkeep\n|turn|4\n|c|\u2606Sylveon is so cute|ok.\n|\n|t:|1662132489\n|move|p2a: Terrakion|Stone Edge|p1a: Zapdos\n|-supereffective|p1a: Zapdos\n|-damage|p1a: Zapdos|0 fnt\n|faint|p1a: Zapdos\n|-damage|p2a: Terrakion|243/270|[from] item: Life Orb\n|\n|upkeep\n|\n|t:|1662132495\n|switch|p1a: Mr. Mime|Mr. Mime-Galar, L86, F|226/226\n|turn|5\n|\n|t:|1662132506\n|-start|p2a: Terrakion|Dynamax|\n|-heal|p2a: Terrakion|486/540|[silent]\n|move|p1a: Mr. Mime|Psychic|p2a: Terrakion\n|-supereffective|p2a: Terrakion\n|-damage|p2a: Terrakion|274/540\n|move|p2a: Terrakion|Max Rockfall|p1a: Mr. Mime\n|-supereffective|p1a: Mr. Mime\n|-damage|p1a: Mr. Mime|0 fnt\n|-weather|Sandstorm\n|faint|p1a: Mr. Mime\n|-damage|p2a: Terrakion|247/540|[from] item: Life Orb\n|\n|-weather|Sandstorm|[upkeep]\n|upkeep\n|\n|t:|1662132512\n|switch|p1a: Rillaboom|Rillaboom, L78, F|284/284\n|-fieldstart|move: Grassy Terrain|[from] ability: Grassy Surge|[of] p1a: Rillaboom\n|turn|6\n|\n|t:|1662132517\n|-end|p2a: Terrakion|Dynamax\n|-heal|p2a: Terrakion|124/270|[silent]\n|switch|p2a: Tornadus|Tornadus-Therian, L78, M|251/251\n|move|p1a: Rillaboom|Swords Dance|p1a: Rillaboom\n|-boost|p1a: Rillaboom|atk|2\n|\n|-weather|Sandstorm|[upkeep]\n|-damage|p2a: Tornadus|236/251|[from] Sandstorm\n|-damage|p1a: Rillaboom|267/284|[from] Sandstorm\n|-heal|p1a: Rillaboom|284/284|[from] Grassy Terrain\n|upkeep\n|turn|7\n|\n|t:|1662132526\n|move|p2a: Tornadus|Hurricane|p1a: Rillaboom|[miss]\n|-miss|p2a: Tornadus|p1a: Rillaboom\n|move|p1a: Rillaboom|Knock Off|p2a: Tornadus\n|-damage|p2a: Tornadus|33/251\n|-enditem|p2a: Tornadus|Heavy-Duty Boots|[from] move: Knock Off|[of] p1a: Rillaboom\n|-damage|p1a: Rillaboom|256/284|[from] item: Life Orb\n|\n|-weather|Sandstorm|[upkeep]\n|-damage|p2a: Tornadus|18/251|[from] Sandstorm\n|-damage|p1a: Rillaboom|239/284|[from] Sandstorm\n|-heal|p1a: Rillaboom|256/284|[from] Grassy Terrain\n|upkeep\n|turn|8\n|\n|t:|1662132543\n|switch|p2a: Terrakion|Terrakion, L78|124/270\n|move|p1a: Rillaboom|Grassy Glide|p2a: Terrakion\n|-supereffective|p2a: Terrakion\n|-damage|p2a: Terrakion|0 fnt\n|faint|p2a: Terrakion\n|-damage|p1a: Rillaboom|228/284|[from] item: Life Orb\n|\n|-weather|Sandstorm|[upkeep]\n|-damage|p1a: Rillaboom|211/284|[from] Sandstorm\n|-heal|p1a: Rillaboom|228/284|[from] Grassy Terrain\n|upkeep\n|\n|t:|1662132549\n|switch|p2a: Exeggutor|Exeggutor-Alola, L87, F|277/307\n|-item|p1a: Rillaboom|Life Orb|[from] ability: Frisk|[of] p2a: Exeggutor|[identify]\n|turn|9\n|\n|t:|1662132553\n|move|p1a: Rillaboom|Knock Off|p2a: Exeggutor\n|-damage|p2a: Exeggutor|98/307\n|-enditem|p2a: Exeggutor|Life Orb|[from] move: Knock Off|[of] p1a: Rillaboom\n|-damage|p1a: Rillaboom|200/284|[from] item: Life Orb\n|move|p2a: Exeggutor|Flamethrower|p1a: Rillaboom\n|-supereffective|p1a: Rillaboom\n|-damage|p1a: Rillaboom|0 fnt\n|faint|p1a: Rillaboom\n|\n|-weather|none\n|-heal|p2a: Exeggutor|117/307|[from] Grassy Terrain\n|upkeep\n|\n|t:|1662132555\n|switch|p1a: Tauros|Tauros, L82, M|257/257\n|turn|10\n|\n|t:|1662132564\n|move|p1a: Tauros|Body Slam|p2a: Exeggutor\n|-damage|p2a: Exeggutor|0 fnt\n|faint|p2a: Exeggutor\n|\n|-fieldend|move: Grassy Terrain\n|upkeep\n|\n|t:|1662132566\n|switch|p2a: Tornadus|Tornadus-Therian, L78, M|101/251\n|turn|11\n|j| Mcburt\n|\n|t:|1662132594\n|move|p2a: Tornadus|U-turn|p1a: Tauros\n|-damage|p1a: Tauros|215/257\n|\n|t:|1662132600\n|switch|p2a: Carracosta|Carracosta, L84, F|262/262\n|move|p1a: Tauros|Body Slam|p2a: Carracosta\n|-resisted|p2a: Carracosta\n|-damage|p2a: Carracosta|213/262\n|\n|upkeep\n|turn|12\n|\n|t:|1662132611\n|switch|p1a: Relicanth|Relicanth, L86, M|298/312\n|move|p2a: Carracosta|Stone Edge|p1a: Relicanth\n|-damage|p1a: Relicanth|216/312\n|\n|-heal|p1a: Relicanth|235/312|[from] item: Leftovers\n|upkeep\n|turn|13\n|\n|t:|1662132621\n|move|p1a: Relicanth|Head Smash|p2a: Carracosta\n|-damage|p2a: Carracosta|101/262\n|move|p2a: Carracosta|Hydro Pump|p1a: Relicanth|[miss]\n|-miss|p2a: Carracosta|p1a: Relicanth\n|\n|-heal|p1a: Relicanth|254/312|[from] item: Leftovers\n|upkeep\n|turn|14\n|\n|t:|1662132633\n|move|p1a: Relicanth|Head Smash|p2a: Carracosta\n|-damage|p2a: Carracosta|0 fnt\n|faint|p2a: Carracosta\n|\n|-heal|p1a: Relicanth|273/312|[from] item: Leftovers\n|upkeep\n|\n|t:|1662132636\n|switch|p2a: Glaceon|Glaceon, L88, F|258/258\n|turn|15\n|inactive|Sylveon is so cute has 120 seconds left.\n|\n|t:|1662132671\n|move|p2a: Glaceon|Freeze-Dry|p1a: Relicanth\n|-supereffective|p1a: Relicanth\n|-damage|p1a: Relicanth|7/312\n|move|p1a: Relicanth|Head Smash|p2a: Glaceon\n|-supereffective|p2a: Glaceon\n|-damage|p2a: Glaceon|18/258\n|\n|-heal|p2a: Glaceon|34/258|[from] item: Leftovers\n|-heal|p1a: Relicanth|26/312|[from] item: Leftovers\n|upkeep\n|turn|16\n|j| Panoramix22\n|\n|t:|1662132680\n|move|p2a: Glaceon|Freeze-Dry|p1a: Relicanth\n|-supereffective|p1a: Relicanth\n|-damage|p1a: Relicanth|0 fnt\n|faint|p1a: Relicanth\n|\n|-heal|p2a: Glaceon|50/258|[from] item: Leftovers\n|upkeep\n|c| Mcburt|Can i play you sylveon?\n|\n|t:|1662132688\n|switch|p1a: Tauros|Tauros, L82, M|215/257\n|turn|17\n|\n|t:|1662132698\n|move|p1a: Tauros|Body Slam|p2a: Glaceon\n|-damage|p2a: Glaceon|0 fnt\n|faint|p2a: Glaceon\n|\n|upkeep\n|\n|t:|1662132703\n|switch|p2a: Porygon2|Porygon2, L82|274/274\n|-ability|p2a: Porygon2|Sheer Force|[from] ability: Trace|[of] p1a: Tauros\n|turn|18\n|\n|t:|1662132714\n|move|p1a: Tauros|Body Slam|p2a: Porygon2\n|-damage|p2a: Porygon2|177/274\n|move|p2a: Porygon2|Tri Attack|p1a: Tauros\n|-damage|p1a: Tauros|89/257\n|\n|upkeep\n|turn|19\n|\n|t:|1662132719\n|switch|p2a: Tornadus|Tornadus-Therian, L78, M|184/251\n|move|p1a: Tauros|Close Combat|p2a: Tornadus\n|-resisted|p2a: Tornadus\n|-damage|p2a: Tornadus|127/251\n|-unboost|p1a: Tauros|def|1\n|-unboost|p1a: Tauros|spd|1\n|-damage|p1a: Tauros|64/257|[from] item: Life Orb\n|\n|upkeep\n|turn|20\n|\n|t:|1662132724\n|move|p2a: Tornadus|Hurricane|p1a: Tauros\n|-damage|p1a: Tauros|0 fnt\n|faint|p1a: Tauros\n|\n|upkeep\n|\n|t:|1662132725\n|switch|p1a: Tornadus|Tornadus, L80, M|258/258\n|turn|21\n|\n|t:|1662132730\n|move|p1a: Tornadus|Nasty Plot|p1a: Tornadus\n|-boost|p1a: Tornadus|spa|2\n|move|p2a: Tornadus|Hurricane|p1a: Tornadus\n|-damage|p1a: Tornadus|123/258\n|\n|upkeep\n|turn|22\n|\n|t:|1662132755\n|-start|p1a: Tornadus|Dynamax|\n|-heal|p1a: Tornadus|246/516|[silent]\n|move|p2a: Tornadus|Hurricane|p1a: Tornadus\n|-damage|p1a: Tornadus|113/516\n|-start|p1a: Tornadus|confusion\n|-activate|p1a: Tornadus|confusion\n|move|p1a: Tornadus|Max Airstream|p2a: Tornadus\n|-damage|p2a: Tornadus|0 fnt\n|-boost|p1a: Tornadus|spe|1\n|faint|p2a: Tornadus\n|\n|upkeep\n|\n|t:|1662132757\n|switch|p2a: Porygon2|Porygon2, L82|177/274\n|-ability|p2a: Porygon2|Prankster|[from] ability: Trace|[of] p1a: Tornadus\n|turn|23\n|\n|t:|1662132764\n|-activate|p1a: Tornadus|confusion\n|-damage|p1a: Tornadus|83/516|[from] confusion\n|move|p2a: Porygon2|Ice Beam|p1a: Tornadus\n|-supereffective|p1a: Tornadus\n|-damage|p1a: Tornadus|0 fnt\n|faint|p1a: Tornadus\n|\n|win|Batram\n|raw|Sylveon is so cute's rating: 2427 &rarr; <strong>2404</strong><br />(-23 for losing)\n|raw|Batram's rating: 2383 &rarr; <strong>2406</strong><br />(+23 for winning)\n|l|\u2606Sylveon is so cute\n|l|\u2606Batram\n", "inputlog": ">version 8cf3438afc5b4a013c2b2d0b6cd5b917bdfe9b81\n>start {\"formatid\":\"gen8randombattle\",\"seed\":[55919,3936,43789,31361],\"rated\":\"Rated battle\"}\n>player p1 {\"name\":\"Sylveon is so cute\",\"avatar\":\"bryony\",\"rating\":2457,\"seed\":[10697,14528,17296,54240]}\n>player p2 {\"name\":\"Batram\",\"avatar\":\"101\",\"rating\":2383,\"seed\":[17095,29718,20216,28586]}\n>p1 switch 4\n>p2 move uturn\n>p2 switch 5\n>p1 switch 3\n>p2 move dracometeor\n>p1 move hurricane\n>p2 switch 6\n>chat \u2606Sylveon is so cute|ok.\n>p1 move hurricane\n>p2 move stoneedge\n>p1 switch 4\n>p1 move psychic\n>p2 move stoneedge dynamax\n>p1 switch 2\n>p1 move swordsdance\n>p2 switch 5\n>p1 move knockoff\n>p2 move hurricane\n>p1 move grassyglide\n>p2 switch 5\n>p2 switch 6\n>p1 move knockoff\n>p2 move flamethrower\n>p1 switch 6\n>p1 move bodyslam\n>p2 move dracometeor\n>p2 switch 5\n>p1 move bodyslam\n>p2 move uturn\n>p2 switch 3\n>p1 switch 3\n>p2 move stoneedge\n>p1 move headsmash\n>p2 move hydropump\n>p1 move headsmash\n>p2 move shellsmash\n>p2 switch 4\n>p1 move headsmash\n>p2 move freezedry\n>p1 move bodypress\n>p2 move freezedry\n>chat  Mcburt|Can i play you sylveon?\n>p1 switch 3\n>p1 move bodyslam\n>p2 move freezedry\n>p2 switch 2\n>p1 move bodyslam\n>p2 move triattack\n>p1 move closecombat\n>p2 switch 3\n>p1 move closecombat\n>p2 move hurricane\n>p1 switch 5\n>p1 move nastyplot\n>p2 move hurricane\n>p1 move hurricane dynamax\n>p2 move hurricane\n>p2 switch 3\n>p1 move hurricane dynamax\n>p2 move icebeam", "uploadtime": 1662132775, "views": 26, "p1id": "sylveonissocute", "p2id": "batram", "formatid": "gen8randombattle", "rating": 2404, "private": 0, "password": null}