{"id": "gen8randombattle-1871562495", "p1": "KuroMegaCharletX", "p2": "Iamsleep", "format": "[Gen 8] Random Battle", "log": "|j|\u2606KuroMegaCharletX\n|j|\u2606Iamsleep\n|t:|1685107297\n|gametype|singles\n|player|p1|KuroMegaCharletX|red|\n|player|p2|Iamsleep|caitlin|\n|teamsize|p1|6\n|teamsize|p2|6\n|gen|8\n|tier|[Gen 8] Random Battle\n|rule|Species Clause: Limit one of each Pok\u00e9mon\n|rule|HP Percentage Mod: HP is shown in percentages\n|rule|Sleep Clause Mod: Limit one foe put to sleep\n|\n|t:|1685107297\n|start\n|switch|p1a: Aggron|Aggron, L85, M|258/258\n|switch|p2a: Sigilyph|Sigilyph, L83, F|255/255\n|-item|p1a: Aggron|Air Balloon\n|turn|1\n|c|\u2606Iamsleep|gl hf buddy\n|c|\u2606KuroMegaCharletX|Tnx\n|c|\u2606KuroMegaCharletX|This item is dumb\n|c|\u2606Iamsleep|no ?\n|c|\u2606KuroMegaCharletX|On this mon\n|c|\u2606Iamsleep|you got a x4 weakness to ground so now you're immune\n|c|\u2606KuroMegaCharletX|Oh wait right i was thinking that flying type move doesn't damage I'm dumb\n|\n|t:|1685107417\n|move|p2a: Sigilyph|Energy Ball|p1a: Aggron\n|-damage|p1a: Aggron|129/258\n|-enditem|p1a: Aggron|Air Balloon\n|move|p1a: Aggron|Rock Polish|p1a: Aggron\n|-boost|p1a: Aggron|spe|2\n|\n|upkeep\n|turn|2\n|\n|t:|1685107426\n|move|p1a: Aggron|Head Smash|p2a: Sigilyph\n|-supereffective|p2a: Sigilyph\n|-crit|p2a: Sigilyph\n|-damage|p2a: Sigilyph|0 fnt\n|faint|p2a: Sigilyph\n|\n|upkeep\n|\n|t:|1685107431\n|switch|p2a: Hitmonchan|Hitmonchan, L86, M|226/226\n|turn|3\n|c|\u2606KuroMegaCharletX|The crit\n|c|\u2606Iamsleep|killed anyway, it's a 150 bp move or smth\n|c|\u2606KuroMegaCharletX|K\n|\n|t:|1685107475\n|move|p1a: Aggron|Heavy Slam|p2a: Hitmonchan\n|-damage|p2a: Hitmonchan|61/226\n|move|p2a: Hitmonchan|Drain Punch|p1a: Aggron\n|-supereffective|p1a: Aggron\n|-damage|p1a: Aggron|0 fnt\n|-heal|p2a: Hitmonchan|126/226|[from] drain|[of] p1a: Aggron\n|faint|p1a: Aggron\n|\n|-heal|p2a: Hitmonchan|140/226|[from] item: Leftovers\n|upkeep\n|\n|t:|1685107491\n|switch|p1a: Gardevoir|Gardevoir, L82, F|246/246\n|-ability|p1a: Gardevoir|Iron Fist|[from] ability: Trace|[of] p2a: Hitmonchan\n|turn|4\n|c|\u2606KuroMegaCharletX|Mommy\n|\n|t:|1685107513\n|switch|p2a: Meowstic|Meowstic, L84, M|262/262\n|move|p1a: Gardevoir|Psyshock|p2a: Meowstic\n|-resisted|p2a: Meowstic\n|-damage|p2a: Meowstic|211/262\n|\n|upkeep\n|turn|5\n|c|\u2606KuroMegaCharletX|If u kill mommy I'll kill u\n|\n|t:|1685107537\n|switch|p1a: Shiftry|Shiftry, L86, M|295/295\n|move|p2a: Meowstic|Light Screen|p2a: Meowstic\n|-sidestart|p2: Iamsleep|move: Light Screen\n|\n|upkeep\n|turn|6\n|\n|t:|1685107545\n|move|p2a: Meowstic|Reflect|p2a: Meowstic\n|-sidestart|p2: Iamsleep|Reflect\n|move|p1a: Shiftry|Nasty Plot|p1a: Shiftry\n|-boost|p1a: Shiftry|spa|2\n|\n|upkeep\n|turn|7\n|\n|t:|1685107553\n|move|p2a: Meowstic|Thunder Wave|p1a: Shiftry\n|-hint|Since gen 7, Dark is immune to Prankster moves.\n|-immune|p1a: Shiftry\n|move|p1a: Shiftry|Dark Pulse|p2a: Meowstic\n|-supereffective|p2a: Meowstic\n|-damage|p2a: Meowstic|0 fnt\n|faint|p2a: Meowstic\n|-damage|p1a: Shiftry|266/295|[from] item: Life Orb\n|\n|upkeep\n|\n|t:|1685107564\n|switch|p2a: Hitmonchan|Hitmonchan, L86, M|140/226\n|turn|8\n|c|\u2606KuroMegaCharletX|R.I.P\n|c|\u2606Iamsleep|right that's a thing\n|\n|t:|1685107594\n|move|p1a: Shiftry|Leaf Storm|p2a: Hitmonchan\n|-damage|p2a: Hitmonchan|0 fnt\n|-unboost|p1a: Shiftry|spa|2\n|faint|p2a: Hitmonchan\n|-damage|p1a: Shiftry|237/295|[from] item: Life Orb\n|\n|upkeep\n|\n|t:|1685107598\n|switch|p2a: Porygon-Z|Porygon-Z, L80|267/267\n|turn|9\n|c|\u2606KuroMegaCharletX|Sacrificed 2x\n|c|\u2606KuroMegaCharletX|God level tactic\n|\n|t:|1685107632\n|move|p2a: Porygon-Z|Ice Beam|p1a: Shiftry\n|-supereffective|p1a: Shiftry\n|-damage|p1a: Shiftry|49/295\n|move|p1a: Shiftry|Dark Pulse|p2a: Porygon-Z\n|-damage|p2a: Porygon-Z|199/267\n|-damage|p1a: Shiftry|20/295|[from] item: Life Orb\n|\n|upkeep\n|turn|10\n|c|\u2606KuroMegaCharletX|Shiftry has decent spa\n|\n|t:|1685107666\n|move|p2a: Porygon-Z|Ice Beam|p1a: Shiftry\n|-supereffective|p1a: Shiftry\n|-damage|p1a: Shiftry|0 fnt\n|faint|p1a: Shiftry\n|\n|upkeep\n|\n|t:|1685107686\n|switch|p1a: Pyukumuku|Pyukumuku, L84, M|230/230\n|turn|11\n|\n|t:|1685107702\n|switch|p2a: Drampa|Drampa, L86, M|274/274\n|move|p1a: Pyukumuku|Toxic|p2a: Drampa\n|-status|p2a: Drampa|tox\n|\n|-damage|p2a: Drampa|257/274 tox|[from] psn\n|upkeep\n|turn|12\n|\n|t:|1685107736\n|move|p2a: Drampa|Glare|p1a: Pyukumuku\n|-status|p1a: Pyukumuku|par\n|cant|p1a: Pyukumuku|par\n|\n|-heal|p2a: Drampa|274/274 tox|[from] item: Leftovers\n|-damage|p2a: Drampa|240/274 tox|[from] psn\n|-sideend|p2: Iamsleep|move: Light Screen\n|upkeep\n|turn|13\n|\n|t:|1685107741\n|move|p2a: Drampa|Thunderbolt|p1a: Pyukumuku\n|-supereffective|p1a: Pyukumuku\n|-damage|p1a: Pyukumuku|110/230 par\n|move|p1a: Pyukumuku|Counter||[still]\n|-fail|p1a: Pyukumuku\n|\n|-heal|p2a: Drampa|257/274 tox|[from] item: Leftovers\n|-heal|p1a: Pyukumuku|124/230 par|[from] item: Leftovers\n|-damage|p2a: Drampa|206/274 tox|[from] psn\n|-sideend|p2: Iamsleep|Reflect\n|upkeep\n|turn|14\n|\n|t:|1685107747\n|move|p2a: Drampa|Thunderbolt|p1a: Pyukumuku\n|-supereffective|p1a: Pyukumuku\n|-damage|p1a: Pyukumuku|2/230 par\n|move|p1a: Pyukumuku|Mirror Coat|p2a: Drampa\n|-damage|p2a: Drampa|0 fnt\n|faint|p2a: Drampa\n|\n|-heal|p1a: Pyukumuku|16/230 par|[from] item: Leftovers\n|upkeep\n|\n|t:|1685107751\n|switch|p2a: Porygon-Z|Porygon-Z, L80|199/267\n|turn|15\n|\n|t:|1685107762\n|move|p2a: Porygon-Z|Tri Attack|p1a: Pyukumuku\n|-damage|p1a: Pyukumuku|0 fnt\n|faint|p1a: Pyukumuku\n|\n|upkeep\n|\n|t:|1685107773\n|switch|p1a: Stunfisk|Stunfisk, L84, F|320/320\n|turn|16\n|\n|t:|1685107780\n|move|p2a: Porygon-Z|Tri Attack|p1a: Stunfisk\n|-damage|p1a: Stunfisk|190/320\n|move|p1a: Stunfisk|Sludge Bomb|p2a: Porygon-Z\n|-damage|p2a: Porygon-Z|132/267\n|\n|-heal|p1a: Stunfisk|210/320|[from] item: Leftovers\n|upkeep\n|turn|17\n|\n|t:|1685107790\n|move|p2a: Porygon-Z|Tri Attack|p1a: Stunfisk\n|-damage|p1a: Stunfisk|82/320\n|move|p1a: Stunfisk|Sludge Bomb|p2a: Porygon-Z\n|-damage|p2a: Porygon-Z|66/267\n|\n|-heal|p1a: Stunfisk|102/320|[from] item: Leftovers\n|upkeep\n|turn|18\n|\n|t:|1685107803\n|move|p2a: Porygon-Z|Tri Attack|p1a: Stunfisk\n|-damage|p1a: Stunfisk|0 fnt\n|faint|p1a: Stunfisk\n|\n|upkeep\n|\n|t:|1685107820\n|switch|p1a: Gardevoir|Gardevoir, L82, F|246/246\n|-ability|p1a: Gardevoir|Adaptability|[from] ability: Trace|[of] p2a: Porygon-Z\n|turn|19\n|\n|t:|1685107829\n|move|p2a: Porygon-Z|Tri Attack|p1a: Gardevoir\n|-damage|p1a: Gardevoir|136/246\n|move|p1a: Gardevoir|Psyshock|p2a: Porygon-Z\n|-damage|p2a: Porygon-Z|0 fnt\n|faint|p2a: Porygon-Z\n|\n|-heal|p1a: Gardevoir|151/246|[from] item: Leftovers\n|upkeep\n|\n|t:|1685107831\n|switch|p2a: Sudowoodo|Sudowoodo, L87, F|264/264\n|turn|20\n|\n|t:|1685107855\n|move|p1a: Gardevoir|Calm Mind|p1a: Gardevoir\n|-boost|p1a: Gardevoir|spa|1\n|-boost|p1a: Gardevoir|spd|1\n|move|p2a: Sudowoodo|Head Smash|p1a: Gardevoir\n|-damage|p1a: Gardevoir|0 fnt\n|faint|p1a: Gardevoir\n|\n|upkeep\n|\n|t:|1685107861\n|switch|p1a: Duraludon|Duraludon, L84, M|255/255\n|turn|21\n|c|\u2606KuroMegaCharletX|Gg\n|c|\u2606Iamsleep|gg\n|\n|t:|1685107869\n|move|p1a: Duraludon|Flash Cannon|p2a: Sudowoodo\n|-supereffective|p2a: Sudowoodo\n|-damage|p2a: Sudowoodo|10/264\n|move|p2a: Sudowoodo|Head Smash|p1a: Duraludon\n|-resisted|p1a: Duraludon\n|-damage|p1a: Duraludon|141/255\n|\n|upkeep\n|turn|22\n|c|\u2606Iamsleep|should've gone earthquake\n|\n|t:|1685107881\n|move|p1a: Duraludon|Flash Cannon|p2a: Sudowoodo\n|-supereffective|p2a: Sudowoodo\n|-damage|p2a: Sudowoodo|0 fnt\n|faint|p2a: Sudowoodo\n|\n|win|KuroMegaCharletX\n|l|\u2606Iamsleep\n", "inputlog": ">version 61c68e60481ef09071210320730fc448fef50368\n>start {\"formatid\":\"gen8randombattle\",\"seed\":[7263,24251,52294,51303]}\n>player p1 {\"name\":\"KuroMegaCharletX\",\"avatar\":\"red\",\"rating\":0,\"seed\":[27911,6009,57712,42148]}\n>player p2 {\"name\":\"Iamsleep\",\"avatar\":\"caitlin\",\"rating\":0,\"seed\":[48800,36052,45110,23823]}\n>chat \u2606Iamsleep|gl hf buddy\n>chat \u2606KuroMegaCharletX|Tnx\n>chat \u2606KuroMegaCharletX|This item is dumb\n>chat \u2606Iamsleep|no ?\n>chat \u2606KuroMegaCharletX|On this mon\n>chat \u2606Iamsleep|you got a x4 weakness to ground so now you're immune\n>chat \u2606KuroMegaCharletX|Oh wait right i was thinking that flying type move doesn't damage I'm dumb\n>p1 move rockpolish\n>p2 move energyball\n>p1 move headsmash\n>p2 move energyball\n>p2 switch 5\n>chat \u2606KuroMegaCharletX|The crit\n>chat \u2606Iamsleep|killed anyway, it's a 150 bp move or smth\n>chat \u2606KuroMegaCharletX|K\n>p1 move heavyslam\n>p2 move drainpunch\n>p1 switch 3\n>chat \u2606KuroMegaCharletX|Mommy\n>p1 move psyshock\n>p2 switch 3\n>chat \u2606KuroMegaCharletX|If u kill mommy I'll kill u\n>p1 switch 5\n>p2 move lightscreen\n>p1 move nastyplot\n>p2 move reflect\n>p1 move darkpulse\n>p2 move thunderwave\n>p2 switch 3\n>chat \u2606KuroMegaCharletX|R.I.P\n>chat \u2606Iamsleep|right that's a thing\n>p1 move leafstorm\n>p2 move drainpunch\n>p2 switch 4\n>chat \u2606KuroMegaCharletX|Sacrificed 2x\n>chat \u2606KuroMegaCharletX|God level tactic\n>p1 move darkpulse\n>p2 move icebeam\n>chat \u2606KuroMegaCharletX|Shiftry has decent spa\n>p1 move heatwave\n>p2 move icebeam\n>p1 switch 6\n>p1 move toxic\n>p2 switch 2\n>p1 move counter\n>p2 move glare\n>p1 move counter\n>p2 move thunderbolt\n>p1 move mirrorcoat\n>p2 move thunderbolt\n>p2 switch 2\n>p1 move recover\n>p2 move triattack\n>p1 switch 2\n>p1 move sludgebomb\n>p2 move triattack\n>p1 move sludgebomb\n>p2 move triattack\n>p1 move stealthrock\n>p2 move triattack\n>p1 switch 5\n>p1 move psyshock\n>p2 move triattack\n>p2 switch 6\n>p1 move calmmind\n>p2 move headsmash\n>p1 switch 4\n>chat \u2606KuroMegaCharletX|Gg\n>chat \u2606Iamsleep|gg\n>p1 move flashcannon\n>p2 move headsmash\n>chat \u2606Iamsleep|should've gone earthquake\n>p1 move flashcannon\n>p2 move headsmash", "uploadtime": 1685107888, "views": 4, "p1id": "kuromegacharletx", "p2id": "iamsleep", "formatid": "gen8randombattle", "rating": 0, "private": 0, "password": ""}