{"id": "gen8randombattle-1608711158", "p1": "Sylveon is so cute", "p2": "wenhu", "format": "[Gen 8] Random Battle", "log": "|j|\u2606Sylveon is so cute\n|j|\u2606wenhu\n|t:|1656764045\n|gametype|singles\n|player|p1|Sylveon is so cute|arezu|2453\n|player|p2|wenhu|blue|2435\n|teamsize|p1|6\n|teamsize|p2|6\n|gen|8\n|tier|[Gen 8] Random Battle\n|rated|\n|rule|Species Clause: Limit one of each Pok\u00e9mon\n|rule|HP Percentage Mod: HP is shown in percentages\n|rule|Sleep Clause Mod: Limit one foe put to sleep\n|\n|t:|1656764045\n|start\n|switch|p1a: Bisharp|Bisharp, L80, M|235/235\n|switch|p2a: Dragonite|Dragonite, L75, M|260/260\n|turn|1\n|inactive|Battle timer is ON: inactive players will automatically lose when time's up. (requested by Sylveon is so cute)\n|\n|t:|1656764059\n|switch|p2a: Coalossal|Coalossal, L87, F|333/333\n|switch|p1a: Landorus|Landorus-Therian, L72, M|247/247\n|-ability|p1a: Landorus|Intimidate|boost\n|-unboost|p2a: Coalossal|atk|1\n|\n|upkeep\n|turn|2\n|\n|t:|1656764065\n|move|p1a: Landorus|Earthquake|p2a: Coalossal\n|-supereffective|p2a: Coalossal\n|-damage|p2a: Coalossal|0 fnt\n|faint|p2a: Coalossal\n|-damage|p1a: Landorus|223/247|[from] item: Life Orb\n|\n|upkeep\n|c|\u2606Sylveon is so cute|aight\n|inactive|wenhu has 120 seconds left.\n|\n|t:|1656764125\n|switch|p2a: Aurorus|Aurorus, L84, F|344/344\n|-weather|Hail|[from] ability: Snow Warning|[of] p2a: Aurorus\n|turn|3\n|j| KingZuko\n|\n|t:|1656764149\n|move|p1a: Landorus|Earthquake|p2a: Aurorus\n|-supereffective|p2a: Aurorus\n|-crit|p2a: Aurorus\n|-damage|p2a: Aurorus|0 fnt\n|faint|p2a: Aurorus\n|-damage|p1a: Landorus|199/247|[from] item: Life Orb\n|\n|-weather|Hail|[upkeep]\n|-damage|p1a: Landorus|184/247|[from] Hail\n|upkeep\n|\n|t:|1656764164\n|switch|p2a: Machamp|Machamp, L82, F|282/282\n|turn|4\n|\n|t:|1656764172\n|move|p1a: Landorus|Swords Dance|p1a: Landorus\n|-boost|p1a: Landorus|atk|2\n|move|p2a: Machamp|Knock Off|p1a: Landorus\n|-damage|p1a: Landorus|89/247\n|-enditem|p1a: Landorus|Life Orb|[from] move: Knock Off|[of] p2a: Machamp\n|\n|-weather|Hail|[upkeep]\n|-damage|p1a: Landorus|74/247|[from] Hail\n|-damage|p2a: Machamp|265/282|[from] Hail\n|-status|p2a: Machamp|brn|[from] item: Flame Orb\n|upkeep\n|turn|5\n|\n|t:|1656764177\n|move|p2a: Machamp|Bullet Punch|p1a: Landorus\n|-damage|p1a: Landorus|19/247\n|move|p1a: Landorus|Earthquake|p2a: Machamp\n|-damage|p2a: Machamp|45/282 brn\n|\n|-weather|Hail|[upkeep]\n|-damage|p1a: Landorus|4/247|[from] Hail\n|-damage|p2a: Machamp|28/282 brn|[from] Hail\n|-damage|p2a: Machamp|11/282 brn|[from] brn\n|upkeep\n|turn|6\n|\n|t:|1656764183\n|switch|p1a: Stunfisk|Stunfisk-Galar, L84, F|320/320\n|move|p2a: Machamp|Close Combat|p1a: Stunfisk\n|-supereffective|p1a: Stunfisk\n|-damage|p1a: Stunfisk|0 fnt\n|-unboost|p2a: Machamp|def|1\n|-unboost|p2a: Machamp|spd|1\n|faint|p1a: Stunfisk\n|\n|-weather|Hail|[upkeep]\n|-damage|p2a: Machamp|0 fnt|[from] Hail\n|faint|p2a: Machamp\n|upkeep\n|c| KingZuko|what in tarnation is going on\n|inactive|wenhu has 120 seconds left.\n|\n|t:|1656764203\n|switch|p2a: Sandaconda|Sandaconda, L84, F|258/258\n|switch|p1a: Regirock|Regirock, L85|275/275\n|turn|7\n|\n|t:|1656764211\n|switch|p1a: Omastar|Omastar, L82, F|249/249\n|move|p2a: Sandaconda|Coil|p2a: Sandaconda\n|-boost|p2a: Sandaconda|atk|1\n|-boost|p2a: Sandaconda|def|1\n|-boost|p2a: Sandaconda|accuracy|1\n|\n|-weather|none\n|upkeep\n|turn|8\n|\n|t:|1656764220\n|switch|p2a: Celebi|Celebi, L82|298/298\n|switch|p1a: Landorus|Landorus-Therian, L72, M|4/247\n|-ability|p1a: Landorus|Intimidate|boost\n|-unboost|p2a: Celebi|atk|1\n|\n|upkeep\n|turn|9\n|\n|t:|1656764224\n|switch|p1a: Marowak|Marowak-Alola, L84, F|238/238\n|move|p2a: Celebi|Nasty Plot|p2a: Celebi\n|-boost|p2a: Celebi|spa|2\n|\n|upkeep\n|turn|10\n|j| Bonclaft\n|\n|t:|1656764244\n|-start|p2a: Celebi|Dynamax|\n|-heal|p2a: Celebi|596/596|[silent]\n|move|p2a: Celebi|Max Mindstorm|p1a: Marowak\n|-damage|p1a: Marowak|0 fnt\n|-fieldstart|move: Psychic Terrain\n|faint|p1a: Marowak\n|\n|upkeep\n|\n|t:|1656764248\n|switch|p1a: Bisharp|Bisharp, L80, M|235/235\n|turn|11\n|\n|t:|1656764254\n|switch|p1a: Landorus|Landorus-Therian, L72, M|4/247\n|-ability|p1a: Landorus|Intimidate|boost\n|-unboost|p2a: Celebi|atk|1\n|move|p2a: Celebi|Max Overgrowth|p1a: Landorus\n|-damage|p1a: Landorus|0 fnt\n|-fieldstart|move: Grassy Terrain\n|faint|p1a: Landorus\n|\n|upkeep\n|\n|t:|1656764256\n|switch|p1a: Bisharp|Bisharp, L80, M|235/235\n|turn|12\n|\n|t:|1656764288\n|switch|p1a: Omastar|Omastar, L82, F|249/249\n|move|p2a: Celebi|Max Overgrowth|p1a: Omastar\n|-supereffective|p1a: Omastar\n|-damage|p1a: Omastar|0 fnt\n|faint|p1a: Omastar\n|\n|upkeep\n|\n|t:|1656764289\n|switch|p1a: Bisharp|Bisharp, L80, M|235/235\n|-end|p2a: Celebi|Dynamax\n|-heal|p2a: Celebi|298/298|[silent]\n|turn|13\n|\n|t:|1656764293\n|move|p2a: Celebi|Giga Drain|p1a: Bisharp\n|-resisted|p1a: Bisharp\n|-damage|p1a: Bisharp|106/235\n|move|p1a: Bisharp|Swords Dance|p1a: Bisharp\n|-boost|p1a: Bisharp|atk|2\n|\n|-heal|p1a: Bisharp|120/235|[from] Grassy Terrain\n|upkeep\n|turn|14\n|\n|t:|1656764300\n|-start|p1a: Bisharp|Dynamax|\n|-heal|p1a: Bisharp|240/470|[silent]\n|move|p2a: Celebi|Giga Drain|p1a: Bisharp\n|-resisted|p1a: Bisharp\n|-damage|p1a: Bisharp|108/470\n|move|p1a: Bisharp|Max Steelspike|p2a: Celebi\n|-damage|p2a: Celebi|0 fnt\n|-boost|p1a: Bisharp|def|1\n|faint|p2a: Celebi\n|-damage|p1a: Bisharp|85/470|[from] item: Life Orb\n|\n|-heal|p1a: Bisharp|99/470|[from] Grassy Terrain\n|upkeep\n|\n|t:|1656764306\n|switch|p2a: Dragonite|Dragonite, L75, M|260/260\n|turn|15\n|\n|t:|1656764309\n|move|p2a: Dragonite|Earthquake|p1a: Bisharp\n|-supereffective|p1a: Bisharp\n|-damage|p1a: Bisharp|49/470\n|move|p1a: Bisharp|Max Steelspike|p2a: Dragonite\n|-damage|p2a: Dragonite|66/260\n|-boost|p1a: Bisharp|def|1\n|-damage|p1a: Bisharp|26/470|[from] item: Life Orb\n|\n|-heal|p1a: Bisharp|40/470|[from] Grassy Terrain\n|-fieldend|move: Grassy Terrain\n|upkeep\n|turn|16\n|\n|t:|1656764316\n|move|p1a: Bisharp|Max Guard|p1a: Bisharp\n|-singleturn|p1a: Bisharp|Max Guard\n|move|p2a: Dragonite|Earthquake|p1a: Bisharp\n|-activate|p1a: Bisharp|move: Max Guard\n|\n|upkeep\n|-end|p1a: Bisharp|Dynamax\n|-heal|p1a: Bisharp|20/235|[silent]\n|turn|17\n|\n|t:|1656764319\n|move|p1a: Bisharp|Sucker Punch|p2a: Dragonite\n|-damage|p2a: Dragonite|0 fnt\n|faint|p2a: Dragonite\n|-damage|p1a: Bisharp|0 fnt|[from] item: Life Orb\n|faint|p1a: Bisharp\n|\n|upkeep\n|\n|t:|1656764320\n|switch|p2a: Sandaconda|Sandaconda, L84, F|258/258\n|switch|p1a: Regirock|Regirock, L85|275/275\n|turn|18\n|\n|t:|1656764321\n|move|p2a: Sandaconda|Coil|p2a: Sandaconda\n|-boost|p2a: Sandaconda|atk|1\n|-boost|p2a: Sandaconda|def|1\n|-boost|p2a: Sandaconda|accuracy|1\n|move|p1a: Regirock|Curse|p1a: Regirock\n|-unboost|p1a: Regirock|spe|1\n|-boost|p1a: Regirock|atk|1\n|-boost|p1a: Regirock|def|1\n|\n|upkeep\n|turn|19\n|\n|t:|1656764323\n|move|p2a: Sandaconda|Coil|p2a: Sandaconda\n|-boost|p2a: Sandaconda|atk|1\n|-boost|p2a: Sandaconda|def|1\n|-boost|p2a: Sandaconda|accuracy|1\n|move|p1a: Regirock|Curse|p1a: Regirock\n|-unboost|p1a: Regirock|spe|1\n|-boost|p1a: Regirock|atk|1\n|-boost|p1a: Regirock|def|1\n|\n|upkeep\n|turn|20\n|\n|t:|1656764324\n|move|p2a: Sandaconda|Coil|p2a: Sandaconda\n|-boost|p2a: Sandaconda|atk|1\n|-boost|p2a: Sandaconda|def|1\n|-boost|p2a: Sandaconda|accuracy|1\n|move|p1a: Regirock|Curse|p1a: Regirock\n|-unboost|p1a: Regirock|spe|1\n|-boost|p1a: Regirock|atk|1\n|-boost|p1a: Regirock|def|1\n|\n|upkeep\n|turn|21\n|\n|t:|1656764325\n|move|p2a: Sandaconda|Coil|p2a: Sandaconda\n|-boost|p2a: Sandaconda|atk|1\n|-boost|p2a: Sandaconda|def|1\n|-boost|p2a: Sandaconda|accuracy|1\n|move|p1a: Regirock|Curse|p1a: Regirock\n|-unboost|p1a: Regirock|spe|1\n|-boost|p1a: Regirock|atk|1\n|-boost|p1a: Regirock|def|1\n|\n|upkeep\n|turn|22\n|\n|t:|1656764326\n|move|p2a: Sandaconda|Coil|p2a: Sandaconda\n|-boost|p2a: Sandaconda|atk|1\n|-boost|p2a: Sandaconda|def|1\n|-boost|p2a: Sandaconda|accuracy|1\n|move|p1a: Regirock|Curse|p1a: Regirock\n|-unboost|p1a: Regirock|spe|1\n|-boost|p1a: Regirock|atk|1\n|-boost|p1a: Regirock|def|1\n|\n|upkeep\n|turn|23\n|c| KingZuko|oh man regirock def is formidable\n|\n|t:|1656764340\n|move|p2a: Sandaconda|Coil|p2a: Sandaconda\n|-boost|p2a: Sandaconda|atk|1\n|-boost|p2a: Sandaconda|def|1\n|-boost|p2a: Sandaconda|accuracy|1\n|move|p1a: Regirock|Curse|p1a: Regirock\n|-unboost|p1a: Regirock|spe|1\n|-boost|p1a: Regirock|atk|1\n|-boost|p1a: Regirock|def|1\n|\n|upkeep\n|turn|24\n|\n|t:|1656764343\n|move|p2a: Sandaconda|Earthquake|p1a: Regirock\n|-supereffective|p1a: Regirock\n|-damage|p1a: Regirock|167/275\n|move|p1a: Regirock|Body Press|p2a: Sandaconda\n|-damage|p2a: Sandaconda|179/258\n|\n|-heal|p2a: Sandaconda|195/258|[from] item: Leftovers\n|upkeep\n|turn|25\n|\n|t:|1656764345\n|move|p2a: Sandaconda|Earthquake|p1a: Regirock\n|-supereffective|p1a: Regirock\n|-damage|p1a: Regirock|51/275\n|move|p1a: Regirock|Rest|p1a: Regirock\n|-status|p1a: Regirock|slp|[from] move: Rest\n|-heal|p1a: Regirock|275/275 slp|[silent]\n|-enditem|p1a: Regirock|Chesto Berry|[eat]\n|-curestatus|p1a: Regirock|slp|[msg]\n|\n|-heal|p2a: Sandaconda|211/258|[from] item: Leftovers\n|upkeep\n|turn|26\n|\n|t:|1656764348\n|move|p2a: Sandaconda|Earthquake|p1a: Regirock\n|-supereffective|p1a: Regirock\n|-damage|p1a: Regirock|161/275\n|move|p1a: Regirock|Body Press|p2a: Sandaconda\n|-damage|p2a: Sandaconda|124/258\n|\n|-heal|p2a: Sandaconda|140/258|[from] item: Leftovers\n|upkeep\n|turn|27\n|\n|t:|1656764351\n|move|p2a: Sandaconda|Earthquake|p1a: Regirock\n|-supereffective|p1a: Regirock\n|-damage|p1a: Regirock|51/275\n|move|p1a: Regirock|Body Press|p2a: Sandaconda\n|-damage|p2a: Sandaconda|64/258\n|\n|-heal|p2a: Sandaconda|80/258|[from] item: Leftovers\n|upkeep\n|turn|28\n|-message|Sylveon is so cute forfeited.\n|\n|win|wenhu\n|raw|Sylveon is so cute's rating: 2453 &rarr; <strong>2432</strong><br />(-21 for losing)\n|raw|wenhu's rating: 2435 &rarr; <strong>2456</strong><br />(+21 for winning)\n|l|\u2606Sylveon is so cute\n|c|\u2606wenhu|GGGGGG\n|c| KingZuko|lolll\n|c| KingZuko|gg\n", "inputlog": ">version 7e54e8ba4a50458de8c2c7bec73daee5d9ff3d07\n>start {\"formatid\":\"gen8randombattle\",\"seed\":[19763,16569,48038,57219],\"rated\":\"Rated battle\"}\n>player p1 {\"name\":\"Sylveon is so cute\",\"avatar\":\"arezu\",\"rating\":2453,\"seed\":[29577,46604,28500,24320]}\n>player p2 {\"name\":\"wenhu\",\"avatar\":\"blue\",\"rating\":2435,\"seed\":[38987,58894,62260,20248]}\n>p1 switch 3\n>p2 switch 4\n>p1 move earthquake\n>p2 move willowisp\n>chat \u2606Sylveon is so cute|aight\n>p2 switch 5\n>p1 move earthquake\n>p2 move blizzard\n>p2 switch 6\n>p1 move swordsdance\n>p2 move knockoff\n>p1 move earthquake\n>p2 move bulletpunch\n>p1 switch 5\n>p2 move closecombat\n>chat  KingZuko|what in tarnation is going on\n>p1 switch 6\n>p2 switch 2\n>p1 switch 2\n>p2 move coil\n>p1 switch 5\n>p2 switch 3\n>p1 switch 4\n>p2 move nastyplot\n>p1 move flareblitz\n>p2 move psychic dynamax\n>p1 switch 3\n>p1 switch 4\n>p2 move gigadrain dynamax\n>p1 switch 4\n>p1 switch 5\n>p2 move gigadrain dynamax\n>p1 switch 5\n>p1 move swordsdance\n>p2 move gigadrain\n>p1 move ironhead dynamax\n>p2 move gigadrain\n>p2 switch 4\n>p1 move ironhead dynamax\n>p2 move earthquake\n>p1 move swordsdance dynamax\n>p2 move earthquake\n>p1 move suckerpunch\n>p2 move earthquake\n>p1 switch 2\n>p2 switch 3\n>p1 move curse\n>p2 move coil\n>p1 move curse\n>p2 move coil\n>p1 move curse\n>p2 move coil\n>p1 move curse\n>p2 move coil\n>p1 move curse\n>p2 move coil\n>chat  KingZuko|oh man regirock def is formidable\n>p1 move curse\n>p2 move coil\n>p1 move bodypress\n>p2 move earthquake\n>p1 move rest\n>p2 move earthquake\n>p1 move bodypress\n>p2 move earthquake\n>p1 move bodypress\n>p2 move earthquake\n>forcelose p1", "uploadtime": 1656764364, "views": 48, "p1id": "sylveonissocute", "p2id": "wenhu", "formatid": "gen8randombattle", "rating": 2432, "private": 0, "password": null}