{"id": "gen8randombattle-1873572095", "p1": "arce9", "p2": "livid washed", "format": "[Gen 8] Random Battle", "log": "|j|\u2606arce9\n|j|\u2606livid washed\n|t:|1685391598\n|gametype|singles\n|player|p1|arce9|#lcplxiskittycommittee|\n|player|p2|livid washed|#rbtt6teamzarude|\n|teamsize|p1|6\n|teamsize|p2|6\n|gen|8\n|tier|[Gen 8] Random Battle\n|rule|Species Clause: Limit one of each Pok\u00e9mon\n|rule|HP Percentage Mod: HP is shown in percentages\n|rule|Sleep Clause Mod: Limit one foe put to sleep\n|\n|t:|1685391598\n|start\n|switch|p1a: Inteleon|Inteleon, L80, M|243/243\n|switch|p2a: Weezing|Weezing, L86, F|252/252\n|turn|1\n|inactive|Battle timer is ON: inactive players will automatically lose when time's up. (requested by livid washed)\n|c|\u2606livid washed|gl\n|c|\u2606arce9|hf\n|inactive|livid washed has 270 seconds left.\n|inactive|arce9 has 270 seconds left.\n|\n|t:|1685391658\n|switch|p2a: Latias|Latias, L80, F|259/259\n|move|p1a: Inteleon|Focus Energy|p1a: Inteleon\n|-start|p1a: Inteleon|move: Focus Energy\n|\n|upkeep\n|turn|2\n|inactive|livid washed has 270 seconds left.\n|\n|t:|1685391706\n|move|p1a: Inteleon|Ice Beam|p2a: Latias\n|-supereffective|p2a: Latias\n|-crit|p2a: Latias\n|-damage|p2a: Latias|10/259\n|-status|p2a: Latias|frz\n|cant|p2a: Latias|frz\n|\n|-heal|p2a: Latias|26/259 frz|[from] item: Leftovers\n|upkeep\n|turn|3\n|j| Lrogue \u2740\n|c|\u2606arce9|damn mb\n|inactive|arce9 has 270 seconds left.\n|c| Lrogue \u2740|So much gen 8 today\n|\n|t:|1685391752\n|move|p1a: Inteleon|Ice Beam|p2a: Latias\n|-supereffective|p2a: Latias\n|-crit|p2a: Latias\n|-damage|p2a: Latias|0 fnt\n|faint|p2a: Latias\n|\n|upkeep\n|inactive|livid washed has 240 seconds left.\n|\n|t:|1685391793\n|switch|p2a: Mandibuzz|Mandibuzz, L82, F|315/315\n|turn|4\n|l| Lrogue \u2740\n|\n|t:|1685391818\n|-start|p2a: Mandibuzz|Dynamax|\n|-heal|p2a: Mandibuzz|630/630|[silent]\n|move|p1a: Inteleon|Ice Beam|p2a: Mandibuzz\n|-supereffective|p2a: Mandibuzz\n|-crit|p2a: Mandibuzz\n|-damage|p2a: Mandibuzz|294/630\n|-status|p2a: Mandibuzz|frz\n|cant|p2a: Mandibuzz|frz\n|\n|upkeep\n|turn|5\n|c|\u2606livid washed|lol\n|c|\u2606arce9|well then\n|j| Lrogue \u2740\n|c|\u2606arce9|thats incredibly dumb\n|inactive|arce9 has 240 seconds left.\n|c| Lrogue \u2740|oh wth\n|c|\u2606arce9|apologies\n|c|\u2606livid washed|all good\n|\n|t:|1685391846\n|move|p1a: Inteleon|Ice Beam|p2a: Mandibuzz\n|-supereffective|p2a: Mandibuzz\n|-crit|p2a: Mandibuzz\n|-damage|p2a: Mandibuzz|0 fnt\n|faint|p2a: Mandibuzz\n|\n|upkeep\n|\n|t:|1685391852\n|switch|p2a: Landorus|Landorus-Therian, L72, M|247/247\n|-ability|p2a: Landorus|Intimidate|boost\n|-unboost|p1a: Inteleon|atk|1\n|turn|6\n|\n|t:|1685391864\n|move|p2a: Landorus|U-turn|p1a: Inteleon\n|-damage|p1a: Inteleon|177/243\n|\n|t:|1685391878\n|switch|p2a: Aurorus|Aurorus, L84, F|344/344|[from] U-turn\n|-weather|Hail|[from] ability: Snow Warning|[of] p2a: Aurorus\n|move|p1a: Inteleon|Ice Beam|p2a: Aurorus\n|-resisted|p2a: Aurorus\n|-crit|p2a: Aurorus\n|-damage|p2a: Aurorus|271/344\n|\n|-weather|Hail|[upkeep]\n|-damage|p1a: Inteleon|162/243|[from] Hail\n|upkeep\n|turn|7\n|\n|t:|1685391885\n|move|p1a: Inteleon|Surf|p2a: Aurorus\n|-supereffective|p2a: Aurorus\n|-crit|p2a: Aurorus\n|-damage|p2a: Aurorus|0 fnt\n|faint|p2a: Aurorus\n|\n|-weather|Hail|[upkeep]\n|-damage|p1a: Inteleon|147/243|[from] Hail\n|upkeep\n|\n|t:|1685391887\n|switch|p2a: Landorus|Landorus-Therian, L72, M|247/247\n|-ability|p2a: Landorus|Intimidate|boost\n|-unboost|p1a: Inteleon|atk|1\n|turn|8\n|inactive|livid washed has 240 seconds left.\n|\n|t:|1685391897\n|-start|p1a: Inteleon|Dynamax|Gmax\n|-heal|p1a: Inteleon|294/486|[silent]\n|move|p2a: Landorus|Fly||[still]\n|-prepare|p2a: Landorus|Fly\n|move|p1a: Inteleon|Max Airstream|p2a: Landorus|[miss]\n|-miss|p1a: Inteleon|p2a: Landorus\n|\n|-weather|Hail|[upkeep]\n|-damage|p2a: Landorus|232/247|[from] Hail\n|-damage|p1a: Inteleon|279/486|[from] Hail\n|upkeep\n|turn|9\n|inactive|livid washed has 240 seconds left.\n|\n|t:|1685391906\n|move|p2a: Landorus|Fly|p1a: Inteleon|[from]lockedmove\n|-damage|p1a: Inteleon|156/486\n|move|p1a: Inteleon|Max Airstream|p2a: Landorus\n|-crit|p2a: Landorus\n|-damage|p2a: Landorus|0 fnt\n|-boost|p1a: Inteleon|spe|1\n|faint|p2a: Landorus\n|\n|-weather|Hail|[upkeep]\n|-damage|p1a: Inteleon|141/486|[from] Hail\n|upkeep\n|inactive|livid washed has 240 seconds left.\n|\n|t:|1685391924\n|switch|p2a: Weezing|Weezing, L86, F|252/252\n|turn|10\n|\n|t:|1685391931\n|move|p1a: Inteleon|G-Max Hydrosnipe|p2a: Weezing\n|-crit|p2a: Weezing\n|-damage|p2a: Weezing|0 fnt\n|faint|p2a: Weezing\n|\n|-weather|none\n|upkeep\n|\n|t:|1685391933\n|switch|p2a: Registeel|Registeel, L83|268/268\n|-end|p1a: Inteleon|Dynamax\n|-heal|p1a: Inteleon|71/243|[silent]\n|turn|11\n|\n|t:|1685391936\n|move|p1a: Inteleon|Surf|p2a: Registeel\n|-crit|p2a: Registeel\n|-damage|p2a: Registeel|102/268\n|move|p2a: Registeel|Iron Head|p1a: Inteleon\n|-resisted|p1a: Inteleon\n|-damage|p1a: Inteleon|23/243\n|\n|-heal|p2a: Registeel|118/268|[from] item: Leftovers\n|upkeep\n|turn|12\n|c|\u2606livid washed|ggs, gl in rest\n|c|\u2606arce9|ggs\n|c|\u2606arce9|thx\n|\n|t:|1685391945\n|move|p1a: Inteleon|Surf|p2a: Registeel\n|-crit|p2a: Registeel\n|-damage|p2a: Registeel|0 fnt\n|faint|p2a: Registeel\n|\n|win|arce9\n", "inputlog": ">version 6fec31d5a0d4498a06105aa188c9906bc0b6bf95\n>start {\"formatid\":\"gen8randombattle\",\"seed\":[31546,547,62570,62590]}\n>player p1 {\"name\":\"arce9\",\"avatar\":\"#lcplxiskittycommittee\",\"rating\":0,\"seed\":[35720,15548,14159,35543]}\n>player p2 {\"name\":\"livid washed\",\"avatar\":\"#rbtt6teamzarude\",\"rating\":0,\"seed\":[28029,8896,30770,64075]}\n>chat \u2606livid washed|gl\n>chat \u2606arce9|hf\n>p1 move focusenergy\n>p2 switch 3\n>p1 move icebeam\n>p2 move dracometeor\n>chat \u2606arce9|damn mb\n>chat  Lrogue \u2740|So much gen 8 today\n>p1 move icebeam\n>p2 move dracometeor\n>p2 switch 6\n>p1 move icebeam\n>p2 move bravebird dynamax\n>chat \u2606livid washed|lol\n>chat \u2606arce9|well then\n>chat \u2606arce9|thats incredibly dumb\n>chat  Lrogue \u2740|oh wth\n>chat \u2606arce9|apologies\n>chat \u2606livid washed|all good\n>p1 move icebeam\n>p2 move bravebird dynamax\n>p2 switch 5\n>p1 move icebeam\n>p2 move uturn\n>p2 switch 4\n>p1 move surf\n>p2 move stealthrock\n>p2 switch 4\n>p1 move airslash dynamax\n>p2 move fly\n>p1 move airslash dynamax\n>p2 move fly\n>p2 switch 3\n>p1 move surf dynamax\n>p2 move sludgebomb\n>p2 switch 2\n>p1 move surf\n>p2 move ironhead\n>chat \u2606livid washed|ggs, gl in rest\n>chat \u2606arce9|ggs\n>chat \u2606arce9|thx\n>p1 move surf\n>p2 move ironhead", "uploadtime": 1685391947, "views": 30, "p1id": "arce9", "p2id": "lividwashed", "formatid": "gen8randombattle", "rating": 0, "private": 0, "password": ""}