{"id": "gen8randombattle-1873094196", "p1": "yfjvjjvhhjmn", "p2": "Rifnemfkd", "format": "[Gen 8] Random Battle", "log": "|j|\u2606yfjvjjvhhjmn\n|j|\u2606Rifnemfkd\n|t:|1685323557\n|gametype|singles\n|player|p1|yfjvjjvhhjmn|102|1000\n|player|p2|Rifnemfkd|1|1000\n|teamsize|p1|6\n|teamsize|p2|6\n|gen|8\n|tier|[Gen 8] Random Battle\n|rated|\n|rule|Species Clause: Limit one of each Pok\u00e9mon\n|rule|HP Percentage Mod: HP is shown in percentages\n|rule|Sleep Clause Mod: Limit one foe put to sleep\n|\n|t:|1685323557\n|start\n|switch|p1a: Type: Null|Type: Null, L86|304/304\n|switch|p2a: Persian|Persian-Alola, L82, M|241/241\n|turn|1\n|\n|t:|1685323584\n|move|p2a: Persian|Hypnosis|p1a: Type: Null\n|-status|p1a: Type: Null|slp|[from] move: Hypnosis\n|cant|p1a: Type: Null|slp\n|\n|upkeep\n|turn|2\n|\n|t:|1685323590\n|switch|p1a: Bewear|Bewear, L82, F|331/331\n|move|p2a: Persian|Nasty Plot|p2a: Persian\n|-boost|p2a: Persian|spa|2\n|\n|upkeep\n|turn|3\n|\n|t:|1685323600\n|move|p2a: Persian|Thunderbolt|p1a: Bewear\n|-damage|p1a: Bewear|198/331\n|move|p1a: Bewear|Close Combat|p2a: Persian\n|-supereffective|p2a: Persian\n|-enditem|p2a: Persian|Focus Sash\n|-damage|p2a: Persian|1/241\n|-unboost|p1a: Bewear|def|1\n|-unboost|p1a: Bewear|spd|1\n|-damage|p1a: Bewear|165/331|[from] item: Life Orb\n|\n|upkeep\n|turn|4\n|\n|t:|1685323613\n|switch|p1a: Dragalge|Dragalge, L86, F|252/252\n|move|p2a: Persian|Dark Pulse|p1a: Dragalge\n|-damage|p1a: Dragalge|155/252\n|\n|upkeep\n|turn|5\n|\n|t:|1685323623\n|move|p2a: Persian|Thunderbolt|p1a: Dragalge\n|-resisted|p1a: Dragalge\n|-damage|p1a: Dragalge|119/252\n|move|p1a: Dragalge|Flip Turn|p2a: Persian\n|-damage|p2a: Persian|0 fnt\n|faint|p2a: Persian\n|\n|t:|1685323629\n|switch|p1a: Basculin|Basculin, L86, F|261/261|[from] Flip Turn\n|\n|upkeep\n|\n|t:|1685323638\n|switch|p2a: Bisharp|Bisharp, L80, F|235/235\n|turn|6\n|\n|t:|1685323648\n|move|p1a: Basculin|Superpower|p2a: Bisharp\n|-supereffective|p2a: Bisharp\n|-damage|p2a: Bisharp|0 fnt\n|-unboost|p1a: Basculin|atk|1\n|-unboost|p1a: Basculin|def|1\n|faint|p2a: Bisharp\n|\n|upkeep\n|\n|t:|1685323655\n|switch|p2a: Machamp|Machamp, L82, F|282/282\n|turn|7\n|\n|t:|1685323666\n|switch|p1a: Cresselia|Cresselia, L80, F|323/323\n|move|p2a: Machamp|Bullet Punch|p1a: Cresselia\n|-damage|p1a: Cresselia|297/323\n|\n|-heal|p1a: Cresselia|317/323|[from] item: Leftovers\n|-status|p2a: Machamp|brn|[from] item: Flame Orb\n|upkeep\n|turn|8\n|\n|t:|1685323680\n|move|p1a: Cresselia|Psyshock|p2a: Machamp\n|-supereffective|p2a: Machamp\n|-damage|p2a: Machamp|126/282 brn\n|move|p2a: Machamp|Knock Off|p1a: Cresselia\n|-supereffective|p1a: Cresselia\n|-damage|p1a: Cresselia|97/323\n|-enditem|p1a: Cresselia|Leftovers|[from] move: Knock Off|[of] p2a: Machamp\n|\n|-damage|p2a: Machamp|109/282 brn|[from] brn\n|upkeep\n|turn|9\n|\n|t:|1685323691\n|move|p2a: Machamp|Bullet Punch|p1a: Cresselia\n|-damage|p1a: Cresselia|55/323\n|move|p1a: Cresselia|Moonlight|p1a: Cresselia\n|-heal|p1a: Cresselia|216/323\n|\n|-damage|p2a: Machamp|92/282 brn|[from] brn\n|upkeep\n|turn|10\n|\n|t:|1685323700\n|move|p1a: Cresselia|Psyshock|p2a: Machamp\n|-supereffective|p2a: Machamp\n|-damage|p2a: Machamp|0 fnt\n|faint|p2a: Machamp\n|\n|upkeep\n|\n|t:|1685323707\n|switch|p2a: Flygon|Flygon, L80, M|259/259\n|turn|11\n|\n|t:|1685323714\n|move|p2a: Flygon|Outrage|p1a: Cresselia\n|-damage|p1a: Cresselia|76/323\n|-damage|p2a: Flygon|234/259|[from] item: Life Orb\n|move|p1a: Cresselia|Moonblast|p2a: Flygon\n|-supereffective|p2a: Flygon\n|-damage|p2a: Flygon|108/259\n|\n|upkeep\n|turn|12\n|\n|t:|1685323723\n|move|p2a: Flygon|Outrage|p1a: Cresselia|[from]lockedmove\n|-damage|p1a: Cresselia|0 fnt\n|faint|p1a: Cresselia\n|-damage|p2a: Flygon|83/259|[from] item: Life Orb\n|\n|upkeep\n|\n|t:|1685323729\n|switch|p1a: Basculin|Basculin, L86, F|261/261\n|turn|13\n|\n|t:|1685323733\n|move|p1a: Basculin|Liquidation|p2a: Flygon\n|-damage|p2a: Flygon|0 fnt\n|faint|p2a: Flygon\n|\n|upkeep\n|\n|t:|1685323740\n|switch|p2a: Carracosta|Carracosta, L84, F|262/262\n|turn|14\n|\n|t:|1685323748\n|move|p1a: Basculin|Liquidation|p2a: Carracosta\n|-damage|p2a: Carracosta|126/262\n|move|p2a: Carracosta|Stone Edge|p1a: Basculin\n|-damage|p1a: Basculin|129/261\n|\n|upkeep\n|turn|15\n|\n|t:|1685323755\n|move|p1a: Basculin|Liquidation|p2a: Carracosta\n|-damage|p2a: Carracosta|0 fnt\n|faint|p2a: Carracosta\n|\n|upkeep\n|\n|t:|1685323763\n|switch|p2a: Rapidash|Rapidash-Galar, L84, M|246/246\n|turn|16\n|\n|t:|1685323767\n|move|p2a: Rapidash|High Horsepower|p1a: Basculin|[miss]\n|-miss|p2a: Rapidash|p1a: Basculin\n|move|p1a: Basculin|Liquidation|p2a: Rapidash\n|-damage|p2a: Rapidash|48/246\n|\n|upkeep\n|turn|17\n|\n|t:|1685323777\n|move|p2a: Rapidash|Zen Headbutt|p1a: Basculin\n|-damage|p1a: Basculin|0 fnt\n|faint|p1a: Basculin\n|-damage|p2a: Rapidash|24/246|[from] item: Life Orb\n|\n|upkeep\n|\n|t:|1685323781\n|switch|p1a: Bewear|Bewear, L82, F|165/331\n|turn|18\n|\n|t:|1685323785\n|move|p2a: Rapidash|Morning Sun|p2a: Rapidash\n|-heal|p2a: Rapidash|147/246\n|move|p1a: Bewear|Double-Edge|p2a: Rapidash\n|-crit|p2a: Rapidash\n|-damage|p2a: Rapidash|0 fnt\n|faint|p2a: Rapidash\n|-damage|p1a: Bewear|116/331|[from] Recoil\n|-damage|p1a: Bewear|83/331|[from] item: Life Orb\n|\n|win|yfjvjjvhhjmn\n|raw|yfjvjjvhhjmn's rating: 1000 &rarr; <strong>1040</strong><br />(+40 for winning)\n|raw|Rifnemfkd's rating: 1000 &rarr; <strong>1000</strong><br />(+0 for losing)\n", "inputlog": ">version 6fec31d5a0d4498a06105aa188c9906bc0b6bf95\n>start {\"formatid\":\"gen8randombattle\",\"seed\":[47186,38090,38458,29055],\"rated\":\"Rated battle\"}\n>player p1 {\"name\":\"yfjvjjvhhjmn\",\"avatar\":\"102\",\"rating\":1000,\"seed\":[31092,15549,32292,1689]}\n>player p2 {\"name\":\"Rifnemfkd\",\"avatar\":\"1\",\"rating\":1000,\"seed\":[23914,39375,11456,25133]}\n>p1 move crushclaw\n>p2 move hypnosis\n>p1 switch 3\n>p2 move nastyplot\n>p1 move closecombat\n>p2 move thunderbolt\n>p1 switch 6\n>p2 move darkpulse\n>p1 move flipturn\n>p2 move thunderbolt\n>p1 switch 4\n>p2 switch 4\n>p1 move superpower\n>p2 move swordsdance\n>p2 switch 6\n>p1 switch 2\n>p2 move bulletpunch\n>p1 move psyshock\n>p2 move knockoff\n>p1 move moonlight\n>p2 move bulletpunch\n>p1 move psyshock\n>p2 move knockoff\n>p2 switch 3\n>p1 move moonblast\n>p2 move outrage\n>p1 move moonlight\n>p2 move outrage\n>p1 switch 2\n>p1 move liquidation\n>p2 move outrage\n>p2 switch 5\n>p1 move liquidation\n>p2 move stoneedge\n>p1 move liquidation\n>p2 move stoneedge\n>p2 switch 2\n>p1 move liquidation\n>p2 move highhorsepower\n>p1 move liquidation\n>p2 move zenheadbutt\n>p1 switch 6\n>p1 move doubleedge\n>p2 move morningsun", "uploadtime": 1685323789, "views": 4, "p1id": "yfjvjjvhhjmn", "p2id": "rifnemfkd", "formatid": "gen8randombattle", "rating": 1000, "private": 0, "password": ""}