{"id": "gen8randombattle-1872661781", "p1": "justvented", "p2": "theironpikachu", "format": "[Gen 8] Random Battle", "log": "|j|\u2606justvented\n|j|\u2606theironpikachu\n|inactive|Battle timer is ON: inactive players will automatically lose when time's up.\n|t:|1685263094\n|gametype|singles\n|player|p1|justvented|wattson|\n|player|p2|theironpikachu|may-masters|\n|teamsize|p1|3\n|teamsize|p2|3\n|gen|8\n|tier|[Gen 8] Random Battle\n|rated|Tournament battle\n|rule|Species Clause: Limit one of each Pok\u00e9mon\n|rule|HP Percentage Mod: HP is shown in percentages\n|rule|Sleep Clause Mod: Limit one foe put to sleep\n|clearpoke\n|poke|p1|Trevenant, L86, M|\n|poke|p1|Solgaleo, L72|\n|poke|p1|Sceptile, L86, M|\n|poke|p2|Weezing-Galar, L86, F|\n|poke|p2|Decidueye, L86, F|\n|poke|p2|Kangaskhan, L84, F|\n|teampreview|1\n|j|*Lady Monita\n|inactive|theironpikachu also wants the timer to be on.\n|c|\u2606theironpikachu|glhf\n|inactive|justvented has 120 seconds left.\n|inactive|theironpikachu has 120 seconds left.\n|\n|t:|1685263143\n|start\n|switch|p1a: Solgaleo|Solgaleo, L72|316/316\n|switch|p2a: Decidueye|Decidueye, L86, F|274/274\n|turn|1\n|\n|t:|1685263160\n|-start|p1a: Solgaleo|Dynamax|\n|-heal|p1a: Solgaleo|632/632|[silent]\n|-start|p2a: Decidueye|Dynamax|\n|-heal|p2a: Decidueye|548/548|[silent]\n|move|p1a: Solgaleo|Max Steelspike|p2a: Decidueye\n|-damage|p2a: Decidueye|410/548\n|-boost|p1a: Solgaleo|def|1\n|move|p2a: Decidueye|Max Phantasm|p1a: Solgaleo\n|-supereffective|p1a: Solgaleo\n|-damage|p1a: Solgaleo|336/632\n|-fail|p1a: Solgaleo|unboost|[from] ability: Full Metal Body|[of] p1a: Solgaleo\n|-enditem|p1a: Solgaleo|Weakness Policy\n|-boost|p1a: Solgaleo|atk|2|[from] item: Weakness Policy\n|-boost|p1a: Solgaleo|spa|2|[from] item: Weakness Policy\n|-damage|p2a: Decidueye|383/548|[from] item: Life Orb\n|\n|upkeep\n|turn|2\n|\n|t:|1685263178\n|move|p2a: Decidueye|Max Guard|p2a: Decidueye\n|-singleturn|p2a: Decidueye|Max Guard\n|move|p1a: Solgaleo|Max Steelspike|p2a: Decidueye\n|-activate|p2a: Decidueye|move: Max Guard\n|\n|upkeep\n|turn|3\n|\n|t:|1685263189\n|move|p1a: Solgaleo|Max Steelspike|p2a: Decidueye\n|-damage|p2a: Decidueye|115/548\n|-boost|p1a: Solgaleo|def|1\n|move|p2a: Decidueye|Max Phantasm|p1a: Solgaleo\n|-supereffective|p1a: Solgaleo\n|-damage|p1a: Solgaleo|138/632\n|-fail|p1a: Solgaleo|unboost|[from] ability: Full Metal Body|[of] p1a: Solgaleo\n|-damage|p2a: Decidueye|88/548|[from] item: Life Orb\n|\n|upkeep\n|-end|p1a: Solgaleo|Dynamax\n|-heal|p1a: Solgaleo|69/316|[silent]\n|-end|p2a: Decidueye|Dynamax\n|-heal|p2a: Decidueye|44/274|[silent]\n|turn|4\n|\n|t:|1685263199\n|move|p2a: Decidueye|Shadow Sneak|p1a: Solgaleo\n|-supereffective|p1a: Solgaleo\n|-damage|p1a: Solgaleo|4/316\n|-damage|p2a: Decidueye|17/274|[from] item: Life Orb\n|move|p1a: Solgaleo|Sunsteel Strike|p2a: Decidueye\n|-damage|p2a: Decidueye|0 fnt\n|faint|p2a: Decidueye\n|\n|win|justvented\n|n|\u2606justvented|justvented\n|n|\u2606theironpikachu|theironpikachu\n|n|*Lady Monita|ladymonita\n", "inputlog": ">version d74822bbc74c095aa312053f7034baee3068d99e\n>start {\"formatid\":\"gen8randombattle@@@Team Preview,maxteamsize=3,pickedteamsize=1\",\"seed\":[24165,45841,58466,50535],\"rated\":\"Tournament battle\"}\n>player p1 {\"name\":\"justvented\",\"avatar\":\"wattson\",\"rating\":0,\"seed\":[59258,30783,60330,40089]}\n>player p2 {\"name\":\"theironpikachu\",\"avatar\":\"may-masters\",\"rating\":0,\"seed\":[21075,43863,5198,45024]}\n>chat \u2606theironpikachu|glhf\n>p1 team 2\n>p2 team 2\n>p1 move sunsteelstrike dynamax\n>p2 move poltergeist dynamax\n>p1 move sunsteelstrike dynamax\n>p2 move roost dynamax\n>p1 move sunsteelstrike dynamax\n>p2 move poltergeist dynamax\n>p1 move sunsteelstrike\n>p2 move shadowsneak", "uploadtime": 1685263199, "views": 5, "p1id": "justvented", "p2id": "theironpikachu", "formatid": "gen8randombattle", "rating": 0, "private": 0, "password": ""}