{"id": "gen8randombattle-1873672756", "p1": "muhikun", "p2": "gopqy", "format": "[Gen 8] Random Battle", "log": "|j|\u2606muhikun\n|j|\u2606gopqy\n|t:|1685404202\n|gametype|singles\n|player|p1|muhikun|biker-gen4|1107\n|player|p2|gopqy|selene|1000\n|teamsize|p1|6\n|teamsize|p2|6\n|gen|8\n|tier|[Gen 8] Random Battle\n|rated|\n|rule|Species Clause: Limit one of each Pok\u00e9mon\n|rule|HP Percentage Mod: HP is shown in percentages\n|rule|Sleep Clause Mod: Limit one foe put to sleep\n|\n|t:|1685404202\n|start\n|switch|p1a: Dubwool|Dubwool, L86, M|264/264\n|switch|p2a: Blacephalon|Blacephalon, L80|215/215\n|turn|1\n|inactive|Battle timer is ON: inactive players will automatically lose when time's up. (requested by muhikun)\n|\n|t:|1685404219\n|move|p2a: Blacephalon|Calm Mind|p2a: Blacephalon\n|-boost|p2a: Blacephalon|spa|1\n|-boost|p2a: Blacephalon|spd|1\n|move|p1a: Dubwool|Cotton Guard|p1a: Dubwool\n|-boost|p1a: Dubwool|def|3\n|\n|upkeep\n|turn|2\n|\n|t:|1685404238\n|switch|p1a: Cloyster|Cloyster, L80, F|211/211\n|move|p2a: Blacephalon|Calm Mind|p2a: Blacephalon\n|-boost|p2a: Blacephalon|spa|1\n|-boost|p2a: Blacephalon|spd|1\n|\n|upkeep\n|turn|3\n|\n|t:|1685404254\n|-start|p2a: Blacephalon|Dynamax|\n|-heal|p2a: Blacephalon|430/430|[silent]\n|move|p2a: Blacephalon|Max Flare|p1a: Cloyster\n|-damage|p1a: Cloyster|0 fnt\n|-weather|SunnyDay\n|faint|p1a: Cloyster\n|-ability|p2a: Blacephalon|Beast Boost|boost\n|-boost|p2a: Blacephalon|spa|1\n|\n|-weather|SunnyDay|[upkeep]\n|upkeep\n|-message|muhikun forfeited.\n|\n|win|gopqy\n|raw|muhikun's rating: 1107 &rarr; <strong>1075</strong><br />(-32 for losing)\n|raw|gopqy's rating: 1000 &rarr; <strong>1052</strong><br />(+52 for winning)\n|l|\u2606muhikun\n", "inputlog": ">version 6fec31d5a0d4498a06105aa188c9906bc0b6bf95\n>start {\"formatid\":\"gen8randombattle\",\"seed\":[56674,5455,13045,17353],\"rated\":\"Rated battle\"}\n>player p1 {\"name\":\"muhikun\",\"avatar\":\"biker-gen4\",\"rating\":1107,\"seed\":[4621,53623,29526,50260]}\n>player p2 {\"name\":\"gopqy\",\"avatar\":\"selene\",\"rating\":1000,\"seed\":[1388,2416,53104,47217]}\n>p1 move cottonguard\n>p2 move calmmind\n>p1 switch 3\n>p2 move calmmind\n>p1 move explosion\n>p2 move fireblast dynamax\n>forcelose p1", "uploadtime": 1685404285, "views": 3, "p1id": "muhikun", "p2id": "gopqy", "formatid": "gen8randombattle", "rating": 1052, "private": 0, "password": ""}