{"id": "gen8randombattle-1871537339", "p1": "Mori.\u2744\ufe0f148", "p2": "MrGuy420", "format": "[Gen 8] Random Battle", "log": "|j|\u2606Mori.\u2744\ufe0f148\n|j|\u2606MrGuy420\n|t:|1685104379\n|gametype|singles\n|player|p1|Mori.\u2744\ufe0f148|steven|1099\n|player|p2|MrGuy420|101|1058\n|teamsize|p1|6\n|teamsize|p2|6\n|gen|8\n|tier|[Gen 8] Random Battle\n|rated|\n|rule|Species Clause: Limit one of each Pok\u00e9mon\n|rule|HP Percentage Mod: HP is shown in percentages\n|rule|Sleep Clause Mod: Limit one foe put to sleep\n|\n|t:|1685104379\n|start\n|switch|p1a: Registeel|Registeel, L83|268/268\n|switch|p2a: Drampa|Drampa, L86, M|274/274\n|turn|1\n|inactive|Battle timer is ON: inactive players will automatically lose when time's up. (requested by MrGuy420)\n|inactive|Mori.\u2744\ufe0f148 also wants the timer to be on.\n|\n|t:|1685104398\n|move|p1a: Registeel|Curse|p1a: Registeel\n|-unboost|p1a: Registeel|spe|1\n|-boost|p1a: Registeel|atk|1\n|-boost|p1a: Registeel|def|1\n|move|p2a: Drampa|Fire Blast|p1a: Registeel\n|-supereffective|p1a: Registeel\n|-damage|p1a: Registeel|116/268\n|\n|upkeep\n|turn|2\n|\n|t:|1685104407\n|move|p2a: Drampa|Fire Blast|p1a: Registeel|[miss]\n|-miss|p2a: Drampa|p1a: Registeel\n|move|p1a: Registeel|Body Press|p2a: Drampa\n|-supereffective|p2a: Drampa\n|-damage|p2a: Drampa|50/274\n|-ability|p2a: Drampa|Berserk|boost\n|-boost|p2a: Drampa|spa|1\n|\n|-heal|p2a: Drampa|67/274|[from] item: Leftovers\n|upkeep\n|turn|3\n|\n|t:|1685104428\n|move|p2a: Drampa|Fire Blast|p1a: Registeel|[miss]\n|-miss|p2a: Drampa|p1a: Registeel\n|move|p1a: Registeel|Body Press|p2a: Drampa\n|-supereffective|p2a: Drampa\n|-damage|p2a: Drampa|0 fnt\n|faint|p2a: Drampa\n|\n|upkeep\n|\n|t:|1685104436\n|switch|p2a: Gastrodon|Gastrodon, L84, F|324/324\n|turn|4\n|\n|t:|1685104448\n|move|p2a: Gastrodon|Earthquake|p1a: Registeel\n|-supereffective|p1a: Registeel\n|-damage|p1a: Registeel|32/268\n|move|p1a: Registeel|Body Press|p2a: Gastrodon\n|-damage|p2a: Gastrodon|185/324\n|\n|-heal|p2a: Gastrodon|205/324|[from] item: Leftovers\n|upkeep\n|turn|5\n|\n|t:|1685104459\n|move|p2a: Gastrodon|Earthquake|p1a: Registeel\n|-supereffective|p1a: Registeel\n|-damage|p1a: Registeel|0 fnt\n|faint|p1a: Registeel\n|\n|-heal|p2a: Gastrodon|225/324|[from] item: Leftovers\n|upkeep\n|\n|t:|1685104478\n|switch|p1a: Dubwool|Dubwool, L86, F|264/264\n|turn|6\n|\n|t:|1685104494\n|move|p1a: Dubwool|Cotton Guard|p1a: Dubwool\n|-boost|p1a: Dubwool|def|3\n|move|p2a: Gastrodon|Scald|p1a: Dubwool\n|-damage|p1a: Dubwool|180/264\n|\n|-heal|p1a: Dubwool|196/264|[from] item: Leftovers\n|-heal|p2a: Gastrodon|245/324|[from] item: Leftovers\n|upkeep\n|turn|7\n|\n|t:|1685104500\n|move|p1a: Dubwool|Cotton Guard|p1a: Dubwool\n|-boost|p1a: Dubwool|def|3\n|move|p2a: Gastrodon|Scald|p1a: Dubwool\n|-damage|p1a: Dubwool|123/264\n|-status|p1a: Dubwool|brn\n|\n|-heal|p1a: Dubwool|139/264 brn|[from] item: Leftovers\n|-heal|p2a: Gastrodon|265/324|[from] item: Leftovers\n|-damage|p1a: Dubwool|123/264 brn|[from] brn\n|upkeep\n|turn|8\n|\n|t:|1685104508\n|move|p1a: Dubwool|Rest|p1a: Dubwool\n|-status|p1a: Dubwool|slp|[from] move: Rest\n|-heal|p1a: Dubwool|264/264 slp|[silent]\n|move|p2a: Gastrodon|Scald|p1a: Dubwool\n|-damage|p1a: Dubwool|186/264 slp\n|\n|-heal|p1a: Dubwool|202/264 slp|[from] item: Leftovers\n|-heal|p2a: Gastrodon|285/324|[from] item: Leftovers\n|upkeep\n|turn|9\n|\n|t:|1685104516\n|switch|p2a: Wobbuffet|Wobbuffet, L92, F|499/499\n|cant|p1a: Dubwool|slp\n|move|p1a: Dubwool|Sleep Talk|p1a: Dubwool\n|move|p1a: Dubwool|Rest||[from]move: Sleep Talk|[still]\n|-fail|p1a: Dubwool\n|\n|-heal|p1a: Dubwool|218/264 slp|[from] item: Leftovers\n|upkeep\n|turn|10\n|\n|t:|1685104526\n|cant|p1a: Dubwool|slp\n|move|p1a: Dubwool|Sleep Talk|p1a: Dubwool\n|move|p1a: Dubwool|Rest||[from]move: Sleep Talk|[still]\n|-fail|p1a: Dubwool\n|move|p2a: Wobbuffet|Counter||[still]\n|-fail|p2a: Wobbuffet\n|\n|-heal|p1a: Dubwool|234/264 slp|[from] item: Leftovers\n|upkeep\n|turn|11\n|\n|t:|1685104532\n|-curestatus|p1a: Dubwool|slp|[msg]\n|move|p1a: Dubwool|Sleep Talk||[still]\n|-fail|p1a: Dubwool\n|move|p2a: Wobbuffet|Charm|p1a: Dubwool\n|-unboost|p1a: Dubwool|atk|2\n|\n|-heal|p1a: Dubwool|250/264|[from] item: Leftovers\n|upkeep\n|turn|12\n|\n|t:|1685104536\n|move|p1a: Dubwool|Body Press|p2a: Wobbuffet\n|-resisted|p2a: Wobbuffet\n|-damage|p2a: Wobbuffet|358/499\n|move|p2a: Wobbuffet|Counter|p1a: Dubwool\n|-damage|p1a: Dubwool|0 fnt\n|faint|p1a: Dubwool\n|\n|upkeep\n|\n|t:|1685104545\n|switch|p1a: Meowstic|Meowstic-F, L86, F|268/268\n|turn|13\n|\n|t:|1685104550\n|move|p1a: Meowstic|Shadow Ball|p2a: Wobbuffet\n|-supereffective|p2a: Wobbuffet\n|-damage|p2a: Wobbuffet|181/499\n|-enditem|p2a: Wobbuffet|Sitrus Berry|[eat]\n|-heal|p2a: Wobbuffet|305/499|[from] item: Sitrus Berry\n|-damage|p1a: Meowstic|242/268|[from] item: Life Orb\n|move|p2a: Wobbuffet|Encore|p1a: Meowstic\n|-start|p1a: Meowstic|Encore\n|\n|upkeep\n|turn|14\n|\n|t:|1685104557\n|move|p1a: Meowstic|Shadow Ball|p2a: Wobbuffet\n|-supereffective|p2a: Wobbuffet\n|-damage|p2a: Wobbuffet|146/499\n|-damage|p1a: Meowstic|216/268|[from] item: Life Orb\n|move|p2a: Wobbuffet|Mirror Coat|p1a: Meowstic\n|-damage|p1a: Meowstic|0 fnt\n|faint|p1a: Meowstic\n|\n|upkeep\n|\n|t:|1685104567\n|switch|p1a: Aggron|Aggron, L85, F|258/258\n|-item|p1a: Aggron|Air Balloon\n|turn|15\n|\n|t:|1685104575\n|move|p1a: Aggron|Earthquake|p2a: Wobbuffet\n|-damage|p2a: Wobbuffet|44/499\n|move|p2a: Wobbuffet|Counter|p1a: Aggron\n|-damage|p1a: Aggron|54/258\n|-enditem|p1a: Aggron|Air Balloon\n|\n|upkeep\n|turn|16\n|\n|t:|1685104587\n|switch|p2a: Mantine|Mantine, L86, F|286/286\n|move|p1a: Aggron|Heavy Slam|p2a: Mantine\n|-resisted|p2a: Mantine\n|-damage|p2a: Mantine|258/286\n|\n|upkeep\n|turn|17\n|\n|t:|1685104592\n|move|p2a: Mantine|Scald|p1a: Aggron\n|-supereffective|p1a: Aggron\n|-damage|p1a: Aggron|0 fnt\n|faint|p1a: Aggron\n|\n|upkeep\n|\n|t:|1685104598\n|switch|p1a: Dracozolt|Dracozolt, L78|268/268\n|turn|18\n|\n|t:|1685104606\n|move|p1a: Dracozolt|Bolt Beak|p2a: Mantine\n|-supereffective|p2a: Mantine\n|-damage|p2a: Mantine|0 fnt\n|faint|p2a: Mantine\n|\n|upkeep\n|\n|t:|1685104609\n|switch|p2a: Gastrodon|Gastrodon, L84, F|285/324\n|turn|19\n|\n|t:|1685104628\n|-start|p1a: Dracozolt|Dynamax|\n|-heal|p1a: Dracozolt|536/536|[silent]\n|move|p1a: Dracozolt|Max Knuckle|p2a: Gastrodon\n|-damage|p2a: Gastrodon|166/324\n|-boost|p1a: Dracozolt|atk|1\n|move|p2a: Gastrodon|Ice Beam|p1a: Dracozolt\n|-supereffective|p1a: Dracozolt\n|-damage|p1a: Dracozolt|392/536\n|\n|-heal|p2a: Gastrodon|186/324|[from] item: Leftovers\n|upkeep\n|turn|20\n|\n|t:|1685104641\n|move|p1a: Dracozolt|Max Knuckle|p2a: Gastrodon\n|-damage|p2a: Gastrodon|1/324\n|-boost|p1a: Dracozolt|atk|1\n|move|p2a: Gastrodon|Ice Beam|p1a: Dracozolt\n|-supereffective|p1a: Dracozolt\n|-damage|p1a: Dracozolt|226/536\n|\n|-heal|p2a: Gastrodon|21/324|[from] item: Leftovers\n|upkeep\n|turn|21\n|\n|t:|1685104649\n|move|p1a: Dracozolt|Max Knuckle|p2a: Gastrodon\n|-damage|p2a: Gastrodon|0 fnt\n|-boost|p1a: Dracozolt|atk|1\n|faint|p2a: Gastrodon\n|\n|upkeep\n|\n|t:|1685104654\n|switch|p2a: Wobbuffet|Wobbuffet, L92, F|44/499\n|-end|p1a: Dracozolt|Dynamax\n|-heal|p1a: Dracozolt|113/268|[silent]\n|turn|22\n|\n|t:|1685104659\n|move|p1a: Dracozolt|Bolt Beak|p2a: Wobbuffet\n|-damage|p2a: Wobbuffet|0 fnt\n|faint|p2a: Wobbuffet\n|\n|upkeep\n|\n|t:|1685104662\n|switch|p2a: Decidueye|Decidueye, L86, F|274/274\n|turn|23\n|\n|t:|1685104671\n|move|p1a: Dracozolt|Bolt Beak|p2a: Decidueye\n|-resisted|p2a: Decidueye\n|-damage|p2a: Decidueye|0 fnt\n|faint|p2a: Decidueye\n|\n|upkeep\n|\n|t:|1685104674\n|switch|p2a: Lilligant|Lilligant, L84, F|255/255\n|turn|24\n|\n|t:|1685104681\n|move|p1a: Dracozolt|Bolt Beak|p2a: Lilligant\n|-resisted|p2a: Lilligant\n|-damage|p2a: Lilligant|0 fnt\n|faint|p2a: Lilligant\n|\n|win|Mori.\u2744\ufe0f148\n|raw|Mori.\u2744\ufe0f148's rating: 1099 &rarr; <strong>1121</strong><br />(+22 for winning)\n|raw|MrGuy420's rating: 1058 &rarr; <strong>1041</strong><br />(-17 for losing)\n|l|\u2606MrGuy420\n|c|\u2606Mori.\u2744\ufe0f148|ggz\n", "inputlog": ">version 61c68e60481ef09071210320730fc448fef50368\n>start {\"formatid\":\"gen8randombattle\",\"seed\":[40250,50764,42239,61824],\"rated\":\"Rated battle\"}\n>player p1 {\"name\":\"Mori.\u2744\ufe0f148\",\"avatar\":\"steven\",\"rating\":1099,\"seed\":[65297,57852,39766,64272]}\n>player p2 {\"name\":\"MrGuy420\",\"avatar\":\"101\",\"rating\":1058,\"seed\":[63897,29125,64314,15837]}\n>p1 move curse\n>p2 move fireblast\n>p1 move bodypress\n>p2 move fireblast\n>p1 move bodypress\n>p2 move fireblast\n>p2 switch 6\n>p1 move bodypress\n>p2 move earthquake\n>p1 move ironhead\n>p2 move earthquake\n>p1 switch 5\n>p1 move cottonguard\n>p2 move scald\n>p1 move cottonguard\n>p2 move scald\n>p1 move rest\n>p2 move scald\n>p1 move sleeptalk\n>p2 switch 2\n>p1 move sleeptalk\n>p2 move counter\n>p1 move sleeptalk\n>p2 move charm\n>p1 move bodypress\n>p2 move counter\n>p1 switch 4\n>p1 move shadowball\n>p2 move encore\n>p1 move shadowball\n>p2 move mirrorcoat\n>p1 switch 3\n>p1 move earthquake\n>p2 move counter\n>p1 move heavyslam\n>p2 switch 4\n>p1 move headsmash\n>p2 move scald\n>p1 switch 6\n>p1 move boltbeak\n>p2 move icebeam\n>p2 switch 2\n>p1 move lowkick dynamax\n>p2 move icebeam\n>p1 move lowkick dynamax\n>p2 move icebeam\n>p1 move lowkick dynamax\n>p2 move icebeam\n>p2 switch 4\n>p1 move boltbeak\n>p2 move counter\n>p2 switch 3\n>p1 move boltbeak\n>p2 move poltergeist\n>p2 switch 5\n>p1 move boltbeak\n>p2 move sleeppowder", "uploadtime": 1685104695, "views": 7, "p1id": "mori148", "p2id": "mrguy420", "formatid": "gen8randombattle", "rating": 1041, "private": 0, "password": ""}