{"id": "gen8randombattle-1872834082", "p1": "Irpachuza!", "p2": "TheBugsHaveArrived", "format": "[Gen 8] Random Battle", "log": "|j|\u2606Irpachuza!\n|j|\u2606TheBugsHaveArrived\n|t:|1685290576\n|gametype|singles\n|player|p1|Irpachuza!|#irpachuza|\n|player|p2|TheBugsHaveArrived|bugsy|\n|teamsize|p1|6\n|teamsize|p2|6\n|gen|8\n|tier|[Gen 8] Random Battle\n|rule|Species Clause: Limit one of each Pok\u00e9mon\n|rule|HP Percentage Mod: HP is shown in percentages\n|rule|Sleep Clause Mod: Limit one foe put to sleep\n|\n|t:|1685290576\n|start\n|switch|p1a: Frosmoth|Frosmoth, L82, F|249/249\n|switch|p2a: Moltres|Moltres-Galar, L75|259/259\n|turn|1\n|c|\u2606Irpachuza!|glhf\n|\n|t:|1685290594\n|switch|p1a: Hippowdon|Hippowdon, L80, F|304/304\n|-weather|Sandstorm|[from] ability: Sand Stream|[of] p1a: Hippowdon\n|move|p2a: Moltres|Nasty Plot|p2a: Moltres\n|-boost|p2a: Moltres|spa|2\n|\n|-weather|Sandstorm|[upkeep]\n|-damage|p2a: Moltres|243/259|[from] Sandstorm\n|upkeep\n|turn|2\n|\n|t:|1685290645\n|move|p2a: Moltres|Fiery Wrath|p1a: Hippowdon\n|-damage|p1a: Hippowdon|118/304\n|cant|p1a: Hippowdon|flinch\n|\n|-weather|Sandstorm|[upkeep]\n|-damage|p2a: Moltres|227/259|[from] Sandstorm\n|-heal|p1a: Hippowdon|137/304|[from] item: Leftovers\n|upkeep\n|turn|3\n|\n|t:|1685290658\n|switch|p1a: Gigalith|Gigalith, L82, F|274/274\n|move|p2a: Moltres|Fiery Wrath|p1a: Gigalith\n|-crit|p1a: Gigalith\n|-damage|p1a: Gigalith|97/274\n|\n|-weather|Sandstorm|[upkeep]\n|-damage|p2a: Moltres|211/259|[from] Sandstorm\n|-heal|p1a: Gigalith|114/274|[from] item: Leftovers\n|upkeep\n|turn|4\n|\n|t:|1685290666\n|move|p2a: Moltres|Fiery Wrath|p1a: Gigalith\n|-damage|p1a: Gigalith|0 fnt\n|faint|p1a: Gigalith\n|\n|-weather|Sandstorm|[upkeep]\n|-damage|p2a: Moltres|195/259|[from] Sandstorm\n|upkeep\n|\n|t:|1685290675\n|switch|p1a: Kyurem|Kyurem-White, L74|307/307\n|-ability|p1a: Kyurem|Turboblaze\n|turn|5\n|\n|t:|1685290692\n|move|p1a: Kyurem|Ice Beam|p2a: Moltres\n|-supereffective|p2a: Moltres\n|-damage|p2a: Moltres|0 fnt\n|faint|p2a: Moltres\n|\n|-weather|none\n|upkeep\n|\n|t:|1685290699\n|switch|p2a: Stonjourner|Stonjourner, L88, F|319/319\n|turn|6\n|\n|t:|1685290708\n|switch|p1a: Hippowdon|Hippowdon, L80, F|137/304\n|-weather|Sandstorm|[from] ability: Sand Stream|[of] p1a: Hippowdon\n|move|p2a: Stonjourner|Rock Polish|p2a: Stonjourner\n|-boost|p2a: Stonjourner|spe|2\n|\n|-weather|Sandstorm|[upkeep]\n|-heal|p1a: Hippowdon|156/304|[from] item: Leftovers\n|upkeep\n|turn|7\n|\n|t:|1685290716\n|move|p2a: Stonjourner|Earthquake|p1a: Hippowdon\n|-damage|p1a: Hippowdon|47/304\n|-damage|p2a: Stonjourner|288/319|[from] item: Life Orb\n|move|p1a: Hippowdon|Earthquake|p2a: Stonjourner\n|-supereffective|p2a: Stonjourner\n|-damage|p2a: Stonjourner|132/319\n|\n|-weather|Sandstorm|[upkeep]\n|-heal|p1a: Hippowdon|66/304|[from] item: Leftovers\n|upkeep\n|turn|8\n|\n|t:|1685290722\n|move|p2a: Stonjourner|Earthquake|p1a: Hippowdon\n|-damage|p1a: Hippowdon|0 fnt\n|faint|p1a: Hippowdon\n|-damage|p2a: Stonjourner|101/319|[from] item: Life Orb\n|\n|-weather|Sandstorm|[upkeep]\n|upkeep\n|\n|t:|1685290729\n|switch|p1a: Pangoro|Pangoro, L84, F|297/297\n|turn|9\n|\n|t:|1685290736\n|move|p2a: Stonjourner|Stone Edge|p1a: Pangoro\n|-resisted|p1a: Pangoro\n|-damage|p1a: Pangoro|200/297\n|-damage|p2a: Stonjourner|70/319|[from] item: Life Orb\n|move|p1a: Pangoro|Knock Off|p2a: Stonjourner\n|-damage|p2a: Stonjourner|0 fnt\n|-enditem|p2a: Stonjourner|Life Orb|[from] move: Knock Off|[of] p1a: Pangoro\n|faint|p2a: Stonjourner\n|\n|-weather|Sandstorm|[upkeep]\n|-damage|p1a: Pangoro|182/297|[from] Sandstorm\n|upkeep\n|c|\u2606TheBugsHaveArrived|I forgot fighting resisted :(\n|\n|t:|1685290762\n|switch|p2a: Whimsicott|Whimsicott, L84, F|238/238\n|turn|10\n|c|\u2606Irpachuza!|u u\n|\n|t:|1685290777\n|move|p2a: Whimsicott|Leech Seed|p1a: Pangoro\n|-hint|Since gen 7, Dark is immune to Prankster moves.\n|-immune|p1a: Pangoro\n|move|p1a: Pangoro|Knock Off|p2a: Whimsicott\n|-resisted|p2a: Whimsicott\n|-damage|p2a: Whimsicott|151/238\n|-enditem|p2a: Whimsicott|Leftovers|[from] move: Knock Off|[of] p1a: Pangoro\n|\n|-weather|none\n|upkeep\n|turn|11\n|c|\u2606TheBugsHaveArrived|huh you didn't switch\n|\n|t:|1685290790\n|switch|p1a: Frosmoth|Frosmoth, L82, F|249/249\n|move|p2a: Whimsicott|Moonblast|p1a: Frosmoth\n|-damage|p1a: Frosmoth|208/249\n|\n|upkeep\n|turn|12\n|\n|t:|1685290800\n|move|p2a: Whimsicott|U-turn|p1a: Frosmoth\n|-damage|p1a: Frosmoth|152/249\n|\n|t:|1685290806\n|switch|p2a: Magnezone|Magnezone, L84|255/255|[from] U-turn\n|move|p1a: Frosmoth|Quiver Dance|p1a: Frosmoth\n|-boost|p1a: Frosmoth|spa|1\n|-boost|p1a: Frosmoth|spd|1\n|-boost|p1a: Frosmoth|spe|1\n|\n|upkeep\n|turn|13\n|\n|t:|1685290816\n|switch|p1a: Pangoro|Pangoro, L84, F|182/297\n|move|p2a: Magnezone|Flash Cannon|p1a: Pangoro\n|-damage|p1a: Pangoro|62/297\n|\n|upkeep\n|turn|14\n|\n|t:|1685290823\n|move|p2a: Magnezone|Thunderbolt|p1a: Pangoro\n|-damage|p1a: Pangoro|0 fnt\n|faint|p1a: Pangoro\n|\n|upkeep\n|\n|t:|1685290828\n|switch|p1a: Kyurem|Kyurem-White, L74|307/307\n|-ability|p1a: Kyurem|Turboblaze\n|turn|15\n|\n|t:|1685290834\n|move|p1a: Kyurem|Fusion Flare|p2a: Magnezone\n|-supereffective|p2a: Magnezone\n|-damage|p2a: Magnezone|139/255\n|move|p2a: Magnezone|Flash Cannon|p1a: Kyurem\n|-supereffective|p1a: Kyurem\n|-damage|p1a: Kyurem|67/307\n|\n|upkeep\n|turn|16\n|\n|t:|1685290842\n|move|p1a: Kyurem|Fusion Flare|p2a: Magnezone\n|-supereffective|p2a: Magnezone\n|-damage|p2a: Magnezone|27/255\n|move|p2a: Magnezone|Mirror Coat|p1a: Kyurem\n|-damage|p1a: Kyurem|0 fnt\n|faint|p1a: Kyurem\n|\n|upkeep\n|\n|t:|1685290846\n|switch|p1a: Frosmoth|Frosmoth, L82, F|152/249\n|turn|17\n|\n|t:|1685290853\n|move|p1a: Frosmoth|Bug Buzz|p2a: Magnezone\n|-resisted|p2a: Magnezone\n|-damage|p2a: Magnezone|0 fnt\n|faint|p2a: Magnezone\n|\n|upkeep\n|\n|t:|1685290860\n|switch|p2a: Sandslash|Sandslash-Alola, L86, F|269/269\n|turn|18\n|\n|t:|1685290868\n|move|p2a: Sandslash|Swords Dance|p2a: Sandslash\n|-boost|p2a: Sandslash|atk|2\n|move|p1a: Frosmoth|Bug Buzz|p2a: Sandslash\n|-resisted|p2a: Sandslash\n|-damage|p2a: Sandslash|208/269\n|\n|upkeep\n|turn|19\n|\n|t:|1685290881\n|-start|p2a: Sandslash|Dynamax|\n|-heal|p2a: Sandslash|416/538|[silent]\n|move|p2a: Sandslash|Max Steelspike|p1a: Frosmoth\n|-supereffective|p1a: Frosmoth\n|-damage|p1a: Frosmoth|0 fnt\n|-boost|p2a: Sandslash|def|1\n|faint|p1a: Frosmoth\n|-damage|p2a: Sandslash|390/538|[from] item: Life Orb\n|\n|upkeep\n|\n|t:|1685290884\n|switch|p1a: Pheromosa|Pheromosa, L75|230/230\n|turn|20\n|\n|t:|1685290917\n|-start|p1a: Pheromosa|Dynamax|\n|-heal|p1a: Pheromosa|460/460|[silent]\n|move|p1a: Pheromosa|Max Knuckle|p2a: Sandslash\n|-supereffective|p2a: Sandslash\n|-damage|p2a: Sandslash|140/538\n|-boost|p1a: Pheromosa|atk|1\n|move|p2a: Sandslash|Max Hailstorm|p1a: Pheromosa\n|-damage|p1a: Pheromosa|0 fnt\n|-weather|Hail\n|faint|p1a: Pheromosa\n|-damage|p2a: Sandslash|114/538|[from] item: Life Orb\n|\n|win|TheBugsHaveArrived\n|c|\u2606TheBugsHaveArrived|ggwp\n|c|\u2606Irpachuza!|gg\n|l|\u2606Irpachuza!\n|l|\u2606TheBugsHaveArrived\n|j|\u2606TheBugsHaveArrived\n|player|p2|TheBugsHaveArrived|bugsy\n", "inputlog": ">version d74822bbc74c095aa312053f7034baee3068d99e\n>start {\"formatid\":\"gen8randombattle\",\"seed\":[2594,43357,36936,6511]}\n>player p1 {\"name\":\"Irpachuza!\",\"avatar\":\"#irpachuza\",\"rating\":0,\"seed\":[24865,22760,20523,15720]}\n>player p2 {\"name\":\"TheBugsHaveArrived\",\"avatar\":\"bugsy\",\"rating\":0,\"seed\":[62923,61145,31000,22706]}\n>chat \u2606Irpachuza!|glhf\n>p1 switch 2\n>p2 move nastyplot\n>p1 move toxic\n>p2 move fierywrath\n>p1 switch 6\n>p2 move fierywrath\n>p1 move explosion\n>p2 move fierywrath\n>p1 switch 3\n>p1 move icebeam\n>p2 move hurricane\n>p2 switch 5\n>p1 switch 6\n>p2 move rockpolish\n>p1 move earthquake\n>p2 move earthquake\n>p1 move earthquake\n>p2 move earthquake\n>p1 switch 5\n>p1 move knockoff\n>p2 move stoneedge\n>chat \u2606TheBugsHaveArrived|I forgot fighting resisted :(\n>p2 switch 2\n>chat \u2606Irpachuza!|u u\n>p1 move knockoff\n>p2 move leechseed\n>chat \u2606TheBugsHaveArrived|huh you didn't switch\n>p1 switch 2\n>p2 move moonblast\n>p1 move quiverdance\n>p2 move uturn\n>p2 switch 4\n>p1 switch 2\n>p2 move flashcannon\n>p1 move closecombat\n>p2 move thunderbolt\n>p1 switch 6\n>p1 move fusionflare\n>p2 move flashcannon\n>p1 move fusionflare\n>p2 move mirrorcoat\n>p1 switch 2\n>p1 move bugbuzz\n>p2 move flashcannon\n>p2 switch 3\n>p1 move bugbuzz\n>p2 move swordsdance\n>p1 move bugbuzz\n>p2 move ironhead dynamax\n>p1 switch 4\n>p1 move closecombat dynamax\n>p2 move tripleaxel dynamax", "uploadtime": 1685290930, "views": 7, "p1id": "irpachuza", "p2id": "thebugshavearrived", "formatid": "gen8randombattle", "rating": 0, "private": 0, "password": ""}