{"id": "gen8randombattle-1873802760", "p1": "pizzaroli", "p2": "burriedinkillarney", "format": "[Gen 8] Random Battle", "log": "|j|\u2606pizzaroli\n|j|\u2606burriedinkillarney\n|t:|1685423151\n|gametype|singles\n|player|p1|pizzaroli|aromalady|1315\n|player|p2|burriedinkillarney|cyrus|1337\n|teamsize|p1|6\n|teamsize|p2|6\n|gen|8\n|tier|[Gen 8] Random Battle\n|rated|\n|rule|Species Clause: Limit one of each Pok\u00e9mon\n|rule|HP Percentage Mod: HP is shown in percentages\n|rule|Sleep Clause Mod: Limit one foe put to sleep\n|\n|t:|1685423151\n|start\n|switch|p1a: Krookodile|Krookodile, L78, F|276/276\n|switch|p2a: Thievul|Thievul, L86, F|261/261\n|-ability|p1a: Krookodile|Intimidate|boost\n|-unboost|p2a: Thievul|atk|1\n|turn|1\n|\n|t:|1685423167\n|move|p2a: Thievul|Nasty Plot|p2a: Thievul\n|-boost|p2a: Thievul|spa|2\n|move|p1a: Krookodile|Stealth Rock|p2a: Thievul\n|-sidestart|p2: burriedinkillarney|move: Stealth Rock\n|\n|upkeep\n|turn|2\n|inactive|Battle timer is ON: inactive players will automatically lose when time's up. (requested by pizzaroli)\n|\n|t:|1685423175\n|move|p2a: Thievul|Grass Knot|p1a: Krookodile\n|-supereffective|p1a: Krookodile\n|-enditem|p1a: Krookodile|Focus Sash\n|-damage|p1a: Krookodile|1/276\n|-damage|p2a: Thievul|235/261|[from] item: Life Orb\n|move|p1a: Krookodile|Close Combat|p2a: Thievul\n|-supereffective|p2a: Thievul\n|-damage|p2a: Thievul|7/261\n|-unboost|p1a: Krookodile|def|1\n|-unboost|p1a: Krookodile|spd|1\n|\n|upkeep\n|turn|3\n|\n|t:|1685423188\n|move|p2a: Thievul|Dark Pulse|p1a: Krookodile\n|-resisted|p1a: Krookodile\n|-damage|p1a: Krookodile|0 fnt\n|faint|p1a: Krookodile\n|-damage|p2a: Thievul|0 fnt|[from] item: Life Orb\n|faint|p2a: Thievul\n|\n|upkeep\n|inactive|burriedinkillarney has 120 seconds left.\n|l|\u2606burriedinkillarney\n|inactive|burriedinkillarney disconnected and has a minute to reconnect!\n|player|p2|\n|j|\u2606burriedinkillarney\n|inactive|burriedinkillarney reconnected and has 110 seconds left.\n|player|p2|burriedinkillarney|cyrus\n|\n|t:|1685423235\n|switch|p2a: Wigglytuff|Wigglytuff, L90, F|398/398\n|switch|p1a: Sandslash|Sandslash, L86, M|269/269\n|-damage|p2a: Wigglytuff|349/398|[from] Stealth Rock\n|turn|4\n|\n|t:|1685423242\n|move|p1a: Sandslash|Spikes|p2a: Wigglytuff\n|-sidestart|p2: burriedinkillarney|Spikes\n|move|p2a: Wigglytuff|Stealth Rock|p1a: Sandslash\n|-sidestart|p1: pizzaroli|move: Stealth Rock\n|\n|-heal|p2a: Wigglytuff|373/398|[from] item: Leftovers\n|upkeep\n|turn|5\n|\n|t:|1685423250\n|move|p1a: Sandslash|Spikes|p2a: Wigglytuff\n|-sidestart|p2: burriedinkillarney|Spikes\n|move|p2a: Wigglytuff|Dazzling Gleam|p1a: Sandslash\n|-damage|p1a: Sandslash|158/269\n|\n|-heal|p1a: Sandslash|174/269|[from] item: Leftovers\n|-heal|p2a: Wigglytuff|397/398|[from] item: Leftovers\n|upkeep\n|turn|6\n|inactive|burriedinkillarney has 120 seconds left.\n|\n|t:|1685423261\n|move|p1a: Sandslash|Spikes|p2a: Wigglytuff\n|-sidestart|p2: burriedinkillarney|Spikes\n|move|p2a: Wigglytuff|Dazzling Gleam|p1a: Sandslash\n|-damage|p1a: Sandslash|54/269\n|\n|-heal|p1a: Sandslash|70/269|[from] item: Leftovers\n|-heal|p2a: Wigglytuff|398/398|[from] item: Leftovers\n|upkeep\n|turn|7\n|\n|t:|1685423269\n|move|p1a: Sandslash|Earthquake|p2a: Wigglytuff\n|-damage|p2a: Wigglytuff|236/398\n|move|p2a: Wigglytuff|Dazzling Gleam|p1a: Sandslash\n|-damage|p1a: Sandslash|0 fnt\n|faint|p1a: Sandslash\n|\n|-heal|p2a: Wigglytuff|260/398|[from] item: Leftovers\n|upkeep\n|\n|t:|1685423282\n|switch|p1a: Comfey|Comfey, L86, M|243/243\n|-damage|p1a: Comfey|213/243|[from] Stealth Rock\n|turn|8\n|inactive|burriedinkillarney has 120 seconds left.\n|\n|t:|1685423307\n|move|p1a: Comfey|Sludge Bomb|p2a: Wigglytuff\n|-supereffective|p2a: Wigglytuff\n|-damage|p2a: Wigglytuff|22/398\n|move|p2a: Wigglytuff|Dazzling Gleam|p1a: Comfey\n|-supereffective|p1a: Comfey\n|-damage|p1a: Comfey|0 fnt\n|replace|p1a: Zoroark|Zoroark, L86, F\n|-end|p1a: Zoroark|Illusion\n|faint|p1a: Zoroark\n|\n|-heal|p2a: Wigglytuff|46/398|[from] item: Leftovers\n|upkeep\n|\n|t:|1685423328\n|switch|p1a: Durant|Durant, L78, F|219/219\n|-damage|p1a: Durant|192/219|[from] Stealth Rock\n|turn|9\n|\n|t:|1685423335\n|move|p1a: Durant|Hone Claws|p1a: Durant\n|-boost|p1a: Durant|atk|1\n|-boost|p1a: Durant|accuracy|1\n|move|p2a: Wigglytuff|Fire Blast|p1a: Durant|[miss]\n|-miss|p2a: Wigglytuff|p1a: Durant\n|\n|-heal|p2a: Wigglytuff|70/398|[from] item: Leftovers\n|upkeep\n|turn|10\n|\n|t:|1685423344\n|move|p1a: Durant|Iron Head|p2a: Wigglytuff\n|-supereffective|p2a: Wigglytuff\n|-damage|p2a: Wigglytuff|0 fnt\n|faint|p2a: Wigglytuff\n|-damage|p1a: Durant|171/219|[from] item: Life Orb\n|\n|upkeep\n|\n|t:|1685423362\n|switch|p2a: Jellicent|Jellicent, L84, M|305/305\n|-damage|p2a: Jellicent|267/305|[from] Stealth Rock\n|-damage|p2a: Jellicent|191/305|[from] Spikes\n|turn|11\n|\n|t:|1685423371\n|move|p1a: Durant|Iron Head|p2a: Jellicent\n|-resisted|p2a: Jellicent\n|-damage|p2a: Jellicent|51/305\n|-damage|p1a: Durant|150/219|[from] item: Life Orb\n|cant|p2a: Jellicent|flinch\n|\n|-heal|p2a: Jellicent|70/305|[from] item: Leftovers\n|upkeep\n|turn|12\n|\n|t:|1685423378\n|move|p1a: Durant|Iron Head|p2a: Jellicent\n|-resisted|p2a: Jellicent\n|-damage|p2a: Jellicent|0 fnt\n|faint|p2a: Jellicent\n|-damage|p1a: Durant|129/219|[from] item: Life Orb\n|\n|upkeep\n|\n|t:|1685423389\n|switch|p2a: Scyther|Scyther, L81, F|246/246\n|turn|13\n|\n|t:|1685423395\n|move|p2a: Scyther|Dual Wingbeat|p1a: Durant\n|-damage|p1a: Durant|71/219\n|-damage|p1a: Durant|16/219\n|-hitcount|p1a: Durant|2\n|move|p1a: Durant|Rock Slide|p2a: Scyther\n|-supereffective|p2a: Scyther\n|-damage|p2a: Scyther|0 fnt\n|faint|p2a: Scyther\n|-damage|p1a: Durant|0 fnt|[from] item: Life Orb\n|faint|p1a: Durant\n|\n|upkeep\n|\n|t:|1685423405\n|switch|p2a: Milotic|Milotic, L82, F|290/290\n|switch|p1a: Shiinotic|Shiinotic, L86, F|243/243\n|-damage|p2a: Milotic|254/290|[from] Stealth Rock\n|-damage|p2a: Milotic|182/290|[from] Spikes\n|-damage|p1a: Shiinotic|213/243|[from] Stealth Rock\n|turn|14\n|\n|t:|1685423417\n|switch|p2a: Chansey|Chansey, L84, F|557/557\n|-damage|p2a: Chansey|488/557|[from] Stealth Rock\n|-damage|p2a: Chansey|349/557|[from] Spikes\n|move|p1a: Shiinotic|Energy Ball|p2a: Chansey\n|-damage|p2a: Chansey|295/557\n|\n|-heal|p1a: Shiinotic|228/243|[from] item: Leftovers\n|upkeep\n|turn|15\n|\n|t:|1685423426\n|move|p2a: Chansey|Toxic|p1a: Shiinotic\n|-status|p1a: Shiinotic|tox\n|move|p1a: Shiinotic|Leech Seed|p2a: Chansey\n|-start|p2a: Chansey|move: Leech Seed\n|\n|-heal|p1a: Shiinotic|243/243 tox|[from] item: Leftovers\n|-damage|p2a: Chansey|226/557|[from] Leech Seed|[of] p1a: Shiinotic\n|-damage|p1a: Shiinotic|228/243 tox|[from] psn\n|upkeep\n|turn|16\n|\n|t:|1685423438\n|move|p2a: Chansey|Soft-Boiled|p2a: Chansey\n|-heal|p2a: Chansey|505/557\n|move|p1a: Shiinotic|Spore|p2a: Chansey\n|-status|p2a: Chansey|slp|[from] move: Spore\n|\n|-heal|p1a: Shiinotic|243/243 tox|[from] item: Leftovers\n|-damage|p2a: Chansey|436/557 slp|[from] Leech Seed|[of] p1a: Shiinotic\n|-damage|p1a: Shiinotic|213/243 tox|[from] psn\n|upkeep\n|turn|17\n|\n|t:|1685423451\n|switch|p1a: Comfey|Comfey, L86, M|228/228\n|-damage|p1a: Comfey|200/228|[from] Stealth Rock\n|cant|p2a: Chansey|slp\n|\n|-damage|p2a: Chansey|367/557 slp|[from] Leech Seed|[of] p1a: Comfey\n|-heal|p1a: Comfey|228/228|[silent]\n|upkeep\n|turn|18\n|\n|t:|1685423461\n|move|p1a: Comfey|Calm Mind|p1a: Comfey\n|-boost|p1a: Comfey|spa|1\n|-boost|p1a: Comfey|spd|1\n|cant|p2a: Chansey|slp\n|\n|-damage|p2a: Chansey|298/557 slp|[from] Leech Seed|[of] p1a: Comfey\n|upkeep\n|turn|19\n|\n|t:|1685423470\n|move|p1a: Comfey|Calm Mind|p1a: Comfey\n|-boost|p1a: Comfey|spa|1\n|-boost|p1a: Comfey|spd|1\n|-curestatus|p2a: Chansey|slp|[msg]\n|move|p2a: Chansey|Toxic|p1a: Comfey\n|-status|p1a: Comfey|tox\n|\n|-damage|p2a: Chansey|229/557|[from] Leech Seed|[of] p1a: Comfey\n|-damage|p1a: Comfey|214/228 tox|[from] psn\n|upkeep\n|turn|20\n|\n|t:|1685423479\n|move|p1a: Comfey|Giga Drain|p2a: Chansey\n|-damage|p2a: Chansey|159/557\n|-heal|p1a: Comfey|228/228 tox|[from] drain|[of] p2a: Chansey\n|-damage|p1a: Comfey|206/228 tox|[from] item: Life Orb\n|move|p2a: Chansey|Soft-Boiled|p2a: Chansey\n|-heal|p2a: Chansey|438/557\n|\n|-damage|p2a: Chansey|369/557|[from] Leech Seed|[of] p1a: Comfey\n|-heal|p1a: Comfey|228/228 tox|[silent]\n|-damage|p1a: Comfey|200/228 tox|[from] psn\n|upkeep\n|turn|21\n|\n|t:|1685423492\n|move|p1a: Comfey|Calm Mind|p1a: Comfey\n|-boost|p1a: Comfey|spa|1\n|-boost|p1a: Comfey|spd|1\n|move|p2a: Chansey|Seismic Toss|p1a: Comfey\n|-damage|p1a: Comfey|116/228 tox\n|\n|-damage|p2a: Chansey|300/557|[from] Leech Seed|[of] p1a: Comfey\n|-heal|p1a: Comfey|185/228 tox|[silent]\n|-damage|p1a: Comfey|143/228 tox|[from] psn\n|upkeep\n|turn|22\n|\n|t:|1685423502\n|move|p1a: Comfey|Stored Power|p2a: Chansey\n|-damage|p2a: Chansey|134/557\n|-damage|p1a: Comfey|121/228 tox|[from] item: Life Orb\n|move|p2a: Chansey|Soft-Boiled|p2a: Chansey\n|-heal|p2a: Chansey|413/557\n|\n|-damage|p2a: Chansey|344/557|[from] Leech Seed|[of] p1a: Comfey\n|-heal|p1a: Comfey|190/228 tox|[silent]\n|-damage|p1a: Comfey|134/228 tox|[from] psn\n|upkeep\n|turn|23\n|\n|t:|1685423518\n|-start|p1a: Comfey|Dynamax|\n|-heal|p1a: Comfey|268/456 tox|[silent]\n|move|p1a: Comfey|Max Mindstorm|p2a: Chansey\n|-damage|p2a: Chansey|180/557\n|-fieldstart|move: Psychic Terrain\n|-damage|p1a: Comfey|246/456 tox|[from] item: Life Orb\n|move|p2a: Chansey|Soft-Boiled|p2a: Chansey\n|-heal|p2a: Chansey|459/557\n|\n|-damage|p2a: Chansey|390/557|[from] Leech Seed|[of] p1a: Comfey\n|-heal|p1a: Comfey|315/456 tox|[silent]\n|-damage|p1a: Comfey|245/456 tox|[from] psn\n|upkeep\n|turn|24\n|\n|t:|1685423534\n|move|p1a: Comfey|Max Starfall|p2a: Chansey\n|-damage|p2a: Chansey|194/557\n|-fieldstart|move: Misty Terrain\n|-damage|p1a: Comfey|223/456 tox|[from] item: Life Orb\n|move|p2a: Chansey|Soft-Boiled|p2a: Chansey\n|-heal|p2a: Chansey|473/557\n|\n|-damage|p2a: Chansey|404/557|[from] Leech Seed|[of] p1a: Comfey\n|-heal|p1a: Comfey|292/456 tox|[silent]\n|-damage|p1a: Comfey|208/456 tox|[from] psn\n|upkeep\n|turn|25\n|\n|t:|1685423544\n|-end|p1a: Comfey|Dynamax\n|-heal|p1a: Comfey|104/228 tox|[silent]\n|switch|p1a: Shiinotic|Shiinotic, L86, F|213/243 tox\n|-damage|p1a: Shiinotic|183/243 tox|[from] Stealth Rock\n|move|p2a: Chansey|Soft-Boiled|p2a: Chansey\n|-heal|p2a: Chansey|557/557\n|\n|-heal|p1a: Shiinotic|198/243 tox|[from] item: Leftovers\n|-damage|p2a: Chansey|488/557|[from] Leech Seed|[of] p1a: Shiinotic\n|-heal|p1a: Shiinotic|243/243 tox|[silent]\n|-damage|p1a: Shiinotic|228/243 tox|[from] psn\n|upkeep\n|turn|26\n|\n|t:|1685423558\n|move|p2a: Chansey|Seismic Toss|p1a: Shiinotic\n|-damage|p1a: Shiinotic|144/243 tox\n|move|p1a: Shiinotic|Spore|p2a: Chansey\n|-activate|p2a: Chansey|move: Misty Terrain\n|\n|-heal|p1a: Shiinotic|159/243 tox|[from] item: Leftovers\n|-damage|p2a: Chansey|419/557|[from] Leech Seed|[of] p1a: Shiinotic\n|-heal|p1a: Shiinotic|228/243 tox|[silent]\n|-damage|p1a: Shiinotic|198/243 tox|[from] psn\n|upkeep\n|turn|27\n|\n|t:|1685423573\n|move|p2a: Chansey|Seismic Toss|p1a: Shiinotic\n|-damage|p1a: Shiinotic|114/243 tox\n|move|p1a: Shiinotic|Energy Ball|p2a: Chansey\n|-damage|p2a: Chansey|362/557\n|\n|-heal|p1a: Shiinotic|129/243 tox|[from] item: Leftovers\n|-damage|p2a: Chansey|293/557|[from] Leech Seed|[of] p1a: Shiinotic\n|-heal|p1a: Shiinotic|198/243 tox|[silent]\n|-damage|p1a: Shiinotic|153/243 tox|[from] psn\n|upkeep\n|turn|28\n|\n|t:|1685423584\n|move|p2a: Chansey|Seismic Toss|p1a: Shiinotic\n|-damage|p1a: Shiinotic|69/243 tox\n|move|p1a: Shiinotic|Energy Ball|p2a: Chansey\n|-damage|p2a: Chansey|239/557\n|\n|-heal|p1a: Shiinotic|84/243 tox|[from] item: Leftovers\n|-damage|p2a: Chansey|170/557|[from] Leech Seed|[of] p1a: Shiinotic\n|-heal|p1a: Shiinotic|153/243 tox|[silent]\n|-damage|p1a: Shiinotic|93/243 tox|[from] psn\n|-fieldend|Misty Terrain\n|upkeep\n|turn|29\n|\n|t:|1685423597\n|move|p2a: Chansey|Soft-Boiled|p2a: Chansey\n|-heal|p2a: Chansey|449/557\n|move|p1a: Shiinotic|Energy Ball|p2a: Chansey\n|-damage|p2a: Chansey|398/557\n|-unboost|p2a: Chansey|spd|1\n|\n|-heal|p1a: Shiinotic|108/243 tox|[from] item: Leftovers\n|-damage|p2a: Chansey|329/557|[from] Leech Seed|[of] p1a: Shiinotic\n|-heal|p1a: Shiinotic|177/243 tox|[silent]\n|-damage|p1a: Shiinotic|102/243 tox|[from] psn\n|upkeep\n|turn|30\n|\n|t:|1685423609\n|move|p2a: Chansey|Seismic Toss|p1a: Shiinotic\n|-damage|p1a: Shiinotic|18/243 tox\n|move|p1a: Shiinotic|Spore|p2a: Chansey\n|-status|p2a: Chansey|slp|[from] move: Spore\n|\n|-heal|p1a: Shiinotic|33/243 tox|[from] item: Leftovers\n|-damage|p2a: Chansey|260/557 slp|[from] Leech Seed|[of] p1a: Shiinotic\n|-heal|p1a: Shiinotic|102/243 tox|[silent]\n|-damage|p1a: Shiinotic|12/243 tox|[from] psn\n|upkeep\n|turn|31\n|\n|t:|1685423622\n|cant|p2a: Chansey|slp\n|move|p1a: Shiinotic|Energy Ball|p2a: Chansey\n|-damage|p2a: Chansey|184/557 slp\n|-unboost|p2a: Chansey|spd|1\n|\n|-heal|p1a: Shiinotic|27/243 tox|[from] item: Leftovers\n|-damage|p2a: Chansey|115/557 slp|[from] Leech Seed|[of] p1a: Shiinotic\n|-heal|p1a: Shiinotic|96/243 tox|[silent]\n|-damage|p1a: Shiinotic|0 fnt|[from] psn\n|faint|p1a: Shiinotic\n|upkeep\n|\n|t:|1685423632\n|switch|p1a: Comfey|Comfey, L86, M|104/228 tox\n|-damage|p1a: Comfey|76/228 tox|[from] Stealth Rock\n|turn|32\n|\n|t:|1685423636\n|move|p1a: Comfey|Calm Mind|p1a: Comfey\n|-boost|p1a: Comfey|spa|1\n|-boost|p1a: Comfey|spd|1\n|-curestatus|p2a: Chansey|slp|[msg]\n|move|p2a: Chansey|Soft-Boiled|p2a: Chansey\n|-heal|p2a: Chansey|394/557\n|\n|-damage|p2a: Chansey|325/557|[from] Leech Seed|[of] p1a: Comfey\n|-heal|p1a: Comfey|145/228 tox|[silent]\n|-damage|p1a: Comfey|131/228 tox|[from] psn\n|upkeep\n|turn|33\n|\n|t:|1685423649\n|switch|p2a: Milotic|Milotic, L82, F|182/290\n|-damage|p2a: Milotic|146/290|[from] Stealth Rock\n|-damage|p2a: Milotic|74/290|[from] Spikes\n|move|p1a: Comfey|Draining Kiss|p2a: Milotic\n|-damage|p2a: Milotic|3/290\n|-heal|p1a: Comfey|184/228 tox|[from] drain|[of] p2a: Milotic\n|-damage|p1a: Comfey|162/228 tox|[from] item: Life Orb\n|\n|-heal|p2a: Milotic|21/290|[from] item: Leftovers\n|-damage|p1a: Comfey|134/228 tox|[from] psn\n|upkeep\n|turn|34\n|\n|t:|1685423664\n|move|p1a: Comfey|Giga Drain|p2a: Milotic\n|-supereffective|p2a: Milotic\n|-damage|p2a: Milotic|0 fnt\n|-heal|p1a: Comfey|145/228 tox|[from] drain|[of] p2a: Milotic\n|faint|p2a: Milotic\n|-damage|p1a: Comfey|123/228 tox|[from] item: Life Orb\n|\n|-damage|p1a: Comfey|81/228 tox|[from] psn\n|upkeep\n|\n|t:|1685423668\n|switch|p2a: Chansey|Chansey, L84, F|325/557\n|-damage|p2a: Chansey|256/557|[from] Stealth Rock\n|-damage|p2a: Chansey|117/557|[from] Spikes\n|turn|35\n|\n|t:|1685423678\n|move|p1a: Comfey|Stored Power|p2a: Chansey\n|-damage|p2a: Chansey|69/557\n|-damage|p1a: Comfey|59/228 tox|[from] item: Life Orb\n|move|p2a: Chansey|Soft-Boiled|p2a: Chansey\n|-heal|p2a: Chansey|348/557\n|\n|-damage|p1a: Comfey|3/228 tox|[from] psn\n|upkeep\n|turn|36\n|\n|t:|1685423690\n|move|p1a: Comfey|Draining Kiss|p2a: Chansey\n|-damage|p2a: Chansey|292/557\n|-heal|p1a: Comfey|45/228 tox|[from] drain|[of] p2a: Chansey\n|-damage|p1a: Comfey|23/228 tox|[from] item: Life Orb\n|move|p2a: Chansey|Seismic Toss|p1a: Comfey\n|-damage|p1a: Comfey|0 fnt\n|faint|p1a: Comfey\n|\n|win|burriedinkillarney\n|raw|pizzaroli's rating: 1315 &rarr; <strong>1296</strong><br />(-19 for losing)\n|raw|burriedinkillarney's rating: 1337 &rarr; <strong>1356</strong><br />(+19 for winning)\n|c|\u2606burriedinkillarney|gg\n|l|\u2606pizzaroli\n", "inputlog": ">version 6fec31d5a0d4498a06105aa188c9906bc0b6bf95\n>start {\"formatid\":\"gen8randombattle\",\"seed\":[52951,33903,19647,45460],\"rated\":\"Rated battle\"}\n>player p1 {\"name\":\"pizzaroli\",\"avatar\":\"aromalady\",\"rating\":1315,\"seed\":[58908,29379,59104,61361]}\n>player p2 {\"name\":\"burriedinkillarney\",\"avatar\":\"cyrus\",\"rating\":1337,\"seed\":[9882,30010,16768,4904]}\n>p1 move stealthrock\n>p2 move nastyplot\n>p1 move closecombat\n>p2 move grassknot\n>p1 move knockoff\n>p2 move darkpulse\n>p1 switch 6\n>p2 switch 2\n>p1 move spikes\n>p2 move stealthrock\n>p1 move spikes\n>p2 move dazzlinggleam\n>p1 move spikes\n>p2 move dazzlinggleam\n>p1 move earthquake\n>p2 move dazzlinggleam\n>p1 switch 2\n>p1 move sludgebomb\n>p2 move dazzlinggleam\n>p1 switch 4\n>p1 move honeclaws\n>p2 move fireblast\n>p1 move ironhead\n>p2 move fireblast\n>p2 switch 5\n>p1 move ironhead\n>p2 move willowisp\n>p1 move ironhead\n>p2 move willowisp\n>p2 switch 3\n>p1 move rockslide\n>p2 move dualwingbeat\n>p1 switch 3\n>p2 switch 4\n>p1 move energyball\n>p2 switch 6\n>p1 move leechseed\n>p2 move toxic\n>p1 move spore\n>p2 move softboiled\n>p1 switch 5\n>p2 move seismictoss\n>p1 move calmmind\n>p2 move softboiled\n>p1 move calmmind\n>p2 move toxic\n>p1 move gigadrain\n>p2 move softboiled\n>p1 move calmmind\n>p2 move seismictoss\n>p1 move storedpower\n>p2 move softboiled\n>p1 move storedpower dynamax\n>p2 move softboiled\n>p1 move drainingkiss dynamax\n>p2 move softboiled\n>p1 switch 5\n>p2 move softboiled\n>p1 move spore\n>p2 move seismictoss\n>p1 move energyball\n>p2 move seismictoss\n>p1 move energyball\n>p2 move seismictoss\n>p1 move energyball\n>p2 move softboiled\n>p1 move spore\n>p2 move seismictoss\n>p1 move energyball\n>p2 move softboiled\n>p1 switch 5\n>p1 move calmmind\n>p2 move softboiled\n>p1 move drainingkiss\n>p2 switch 6\n>p1 move gigadrain\n>p2 move haze\n>p2 switch 6\n>p1 move storedpower\n>p2 move softboiled\n>p1 move drainingkiss\n>p2 move seismictoss", "uploadtime": 1685424024, "views": 6, "p1id": "pizzaroli", "p2id": "burriedinkillarney", "formatid": "gen8randombattle", "rating": 1296, "private": 0, "password": ""}