{"id": "gen8randombattle-1862122664", "p1": "MKsorkt", "p2": "lauda Mera", "format": "[Gen 8] Random Battle", "log": "|j|\u2606MKsorkt\n|j|\u2606lauda Mera\n|t:|1683839318\n|gametype|singles\n|player|p1|MKsorkt|gardenia|1208\n|player|p2|lauda Mera|hilbert-wonderlauncher|1494\n|teamsize|p1|6\n|teamsize|p2|6\n|gen|8\n|tier|[Gen 8] Random Battle\n|rated|\n|rule|Species Clause: Limit one of each Pok\u00e9mon\n|rule|HP Percentage Mod: HP is shown in percentages\n|rule|Sleep Clause Mod: Limit one foe put to sleep\n|\n|t:|1683839318\n|start\n|switch|p1a: Turtonator|Turtonator, L84, M|238/238\n|switch|p2a: Talonflame|Talonflame, L81, M|259/259\n|turn|1\n|inactive|Battle timer is ON: inactive players will automatically lose when time's up. (requested by lauda Mera)\n|\n|t:|1683839326\n|switch|p2a: Qwilfish|Qwilfish, L84, F|246/246\n|-ability|p2a: Qwilfish|Intimidate|boost\n|-unboost|p1a: Turtonator|atk|1\n|-enditem|p1a: Turtonator|White Herb\n|-clearnegativeboost|p1a: Turtonator|[silent]\n|move|p1a: Turtonator|Shell Smash|p1a: Turtonator\n|-unboost|p1a: Turtonator|def|1\n|-unboost|p1a: Turtonator|spd|1\n|-boost|p1a: Turtonator|atk|2\n|-boost|p1a: Turtonator|spa|2\n|-boost|p1a: Turtonator|spe|2\n|\n|upkeep\n|turn|2\n|inactive|MKsorkt has 120 seconds left.\n|\n|t:|1683839383\n|move|p1a: Turtonator|Shell Smash|p1a: Turtonator\n|-unboost|p1a: Turtonator|def|1\n|-unboost|p1a: Turtonator|spd|1\n|-boost|p1a: Turtonator|atk|2\n|-boost|p1a: Turtonator|spa|2\n|-boost|p1a: Turtonator|spe|2\n|move|p2a: Qwilfish|Waterfall|p1a: Turtonator\n|-damage|p1a: Turtonator|120/238\n|\n|upkeep\n|turn|3\n|\n|t:|1683839403\n|-start|p1a: Turtonator|Dynamax|\n|-heal|p1a: Turtonator|240/476|[silent]\n|move|p1a: Turtonator|Max Quake|p2a: Qwilfish\n|-supereffective|p2a: Qwilfish\n|-damage|p2a: Qwilfish|0 fnt\n|-boost|p1a: Turtonator|spd|1\n|faint|p2a: Qwilfish\n|\n|upkeep\n|\n|t:|1683839406\n|switch|p2a: Regirock|Regirock, L85|275/275\n|turn|4\n|\n|t:|1683839409\n|move|p1a: Turtonator|Max Wyrmwind|p2a: Regirock\n|-ability|p2a: Regirock|Sturdy\n|-damage|p2a: Regirock|1/275\n|-unboost|p2a: Regirock|atk|1\n|move|p2a: Regirock|Rock Slide|p1a: Turtonator\n|-supereffective|p1a: Turtonator\n|-damage|p1a: Turtonator|84/476\n|\n|upkeep\n|turn|5\n|\n|t:|1683839414\n|move|p1a: Turtonator|Max Flare|p2a: Regirock\n|-resisted|p2a: Regirock\n|-damage|p2a: Regirock|0 fnt\n|-weather|SunnyDay\n|faint|p2a: Regirock\n|\n|-weather|SunnyDay|[upkeep]\n|upkeep\n|\n|t:|1683839417\n|switch|p2a: Talonflame|Talonflame, L81, M|259/259\n|-end|p1a: Turtonator|Dynamax\n|-heal|p1a: Turtonator|42/238|[silent]\n|turn|6\n|\n|t:|1683839425\n|-start|p2a: Talonflame|Dynamax|\n|-heal|p2a: Talonflame|518/518|[silent]\n|move|p1a: Turtonator|Fire Blast|p2a: Talonflame\n|-resisted|p2a: Talonflame\n|-damage|p2a: Talonflame|200/518\n|move|p2a: Talonflame|Max Airstream|p1a: Turtonator\n|-damage|p1a: Turtonator|0 fnt\n|-boost|p2a: Talonflame|spe|1\n|faint|p1a: Turtonator\n|\n|-weather|SunnyDay|[upkeep]\n|upkeep\n|\n|t:|1683839434\n|switch|p1a: Raichu|Raichu, L86, M|243/243\n|turn|7\n|\n|t:|1683839447\n|move|p2a: Talonflame|Max Flare|p1a: Raichu\n|-damage|p1a: Raichu|0 fnt\n|faint|p1a: Raichu\n|\n|-weather|SunnyDay|[upkeep]\n|upkeep\n|\n|t:|1683839451\n|switch|p1a: Mamoswine|Mamoswine, L80, M|307/307\n|turn|8\n|\n|t:|1683839454\n|move|p1a: Mamoswine|Ice Shard|p2a: Talonflame\n|-damage|p2a: Talonflame|118/518\n|move|p2a: Talonflame|Max Flare|p1a: Mamoswine\n|-supereffective|p1a: Mamoswine\n|-damage|p1a: Mamoswine|103/307\n|\n|-weather|SunnyDay|[upkeep]\n|upkeep\n|-end|p2a: Talonflame|Dynamax\n|-heal|p2a: Talonflame|59/259|[silent]\n|turn|9\n|\n|t:|1683839461\n|switch|p2a: Vanilluxe|Vanilluxe, L82, F|251/251\n|-weather|Hail|[from] ability: Snow Warning|[of] p2a: Vanilluxe\n|move|p1a: Mamoswine|Ice Shard|p2a: Vanilluxe\n|-resisted|p2a: Vanilluxe\n|-damage|p2a: Vanilluxe|213/251\n|\n|-weather|Hail|[upkeep]\n|upkeep\n|turn|10\n|\n|t:|1683839469\n|switch|p1a: Clefable|Clefable, L82, M|290/290\n|move|p2a: Vanilluxe|Aurora Veil|p2a: Vanilluxe\n|-sidestart|p2: lauda Mera|move: Aurora Veil\n|\n|-weather|Hail|[upkeep]\n|upkeep\n|turn|11\n|\n|t:|1683839471\n|move|p2a: Vanilluxe|Blizzard|p1a: Clefable\n|-damage|p1a: Clefable|178/290\n|move|p1a: Clefable|Calm Mind|p1a: Clefable\n|-boost|p1a: Clefable|spa|1\n|-boost|p1a: Clefable|spd|1\n|\n|-weather|Hail|[upkeep]\n|upkeep\n|turn|12\n|\n|t:|1683839484\n|move|p2a: Vanilluxe|Flash Cannon|p1a: Clefable\n|-supereffective|p1a: Clefable\n|-damage|p1a: Clefable|102/290\n|move|p1a: Clefable|Calm Mind|p1a: Clefable\n|-boost|p1a: Clefable|spa|1\n|-boost|p1a: Clefable|spd|1\n|\n|-weather|Hail|[upkeep]\n|upkeep\n|turn|13\n|\n|t:|1683839487\n|move|p2a: Vanilluxe|Blizzard|p1a: Clefable\n|-damage|p1a: Clefable|42/290\n|move|p1a: Clefable|Soft-Boiled|p1a: Clefable\n|-heal|p1a: Clefable|187/290\n|\n|-weather|none\n|upkeep\n|turn|14\n|\n|t:|1683839493\n|move|p2a: Vanilluxe|Flash Cannon|p1a: Clefable\n|-supereffective|p1a: Clefable\n|-damage|p1a: Clefable|123/290\n|move|p1a: Clefable|Calm Mind|p1a: Clefable\n|-boost|p1a: Clefable|spa|1\n|-boost|p1a: Clefable|spd|1\n|\n|upkeep\n|turn|15\n|\n|t:|1683839496\n|switch|p2a: Talonflame|Talonflame, L81, M|59/259\n|move|p1a: Clefable|Soft-Boiled|p1a: Clefable\n|-heal|p1a: Clefable|268/290\n|\n|upkeep\n|turn|16\n|\n|t:|1683839508\n|move|p2a: Talonflame|Flare Blitz|p1a: Clefable\n|-damage|p1a: Clefable|154/290\n|-damage|p2a: Talonflame|21/259|[from] Recoil\n|move|p1a: Clefable|Moonblast|p2a: Talonflame\n|-resisted|p2a: Talonflame\n|-damage|p2a: Talonflame|0 fnt\n|faint|p2a: Talonflame\n|\n|upkeep\n|\n|t:|1683839522\n|switch|p2a: Gardevoir|Gardevoir, L82, F|246/246\n|-ability|p2a: Gardevoir|Magic Guard|[from] ability: Trace|[of] p1a: Clefable\n|turn|17\n|\n|t:|1683839536\n|move|p2a: Gardevoir|Calm Mind|p2a: Gardevoir\n|-boost|p2a: Gardevoir|spa|1\n|-boost|p2a: Gardevoir|spd|1\n|move|p1a: Clefable|Calm Mind|p1a: Clefable\n|-boost|p1a: Clefable|spa|1\n|-boost|p1a: Clefable|spd|1\n|\n|-sideend|p2: lauda Mera|move: Aurora Veil\n|upkeep\n|turn|18\n|\n|t:|1683839541\n|move|p2a: Gardevoir|Psyshock|p1a: Clefable\n|-damage|p1a: Clefable|0 fnt\n|faint|p1a: Clefable\n|\n|upkeep\n|\n|t:|1683839546\n|switch|p1a: Araquanid|Araquanid, L80, F|240/240\n|turn|19\n|\n|t:|1683839548\n|move|p2a: Gardevoir|Psyshock|p1a: Araquanid\n|-damage|p1a: Araquanid|92/240\n|move|p1a: Araquanid|Sticky Web|p2a: Gardevoir\n|-sidestart|p2: lauda Mera|move: Sticky Web\n|\n|upkeep\n|turn|20\n|\n|t:|1683839551\n|move|p2a: Gardevoir|Psyshock|p1a: Araquanid\n|-damage|p1a: Araquanid|0 fnt\n|faint|p1a: Araquanid\n|\n|upkeep\n|\n|t:|1683839554\n|switch|p1a: Mamoswine|Mamoswine, L80, M|103/307\n|turn|21\n|\n|t:|1683839558\n|move|p2a: Gardevoir|Moonblast|p1a: Mamoswine\n|-crit|p1a: Mamoswine\n|-damage|p1a: Mamoswine|0 fnt\n|faint|p1a: Mamoswine\n|\n|upkeep\n|\n|t:|1683839562\n|switch|p1a: Salamence|Salamence, L76, F|269/269\n|turn|22\n|\n|t:|1683839564\n|move|p1a: Salamence|Dragon Dance|p1a: Salamence\n|-boost|p1a: Salamence|atk|1\n|-boost|p1a: Salamence|spe|1\n|move|p2a: Gardevoir|Moonblast|p1a: Salamence\n|-supereffective|p1a: Salamence\n|-damage|p1a: Salamence|0 fnt\n|faint|p1a: Salamence\n|\n|win|lauda Mera\n|raw|MKsorkt's rating: 1208 &rarr; <strong>1200</strong><br />(-8 for losing)\n|raw|lauda Mera's rating: 1501 &rarr; <strong>1507</strong><br />(+6 for winning)\n|l|\u2606MKsorkt\n", "inputlog": ">version bce759c5f189753f4322d11c9e5aa78bbe1b1bf9\n>start {\"formatid\":\"gen8randombattle\",\"seed\":[6911,47567,1001,57724],\"rated\":\"Rated battle\"}\n>player p1 {\"name\":\"MKsorkt\",\"avatar\":\"gardenia\",\"rating\":1208,\"seed\":[54623,54472,11888,45113]}\n>player p2 {\"name\":\"lauda Mera\",\"avatar\":\"hilbert-wonderlauncher\",\"rating\":1494,\"seed\":[4800,9260,22608,64063]}\n>p1 move shellsmash\n>p2 switch 2\n>p1 move shellsmash\n>p2 move waterfall\n>p1 move earthquake dynamax\n>p2 move waterfall\n>p2 switch 3\n>p1 move dracometeor dynamax\n>p2 move rockslide\n>p1 move fireblast dynamax\n>p2 move rockslide\n>p2 switch 2\n>p1 move fireblast\n>p2 move bravebird dynamax\n>p1 switch 2\n>p1 move thunderbolt\n>p2 move flareblitz dynamax\n>p1 switch 5\n>p1 move iceshard\n>p2 move flareblitz dynamax\n>p1 move iceshard\n>p2 switch 6\n>p1 switch 6\n>p2 move auroraveil\n>p1 move calmmind\n>p2 move blizzard\n>p1 move calmmind\n>p2 move flashcannon\n>p1 move softboiled\n>p2 move blizzard\n>p1 move calmmind\n>p2 move flashcannon\n>p1 move softboiled\n>p2 switch 6\n>p1 move moonblast\n>p2 move flareblitz\n>p2 switch 5\n>p1 move calmmind\n>p2 move calmmind\n>p1 move calmmind\n>p2 move psyshock\n>p1 switch 4\n>p1 move stickyweb\n>p2 move psyshock\n>p1 move leechlife\n>p2 move psyshock\n>p1 switch 6\n>p1 move earthquake\n>p2 move moonblast\n>p1 switch 3\n>p1 move dragondance\n>p2 move moonblast", "uploadtime": 1683839567, "views": 12, "p1id": "mksorkt", "p2id": "laudamera", "formatid": "gen8randombattle", "rating": 1200, "private": 0, "password": ""}