{"id": "gen8randombattle-1873707507", "p1": "Quoise", "p2": "forsh", "format": "[Gen 8] Random Battle", "log": "|j|\u2606Quoise\n|j|\u2606forsh\n|t:|1685408857\n|gametype|singles\n|player|p1|Quoise|bugcatcher-gen4dp|\n|player|p2|forsh|ballguy|\n|teamsize|p1|6\n|teamsize|p2|6\n|gen|8\n|tier|[Gen 8] Random Battle\n|rule|Species Clause: Limit one of each Pok\u00e9mon\n|rule|HP Percentage Mod: HP is shown in percentages\n|rule|Sleep Clause Mod: Limit one foe put to sleep\n|\n|t:|1685408857\n|start\n|switch|p1a: Zapdos|Zapdos, L78|268/268\n|switch|p2a: Wishiwashi|Wishiwashi, L84, F|213/213\n|-formechange|p2a: Wishiwashi|Wishiwashi-School||[from] ability: Schooling\n|turn|1\n|inactive|Battle timer is ON: inactive players will automatically lose when time's up. (requested by Quoise)\n|inactive|forsh also wants the timer to be on.\n|c|\u2606Quoise|I'll destroy you for calling me man\n|c|\u2606forsh|?\n|c|\u2606forsh|i didnt call u\n|c|\u2606Quoise|i'm quoise!\n|\n|t:|1685408886\n|move|p1a: Zapdos|Discharge|p2a: Wishiwashi\n|-supereffective|p2a: Wishiwashi\n|-damage|p2a: Wishiwashi|121/213\n|-status|p2a: Wishiwashi|par\n|move|p2a: Wishiwashi|Ice Beam|p1a: Zapdos\n|-supereffective|p1a: Zapdos\n|-damage|p1a: Zapdos|84/268\n|\n|upkeep\n|turn|2\n|\n|t:|1685408893\n|move|p1a: Zapdos|Roost|p1a: Zapdos\n|-heal|p1a: Zapdos|218/268\n|-singleturn|p1a: Zapdos|move: Roost\n|cant|p2a: Wishiwashi|par\n|\n|upkeep\n|turn|3\n|c|\u2606forsh|i used EQ\n|\n|t:|1685408899\n|move|p1a: Zapdos|Discharge|p2a: Wishiwashi\n|-supereffective|p2a: Wishiwashi\n|-damage|p2a: Wishiwashi|25/213 par\n|move|p2a: Wishiwashi|Earthquake|p1a: Zapdos\n|-immune|p1a: Zapdos\n|\n|-formechange|p2a: Wishiwashi|Wishiwashi||[from] ability: Schooling\n|upkeep\n|turn|4\n|c|\u2606forsh|o\n|\n|t:|1685408903\n|move|p1a: Zapdos|U-turn|p2a: Wishiwashi\n|-damage|p2a: Wishiwashi|0 fnt\n|faint|p2a: Wishiwashi\n|c|\u2606forsh|redo\n|-message|Quoise forfeited.\n|\n|win|forsh\n|l|\u2606Quoise\n|l|\u2606forsh\n|j|\u2606Quoise\n|player|p1|Quoise|bugcatcher-gen4dp\n|j| Lrogue \u2740\n|l| Lrogue \u2740\n", "inputlog": ">version 6fec31d5a0d4498a06105aa188c9906bc0b6bf95\n>start {\"formatid\":\"gen8randombattle\",\"seed\":[60235,59515,45985,19694]}\n>player p1 {\"name\":\"Quoise\",\"avatar\":\"bugcatcher-gen4dp\",\"rating\":0,\"seed\":[36396,4280,56691,47579]}\n>player p2 {\"name\":\"forsh\",\"avatar\":\"ballguy\",\"rating\":0,\"seed\":[63455,54486,8722,53064]}\n>chat \u2606Quoise|I'll destroy you for calling me man\n>chat \u2606forsh|?\n>chat \u2606forsh|i didnt call u\n>chat \u2606Quoise|i'm quoise!\n>p1 move discharge\n>p2 move icebeam\n>p1 move roost\n>p2 move earthquake\n>chat \u2606forsh|i used EQ\n>p1 move discharge\n>p2 move earthquake\n>chat \u2606forsh|o\n>p1 move uturn\n>p2 move icebeam\n>chat \u2606forsh|redo\n>forcelose p1", "uploadtime": 1685409604, "views": 4, "p1id": "quoise", "p2id": "forsh", "formatid": "gen8randombattle", "rating": 0, "private": 0, "password": ""}