{"id": "gen8randombattle-1873356402", "p1": "Amaranth", "p2": "MitchTEM", "format": "[Gen 8] Random Battle", "log": "|j|\u2606Amaranth\n|j|\u2606MitchTEM\n|t:|1685367683\n|gametype|singles\n|player|p1|Amaranth|#amaranth|\n|player|p2|MitchTEM|hop-masters|\n|teamsize|p1|6\n|teamsize|p2|6\n|gen|8\n|tier|[Gen 8] Random Battle\n|rule|Species Clause: Limit one of each Pok\u00e9mon\n|rule|HP Percentage Mod: HP is shown in percentages\n|rule|Sleep Clause Mod: Limit one foe put to sleep\n|\n|t:|1685367683\n|start\n|switch|p1a: Dragalge|Dragalge, L86, F|252/252\n|switch|p2a: Qwilfish|Qwilfish, L84, M|246/246\n|-ability|p2a: Qwilfish|Intimidate|boost\n|-unboost|p1a: Dragalge|atk|1\n|turn|1\n|inactive|Battle timer is ON: inactive players will automatically lose when time's up. (requested by MitchTEM)\n|c|\u2606Amaranth|hf\n|c|\u2606MitchTEM|you too\n|inactive|Amaranth has 270 seconds left.\n|\n|t:|1685367721\n|move|p2a: Qwilfish|Spikes|p1a: Dragalge\n|-sidestart|p1: Amaranth|Spikes\n|move|p1a: Dragalge|Draco Meteor|p2a: Qwilfish\n|-enditem|p2a: Qwilfish|Focus Sash\n|-damage|p2a: Qwilfish|1/246\n|-unboost|p1a: Dragalge|spa|2\n|\n|upkeep\n|turn|2\n|\n|t:|1685367726\n|move|p2a: Qwilfish|Destiny Bond|p2a: Qwilfish\n|-singlemove|p2a: Qwilfish|Destiny Bond\n|move|p1a: Dragalge|Sludge Wave|p2a: Qwilfish\n|-resisted|p2a: Qwilfish\n|-damage|p2a: Qwilfish|0 fnt\n|faint|p2a: Qwilfish\n|-activate|p2a: Qwilfish|move: Destiny Bond\n|faint|p1a: Dragalge\n|\n|upkeep\n|\n|t:|1685367742\n|switch|p2a: Zeraora|Zeraora, L76|259/259\n|switch|p1a: Swampert|Swampert, L80, F|291/291\n|-damage|p1a: Swampert|255/291|[from] Spikes\n|turn|3\n|\n|t:|1685367759\n|switch|p2a: Drifblim|Drifblim, L84, M|389/389\n|move|p1a: Swampert|Protect||[still]\n|-fail|p1a: Swampert\n|\n|-heal|p1a: Swampert|273/291|[from] item: Leftovers\n|upkeep\n|turn|4\n|\n|t:|1685367769\n|move|p2a: Drifblim|Strength Sap|p1a: Swampert\n|-unboost|p1a: Swampert|atk|1\n|move|p1a: Swampert|Toxic|p2a: Drifblim|[miss]\n|-miss|p1a: Swampert|p2a: Drifblim\n|\n|-heal|p1a: Swampert|291/291|[from] item: Leftovers\n|upkeep\n|turn|5\n|\n|t:|1685367778\n|move|p2a: Drifblim|Calm Mind|p2a: Drifblim\n|-boost|p2a: Drifblim|spa|1\n|-boost|p2a: Drifblim|spd|1\n|move|p1a: Swampert|Toxic|p2a: Drifblim\n|-status|p2a: Drifblim|tox\n|\n|-damage|p2a: Drifblim|365/389 tox|[from] psn\n|upkeep\n|turn|6\n|\n|t:|1685367791\n|switch|p1a: Greedent|Greedent, L84, F|339/339\n|-damage|p1a: Greedent|297/339|[from] Spikes\n|move|p2a: Drifblim|Calm Mind|p2a: Drifblim\n|-boost|p2a: Drifblim|spa|1\n|-boost|p2a: Drifblim|spd|1\n|\n|-damage|p2a: Drifblim|317/389 tox|[from] psn\n|upkeep\n|turn|7\n|\n|t:|1685367800\n|move|p2a: Drifblim|Thunderbolt|p1a: Greedent\n|-damage|p1a: Greedent|165/339\n|-enditem|p1a: Greedent|Sitrus Berry|[eat]\n|-heal|p1a: Greedent|249/339|[from] item: Sitrus Berry\n|-heal|p1a: Greedent|339/339|[from] ability: Cheek Pouch\n|move|p1a: Greedent|Payback|p2a: Drifblim\n|-supereffective|p2a: Drifblim\n|-damage|p2a: Drifblim|107/389 tox\n|-enditem|p2a: Drifblim|Sitrus Berry|[eat]\n|-heal|p2a: Drifblim|204/389 tox|[from] item: Sitrus Berry\n|\n|-damage|p2a: Drifblim|132/389 tox|[from] psn\n|upkeep\n|turn|8\n|\n|t:|1685367814\n|move|p2a: Drifblim|Thunderbolt|p1a: Greedent\n|-damage|p1a: Greedent|212/339\n|move|p1a: Greedent|Payback|p2a: Drifblim\n|-supereffective|p2a: Drifblim\n|-damage|p2a: Drifblim|0 fnt\n|faint|p2a: Drifblim\n|\n|upkeep\n|\n|t:|1685367822\n|switch|p2a: Zarude|Zarude, L78|292/292\n|turn|9\n|\n|t:|1685367844\n|move|p2a: Zarude|Bulk Up|p2a: Zarude\n|-boost|p2a: Zarude|atk|1\n|-boost|p2a: Zarude|def|1\n|move|p1a: Greedent|Body Slam|p2a: Zarude\n|-damage|p2a: Zarude|235/292\n|\n|-heal|p2a: Zarude|253/292|[from] item: Leftovers\n|upkeep\n|turn|10\n|\n|t:|1685367855\n|-start|p2a: Zarude|Dynamax|\n|-heal|p2a: Zarude|506/584|[silent]\n|move|p2a: Zarude|Max Overgrowth|p1a: Greedent\n|-damage|p1a: Greedent|7/339\n|-fieldstart|move: Grassy Terrain\n|move|p1a: Greedent|Body Slam|p2a: Zarude\n|-damage|p2a: Zarude|449/584\n|\n|-heal|p2a: Zarude|467/584|[from] Grassy Terrain\n|-heal|p2a: Zarude|485/584|[from] item: Leftovers\n|-heal|p1a: Greedent|28/339|[from] Grassy Terrain\n|upkeep\n|turn|11\n|\n|t:|1685367863\n|move|p2a: Zarude|Max Overgrowth|p1a: Greedent\n|-crit|p1a: Greedent\n|-damage|p1a: Greedent|0 fnt\n|faint|p1a: Greedent\n|\n|-heal|p2a: Zarude|503/584|[from] Grassy Terrain\n|-heal|p2a: Zarude|521/584|[from] item: Leftovers\n|upkeep\n|inactive|Amaranth has 270 seconds left.\n|\n|t:|1685367889\n|switch|p1a: Toxicroak|Toxicroak, L84, M|277/277\n|-damage|p1a: Toxicroak|243/277|[from] Spikes\n|turn|12\n|inactive|Amaranth has 270 seconds left.\n|\n|t:|1685367914\n|-start|p1a: Toxicroak|Dynamax|\n|-heal|p1a: Toxicroak|486/554|[silent]\n|move|p1a: Toxicroak|Max Guard|p1a: Toxicroak\n|-singleturn|p1a: Toxicroak|Max Guard\n|move|p2a: Zarude|Max Overgrowth|p1a: Toxicroak\n|-activate|p1a: Toxicroak|move: Max Guard\n|\n|-heal|p2a: Zarude|539/584|[from] Grassy Terrain\n|-heal|p2a: Zarude|557/584|[from] item: Leftovers\n|-heal|p1a: Toxicroak|503/554|[from] Grassy Terrain\n|upkeep\n|-end|p2a: Zarude|Dynamax\n|-heal|p2a: Zarude|279/292|[silent]\n|turn|13\n|\n|t:|1685367929\n|move|p2a: Zarude|Power Whip|p1a: Toxicroak\n|-resisted|p1a: Toxicroak\n|-damage|p1a: Toxicroak|336/554\n|move|p1a: Toxicroak|Max Knuckle|p2a: Zarude\n|-supereffective|p2a: Zarude\n|-damage|p2a: Zarude|123/292\n|-boost|p1a: Toxicroak|atk|1\n|-damage|p1a: Toxicroak|309/554|[from] item: Life Orb\n|\n|-heal|p2a: Zarude|141/292|[from] Grassy Terrain\n|-heal|p2a: Zarude|159/292|[from] item: Leftovers\n|-heal|p1a: Toxicroak|326/554|[from] Grassy Terrain\n|upkeep\n|turn|14\n|inactive|Amaranth has 270 seconds left.\n|\n|t:|1685367940\n|move|p2a: Zarude|Power Whip|p1a: Toxicroak\n|-resisted|p1a: Toxicroak\n|-damage|p1a: Toxicroak|168/554\n|move|p1a: Toxicroak|Max Knuckle|p2a: Zarude\n|-supereffective|p2a: Zarude\n|-damage|p2a: Zarude|0 fnt\n|-boost|p1a: Toxicroak|atk|1\n|faint|p2a: Zarude\n|-damage|p1a: Toxicroak|141/554|[from] item: Life Orb\n|\n|-heal|p1a: Toxicroak|158/554|[from] Grassy Terrain\n|-fieldend|move: Grassy Terrain\n|upkeep\n|\n|t:|1685367946\n|switch|p2a: Zeraora|Zeraora, L76|259/259\n|-end|p1a: Toxicroak|Dynamax\n|-heal|p1a: Toxicroak|79/277|[silent]\n|turn|15\n|\n|t:|1685367951\n|switch|p1a: Swampert|Swampert, L80, F|291/291\n|-damage|p1a: Swampert|255/291|[from] Spikes\n|move|p2a: Zeraora|Plasma Fists|p1a: Swampert\n|-immune|p1a: Swampert\n|\n|-heal|p1a: Swampert|273/291|[from] item: Leftovers\n|upkeep\n|turn|16\n|\n|t:|1685367956\n|switch|p2a: Sawk|Sawk, L86, M|269/269\n|-ability|p2a: Sawk|Mold Breaker\n|move|p1a: Swampert|Toxic|p2a: Sawk\n|-status|p2a: Sawk|tox\n|\n|-heal|p1a: Swampert|291/291|[from] item: Leftovers\n|-damage|p2a: Sawk|253/269 tox|[from] psn\n|upkeep\n|turn|17\n|\n|t:|1685367980\n|switch|p1a: Toxicroak|Toxicroak, L84, M|79/277\n|-damage|p1a: Toxicroak|45/277|[from] Spikes\n|move|p2a: Sawk|Close Combat|p1a: Toxicroak\n|-resisted|p1a: Toxicroak\n|-damage|p1a: Toxicroak|0 fnt\n|-unboost|p2a: Sawk|def|1\n|-unboost|p2a: Sawk|spd|1\n|faint|p1a: Toxicroak\n|-damage|p2a: Sawk|227/269 tox|[from] item: Life Orb\n|\n|-damage|p2a: Sawk|195/269 tox|[from] psn\n|upkeep\n|inactive|Amaranth has 270 seconds left.\n|\n|t:|1685368008\n|switch|p1a: Necrozma|Necrozma-Dusk-Mane, L67|241/241\n|-damage|p1a: Necrozma|211/241|[from] Spikes\n|turn|18\n|\n|t:|1685368013\n|move|p2a: Sawk|Close Combat|p1a: Necrozma\n|-damage|p1a: Necrozma|0 fnt\n|-unboost|p2a: Sawk|def|1\n|-unboost|p2a: Sawk|spd|1\n|faint|p1a: Necrozma\n|-damage|p2a: Sawk|169/269 tox|[from] item: Life Orb\n|\n|-damage|p2a: Sawk|121/269 tox|[from] psn\n|upkeep\n|inactive|Amaranth has 270 seconds left.\n|\n|t:|1685368029\n|switch|p1a: Cresselia|Cresselia, L80, F|323/323\n|turn|19\n|\n|t:|1685368036\n|move|p2a: Sawk|Knock Off|p1a: Cresselia\n|-supereffective|p1a: Cresselia\n|-damage|p1a: Cresselia|149/323\n|-enditem|p1a: Cresselia|Leftovers|[from] move: Knock Off|[of] p2a: Sawk\n|-damage|p2a: Sawk|95/269 tox|[from] item: Life Orb\n|move|p1a: Cresselia|Calm Mind|p1a: Cresselia\n|-boost|p1a: Cresselia|spa|1\n|-boost|p1a: Cresselia|spd|1\n|\n|-damage|p2a: Sawk|31/269 tox|[from] psn\n|upkeep\n|turn|20\n|\n|t:|1685368043\n|move|p2a: Sawk|Close Combat|p1a: Cresselia\n|-resisted|p1a: Cresselia\n|-damage|p1a: Cresselia|66/323\n|-unboost|p2a: Sawk|def|1\n|-unboost|p2a: Sawk|spd|1\n|-damage|p2a: Sawk|5/269 tox|[from] item: Life Orb\n|move|p1a: Cresselia|Moonlight|p1a: Cresselia\n|-heal|p1a: Cresselia|227/323\n|\n|-damage|p2a: Sawk|0 fnt|[from] psn\n|faint|p2a: Sawk\n|upkeep\n|\n|t:|1685368053\n|switch|p2a: Omastar|Omastar, L82, M|249/249\n|turn|21\n|\n|t:|1685368069\n|move|p1a: Cresselia|Calm Mind|p1a: Cresselia\n|-boost|p1a: Cresselia|spa|1\n|-boost|p1a: Cresselia|spd|1\n|move|p2a: Omastar|Shell Smash|p2a: Omastar\n|-unboost|p2a: Omastar|def|1\n|-unboost|p2a: Omastar|spd|1\n|-boost|p2a: Omastar|atk|2\n|-boost|p2a: Omastar|spa|2\n|-boost|p2a: Omastar|spe|2\n|-enditem|p2a: Omastar|White Herb\n|-clearnegativeboost|p2a: Omastar|[silent]\n|\n|upkeep\n|turn|22\n|inactive|Amaranth has 270 seconds left.\n|\n|t:|1685368090\n|move|p2a: Omastar|Hydro Pump|p1a: Cresselia\n|-damage|p1a: Cresselia|133/323\n|move|p1a: Cresselia|Moonblast|p2a: Omastar\n|-damage|p2a: Omastar|125/249\n|-unboost|p2a: Omastar|spa|1\n|\n|upkeep\n|turn|23\n|\n|t:|1685368097\n|move|p2a: Omastar|Hydro Pump|p1a: Cresselia\n|-damage|p1a: Cresselia|54/323\n|move|p1a: Cresselia|Moonlight|p1a: Cresselia\n|-heal|p1a: Cresselia|215/323\n|\n|upkeep\n|turn|24\n|\n|t:|1685368107\n|move|p2a: Omastar|Hydro Pump|p1a: Cresselia\n|-damage|p1a: Cresselia|140/323\n|move|p1a: Cresselia|Moonlight|p1a: Cresselia\n|-heal|p1a: Cresselia|301/323\n|\n|upkeep\n|turn|25\n|\n|t:|1685368112\n|move|p2a: Omastar|Hydro Pump|p1a: Cresselia\n|-damage|p1a: Cresselia|231/323\n|move|p1a: Cresselia|Calm Mind|p1a: Cresselia\n|-boost|p1a: Cresselia|spa|1\n|-boost|p1a: Cresselia|spd|1\n|\n|upkeep\n|turn|26\n|\n|t:|1685368115\n|move|p2a: Omastar|Hydro Pump|p1a: Cresselia\n|-damage|p1a: Cresselia|167/323\n|move|p1a: Cresselia|Moonlight|p1a: Cresselia\n|-heal|p1a: Cresselia|323/323\n|\n|upkeep\n|turn|27\n|\n|t:|1685368119\n|move|p2a: Omastar|Ice Beam|p1a: Cresselia\n|-damage|p1a: Cresselia|288/323\n|move|p1a: Cresselia|Moonblast|p2a: Omastar\n|-damage|p2a: Omastar|0 fnt\n|faint|p2a: Omastar\n|\n|upkeep\n|\n|t:|1685368123\n|switch|p2a: Zeraora|Zeraora, L76|259/259\n|turn|28\n|\n|t:|1685368131\n|move|p2a: Zeraora|Plasma Fists|p1a: Cresselia\n|-damage|p1a: Cresselia|213/323\n|-fieldactivate|move: Ion Deluge\n|-hint|Normal-type moves become Electric-type after using Plasma Fists.\n|move|p1a: Cresselia|Psyshock|p2a: Zeraora\n|-damage|p2a: Zeraora|51/259\n|\n|upkeep\n|turn|29\n|\n|t:|1685368137\n|move|p2a: Zeraora|Plasma Fists|p1a: Cresselia\n|-damage|p1a: Cresselia|134/323\n|-fieldactivate|move: Ion Deluge\n|-hint|Normal-type moves become Electric-type after using Plasma Fists.\n|move|p1a: Cresselia|Psyshock|p2a: Zeraora\n|-damage|p2a: Zeraora|0 fnt\n|faint|p2a: Zeraora\n|\n|win|Amaranth\n|c|\u2606Amaranth|gg\n|c|\u2606MitchTEM|gg\n", "inputlog": ">version 6fec31d5a0d4498a06105aa188c9906bc0b6bf95\n>start {\"formatid\":\"gen8randombattle\",\"seed\":[58885,47854,9320,47526]}\n>player p1 {\"name\":\"Amaranth\",\"avatar\":\"#amaranth\",\"rating\":0,\"seed\":[64263,17818,55919,48497]}\n>player p2 {\"name\":\"MitchTEM\",\"avatar\":\"hop-masters\",\"rating\":0,\"seed\":[41169,37122,51513,496]}\n>chat \u2606Amaranth|hf\n>chat \u2606MitchTEM|you too\n>p1 move dracometeor\n>p2 move spikes\n>p1 move sludgewave\n>p2 move destinybond\n>p1 switch 6\n>p2 switch 4\n>p1 move protect\n>p2 switch 6\n>p1 move toxic\n>p2 move strengthsap\n>p1 move toxic\n>p2 move calmmind\n>p1 switch 5\n>p2 move calmmind\n>p1 move payback\n>p2 move thunderbolt\n>p1 move payback\n>p2 move thunderbolt\n>p2 switch 5\n>p1 move bodyslam\n>p2 move bulkup\n>p1 move bodyslam\n>p2 move powerwhip dynamax\n>p1 move bodyslam\n>p2 move powerwhip dynamax\n>p1 switch 4\n>p1 move swordsdance dynamax\n>p2 move powerwhip dynamax\n>p1 move drainpunch dynamax\n>p2 move powerwhip\n>p1 move drainpunch dynamax\n>p2 move powerwhip\n>p2 switch 6\n>p1 switch 5\n>p2 move plasmafists\n>p1 move toxic\n>p2 switch 2\n>p1 switch 5\n>p2 move closecombat\n>p1 switch 2\n>p1 move dragondance\n>p2 move closecombat\n>p1 switch 3\n>p1 move calmmind\n>p2 move knockoff\n>p1 move moonlight\n>p2 move closecombat\n>p2 switch 3\n>p1 move calmmind\n>p2 move shellsmash\n>p1 move moonblast\n>p2 move hydropump\n>p1 move moonlight\n>p2 move hydropump\n>p1 move moonlight\n>p2 move hydropump\n>p1 move calmmind\n>p2 move hydropump\n>p1 move moonlight\n>p2 move hydropump\n>p1 move moonblast\n>p2 move icebeam\n>p2 switch 2\n>p1 move psyshock\n>p2 move plasmafists\n>p1 move psyshock\n>p2 move plasmafists", "uploadtime": 1685368142, "views": 17, "p1id": "amaranth", "p2id": "mitchtem", "formatid": "gen8randombattle", "rating": 0, "private": 0, "password": ""}