{"id": "gen8randombattle-1862080785", "p1": "lauda Mera", "p2": "toxozk", "format": "[Gen 8] Random Battle", "log": "|j|\u2606lauda Mera\n|j|\u2606toxozk\n|t:|1683834995\n|gametype|singles\n|player|p1|lauda Mera|hilbert-wonderlauncher|1416\n|player|p2|toxozk|caitlin|1442\n|teamsize|p1|6\n|teamsize|p2|6\n|gen|8\n|tier|[Gen 8] Random Battle\n|rated|\n|rule|Species Clause: Limit one of each Pok\u00e9mon\n|rule|HP Percentage Mod: HP is shown in percentages\n|rule|Sleep Clause Mod: Limit one foe put to sleep\n|\n|t:|1683834995\n|start\n|switch|p1a: Gothitelle|Gothitelle, L86, M|261/261\n|switch|p2a: Wishiwashi|Wishiwashi, L84, M|213/213\n|-formechange|p2a: Wishiwashi|Wishiwashi-School||[from] ability: Schooling\n|turn|1\n|inactive|Battle timer is ON: inactive players will automatically lose when time's up. (requested by toxozk)\n|inactive|lauda Mera also wants the timer to be on.\n|\n|t:|1683835010\n|move|p1a: Gothitelle|Nasty Plot|p1a: Gothitelle\n|-boost|p1a: Gothitelle|spa|2\n|move|p2a: Wishiwashi|U-turn|p1a: Gothitelle\n|-supereffective|p1a: Gothitelle\n|-damage|p1a: Gothitelle|133/261\n|\n|t:|1683835037\n|switch|p2a: Electivire|Electivire, L82, M|257/257|[from] U-turn\n|\n|-heal|p1a: Gothitelle|149/261|[from] item: Leftovers\n|upkeep\n|turn|2\n|\n|t:|1683835047\n|move|p2a: Electivire|Wild Charge|p1a: Gothitelle\n|-damage|p1a: Gothitelle|55/261\n|-damage|p2a: Electivire|233/257|[from] Recoil\n|move|p1a: Gothitelle|Psychic|p2a: Electivire\n|-damage|p2a: Electivire|40/257\n|\n|-heal|p1a: Gothitelle|71/261|[from] item: Leftovers\n|upkeep\n|turn|3\n|\n|t:|1683835053\n|switch|p1a: Gastrodon|Gastrodon, L84, F|324/324\n|move|p2a: Electivire|Wild Charge|p1a: Gastrodon\n|-immune|p1a: Gastrodon\n|\n|upkeep\n|turn|4\n|\n|t:|1683835062\n|move|p2a: Electivire|Wild Charge|p1a: Gastrodon\n|-immune|p1a: Gastrodon\n|move|p1a: Gastrodon|Earthquake|p2a: Electivire\n|-supereffective|p2a: Electivire\n|-damage|p2a: Electivire|0 fnt\n|faint|p2a: Electivire\n|\n|upkeep\n|\n|t:|1683835064\n|switch|p2a: Toxapex|Toxapex, L82, M|216/216\n|turn|5\n|\n|t:|1683835090\n|move|p1a: Gastrodon|Earthquake|p2a: Toxapex\n|-supereffective|p2a: Toxapex\n|-damage|p2a: Toxapex|84/216\n|move|p2a: Toxapex|Toxic|p1a: Gastrodon\n|-status|p1a: Gastrodon|tox\n|\n|-heal|p2a: Toxapex|97/216|[from] item: Black Sludge\n|-damage|p1a: Gastrodon|304/324 tox|[from] psn\n|upkeep\n|turn|6\n|\n|t:|1683835095\n|move|p2a: Toxapex|Baneful Bunker|p2a: Toxapex\n|-singleturn|p2a: Toxapex|move: Protect\n|move|p1a: Gastrodon|Earthquake|p2a: Toxapex\n|-activate|p2a: Toxapex|move: Protect\n|\n|-heal|p1a: Gastrodon|324/324 tox|[from] item: Leftovers\n|-heal|p2a: Toxapex|110/216|[from] item: Black Sludge\n|-damage|p1a: Gastrodon|284/324 tox|[from] psn\n|upkeep\n|turn|7\n|\n|t:|1683835106\n|switch|p2a: Wishiwashi|Wishiwashi, L84, M|213/213\n|-formechange|p2a: Wishiwashi|Wishiwashi-School||[from] ability: Schooling\n|move|p1a: Gastrodon|Earthquake|p2a: Wishiwashi\n|-damage|p2a: Wishiwashi|146/213\n|\n|-heal|p1a: Gastrodon|304/324 tox|[from] item: Leftovers\n|-damage|p1a: Gastrodon|244/324 tox|[from] psn\n|upkeep\n|turn|8\n|inactive|lauda Mera has 120 seconds left.\n|\n|t:|1683835143\n|move|p1a: Gastrodon|Earthquake|p2a: Wishiwashi\n|-damage|p2a: Wishiwashi|70/213\n|move|p2a: Wishiwashi|U-turn|p1a: Gastrodon\n|-damage|p1a: Gastrodon|160/324 tox\n|\n|t:|1683835150\n|switch|p2a: Toxapex|Toxapex, L82, M|182/216|[from] U-turn\n|\n|-heal|p1a: Gastrodon|180/324 tox|[from] item: Leftovers\n|-heal|p2a: Toxapex|195/216|[from] item: Black Sludge\n|-damage|p1a: Gastrodon|100/324 tox|[from] psn\n|upkeep\n|turn|9\n|inactive|lauda Mera has 120 seconds left.\n|\n|t:|1683835166\n|switch|p1a: Gothitelle|Gothitelle, L86, M|71/261\n|move|p2a: Toxapex|Toxic|p1a: Gothitelle\n|-status|p1a: Gothitelle|tox\n|\n|-heal|p1a: Gothitelle|87/261 tox|[from] item: Leftovers\n|-heal|p2a: Toxapex|208/216|[from] item: Black Sludge\n|-damage|p1a: Gothitelle|71/261 tox|[from] psn\n|upkeep\n|turn|10\n|inactive|lauda Mera has 120 seconds left.\n|\n|t:|1683835171\n|switch|p1a: Bisharp|Bisharp, L80, M|235/235\n|move|p2a: Toxapex|Baneful Bunker||[still]\n|-fail|p2a: Toxapex\n|\n|-heal|p2a: Toxapex|216/216|[from] item: Black Sludge\n|upkeep\n|turn|11\n|\n|t:|1683835176\n|move|p1a: Bisharp|Swords Dance|p1a: Bisharp\n|-boost|p1a: Bisharp|atk|2\n|move|p2a: Toxapex|Scald|p1a: Bisharp\n|-damage|p1a: Bisharp|169/235\n|-status|p1a: Bisharp|brn\n|\n|-damage|p1a: Bisharp|155/235 brn|[from] brn\n|upkeep\n|turn|12\n|\n|t:|1683835188\n|move|p1a: Bisharp|Swords Dance|p1a: Bisharp\n|-boost|p1a: Bisharp|atk|2\n|move|p2a: Toxapex|Scald|p1a: Bisharp\n|-damage|p1a: Bisharp|89/235 brn\n|\n|-damage|p1a: Bisharp|75/235 brn|[from] brn\n|upkeep\n|turn|13\n|\n|t:|1683835192\n|move|p2a: Toxapex|Baneful Bunker|p2a: Toxapex\n|-singleturn|p2a: Toxapex|move: Protect\n|move|p1a: Bisharp|Knock Off|p2a: Toxapex\n|-activate|p2a: Toxapex|move: Protect\n|\n|-damage|p1a: Bisharp|61/235 brn|[from] brn\n|upkeep\n|turn|14\n|inactive|lauda Mera has 120 seconds left.\n|\n|t:|1683835233\n|switch|p2a: Wishiwashi|Wishiwashi, L84, M|70/213\n|-formechange|p2a: Wishiwashi|Wishiwashi-School||[from] ability: Schooling\n|move|p1a: Bisharp|Knock Off|p2a: Wishiwashi\n|-damage|p2a: Wishiwashi|0 fnt\n|-enditem|p2a: Wishiwashi|Assault Vest|[from] move: Knock Off|[of] p1a: Bisharp\n|faint|p2a: Wishiwashi\n|-damage|p1a: Bisharp|38/235 brn|[from] item: Life Orb\n|\n|-damage|p1a: Bisharp|24/235 brn|[from] brn\n|upkeep\n|\n|t:|1683835255\n|switch|p2a: Indeedee|Indeedee-F, L85, F|258/258\n|-fieldstart|move: Psychic Terrain|[from] ability: Psychic Surge|[of] p2a: Indeedee\n|turn|15\n|inactive|lauda Mera has 120 seconds left.\n|\n|t:|1683835260\n|move|p2a: Indeedee|Mystical Fire|p1a: Bisharp\n|-supereffective|p1a: Bisharp\n|-damage|p1a: Bisharp|0 fnt\n|faint|p1a: Bisharp\n|-damage|p2a: Indeedee|233/258|[from] item: Life Orb\n|\n|upkeep\n|inactive|lauda Mera has 120 seconds left.\n|\n|t:|1683835267\n|switch|p1a: Cobalion|Cobalion, L78|270/270\n|turn|16\n|\n|t:|1683835279\n|move|p1a: Cobalion|Iron Head|p2a: Indeedee\n|-damage|p2a: Indeedee|140/258\n|move|p2a: Indeedee|Expanding Force|p1a: Cobalion\n|-damage|p1a: Cobalion|75/270\n|-damage|p2a: Indeedee|115/258|[from] item: Life Orb\n|\n|upkeep\n|turn|17\n|\n|t:|1683835292\n|move|p1a: Cobalion|Close Combat|p2a: Indeedee\n|-crit|p2a: Indeedee\n|-damage|p2a: Indeedee|0 fnt\n|-unboost|p1a: Cobalion|def|1\n|-unboost|p1a: Cobalion|spd|1\n|faint|p2a: Indeedee\n|\n|upkeep\n|\n|t:|1683835298\n|switch|p2a: Aerodactyl|Aerodactyl, L82, M|265/265\n|-ability|p2a: Aerodactyl|Unnerve\n|turn|18\n|\n|t:|1683835314\n|switch|p1a: Gastrodon|Gastrodon, L84, F|100/324 tox\n|-start|p2a: Aerodactyl|Dynamax|\n|-heal|p2a: Aerodactyl|530/530|[silent]\n|move|p2a: Aerodactyl|Max Rockfall|p1a: Gastrodon\n|-resisted|p1a: Gastrodon\n|-damage|p1a: Gastrodon|13/324 tox\n|-weather|Sandstorm\n|\n|-weather|Sandstorm|[upkeep]\n|-heal|p1a: Gastrodon|33/324 tox|[from] item: Leftovers\n|-damage|p1a: Gastrodon|13/324 tox|[from] psn\n|upkeep\n|turn|19\n|\n|t:|1683835319\n|move|p2a: Aerodactyl|Max Quake|p1a: Gastrodon\n|-damage|p1a: Gastrodon|0 fnt\n|-boost|p2a: Aerodactyl|spd|1\n|faint|p1a: Gastrodon\n|\n|-weather|Sandstorm|[upkeep]\n|-fieldend|move: Psychic Terrain\n|upkeep\n|\n|t:|1683835323\n|switch|p1a: Palkia|Palkia, L74|255/255\n|-ability|p1a: Palkia|Pressure\n|turn|20\n|\n|t:|1683835329\n|-start|p1a: Palkia|Dynamax|\n|-heal|p1a: Palkia|510/510|[silent]\n|move|p1a: Palkia|Max Guard|p1a: Palkia\n|-singleturn|p1a: Palkia|Max Guard\n|move|p2a: Aerodactyl|Max Quake|p1a: Palkia\n|-activate|p1a: Palkia|move: Max Guard\n|\n|-weather|Sandstorm|[upkeep]\n|-damage|p1a: Palkia|495/510|[from] Sandstorm\n|upkeep\n|-end|p2a: Aerodactyl|Dynamax\n|-heal|p2a: Aerodactyl|265/265|[silent]\n|turn|21\n|\n|t:|1683835339\n|move|p2a: Aerodactyl|Earthquake|p1a: Palkia\n|-damage|p1a: Palkia|420/510\n|move|p1a: Palkia|Max Geyser|p2a: Aerodactyl\n|-supereffective|p2a: Aerodactyl\n|-damage|p2a: Aerodactyl|55/265\n|-weather|RainDance\n|\n|-weather|RainDance|[upkeep]\n|upkeep\n|turn|22\n|\n|t:|1683835347\n|move|p2a: Aerodactyl|Stone Edge|p1a: Palkia\n|-damage|p1a: Palkia|314/510\n|move|p1a: Palkia|Max Wyrmwind|p2a: Aerodactyl\n|-damage|p2a: Aerodactyl|0 fnt\n|faint|p2a: Aerodactyl\n|\n|-weather|RainDance|[upkeep]\n|upkeep\n|\n|t:|1683835350\n|switch|p2a: Toxapex|Toxapex, L82, M|216/216\n|-end|p1a: Palkia|Dynamax\n|-heal|p1a: Palkia|157/255|[silent]\n|turn|23\n|\n|t:|1683835354\n|move|p1a: Palkia|Spacial Rend|p2a: Toxapex\n|-crit|p2a: Toxapex\n|-damage|p2a: Toxapex|65/216\n|move|p2a: Toxapex|Toxic|p1a: Palkia\n|-status|p1a: Palkia|tox\n|\n|-weather|RainDance|[upkeep]\n|-heal|p2a: Toxapex|78/216|[from] item: Black Sludge\n|-damage|p1a: Palkia|142/255 tox|[from] psn\n|upkeep\n|turn|24\n|\n|t:|1683835359\n|move|p2a: Toxapex|Baneful Bunker|p2a: Toxapex\n|-singleturn|p2a: Toxapex|move: Protect\n|move|p1a: Palkia|Spacial Rend|p2a: Toxapex\n|-activate|p2a: Toxapex|move: Protect\n|\n|-weather|RainDance|[upkeep]\n|-heal|p2a: Toxapex|91/216|[from] item: Black Sludge\n|-damage|p1a: Palkia|112/255 tox|[from] psn\n|upkeep\n|turn|25\n|\n|t:|1683835361\n|move|p1a: Palkia|Spacial Rend|p2a: Toxapex\n|-damage|p2a: Toxapex|0 fnt\n|faint|p2a: Toxapex\n|\n|-weather|none\n|-damage|p1a: Palkia|67/255 tox|[from] psn\n|upkeep\n|\n|t:|1683835365\n|switch|p2a: Palossand|Palossand, L86, F|286/286\n|turn|26\n|\n|t:|1683835374\n|move|p1a: Palkia|Hydro Pump|p2a: Palossand\n|-supereffective|p2a: Palossand\n|-damage|p2a: Palossand|0 fnt\n|faint|p2a: Palossand\n|\n|win|lauda Mera\n|raw|lauda Mera's rating: 1402 &rarr; <strong>1424</strong><br />(+22 for winning)\n|raw|toxozk's rating: 1442 &rarr; <strong>1420</strong><br />(-22 for losing)\n", "inputlog": ">version bce759c5f189753f4322d11c9e5aa78bbe1b1bf9\n>start {\"formatid\":\"gen8randombattle\",\"seed\":[9366,28780,12706,5233],\"rated\":\"Rated battle\"}\n>player p1 {\"name\":\"lauda Mera\",\"avatar\":\"hilbert-wonderlauncher\",\"rating\":1416,\"seed\":[42917,48490,34064,19691]}\n>player p2 {\"name\":\"toxozk\",\"avatar\":\"caitlin\",\"rating\":1442,\"seed\":[24409,35443,45646,30610]}\n>p1 move nastyplot\n>p2 move uturn\n>p2 switch 5\n>p1 move psychic\n>p2 move wildcharge\n>p1 switch 4\n>p2 move wildcharge\n>p1 move earthquake\n>p2 move wildcharge\n>p2 switch 2\n>p1 move earthquake\n>p2 move toxic\n>p1 move earthquake\n>p2 move banefulbunker\n>p1 move earthquake\n>p2 switch 5\n>p1 move earthquake\n>p2 move uturn\n>p2 switch 5\n>p1 switch 4\n>p2 move toxic\n>p1 switch 5\n>p2 move banefulbunker\n>p1 move swordsdance\n>p2 move scald\n>p1 move swordsdance\n>p2 move scald\n>p1 move knockoff\n>p2 move banefulbunker\n>p1 move knockoff\n>p2 switch 5\n>p2 switch 6\n>p1 move knockoff\n>p2 move mysticalfire\n>p1 switch 2\n>p1 move ironhead\n>p2 move expandingforce\n>p1 move closecombat\n>p2 move expandingforce\n>p2 switch 4\n>p1 switch 4\n>p2 move stoneedge dynamax\n>p1 move scald\n>p2 move earthquake dynamax\n>p1 switch 3\n>p1 move thunderwave dynamax\n>p2 move earthquake dynamax\n>p1 move hydropump dynamax\n>p2 move earthquake\n>p1 move spacialrend dynamax\n>p2 move stoneedge\n>p2 switch 5\n>p1 move spacialrend\n>p2 move toxic\n>p1 move spacialrend\n>p2 move banefulbunker\n>p1 move spacialrend\n>p2 move recover\n>p2 switch 3\n>p1 move hydropump\n>p2 move shoreup", "uploadtime": 1683835377, "views": 4, "p1id": "laudamera", "p2id": "toxozk", "formatid": "gen8randombattle", "rating": 1420, "private": 0, "password": ""}