{"id": "gen8randombattle-1865852686", "p1": "lisavittozzi", "p2": "Sparna_of_Yomi", "format": "[Gen 8] Random Battle", "log": "|j|\u203dlisavittozzi\n|j|\u2606Sparna_of_Yomi\n|t:|1684343978\n|gametype|singles\n|player|p1|lisavittozzi|1|1492\n|player|p2|Sparna_of_Yomi|blackbelt|1484\n|teamsize|p1|6\n|teamsize|p2|6\n|gen|8\n|tier|[Gen 8] Random Battle\n|rated|\n|rule|Species Clause: Limit one of each Pok\u00e9mon\n|rule|HP Percentage Mod: HP is shown in percentages\n|rule|Sleep Clause Mod: Limit one foe put to sleep\n|\n|t:|1684343978\n|start\n|switch|p1a: Polteageist|Polteageist, L78|222/222\n|switch|p2a: Ditto|Ditto, L76|198/198\n|-transform|p2a: Ditto|p1a: Polteageist|[from] ability: Imposter\n|turn|1\n|inactive|Battle timer is ON: inactive players will automatically lose when time's up. (requested by Sparna_of_Yomi)\n|\n|t:|1684344018\n|switch|p2a: Dragalge|Dragalge, L86, F|252/252\n|switch|p1a: Pyukumuku|Pyukumuku, L84, M|230/230\n|\n|upkeep\n|turn|2\n|\n|t:|1684344043\n|switch|p1a: Mudsdale|Mudsdale, L82, F|298/298\n|move|p2a: Dragalge|Sludge Wave|p1a: Mudsdale\n|-resisted|p1a: Mudsdale\n|-damage|p1a: Mudsdale|193/298\n|-ability|p1a: Mudsdale|Stamina|boost\n|-boost|p1a: Mudsdale|def|1\n|\n|-heal|p1a: Mudsdale|211/298|[from] item: Leftovers\n|upkeep\n|turn|3\n|\n|t:|1684344055\n|switch|p2a: Kingler|Kingler, L84, F|230/230\n|move|p1a: Mudsdale|Earthquake|p2a: Kingler\n|-damage|p2a: Kingler|137/230\n|\n|-heal|p1a: Mudsdale|229/298|[from] item: Leftovers\n|upkeep\n|turn|4\n|\n|t:|1684344069\n|move|p2a: Kingler|Liquidation|p1a: Mudsdale\n|-supereffective|p1a: Mudsdale\n|-damage|p1a: Mudsdale|0 fnt\n|faint|p1a: Mudsdale\n|\n|upkeep\n|\n|t:|1684344081\n|switch|p1a: Pyukumuku|Pyukumuku, L84, M|230/230\n|turn|5\n|\n|t:|1684344089\n|move|p2a: Kingler|Superpower|p1a: Pyukumuku\n|-damage|p1a: Pyukumuku|134/230\n|-unboost|p2a: Kingler|atk|1\n|-unboost|p2a: Kingler|def|1\n|-damage|p2a: Kingler|114/230|[from] item: Life Orb\n|move|p1a: Pyukumuku|Toxic|p2a: Kingler\n|-status|p2a: Kingler|tox\n|\n|-heal|p1a: Pyukumuku|148/230|[from] item: Leftovers\n|-damage|p2a: Kingler|100/230 tox|[from] psn\n|upkeep\n|turn|6\n|\n|t:|1684344101\n|move|p2a: Kingler|Superpower|p1a: Pyukumuku\n|-damage|p1a: Pyukumuku|45/230\n|-unboost|p2a: Kingler|atk|1\n|-unboost|p2a: Kingler|def|1\n|-damage|p2a: Kingler|77/230 tox|[from] item: Life Orb\n|move|p1a: Pyukumuku|Toxic|p2a: Kingler\n|-fail|p2a: Kingler|tox\n|\n|-heal|p1a: Pyukumuku|59/230|[from] item: Leftovers\n|-damage|p2a: Kingler|49/230 tox|[from] psn\n|upkeep\n|turn|7\n|\n|t:|1684344122\n|move|p2a: Kingler|Liquidation|p1a: Pyukumuku\n|-resisted|p1a: Pyukumuku\n|-damage|p1a: Pyukumuku|0 fnt\n|faint|p1a: Pyukumuku\n|\n|-damage|p2a: Kingler|7/230 tox|[from] psn\n|upkeep\n|inactive|lisavittozzi has 120 seconds left.\n|\n|t:|1684344142\n|switch|p1a: Pangoro|Pangoro, L84, F|297/297\n|turn|8\n|\n|t:|1684344148\n|switch|p1a: Polteageist|Polteageist, L78|222/222\n|move|p2a: Kingler|Liquidation|p1a: Polteageist\n|-damage|p1a: Polteageist|101/222\n|\n|-damage|p2a: Kingler|0 fnt|[from] psn\n|faint|p2a: Kingler\n|upkeep\n|\n|t:|1684344161\n|switch|p2a: Victini|Victini, L78|283/283\n|turn|9\n|\n|t:|1684344169\n|move|p2a: Victini|V-create|p1a: Polteageist\n|-damage|p1a: Polteageist|0 fnt\n|-unboost|p2a: Victini|spe|1\n|-unboost|p2a: Victini|def|1\n|-unboost|p2a: Victini|spd|1\n|-start|p2a: Victini|Disable|V-create|[from] ability: Cursed Body|[of] p1a: Polteageist\n|faint|p1a: Polteageist\n|\n|upkeep\n|\n|t:|1684344180\n|switch|p1a: Tapu Bulu|Tapu Bulu, L82|249/249\n|-fieldstart|move: Grassy Terrain|[from] ability: Grassy Surge|[of] p1a: Tapu Bulu\n|turn|10\n|\n|t:|1684344191\n|switch|p2a: Dragalge|Dragalge, L86, F|252/252\n|move|p1a: Tapu Bulu|Swords Dance|p1a: Tapu Bulu\n|-boost|p1a: Tapu Bulu|atk|2\n|\n|upkeep\n|turn|11\n|\n|t:|1684344202\n|switch|p1a: Stonjourner|Stonjourner, L88, M|319/319\n|move|p2a: Dragalge|Sludge Wave|p1a: Stonjourner\n|-resisted|p1a: Stonjourner\n|-damage|p1a: Stonjourner|78/319\n|\n|-heal|p1a: Stonjourner|97/319|[from] Grassy Terrain\n|upkeep\n|turn|12\n|\n|t:|1684344211\n|switch|p2a: Heracross|Heracross, L82, M|265/265\n|move|p1a: Stonjourner|Earthquake|p2a: Heracross\n|-resisted|p2a: Heracross\n|-damage|p2a: Heracross|231/265\n|-damage|p1a: Stonjourner|66/319|[from] item: Life Orb\n|\n|-heal|p2a: Heracross|247/265|[from] Grassy Terrain\n|-heal|p1a: Stonjourner|85/319|[from] Grassy Terrain\n|-status|p2a: Heracross|brn|[from] item: Flame Orb\n|upkeep\n|turn|13\n|\n|t:|1684344228\n|move|p2a: Heracross|Knock Off|p1a: Stonjourner\n|-damage|p1a: Stonjourner|7/319\n|-enditem|p1a: Stonjourner|Life Orb|[from] move: Knock Off|[of] p2a: Heracross\n|move|p1a: Stonjourner|Heat Crash|p2a: Heracross\n|-supereffective|p2a: Heracross\n|-damage|p2a: Heracross|0 fnt\n|faint|p2a: Heracross\n|\n|-heal|p1a: Stonjourner|26/319|[from] Grassy Terrain\n|upkeep\n|\n|t:|1684344241\n|switch|p2a: Victini|Victini, L78|283/283\n|turn|14\n|\n|t:|1684344248\n|move|p2a: Victini|Energy Ball|p1a: Stonjourner\n|-supereffective|p1a: Stonjourner\n|-damage|p1a: Stonjourner|0 fnt\n|faint|p1a: Stonjourner\n|\n|-fieldend|move: Grassy Terrain\n|upkeep\n|\n|t:|1684344254\n|switch|p1a: Pangoro|Pangoro, L84, F|297/297\n|turn|15\n|\n|t:|1684344260\n|move|p2a: Victini|U-turn|p1a: Pangoro\n|-damage|p1a: Pangoro|251/297\n|\n|t:|1684344263\n|switch|p2a: Ditto|Ditto, L76|198/198|[from] U-turn\n|-transform|p2a: Ditto|p1a: Pangoro|[from] ability: Imposter\n|move|p1a: Pangoro|Knock Off|p2a: Ditto\n|-resisted|p2a: Ditto\n|-damage|p2a: Ditto|147/198\n|-enditem|p2a: Ditto|Choice Scarf|[from] move: Knock Off|[of] p1a: Pangoro\n|\n|upkeep\n|turn|16\n|\n|t:|1684344273\n|-start|p1a: Pangoro|Dynamax|\n|-heal|p1a: Pangoro|502/594|[silent]\n|move|p1a: Pangoro|Max Knuckle|p2a: Ditto\n|-supereffective|p2a: Ditto\n|-damage|p2a: Ditto|0 fnt\n|-boost|p1a: Pangoro|atk|1\n|faint|p2a: Ditto\n|\n|upkeep\n|\n|t:|1684344285\n|switch|p2a: Dragalge|Dragalge, L86, F|252/252\n|turn|17\n|\n|t:|1684344289\n|-start|p2a: Dragalge|Dynamax|\n|-heal|p2a: Dragalge|504/504|[silent]\n|move|p1a: Pangoro|Max Hailstorm|p2a: Dragalge\n|-supereffective|p2a: Dragalge\n|-damage|p2a: Dragalge|210/504\n|-weather|Hail\n|move|p2a: Dragalge|Max Wyrmwind|p1a: Pangoro\n|-damage|p1a: Pangoro|246/594\n|-unboost|p1a: Pangoro|atk|1\n|\n|-weather|Hail|[upkeep]\n|-damage|p1a: Pangoro|228/594|[from] Hail\n|-damage|p2a: Dragalge|195/504|[from] Hail\n|upkeep\n|turn|18\n|\n|t:|1684344302\n|move|p1a: Pangoro|Max Hailstorm|p2a: Dragalge\n|-supereffective|p2a: Dragalge\n|-damage|p2a: Dragalge|0 fnt\n|faint|p2a: Dragalge\n|\n|-weather|Hail|[upkeep]\n|-damage|p1a: Pangoro|210/594|[from] Hail\n|upkeep\n|\n|t:|1684344309\n|switch|p2a: Victini|Victini, L78|283/283\n|-end|p1a: Pangoro|Dynamax\n|-heal|p1a: Pangoro|105/297|[silent]\n|turn|19\n|\n|t:|1684344314\n|move|p2a: Victini|V-create|p1a: Pangoro\n|-damage|p1a: Pangoro|0 fnt\n|-unboost|p2a: Victini|spe|1\n|-unboost|p2a: Victini|def|1\n|-unboost|p2a: Victini|spd|1\n|faint|p1a: Pangoro\n|\n|-weather|Hail|[upkeep]\n|-damage|p2a: Victini|266/283|[from] Hail\n|upkeep\n|\n|t:|1684344323\n|switch|p1a: Tapu Bulu|Tapu Bulu, L82|249/249\n|-fieldstart|move: Grassy Terrain|[from] ability: Grassy Surge|[of] p1a: Tapu Bulu\n|turn|20\n|\n|t:|1684344328\n|move|p1a: Tapu Bulu|Swords Dance|p1a: Tapu Bulu\n|-boost|p1a: Tapu Bulu|atk|2\n|move|p2a: Victini|V-create|p1a: Tapu Bulu\n|-supereffective|p1a: Tapu Bulu\n|-damage|p1a: Tapu Bulu|0 fnt\n|-unboost|p2a: Victini|spe|1\n|-unboost|p2a: Victini|def|1\n|-unboost|p2a: Victini|spd|1\n|faint|p1a: Tapu Bulu\n|\n|win|Sparna_of_Yomi\n|raw|lisavittozzi's rating: 1492 &rarr; <strong>1472</strong><br />(-20 for losing)\n|raw|Sparna_of_Yomi's rating: 1484 &rarr; <strong>1504</strong><br />(+20 for winning)\n|c|\u2606Sparna_of_Yomi|gg\n", "inputlog": ">version 3f967b429d9dd76d8eb692efdd7dfe9038092d20\n>start {\"formatid\":\"gen8randombattle\",\"seed\":[59149,41184,64334,35378],\"rated\":\"Rated battle\"}\n>player p1 {\"name\":\"lisavittozzi\",\"avatar\":\"1\",\"rating\":1492,\"seed\":[42616,25861,54368,22563]}\n>player p2 {\"name\":\"Sparna_of_Yomi\",\"avatar\":\"blackbelt\",\"rating\":1484,\"seed\":[21066,34214,55143,63678]}\n>p1 switch 2\n>p2 switch 4\n>p1 switch 3\n>p2 move sludgewave\n>p1 move earthquake\n>p2 switch 6\n>p1 move bodypress\n>p2 move liquidation\n>p1 switch 3\n>p1 move toxic\n>p2 move superpower\n>p1 move toxic\n>p2 move superpower\n>p1 move recover\n>p2 move liquidation\n>p1 switch 6\n>p1 switch 2\n>p2 move liquidation\n>p2 switch 5\n>p1 move shellsmash\n>p2 move vcreate\n>p1 switch 5\n>p1 move swordsdance\n>p2 switch 6\n>p1 switch 4\n>p2 move sludgewave\n>p1 move earthquake\n>p2 switch 2\n>p1 move heatcrash\n>p2 move knockoff\n>p2 switch 6\n>p1 move stoneedge\n>p2 move energyball\n>p1 switch 2\n>p1 move knockoff\n>p2 move uturn\n>p2 switch 4\n>p1 move closecombat dynamax\n>p2 move gunkshot\n>p2 switch 2\n>p1 move icepunch dynamax\n>p2 move dracometeor dynamax\n>p1 move icepunch dynamax\n>p2 move sludgewave dynamax\n>p2 switch 4\n>p1 move knockoff\n>p2 move vcreate\n>p1 switch 4\n>p1 move swordsdance\n>p2 move vcreate", "uploadtime": 1684344334, "views": 5, "p1id": "lisavittozzi", "p2id": "sparnaofyomi", "formatid": "gen8randombattle", "rating": 1472, "private": 0, "password": ""}