{"id": "gen8randombattle-1872991758", "p1": "tub53", "p2": "kit0.exe", "format": "[Gen 8] Random Battle", "log": "|j|\u2606tub53\n|j|\u2606kit0.exe\n|t:|1685309586\n|gametype|singles\n|player|p1|tub53|byron|1142\n|player|p2|kit0.exe|ethan|1069\n|teamsize|p1|6\n|teamsize|p2|6\n|gen|8\n|tier|[Gen 8] Random Battle\n|rated|\n|rule|Species Clause: Limit one of each Pok\u00e9mon\n|rule|HP Percentage Mod: HP is shown in percentages\n|rule|Sleep Clause Mod: Limit one foe put to sleep\n|\n|t:|1685309586\n|start\n|switch|p1a: Mantine|Mantine, L86, M|286/286\n|switch|p2a: Barbaracle|Barbaracle, L80, M|246/246\n|turn|1\n|inactive|Battle timer is ON: inactive players will automatically lose when time's up. (requested by tub53)\n|\n|t:|1685309600\n|move|p1a: Mantine|Toxic|p2a: Barbaracle\n|-status|p2a: Barbaracle|tox\n|move|p2a: Barbaracle|Shell Smash|p2a: Barbaracle\n|-unboost|p2a: Barbaracle|def|1\n|-unboost|p2a: Barbaracle|spd|1\n|-boost|p2a: Barbaracle|atk|2\n|-boost|p2a: Barbaracle|spa|2\n|-boost|p2a: Barbaracle|spe|2\n|-enditem|p2a: Barbaracle|White Herb\n|-clearnegativeboost|p2a: Barbaracle|[silent]\n|\n|-damage|p2a: Barbaracle|231/246 tox|[from] psn\n|upkeep\n|turn|2\n|\n|t:|1685309624\n|move|p2a: Barbaracle|Stone Edge|p1a: Mantine\n|-supereffective|p1a: Mantine\n|-damage|p1a: Mantine|0 fnt\n|faint|p1a: Mantine\n|\n|-damage|p2a: Barbaracle|201/246 tox|[from] psn\n|upkeep\n|\n|t:|1685309648\n|switch|p1a: Mamoswine|Mamoswine, L80, M|307/307\n|turn|3\n|\n|t:|1685309660\n|move|p2a: Barbaracle|Liquidation|p1a: Mamoswine\n|-supereffective|p1a: Mamoswine\n|-damage|p1a: Mamoswine|0 fnt\n|faint|p1a: Mamoswine\n|\n|-damage|p2a: Barbaracle|156/246 tox|[from] psn\n|upkeep\n|\n|t:|1685309670\n|switch|p1a: Hitmonchan|Hitmonchan, L86, M|226/226\n|turn|4\n|\n|t:|1685309691\n|move|p1a: Hitmonchan|Mach Punch|p2a: Barbaracle\n|-supereffective|p2a: Barbaracle\n|-damage|p2a: Barbaracle|31/246 tox\n|-damage|p1a: Hitmonchan|204/226|[from] item: Life Orb\n|move|p2a: Barbaracle|Liquidation|p1a: Hitmonchan\n|-damage|p1a: Hitmonchan|0 fnt\n|faint|p1a: Hitmonchan\n|\n|-damage|p2a: Barbaracle|0 fnt|[from] psn\n|faint|p2a: Barbaracle\n|upkeep\n|inactive|kit0.exe has 120 seconds left.\n|\n|t:|1685309712\n|switch|p1a: Zarude|Zarude, L78|292/292\n|switch|p2a: Zarude|Zarude-Dada, L78|292/292\n|turn|5\n|inactive|tub53 has 120 seconds left.\n|\n|t:|1685309741\n|move|p1a: Zarude|Bulk Up|p1a: Zarude\n|-boost|p1a: Zarude|atk|1\n|-boost|p1a: Zarude|def|1\n|move|p2a: Zarude|Bulk Up|p2a: Zarude\n|-boost|p2a: Zarude|atk|1\n|-boost|p2a: Zarude|def|1\n|\n|upkeep\n|turn|6\n|inactive|kit0.exe has 120 seconds left.\n|\n|t:|1685309770\n|switch|p2a: Cryogonal|Cryogonal, L86|278/278\n|move|p1a: Zarude|Bulk Up|p1a: Zarude\n|-boost|p1a: Zarude|atk|1\n|-boost|p1a: Zarude|def|1\n|\n|upkeep\n|turn|7\n|\n|t:|1685309778\n|move|p2a: Cryogonal|Freeze-Dry|p1a: Zarude\n|-supereffective|p1a: Zarude\n|-damage|p1a: Zarude|134/292\n|move|p1a: Zarude|Darkest Lariat|p2a: Cryogonal\n|-damage|p2a: Cryogonal|0 fnt\n|faint|p2a: Cryogonal\n|\n|-heal|p1a: Zarude|152/292|[from] item: Leftovers\n|upkeep\n|\n|t:|1685309798\n|switch|p2a: Drifblim|Drifblim, L84, M|389/389\n|turn|8\n|\n|t:|1685309810\n|move|p1a: Zarude|Darkest Lariat|p2a: Drifblim\n|-supereffective|p2a: Drifblim\n|-damage|p2a: Drifblim|0 fnt\n|faint|p2a: Drifblim\n|\n|-heal|p1a: Zarude|170/292|[from] item: Leftovers\n|upkeep\n|\n|t:|1685309822\n|switch|p2a: Zarude|Zarude-Dada, L78|292/292\n|turn|9\n|\n|t:|1685309829\n|move|p2a: Zarude|Darkest Lariat|p1a: Zarude\n|-resisted|p1a: Zarude\n|-damage|p1a: Zarude|126/292\n|move|p1a: Zarude|Darkest Lariat|p2a: Zarude\n|-resisted|p2a: Zarude\n|-damage|p2a: Zarude|207/292\n|\n|-heal|p2a: Zarude|225/292|[from] item: Leftovers\n|-heal|p1a: Zarude|144/292|[from] item: Leftovers\n|upkeep\n|turn|10\n|\n|t:|1685309842\n|move|p1a: Zarude|Darkest Lariat|p2a: Zarude\n|-resisted|p2a: Zarude\n|-damage|p2a: Zarude|143/292\n|move|p2a: Zarude|Darkest Lariat|p1a: Zarude\n|-resisted|p1a: Zarude\n|-damage|p1a: Zarude|99/292\n|\n|-heal|p1a: Zarude|117/292|[from] item: Leftovers\n|-heal|p2a: Zarude|161/292|[from] item: Leftovers\n|upkeep\n|turn|11\n|\n|t:|1685309856\n|move|p2a: Zarude|Power Whip|p1a: Zarude\n|-resisted|p1a: Zarude\n|-damage|p1a: Zarude|87/292\n|move|p1a: Zarude|Darkest Lariat|p2a: Zarude\n|-resisted|p2a: Zarude\n|-damage|p2a: Zarude|77/292\n|\n|-heal|p2a: Zarude|95/292|[from] item: Leftovers\n|-heal|p1a: Zarude|105/292|[from] item: Leftovers\n|upkeep\n|turn|12\n|\n|t:|1685309865\n|move|p1a: Zarude|Darkest Lariat|p2a: Zarude\n|-resisted|p2a: Zarude\n|-damage|p2a: Zarude|3/292\n|move|p2a: Zarude|Jungle Healing|p2a: Zarude\n|-heal|p2a: Zarude|76/292\n|\n|-heal|p2a: Zarude|94/292|[from] item: Leftovers\n|-heal|p1a: Zarude|123/292|[from] item: Leftovers\n|upkeep\n|turn|13\n|inactive|kit0.exe has 120 seconds left.\n|\n|t:|1685309874\n|move|p2a: Zarude|Darkest Lariat|p1a: Zarude\n|-resisted|p1a: Zarude\n|-damage|p1a: Zarude|81/292\n|move|p1a: Zarude|Bulk Up|p1a: Zarude\n|-boost|p1a: Zarude|atk|1\n|-boost|p1a: Zarude|def|1\n|\n|-heal|p2a: Zarude|112/292|[from] item: Leftovers\n|-heal|p1a: Zarude|99/292|[from] item: Leftovers\n|upkeep\n|turn|14\n|\n|t:|1685309883\n|move|p2a: Zarude|Darkest Lariat|p1a: Zarude\n|-resisted|p1a: Zarude\n|-damage|p1a: Zarude|58/292\n|move|p1a: Zarude|Darkest Lariat|p2a: Zarude\n|-resisted|p2a: Zarude\n|-damage|p2a: Zarude|9/292\n|\n|-heal|p1a: Zarude|76/292|[from] item: Leftovers\n|-heal|p2a: Zarude|27/292|[from] item: Leftovers\n|upkeep\n|turn|15\n|\n|t:|1685309896\n|move|p1a: Zarude|Darkest Lariat|p2a: Zarude\n|-resisted|p2a: Zarude\n|-damage|p2a: Zarude|0 fnt\n|faint|p2a: Zarude\n|\n|-heal|p1a: Zarude|94/292|[from] item: Leftovers\n|upkeep\n|\n|t:|1685309907\n|switch|p2a: Corsola|Corsola-Galar, L84, F|238/238\n|turn|16\n|\n|t:|1685309913\n|move|p1a: Zarude|Darkest Lariat|p2a: Corsola\n|-supereffective|p2a: Corsola\n|-damage|p2a: Corsola|0 fnt\n|faint|p2a: Corsola\n|\n|-heal|p1a: Zarude|112/292|[from] item: Leftovers\n|upkeep\n|\n|t:|1685309920\n|switch|p2a: Diancie|Diancie, L82|216/216\n|turn|17\n|\n|t:|1685309925\n|-start|p1a: Zarude|Dynamax|\n|-heal|p1a: Zarude|224/584|[silent]\n|move|p1a: Zarude|Max Overgrowth|p2a: Diancie\n|-supereffective|p2a: Diancie\n|-damage|p2a: Diancie|0 fnt\n|-fieldstart|move: Grassy Terrain\n|faint|p2a: Diancie\n|\n|win|tub53\n|raw|tub53's rating: 1142 &rarr; <strong>1162</strong><br />(+20 for winning)\n|raw|kit0.exe's rating: 1069 &rarr; <strong>1053</strong><br />(-16 for losing)\n|l|\u2606kit0.exe\n", "inputlog": ">version d74822bbc74c095aa312053f7034baee3068d99e\n>start {\"formatid\":\"gen8randombattle\",\"seed\":[55701,44784,38582,57833],\"rated\":\"Rated battle\"}\n>player p1 {\"name\":\"tub53\",\"avatar\":\"byron\",\"rating\":1142,\"seed\":[30337,32054,23055,15321]}\n>player p2 {\"name\":\"kit0.exe\",\"avatar\":\"ethan\",\"rating\":1069,\"seed\":[24823,49817,41737,23966]}\n>p1 move toxic\n>p2 move shellsmash\n>p1 move scald\n>p2 move stoneedge\n>p1 switch 3\n>p1 move earthquake\n>p2 move liquidation\n>p1 switch 2\n>p1 move machpunch\n>p2 move liquidation\n>p1 switch 4\n>p2 switch 2\n>p1 move bulkup\n>p2 move bulkup\n>p1 move bulkup\n>p2 switch 4\n>p1 move darkestlariat\n>p2 move freezedry\n>p2 switch 6\n>p1 move darkestlariat\n>p2 move thunderbolt\n>p2 switch 4\n>p1 move darkestlariat\n>p2 move darkestlariat\n>p1 move darkestlariat\n>p2 move darkestlariat\n>p1 move darkestlariat\n>p2 move powerwhip\n>p1 move darkestlariat\n>p2 move junglehealing\n>p1 move bulkup\n>p2 move darkestlariat\n>p1 move darkestlariat\n>p2 move darkestlariat\n>p1 move darkestlariat\n>p2 move junglehealing\n>p2 switch 3\n>p1 move darkestlariat\n>p2 move willowisp\n>p2 switch 5\n>p1 move powerwhip dynamax\n>p2 move toxic", "uploadtime": 1685309939, "views": 6, "p1id": "tub53", "p2id": "kit0exe", "formatid": "gen8randombattle", "rating": 1053, "private": 0, "password": ""}