{"id": "gen8randombattle-1871882273", "p1": "TheRagnarokEnd", "p2": "Chongara", "format": "[Gen 8] Random Battle", "log": "|j|\u2606TheRagnarokEnd\n|j|\u2606Chongara\n|t:|1685141822\n|gametype|singles\n|player|p1|TheRagnarokEnd|gambler|1303\n|player|p2|Chongara|266|1335\n|teamsize|p1|6\n|teamsize|p2|6\n|gen|8\n|tier|[Gen 8] Random Battle\n|rated|\n|rule|Species Clause: Limit one of each Pok\u00e9mon\n|rule|HP Percentage Mod: HP is shown in percentages\n|rule|Sleep Clause Mod: Limit one foe put to sleep\n|\n|t:|1685141822\n|start\n|switch|p1a: Diggersby|Diggersby, L80, M|267/267\n|switch|p2a: Stunfisk|Stunfisk, L84, F|320/320\n|turn|1\n|\n|t:|1685141848\n|switch|p2a: Zamazenta|Zamazenta, L73|255/255\n|-ability|p2a: Zamazenta|Dauntless Shield|boost\n|-boost|p2a: Zamazenta|def|1\n|move|p1a: Diggersby|Swords Dance|p1a: Diggersby\n|-boost|p1a: Diggersby|atk|2\n|\n|upkeep\n|turn|2\n|\n|t:|1685141857\n|move|p2a: Zamazenta|Close Combat|p1a: Diggersby\n|-supereffective|p1a: Diggersby\n|-damage|p1a: Diggersby|0 fnt\n|-unboost|p2a: Zamazenta|def|1\n|-unboost|p2a: Zamazenta|spd|1\n|faint|p1a: Diggersby\n|\n|upkeep\n|\n|t:|1685141867\n|switch|p1a: Aegislash|Aegislash, L80, M|227/227\n|turn|3\n|\n|t:|1685141876\n|switch|p2a: Rotom|Rotom-Fan, L84|221/221\n|move|p1a: Aegislash|Substitute|p1a: Aegislash\n|-start|p1a: Aegislash|Substitute\n|-damage|p1a: Aegislash|171/227\n|\n|-heal|p1a: Aegislash|185/227|[from] item: Leftovers\n|upkeep\n|turn|4\n|\n|t:|1685141884\n|move|p2a: Rotom|Thunderbolt|p1a: Aegislash\n|-end|p1a: Aegislash|Substitute\n|-formechange|p1a: Aegislash|Aegislash-Blade||[from] ability: Stance Change\n|move|p1a: Aegislash|Shadow Ball|p2a: Rotom\n|-damage|p2a: Rotom|124/221\n|\n|-heal|p1a: Aegislash|199/227|[from] item: Leftovers\n|upkeep\n|turn|5\n|\n|t:|1685141893\n|-formechange|p1a: Aegislash|Aegislash||[from] ability: Stance Change\n|move|p1a: Aegislash|King's Shield|p1a: Aegislash\n|-singleturn|p1a: Aegislash|Protect\n|move|p2a: Rotom|Thunderbolt|p1a: Aegislash\n|-activate|p1a: Aegislash|move: Protect\n|\n|-heal|p1a: Aegislash|213/227|[from] item: Leftovers\n|upkeep\n|turn|6\n|\n|t:|1685141901\n|move|p2a: Rotom|Volt Switch|p1a: Aegislash\n|-damage|p1a: Aegislash|156/227\n|\n|t:|1685141904\n|switch|p2a: Stunfisk|Stunfisk, L84, F|320/320|[from] Volt Switch\n|-formechange|p1a: Aegislash|Aegislash-Blade||[from] ability: Stance Change\n|move|p1a: Aegislash|Shadow Ball|p2a: Stunfisk\n|-damage|p2a: Stunfisk|260/320\n|-unboost|p2a: Stunfisk|spd|1\n|\n|-heal|p1a: Aegislash|170/227|[from] item: Leftovers\n|upkeep\n|turn|7\n|\n|t:|1685141918\n|switch|p1a: Whiscash|Whiscash, L86, F|329/329\n|switch|p2a: Rotom|Rotom-Fan, L84|124/221\n|\n|upkeep\n|turn|8\n|\n|t:|1685141924\n|move|p2a: Rotom|Will-O-Wisp|p1a: Whiscash\n|-status|p1a: Whiscash|brn\n|move|p1a: Whiscash|Dragon Dance|p1a: Whiscash\n|-boost|p1a: Whiscash|atk|1\n|-boost|p1a: Whiscash|spe|1\n|\n|-damage|p1a: Whiscash|309/329 brn|[from] brn\n|upkeep\n|turn|9\n|\n|t:|1685141937\n|switch|p2a: Urshifu|Urshifu-Rapid-Strike, L78, F|284/284\n|move|p1a: Whiscash|Dragon Dance|p1a: Whiscash\n|-boost|p1a: Whiscash|atk|1\n|-boost|p1a: Whiscash|spe|1\n|\n|-damage|p1a: Whiscash|289/329 brn|[from] brn\n|upkeep\n|turn|10\n|\n|t:|1685141947\n|move|p1a: Whiscash|Earthquake|p2a: Urshifu\n|-damage|p2a: Urshifu|166/284\n|-damage|p1a: Whiscash|257/329 brn|[from] item: Life Orb\n|move|p2a: Urshifu|Bulk Up|p2a: Urshifu\n|-boost|p2a: Urshifu|atk|1\n|-boost|p2a: Urshifu|def|1\n|\n|-damage|p1a: Whiscash|237/329 brn|[from] brn\n|upkeep\n|turn|11\n|\n|t:|1685141956\n|move|p1a: Whiscash|Stone Edge|p2a: Urshifu|[miss]\n|-miss|p1a: Whiscash|p2a: Urshifu\n|move|p2a: Urshifu|Surging Strikes|p1a: Whiscash\n|-crit|p1a: Whiscash\n|-damage|p1a: Whiscash|140/329 brn\n|-crit|p1a: Whiscash\n|-damage|p1a: Whiscash|50/329 brn\n|-crit|p1a: Whiscash\n|-damage|p1a: Whiscash|0 fnt\n|faint|p1a: Whiscash\n|-hitcount|p1: Whiscash|3\n|-damage|p2a: Urshifu|138/284|[from] item: Life Orb\n|\n|upkeep\n|\n|t:|1685141959\n|switch|p1a: Mimikyu|Mimikyu, L76, M|209/209\n|turn|12\n|\n|t:|1685141969\n|move|p2a: Urshifu|Surging Strikes|p1a: Mimikyu\n|-activate|p1a: Mimikyu|ability: Disguise\n|-damage|p1a: Mimikyu|209/209\n|detailschange|p1a: Mimikyu|Mimikyu-Busted, L76, M\n|-damage|p1a: Mimikyu|183/209|[from] pokemon: Mimikyu-Busted\n|-crit|p1a: Mimikyu\n|-damage|p1a: Mimikyu|89/209\n|-crit|p1a: Mimikyu\n|-damage|p1a: Mimikyu|0 fnt\n|faint|p1a: Mimikyu\n|-hitcount|p1: Mimikyu|3\n|-damage|p2a: Urshifu|110/284|[from] item: Life Orb\n|\n|upkeep\n|\n|t:|1685141982\n|switch|p1a: Sirfetch\u2019d|Sirfetch\u2019d, L82, M|236/236\n|turn|13\n|\n|t:|1685141986\n|move|p2a: Urshifu|Surging Strikes|p1a: Sirfetch\u2019d\n|-crit|p1a: Sirfetch\u2019d\n|-damage|p1a: Sirfetch\u2019d|158/236\n|-crit|p1a: Sirfetch\u2019d\n|-damage|p1a: Sirfetch\u2019d|71/236\n|-crit|p1a: Sirfetch\u2019d\n|-damage|p1a: Sirfetch\u2019d|0 fnt\n|faint|p1a: Sirfetch\u2019d\n|-hitcount|p1: Sirfetch\u2019d|3\n|-damage|p2a: Urshifu|82/284|[from] item: Life Orb\n|\n|upkeep\n|-message|TheRagnarokEnd forfeited.\n|\n|win|Chongara\n|raw|TheRagnarokEnd's rating: 1303 &rarr; <strong>1285</strong><br />(-18 for losing)\n|raw|Chongara's rating: 1335 &rarr; <strong>1353</strong><br />(+18 for winning)\n|l|\u2606TheRagnarokEnd\n", "inputlog": ">version 61c68e60481ef09071210320730fc448fef50368\n>start {\"formatid\":\"gen8randombattle\",\"seed\":[25670,26452,20608,16585],\"rated\":\"Rated battle\"}\n>player p1 {\"name\":\"TheRagnarokEnd\",\"avatar\":\"gambler\",\"rating\":1303,\"seed\":[5427,35004,37797,30600]}\n>player p2 {\"name\":\"Chongara\",\"avatar\":\"266\",\"rating\":1335,\"seed\":[26922,52015,27933,16326]}\n>p1 move swordsdance\n>p2 switch 3\n>p1 move bodyslam\n>p2 move closecombat\n>p1 switch 2\n>p1 move substitute\n>p2 switch 6\n>p1 move shadowball\n>p2 move thunderbolt\n>p1 move kingsshield\n>p2 move thunderbolt\n>p1 move shadowball\n>p2 move voltswitch\n>p2 switch 3\n>p1 switch 3\n>p2 switch 3\n>p1 move dragondance\n>p2 move willowisp\n>p1 move dragondance\n>p2 switch 4\n>p1 move earthquake\n>p2 move bulkup\n>p1 move stoneedge\n>p2 move surgingstrikes\n>p1 switch 4\n>p1 move playrough\n>p2 move surgingstrikes\n>p1 switch 5\n>p1 move swordsdance\n>p2 move surgingstrikes\n>forcelose p1", "uploadtime": 1685141996, "views": 4, "p1id": "theragnarokend", "p2id": "chongara", "formatid": "gen8randombattle", "rating": 1285, "private": 0, "password": ""}