{"id": "gen8randombattle-1865389056", "p1": "hamsarvey", "p2": "eddyjay", "format": "[Gen 8] Random Battle", "log": "|j|\u2606hamsarvey\n|j|\u2606eddyjay\n|t:|1684281684\n|gametype|singles\n|player|p1|hamsarvey|riley|\n|player|p2|eddyjay|1|\n|teamsize|p1|6\n|teamsize|p2|6\n|gen|8\n|tier|[Gen 8] Random Battle\n|rule|Species Clause: Limit one of each Pok\u00e9mon\n|rule|HP Percentage Mod: HP is shown in percentages\n|rule|Sleep Clause Mod: Limit one foe put to sleep\n|\n|t:|1684281684\n|start\n|switch|p1a: Rotom|Rotom-Heat, L82|216/216\n|switch|p2a: Stonjourner|Stonjourner, L88, M|319/319\n|turn|1\n|\n|t:|1684281700\n|switch|p1a: Espeon|Espeon, L82, M|241/241\n|move|p2a: Stonjourner|Rock Polish|p2a: Stonjourner\n|-boost|p2a: Stonjourner|spe|2\n|\n|upkeep\n|turn|2\n|\n|t:|1684281714\n|move|p2a: Stonjourner|Stone Edge|p1a: Espeon\n|-damage|p1a: Espeon|3/241\n|-damage|p2a: Stonjourner|288/319|[from] item: Life Orb\n|move|p1a: Espeon|Psychic|p2a: Stonjourner\n|-damage|p2a: Stonjourner|5/319\n|\n|-heal|p1a: Espeon|18/241|[from] item: Leftovers\n|upkeep\n|turn|3\n|\n|t:|1684281729\n|move|p2a: Stonjourner|Earthquake|p1a: Espeon\n|-damage|p1a: Espeon|0 fnt\n|faint|p1a: Espeon\n|-damage|p2a: Stonjourner|0 fnt|[from] item: Life Orb\n|faint|p2a: Stonjourner\n|\n|upkeep\n|\n|t:|1684281748\n|switch|p1a: Glalie|Glalie, L80, M|259/259\n|switch|p2a: Incineroar|Incineroar, L80, M|283/283\n|-ability|p2a: Incineroar|Intimidate|boost\n|-unboost|p1a: Glalie|atk|1\n|turn|4\n|\n|t:|1684281761\n|switch|p1a: Rotom|Rotom-Heat, L82|216/216\n|move|p2a: Incineroar|Knock Off|p1a: Rotom\n|-damage|p1a: Rotom|122/216\n|-enditem|p1a: Rotom|Heavy-Duty Boots|[from] move: Knock Off|[of] p2a: Incineroar\n|\n|upkeep\n|turn|5\n|\n|t:|1684281769\n|move|p1a: Rotom|Thunderbolt|p2a: Incineroar\n|-damage|p2a: Incineroar|192/283\n|move|p2a: Incineroar|U-turn|p1a: Rotom\n|-resisted|p1a: Rotom\n|-damage|p1a: Rotom|101/216\n|\n|t:|1684281775\n|switch|p2a: Hippowdon|Hippowdon, L80, F|304/304|[from] U-turn\n|-weather|Sandstorm|[from] ability: Sand Stream|[of] p2a: Hippowdon\n|\n|-weather|Sandstorm|[upkeep]\n|-damage|p1a: Rotom|88/216|[from] Sandstorm\n|upkeep\n|turn|6\n|\n|t:|1684281783\n|move|p1a: Rotom|Will-O-Wisp|p2a: Hippowdon\n|-status|p2a: Hippowdon|brn\n|move|p2a: Hippowdon|Stone Edge|p1a: Rotom\n|-supereffective|p1a: Rotom\n|-crit|p1a: Rotom\n|-damage|p1a: Rotom|0 fnt\n|faint|p1a: Rotom\n|\n|-weather|Sandstorm|[upkeep]\n|-damage|p2a: Hippowdon|285/304 brn|[from] brn\n|upkeep\n|\n|t:|1684281792\n|switch|p1a: Glalie|Glalie, L80, M|259/259\n|turn|7\n|\n|t:|1684281795\n|move|p1a: Glalie|Disable|p2a: Hippowdon\n|-start|p2a: Hippowdon|Disable|Stone Edge\n|cant|p2a: Hippowdon|Disable|Stone Edge\n|\n|-weather|Sandstorm|[upkeep]\n|-damage|p1a: Glalie|243/259|[from] Sandstorm\n|-heal|p1a: Glalie|259/259|[from] item: Leftovers\n|-heal|p2a: Hippowdon|304/304 brn|[from] item: Leftovers\n|-damage|p2a: Hippowdon|285/304 brn|[from] brn\n|-ability|p1a: Glalie|Moody|boost\n|-boost|p1a: Glalie|spe|2\n|-unboost|p1a: Glalie|spa|1\n|upkeep\n|turn|8\n|\n|t:|1684281809\n|switch|p2a: Incineroar|Incineroar, L80, M|192/283\n|-ability|p2a: Incineroar|Intimidate|boost\n|-unboost|p1a: Glalie|atk|1\n|move|p1a: Glalie|Substitute|p1a: Glalie\n|-start|p1a: Glalie|Substitute\n|-damage|p1a: Glalie|195/259\n|\n|-weather|Sandstorm|[upkeep]\n|-damage|p1a: Glalie|179/259|[from] Sandstorm\n|-damage|p2a: Incineroar|175/283|[from] Sandstorm\n|-heal|p1a: Glalie|195/259|[from] item: Leftovers\n|-ability|p1a: Glalie|Moody|boost\n|-boost|p1a: Glalie|spa|2\n|-unboost|p1a: Glalie|atk|1\n|upkeep\n|turn|9\n|\n|t:|1684281825\n|move|p1a: Glalie|Protect|p1a: Glalie\n|-singleturn|p1a: Glalie|Protect\n|move|p2a: Incineroar|Knock Off|p1a: Glalie\n|-activate|p1a: Glalie|move: Protect\n|\n|-weather|none\n|-heal|p1a: Glalie|211/259|[from] item: Leftovers\n|-ability|p1a: Glalie|Moody|boost\n|-boost|p1a: Glalie|spd|2\n|-unboost|p1a: Glalie|spe|1\n|upkeep\n|turn|10\n|\n|t:|1684281841\n|move|p1a: Glalie|Freeze-Dry|p2a: Incineroar\n|-resisted|p2a: Incineroar\n|-damage|p2a: Incineroar|127/283\n|-status|p2a: Incineroar|frz\n|cant|p2a: Incineroar|frz\n|\n|-heal|p1a: Glalie|227/259|[from] item: Leftovers\n|-ability|p1a: Glalie|Moody|boost\n|-boost|p1a: Glalie|spa|2\n|-unboost|p1a: Glalie|def|1\n|upkeep\n|turn|11\n|\n|t:|1684281855\n|move|p1a: Glalie|Freeze-Dry|p2a: Incineroar\n|-resisted|p2a: Incineroar\n|-damage|p2a: Incineroar|50/283 frz\n|-curestatus|p2a: Incineroar|frz|[msg]\n|move|p2a: Incineroar|Will-O-Wisp||[still]\n|-fail|p2a: Incineroar\n|\n|-heal|p1a: Glalie|243/259|[from] item: Leftovers\n|-ability|p1a: Glalie|Moody|boost\n|-boost|p1a: Glalie|atk|2\n|-unboost|p1a: Glalie|def|1\n|upkeep\n|turn|12\n|\n|t:|1684281865\n|move|p1a: Glalie|Freeze-Dry|p2a: Incineroar\n|-resisted|p2a: Incineroar\n|-damage|p2a: Incineroar|0 fnt\n|faint|p2a: Incineroar\n|\n|-heal|p1a: Glalie|259/259|[from] item: Leftovers\n|-ability|p1a: Glalie|Moody|boost\n|-boost|p1a: Glalie|atk|2\n|-unboost|p1a: Glalie|def|1\n|upkeep\n|\n|t:|1684281876\n|switch|p2a: Hippowdon|Hippowdon, L80, F|285/304 brn\n|-weather|Sandstorm|[from] ability: Sand Stream|[of] p2a: Hippowdon\n|turn|13\n|\n|t:|1684281881\n|move|p1a: Glalie|Freeze-Dry|p2a: Hippowdon\n|-supereffective|p2a: Hippowdon\n|-damage|p2a: Hippowdon|0 fnt\n|faint|p2a: Hippowdon\n|\n|-weather|Sandstorm|[upkeep]\n|-damage|p1a: Glalie|243/259|[from] Sandstorm\n|-heal|p1a: Glalie|259/259|[from] item: Leftovers\n|-ability|p1a: Glalie|Moody|boost\n|-boost|p1a: Glalie|spa|2\n|-unboost|p1a: Glalie|atk|1\n|upkeep\n|\n|t:|1684281887\n|switch|p2a: Zeraora|Zeraora, L76|259/259\n|turn|14\n|\n|t:|1684281895\n|move|p2a: Zeraora|Plasma Fists|p1a: Glalie\n|-end|p1a: Glalie|Substitute\n|move|p1a: Glalie|Freeze-Dry|p2a: Zeraora\n|-damage|p2a: Zeraora|96/259\n|-status|p2a: Zeraora|frz\n|\n|-weather|Sandstorm|[upkeep]\n|-damage|p1a: Glalie|243/259|[from] Sandstorm\n|-damage|p2a: Zeraora|80/259 frz|[from] Sandstorm\n|-heal|p1a: Glalie|259/259|[from] item: Leftovers\n|-ability|p1a: Glalie|Moody|boost\n|-boost|p1a: Glalie|spe|2\n|-unboost|p1a: Glalie|spa|1\n|upkeep\n|turn|15\n|\n|t:|1684281909\n|-start|p1a: Glalie|Dynamax|\n|-heal|p1a: Glalie|518/518|[silent]\n|move|p1a: Glalie|Max Hailstorm|p2a: Zeraora\n|-damage|p2a: Zeraora|0 fnt\n|-weather|Hail\n|faint|p2a: Zeraora\n|\n|-weather|Hail|[upkeep]\n|-ability|p1a: Glalie|Moody|boost\n|-boost|p1a: Glalie|spe|2\n|-unboost|p1a: Glalie|atk|1\n|upkeep\n|\n|t:|1684281913\n|switch|p2a: Tornadus|Tornadus-Therian, L78, M|251/251\n|turn|16\n|\n|t:|1684281919\n|move|p1a: Glalie|Max Hailstorm|p2a: Tornadus\n|-supereffective|p2a: Tornadus\n|-crit|p2a: Tornadus\n|-damage|p2a: Tornadus|0 fnt\n|faint|p2a: Tornadus\n|\n|-weather|Hail|[upkeep]\n|-ability|p1a: Glalie|Moody|boost\n|-boost|p1a: Glalie|atk|2\n|-unboost|p1a: Glalie|spe|1\n|upkeep\n|\n|t:|1684281922\n|switch|p2a: Rayquaza|Rayquaza, L74|277/277\n|-ability|p2a: Rayquaza|Air Lock\n|turn|17\n|\n|t:|1684281932\n|-start|p2a: Rayquaza|Dynamax|\n|-heal|p2a: Rayquaza|554/554|[silent]\n|move|p1a: Glalie|Max Hailstorm|p2a: Rayquaza\n|-supereffective|p2a: Rayquaza\n|-damage|p2a: Rayquaza|0 fnt\n|faint|p2a: Rayquaza\n|\n|win|hamsarvey\n", "inputlog": ">version a86fbaffe903c4a7274c53376b849908390bb49d\n>start {\"formatid\":\"gen8randombattle\",\"seed\":[60147,26178,30739,40399]}\n>player p1 {\"name\":\"hamsarvey\",\"avatar\":\"riley\",\"rating\":0,\"seed\":[59136,50592,46360,37]}\n>player p2 {\"name\":\"eddyjay\",\"avatar\":\"1\",\"rating\":0,\"seed\":[21778,60384,12457,58857]}\n>p1 switch 6\n>p2 move rockpolish\n>p1 move psychic\n>p2 move stoneedge\n>p1 move psychic\n>p2 move earthquake\n>p1 switch 2\n>p2 switch 2\n>p1 switch 6\n>p2 move knockoff\n>p1 move thunderbolt\n>p2 move uturn\n>p2 switch 3\n>p1 move willowisp\n>p2 move stoneedge\n>p1 switch 6\n>p1 move disable\n>p2 move stoneedge\n>p1 move substitute\n>p2 switch 3\n>p1 move protect\n>p2 move knockoff\n>p1 move freezedry\n>p2 move knockoff\n>p1 move freezedry\n>p2 move willowisp\n>p1 move freezedry\n>p2 move knockoff\n>p2 switch 3\n>p1 move freezedry\n>p2 move stoneedge\n>p2 switch 5\n>p1 move freezedry\n>p2 move plasmafists\n>p1 move freezedry dynamax\n>p2 move plasmafists\n>p2 switch 4\n>p1 move freezedry dynamax\n>p2 move superpower\n>p2 switch 6\n>p1 move freezedry dynamax\n>p2 move vcreate dynamax", "uploadtime": 1684282282, "views": 8, "p1id": "hamsarvey", "p2id": "eddyjay", "formatid": "gen8randombattle", "rating": 0, "private": 0, "password": ""}