{"id": "gen8randombattle-1871672781", "p1": "conje", "p2": "Seiyajelol", "format": "[Gen 8] Random Battle", "log": "|j|\u2606conje\n|j|\u2606Seiyajelol\n|t:|1685118384\n|gametype|singles\n|player|p1|conje|266|1000\n|player|p2|Seiyajelol|2|1000\n|teamsize|p1|6\n|teamsize|p2|6\n|gen|8\n|tier|[Gen 8] Random Battle\n|rated|\n|rule|Species Clause: Limit one of each Pok\u00e9mon\n|rule|HP Percentage Mod: HP is shown in percentages\n|rule|Sleep Clause Mod: Limit one foe put to sleep\n|\n|t:|1685118384\n|start\n|switch|p1a: Terrakion|Terrakion, L78|270/270\n|switch|p2a: Zeraora|Zeraora, L76|259/259\n|turn|1\n|\n|t:|1685118399\n|move|p2a: Zeraora|Plasma Fists|p1a: Terrakion\n|-damage|p1a: Terrakion|136/270\n|-fieldactivate|move: Ion Deluge\n|-hint|Normal-type moves become Electric-type after using Plasma Fists.\n|-damage|p2a: Zeraora|234/259|[from] item: Life Orb\n|move|p1a: Terrakion|Earthquake|p2a: Zeraora\n|-supereffective|p2a: Zeraora\n|-damage|p2a: Zeraora|0 fnt\n|faint|p2a: Zeraora\n|-damage|p1a: Terrakion|109/270|[from] item: Life Orb\n|\n|upkeep\n|\n|t:|1685118413\n|switch|p2a: Starmie|Starmie, L84|238/238\n|turn|2\n|\n|t:|1685118420\n|move|p2a: Starmie|Scald|p1a: Terrakion\n|-supereffective|p1a: Terrakion\n|-damage|p1a: Terrakion|0 fnt\n|faint|p1a: Terrakion\n|\n|upkeep\n|\n|t:|1685118429\n|switch|p1a: Noivern|Noivern, L82, M|274/274\n|turn|3\n|\n|t:|1685118440\n|switch|p2a: Mesprit|Mesprit, L84|272/272\n|move|p1a: Noivern|Hurricane|p2a: Mesprit\n|-damage|p2a: Mesprit|172/272\n|\n|upkeep\n|turn|4\n|\n|t:|1685118447\n|move|p1a: Noivern|Hurricane|p2a: Mesprit\n|-damage|p2a: Mesprit|67/272\n|-start|p2a: Mesprit|confusion\n|-activate|p2a: Mesprit|confusion\n|move|p2a: Mesprit|Energy Ball|p1a: Noivern\n|-resisted|p1a: Noivern\n|-damage|p1a: Noivern|248/274\n|\n|upkeep\n|turn|5\n|\n|t:|1685118460\n|switch|p1a: Gigalith|Gigalith, L82, F|274/274\n|-weather|Sandstorm|[from] ability: Sand Stream|[of] p1a: Gigalith\n|switch|p2a: Corsola|Corsola-Galar, L84, F|238/238\n|\n|-weather|Sandstorm|[upkeep]\n|-damage|p2a: Corsola|224/238|[from] Sandstorm\n|upkeep\n|turn|6\n|\n|t:|1685118473\n|move|p2a: Corsola|Strength Sap|p1a: Gigalith\n|-unboost|p1a: Gigalith|atk|1\n|-heal|p2a: Corsola|238/238\n|move|p1a: Gigalith|Stealth Rock|p2a: Corsola\n|-sidestart|p2: Seiyajelol|move: Stealth Rock\n|\n|-weather|Sandstorm|[upkeep]\n|-damage|p2a: Corsola|224/238|[from] Sandstorm\n|upkeep\n|turn|7\n|\n|t:|1685118484\n|move|p2a: Corsola|Will-O-Wisp|p1a: Gigalith\n|-status|p1a: Gigalith|brn\n|move|p1a: Gigalith|Earthquake|p2a: Corsola\n|-damage|p2a: Corsola|206/238\n|\n|-weather|Sandstorm|[upkeep]\n|-damage|p2a: Corsola|192/238|[from] Sandstorm\n|-damage|p1a: Gigalith|257/274 brn|[from] brn\n|upkeep\n|turn|8\n|\n|t:|1685118498\n|switch|p1a: Milotic|Milotic, L82, F|290/290\n|move|p2a: Corsola|Night Shade|p1a: Milotic\n|-damage|p1a: Milotic|206/290\n|\n|-weather|Sandstorm|[upkeep]\n|-damage|p1a: Milotic|188/290|[from] Sandstorm\n|-damage|p2a: Corsola|178/238|[from] Sandstorm\n|-heal|p1a: Milotic|206/290|[from] item: Leftovers\n|upkeep\n|turn|9\n|\n|t:|1685118510\n|move|p1a: Milotic|Toxic|p2a: Corsola\n|-status|p2a: Corsola|tox\n|move|p2a: Corsola|Strength Sap|p1a: Milotic\n|-unboost|p1a: Milotic|atk|1\n|-heal|p2a: Corsola|238/238 tox\n|\n|-weather|none\n|-heal|p1a: Milotic|224/290|[from] item: Leftovers\n|-damage|p2a: Corsola|224/238 tox|[from] psn\n|upkeep\n|turn|10\n|\n|t:|1685118522\n|move|p1a: Milotic|Ice Beam|p2a: Corsola\n|-damage|p2a: Corsola|186/238 tox\n|-start|p1a: Milotic|Disable|Ice Beam|[from] ability: Cursed Body|[of] p2a: Corsola\n|move|p2a: Corsola|Night Shade|p1a: Milotic\n|-damage|p1a: Milotic|140/290\n|\n|-heal|p1a: Milotic|158/290|[from] item: Leftovers\n|-damage|p2a: Corsola|158/238 tox|[from] psn\n|upkeep\n|turn|11\n|\n|t:|1685118544\n|move|p1a: Milotic|Scald|p2a: Corsola\n|-damage|p2a: Corsola|112/238 tox\n|move|p2a: Corsola|Will-O-Wisp|p1a: Milotic|[miss]\n|-miss|p2a: Corsola|p1a: Milotic\n|\n|-heal|p1a: Milotic|176/290|[from] item: Leftovers\n|-damage|p2a: Corsola|70/238 tox|[from] psn\n|upkeep\n|turn|12\n|\n|t:|1685118557\n|move|p1a: Milotic|Scald|p2a: Corsola\n|-damage|p2a: Corsola|22/238 tox\n|move|p2a: Corsola|Stealth Rock|p1a: Milotic\n|-sidestart|p1: conje|move: Stealth Rock\n|\n|-heal|p1a: Milotic|194/290|[from] item: Leftovers\n|-damage|p2a: Corsola|0 fnt|[from] psn\n|faint|p2a: Corsola\n|upkeep\n|\n|t:|1685118568\n|switch|p2a: Eiscue|Eiscue, L82, M|256/256\n|-damage|p2a: Eiscue|192/256|[from] Stealth Rock\n|turn|13\n|\n|t:|1685118574\n|move|p1a: Milotic|Scald|p2a: Eiscue\n|-damage|p2a: Eiscue|105/256\n|move|p2a: Eiscue|Liquidation|p1a: Milotic\n|-resisted|p1a: Milotic\n|-damage|p1a: Milotic|166/290\n|\n|-heal|p1a: Milotic|184/290|[from] item: Leftovers\n|-end|p1a: Milotic|Disable\n|upkeep\n|turn|14\n|\n|t:|1685118584\n|move|p1a: Milotic|Scald|p2a: Eiscue\n|-damage|p2a: Eiscue|15/256\n|-enditem|p2a: Eiscue|Salac Berry|[eat]\n|-boost|p2a: Eiscue|spe|1|[from] item: Salac Berry\n|move|p2a: Eiscue|Icicle Crash|p1a: Milotic|[miss]\n|-miss|p2a: Eiscue|p1a: Milotic\n|\n|-heal|p1a: Milotic|202/290|[from] item: Leftovers\n|upkeep\n|turn|15\n|-message|Seiyajelol forfeited.\n|\n|win|conje\n|raw|conje's rating: 1000 &rarr; <strong>1040</strong><br />(+40 for winning)\n|raw|Seiyajelol's rating: 1000 &rarr; <strong>1000</strong><br />(+0 for losing)\n|l|\u2606Seiyajelol\n", "inputlog": ">version 61c68e60481ef09071210320730fc448fef50368\n>start {\"formatid\":\"gen8randombattle\",\"seed\":[24039,10436,17747,42310],\"rated\":\"Rated battle\"}\n>player p1 {\"name\":\"conje\",\"avatar\":\"266\",\"rating\":1000,\"seed\":[39610,56110,4170,44263]}\n>player p2 {\"name\":\"Seiyajelol\",\"avatar\":\"2\",\"rating\":1000,\"seed\":[37820,62118,34873,1072]}\n>p1 move earthquake\n>p2 move plasmafists\n>p2 switch 2\n>p1 move earthquake\n>p2 move scald\n>p1 switch 4\n>p1 move hurricane\n>p2 switch 4\n>p1 move hurricane\n>p2 move energyball\n>p1 switch 3\n>p2 switch 3\n>p1 move stealthrock\n>p2 move strengthsap\n>p1 move earthquake\n>p2 move willowisp\n>p1 switch 2\n>p2 move nightshade\n>p1 move toxic\n>p2 move strengthsap\n>p1 move icebeam\n>p2 move nightshade\n>p1 move scald\n>p2 move willowisp\n>p1 move scald\n>p2 move stealthrock\n>p2 switch 6\n>p1 move scald\n>p2 move liquidation\n>p1 move scald\n>p2 move iciclecrash\n>forcelose p2", "uploadtime": 1685118596, "views": 3, "p1id": "conje", "p2id": "seiyajelol", "formatid": "gen8randombattle", "rating": 1000, "private": 0, "password": ""}