{"id": "gen8randombattle-1872279924", "p1": "HolySteel", "p2": "i bada the bing", "format": "[Gen 8] Random Battle", "log": "|j|\u2606HolySteel\n|j|\u2606i bada the bing\n|t:|1685206073\n|gametype|singles\n|player|p1|HolySteel|2|\n|player|p2|i bada the bing|blackbelt-gen4dp|\n|teamsize|p1|6\n|teamsize|p2|6\n|gen|8\n|tier|[Gen 8] Random Battle\n|rule|Species Clause: Limit one of each Pok\u00e9mon\n|rule|HP Percentage Mod: HP is shown in percentages\n|rule|Sleep Clause Mod: Limit one foe put to sleep\n|\n|t:|1685206073\n|start\n|switch|p1a: Amoonguss|Amoonguss, L84, F|329/329\n|switch|p2a: Zygarde|Zygarde, L70|267/267\n|turn|1\n|\n|t:|1685206109\n|switch|p2a: Jynx|Jynx, L86, F|252/252\n|switch|p1a: Dhelmise|Dhelmise, L86|261/261\n|\n|upkeep\n|turn|2\n|\n|t:|1685206182\n|move|p2a: Jynx|Ice Beam|p1a: Dhelmise\n|-supereffective|p1a: Dhelmise\n|-damage|p1a: Dhelmise|39/261\n|move|p1a: Dhelmise|Anchor Shot|p2a: Jynx\n|-supereffective|p2a: Jynx\n|-damage|p2a: Jynx|0 fnt\n|faint|p2a: Jynx\n|\n|upkeep\n|\n|t:|1685206196\n|switch|p2a: Inteleon|Inteleon, L80, M|243/243\n|turn|3\n|\n|t:|1685206206\n|move|p2a: Inteleon|Surf|p1a: Dhelmise\n|-resisted|p1a: Dhelmise\n|-damage|p1a: Dhelmise|0 fnt\n|faint|p1a: Dhelmise\n|\n|upkeep\n|\n|t:|1685206232\n|switch|p1a: Rotom|Rotom-Frost, L84|221/221\n|turn|4\n|\n|t:|1685206252\n|switch|p2a: Spiritomb|Spiritomb, L88, M|231/231\n|move|p1a: Rotom|Will-O-Wisp|p2a: Spiritomb|[miss]\n|-miss|p1a: Rotom|p2a: Spiritomb\n|\n|upkeep\n|turn|5\n|\n|t:|1685206273\n|switch|p1a: Seaking|Seaking, L88, M|284/284\n|move|p2a: Spiritomb|Trick|p1a: Seaking\n|-activate|p2a: Spiritomb|move: Trick|[of] p1a: Seaking\n|-item|p1a: Seaking|Choice Band|[from] move: Trick\n|-item|p2a: Spiritomb|Life Orb|[from] move: Trick\n|\n|upkeep\n|turn|6\n|\n|t:|1685206294\n|switch|p2a: Shiinotic|Shiinotic, L86, M|243/243\n|move|p1a: Seaking|Waterfall|p2a: Shiinotic\n|-resisted|p2a: Shiinotic\n|-damage|p2a: Shiinotic|170/243\n|\n|-heal|p2a: Shiinotic|185/243|[from] item: Leftovers\n|upkeep\n|turn|7\n|\n|t:|1685206316\n|switch|p1a: Amoonguss|Amoonguss, L84, F|329/329\n|switch|p2a: Zygarde|Zygarde, L70|267/267\n|\n|upkeep\n|turn|8\n|\n|t:|1685206331\n|switch|p1a: Carbink|Carbink, L86|226/226\n|move|p2a: Zygarde|Substitute|p2a: Zygarde\n|-start|p2a: Zygarde|Substitute\n|-damage|p2a: Zygarde|201/267\n|\n|-heal|p2a: Zygarde|217/267|[from] item: Leftovers\n|upkeep\n|turn|9\n|\n|t:|1685206346\n|move|p2a: Zygarde|Thousand Arrows|p1a: Carbink\n|-supereffective|p1a: Carbink\n|-damage|p1a: Carbink|128/226\n|move|p1a: Carbink|Reflect|p1a: Carbink\n|-sidestart|p1: HolySteel|Reflect\n|\n|-heal|p2a: Zygarde|233/267|[from] item: Leftovers\n|upkeep\n|turn|10\n|\n|t:|1685206369\n|switch|p2a: Shiinotic|Shiinotic, L86, M|185/243\n|move|p1a: Carbink|Moonblast|p2a: Shiinotic\n|-damage|p2a: Shiinotic|131/243\n|\n|-heal|p2a: Shiinotic|146/243|[from] item: Leftovers\n|upkeep\n|turn|11\n|\n|t:|1685206376\n|move|p1a: Carbink|Stealth Rock|p2a: Shiinotic\n|-sidestart|p2: i bada the bing|move: Stealth Rock\n|move|p2a: Shiinotic|Energy Ball|p1a: Carbink\n|-supereffective|p1a: Carbink\n|-damage|p1a: Carbink|14/226\n|\n|-heal|p2a: Shiinotic|161/243|[from] item: Leftovers\n|upkeep\n|turn|12\n|\n|t:|1685206410\n|move|p1a: Carbink|Light Screen|p1a: Carbink\n|-sidestart|p1: HolySteel|move: Light Screen\n|move|p2a: Shiinotic|Moonblast|p1a: Carbink\n|-damage|p1a: Carbink|0 fnt\n|faint|p1a: Carbink\n|\n|-heal|p2a: Shiinotic|176/243|[from] item: Leftovers\n|upkeep\n|\n|t:|1685206432\n|switch|p1a: Amoonguss|Amoonguss, L84, F|329/329\n|turn|13\n|\n|t:|1685206447\n|switch|p2a: Spiritomb|Spiritomb, L88, M|231/231\n|-damage|p2a: Spiritomb|203/231|[from] Stealth Rock\n|move|p1a: Amoonguss|Toxic|p2a: Spiritomb\n|-status|p2a: Spiritomb|tox\n|\n|-damage|p2a: Spiritomb|189/231 tox|[from] psn\n|upkeep\n|turn|14\n|\n|t:|1685206490\n|move|p2a: Spiritomb|Poltergeist|p1a: Amoonguss\n|-activate|p1a: Amoonguss|move: Poltergeist|Black Sludge\n|-damage|p1a: Amoonguss|129/329\n|-damage|p2a: Spiritomb|166/231 tox|[from] item: Life Orb\n|move|p1a: Amoonguss|Sludge Bomb|p2a: Spiritomb\n|-resisted|p2a: Spiritomb\n|-damage|p2a: Spiritomb|128/231 tox\n|\n|-heal|p1a: Amoonguss|149/329|[from] item: Black Sludge\n|-damage|p2a: Spiritomb|100/231 tox|[from] psn\n|upkeep\n|turn|15\n|\n|t:|1685206500\n|switch|p1a: Aggron|Aggron, L85, F|258/258\n|-item|p1a: Aggron|Air Balloon\n|move|p2a: Spiritomb|Poltergeist|p1a: Aggron\n|-activate|p1a: Aggron|move: Poltergeist|Air Balloon\n|-damage|p1a: Aggron|163/258\n|-enditem|p1a: Aggron|Air Balloon\n|-damage|p2a: Spiritomb|77/231 tox|[from] item: Life Orb\n|\n|-damage|p2a: Spiritomb|35/231 tox|[from] psn\n|upkeep\n|turn|16\n|\n|t:|1685206533\n|move|p1a: Aggron|Rock Polish|p1a: Aggron\n|-boost|p1a: Aggron|spe|2\n|move|p2a: Spiritomb|Poltergeist||[still]\n|-fail|p2a: Spiritomb\n|\n|-damage|p2a: Spiritomb|0 fnt|[from] psn\n|faint|p2a: Spiritomb\n|-sideend|p1: HolySteel|Reflect\n|upkeep\n|\n|t:|1685206541\n|switch|p2a: Zygarde|Zygarde, L70|233/267\n|-damage|p2a: Zygarde|217/267|[from] Stealth Rock\n|turn|17\n|\n|t:|1685206561\n|move|p1a: Aggron|Head Smash|p2a: Zygarde\n|-resisted|p2a: Zygarde\n|-damage|p2a: Zygarde|128/267\n|move|p2a: Zygarde|Dragon Dance|p2a: Zygarde\n|-boost|p2a: Zygarde|atk|1\n|-boost|p2a: Zygarde|spe|1\n|\n|-heal|p2a: Zygarde|144/267|[from] item: Leftovers\n|upkeep\n|turn|18\n|\n|t:|1685206603\n|move|p1a: Aggron|Head Smash|p2a: Zygarde\n|-resisted|p2a: Zygarde\n|-damage|p2a: Zygarde|59/267\n|move|p2a: Zygarde|Dragon Dance|p2a: Zygarde\n|-boost|p2a: Zygarde|atk|1\n|-boost|p2a: Zygarde|spe|1\n|\n|-heal|p2a: Zygarde|75/267|[from] item: Leftovers\n|-activate|p2a: Zygarde|ability: Power Construct\n|detailschange|p2a: Zygarde|Zygarde-Complete, L70\n|-heal|p2a: Zygarde|226/418|[silent]\n|upkeep\n|turn|19\n|c|\u2606HolySteel|well\n|c|\u2606i bada the bing|yea this thing is kinda stupid\n|\n|t:|1685206629\n|move|p2a: Zygarde|Substitute|p2a: Zygarde\n|-start|p2a: Zygarde|Substitute\n|-damage|p2a: Zygarde|122/418\n|move|p1a: Aggron|Head Smash|p2a: Zygarde\n|-resisted|p2a: Zygarde\n|-activate|p2a: Zygarde|move: Substitute|[damage]\n|\n|-heal|p2a: Zygarde|148/418|[from] item: Leftovers\n|-sideend|p1: HolySteel|move: Light Screen\n|upkeep\n|turn|20\n|\n|t:|1685206634\n|move|p2a: Zygarde|Thousand Arrows|p1a: Aggron\n|-supereffective|p1a: Aggron\n|-damage|p1a: Aggron|0 fnt\n|faint|p1a: Aggron\n|\n|-heal|p2a: Zygarde|174/418|[from] item: Leftovers\n|upkeep\n|\n|t:|1685206642\n|switch|p1a: Amoonguss|Amoonguss, L84, F|258/329\n|turn|21\n|\n|t:|1685206654\n|switch|p1a: Seaking|Seaking, L88, M|284/284\n|move|p2a: Zygarde|Thousand Arrows|p1a: Seaking\n|-damage|p1a: Seaking|107/284\n|\n|-heal|p2a: Zygarde|200/418|[from] item: Leftovers\n|upkeep\n|turn|22\n|\n|t:|1685206668\n|move|p2a: Zygarde|Thousand Arrows|p1a: Seaking\n|-damage|p1a: Seaking|0 fnt\n|faint|p1a: Seaking\n|\n|-heal|p2a: Zygarde|226/418|[from] item: Leftovers\n|upkeep\n|\n|t:|1685206671\n|switch|p1a: Rotom|Rotom-Frost, L84|221/221\n|turn|23\n|\n|t:|1685206681\n|move|p2a: Zygarde|Thousand Arrows|p1a: Rotom\n|-supereffective|p1a: Rotom\n|-damage|p1a: Rotom|0 fnt\n|faint|p1a: Rotom\n|\n|-heal|p2a: Zygarde|252/418|[from] item: Leftovers\n|upkeep\n|\n|t:|1685206683\n|switch|p1a: Amoonguss|Amoonguss, L84, F|329/329\n|turn|24\n|\n|t:|1685206686\n|move|p2a: Zygarde|Outrage|p1a: Amoonguss\n|-damage|p1a: Amoonguss|91/329\n|move|p1a: Amoonguss|Sludge Bomb|p2a: Zygarde\n|-resisted|p2a: Zygarde\n|-end|p2a: Zygarde|Substitute\n|\n|-heal|p2a: Zygarde|278/418|[from] item: Leftovers\n|-heal|p1a: Amoonguss|111/329|[from] item: Black Sludge\n|upkeep\n|turn|25\n|\n|t:|1685206689\n|move|p2a: Zygarde|Outrage|p1a: Amoonguss|[from]lockedmove\n|-damage|p1a: Amoonguss|0 fnt\n|faint|p1a: Amoonguss\n|-start|p2a: Zygarde|confusion|[fatigue]\n|\n|win|i bada the bing\n|c|\u2606HolySteel|gg\n|c|\u2606i bada the bing|ggs\n", "inputlog": ">version d74822bbc74c095aa312053f7034baee3068d99e\n>start {\"formatid\":\"gen8randombattle\",\"seed\":[41762,15303,55909,5080]}\n>player p1 {\"name\":\"HolySteel\",\"avatar\":\"2\",\"rating\":0,\"seed\":[56447,34999,60881,15736]}\n>player p2 {\"name\":\"i bada the bing\",\"avatar\":\"blackbelt-gen4dp\",\"rating\":0,\"seed\":[18069,19203,54740,41277]}\n>p1 switch 6\n>p2 switch 2\n>p1 move anchorshot\n>p2 move icebeam\n>p2 switch 4\n>p1 move powerwhip\n>p2 move surf\n>p1 switch 3\n>p1 move willowisp\n>p2 switch 5\n>p1 switch 2\n>p2 move trick\n>p1 move waterfall\n>p2 switch 6\n>p1 switch 6\n>p2 switch 2\n>p1 switch 5\n>p2 move substitute\n>p1 move reflect\n>p2 move thousandarrows\n>p1 move moonblast\n>p2 switch 2\n>p1 move stealthrock\n>p2 move energyball\n>p1 move lightscreen\n>p2 move moonblast\n>p1 switch 5\n>p1 move toxic\n>p2 switch 6\n>p1 move sludgebomb\n>p2 move poltergeist\n>p1 switch 4\n>p2 move poltergeist\n>p1 move rockpolish\n>p2 move poltergeist\n>p2 switch 2\n>p1 move headsmash\n>p2 move dragondance\n>p1 move headsmash\n>p2 move dragondance\n>chat \u2606HolySteel|well\n>chat \u2606i bada the bing|yea this thing is kinda stupid\n>p1 move headsmash\n>p2 move substitute\n>p1 move headsmash\n>p2 move thousandarrows\n>p1 switch 4\n>p1 switch 6\n>p2 move thousandarrows\n>p1 move waterfall\n>p2 move thousandarrows\n>p1 switch 2\n>p1 move blizzard\n>p2 move thousandarrows\n>p1 switch 6\n>p1 move sludgebomb\n>p2 move outrage\n>p1 move sludgebomb\n>p2 move outrage", "uploadtime": 1685206695, "views": 7, "p1id": "holysteel", "p2id": "ibadathebing", "formatid": "gen8randombattle", "rating": 0, "private": 0, "password": ""}