{"id": "gen8randombattle-1865682745", "p1": "voiga", "p2": "blackboar22", "format": "[Gen 8] Random Battle", "log": "|j|\u2606voiga\n|j|\u2606blackboar22\n|t:|1684327871\n|gametype|singles\n|player|p1|voiga|1|1108\n|player|p2|blackboar22|1|1233\n|teamsize|p1|6\n|teamsize|p2|6\n|gen|8\n|tier|[Gen 8] Random Battle\n|rated|\n|rule|Species Clause: Limit one of each Pok\u00e9mon\n|rule|HP Percentage Mod: HP is shown in percentages\n|rule|Sleep Clause Mod: Limit one foe put to sleep\n|\n|t:|1684327871\n|start\n|switch|p1a: Orbeetle|Orbeetle, L86, F|243/243\n|switch|p2a: Dhelmise|Dhelmise, L86|261/261\n|-item|p2a: Dhelmise|Lum Berry|[from] ability: Frisk|[of] p1a: Orbeetle|[identify]\n|turn|1\n|\n|t:|1684327887\n|move|p1a: Orbeetle|Sticky Web|p2a: Dhelmise\n|-sidestart|p2: blackboar22|move: Sticky Web\n|move|p2a: Dhelmise|Poltergeist|p1a: Orbeetle|[miss]\n|-miss|p2a: Dhelmise|p1a: Orbeetle\n|\n|upkeep\n|turn|2\n|\n|t:|1684327908\n|move|p1a: Orbeetle|U-turn|p2a: Dhelmise\n|-damage|p2a: Dhelmise|222/261\n|\n|t:|1684327911\n|switch|p1a: Skarmory|Skarmory, L80, F|235/235|[from] U-turn\n|move|p2a: Dhelmise|Poltergeist|p1a: Skarmory\n|-activate|p1a: Skarmory|move: Poltergeist|Leftovers\n|-damage|p1a: Skarmory|127/235\n|\n|-heal|p1a: Skarmory|141/235|[from] item: Leftovers\n|upkeep\n|turn|3\n|\n|t:|1684327935\n|switch|p2a: Cofagrigus|Cofagrigus, L86, M|240/240\n|-activate|p2a: Cofagrigus|move: Sticky Web\n|-unboost|p2a: Cofagrigus|spe|1\n|move|p1a: Skarmory|Stealth Rock|p2a: Cofagrigus\n|-sidestart|p2: blackboar22|move: Stealth Rock\n|\n|-heal|p1a: Skarmory|155/235|[from] item: Leftovers\n|upkeep\n|turn|4\n|\n|t:|1684327946\n|switch|p1a: Orbeetle|Orbeetle, L86, F|243/243\n|-item|p2a: Cofagrigus|Leftovers|[from] ability: Frisk|[of] p1a: Orbeetle|[identify]\n|move|p2a: Cofagrigus|Toxic Spikes|p1a: Orbeetle\n|-sidestart|p1: voiga|move: Toxic Spikes\n|\n|upkeep\n|turn|5\n|\n|t:|1684327954\n|move|p1a: Orbeetle|Psychic|p2a: Cofagrigus\n|-damage|p2a: Cofagrigus|161/240\n|move|p2a: Cofagrigus|Toxic Spikes|p1a: Orbeetle\n|-sidestart|p1: voiga|move: Toxic Spikes\n|\n|-heal|p2a: Cofagrigus|176/240|[from] item: Leftovers\n|upkeep\n|turn|6\n|\n|t:|1684327963\n|move|p1a: Orbeetle|Psychic|p2a: Cofagrigus\n|-damage|p2a: Cofagrigus|107/240\n|move|p2a: Cofagrigus|Shadow Ball|p1a: Orbeetle\n|-supereffective|p1a: Orbeetle\n|-damage|p1a: Orbeetle|103/243\n|\n|-heal|p2a: Cofagrigus|122/240|[from] item: Leftovers\n|upkeep\n|turn|7\n|\n|t:|1684327973\n|move|p1a: Orbeetle|Psychic|p2a: Cofagrigus\n|-damage|p2a: Cofagrigus|41/240\n|move|p2a: Cofagrigus|Shadow Ball|p1a: Orbeetle\n|-supereffective|p1a: Orbeetle\n|-damage|p1a: Orbeetle|0 fnt\n|faint|p1a: Orbeetle\n|\n|-heal|p2a: Cofagrigus|56/240|[from] item: Leftovers\n|upkeep\n|\n|t:|1684327986\n|switch|p1a: Skarmory|Skarmory, L80, F|155/235\n|turn|8\n|\n|t:|1684328002\n|move|p1a: Skarmory|Brave Bird|p2a: Cofagrigus\n|-damage|p2a: Cofagrigus|0 fnt\n|-activate|p2a: Cofagrigus|ability: Mummy|Sturdy|[of] p1a: Skarmory\n|faint|p2a: Cofagrigus\n|-damage|p1a: Skarmory|137/235|[from] Recoil\n|\n|-heal|p1a: Skarmory|151/235|[from] item: Leftovers\n|upkeep\n|\n|t:|1684328008\n|switch|p2a: Arcanine|Arcanine, L82, F|282/282\n|-ability|p2a: Arcanine|Intimidate|boost\n|-unboost|p1a: Skarmory|atk|1\n|turn|9\n|\n|t:|1684328021\n|switch|p1a: Barraskewda|Barraskewda, L80, M|229/229\n|-status|p1a: Barraskewda|tox\n|move|p2a: Arcanine|Flare Blitz|p1a: Barraskewda\n|-resisted|p1a: Barraskewda\n|-damage|p1a: Barraskewda|130/229 tox\n|-damage|p2a: Arcanine|249/282|[from] Recoil\n|\n|-damage|p1a: Barraskewda|116/229 tox|[from] psn\n|upkeep\n|turn|10\n|\n|t:|1684328034\n|move|p1a: Barraskewda|Liquidation|p2a: Arcanine\n|-supereffective|p2a: Arcanine\n|-damage|p2a: Arcanine|0 fnt\n|faint|p2a: Arcanine\n|\n|-damage|p1a: Barraskewda|88/229 tox|[from] psn\n|upkeep\n|\n|t:|1684328042\n|switch|p2a: Moltres|Moltres, L80|275/275\n|turn|11\n|\n|t:|1684328046\n|move|p1a: Barraskewda|Liquidation|p2a: Moltres\n|-supereffective|p2a: Moltres\n|-damage|p2a: Moltres|0 fnt\n|faint|p2a: Moltres\n|\n|-damage|p1a: Barraskewda|46/229 tox|[from] psn\n|upkeep\n|\n|t:|1684328056\n|switch|p2a: Lucario|Lucario, L82, M|249/249\n|-activate|p2a: Lucario|move: Sticky Web\n|-unboost|p2a: Lucario|spe|1\n|-damage|p2a: Lucario|242/249|[from] Stealth Rock\n|turn|12\n|\n|t:|1684328064\n|move|p2a: Lucario|Extreme Speed|p1a: Barraskewda\n|-damage|p1a: Barraskewda|0 fnt\n|faint|p1a: Barraskewda\n|-damage|p2a: Lucario|218/249|[from] item: Life Orb\n|\n|upkeep\n|\n|t:|1684328077\n|switch|p1a: Sirfetch\u2019d|Sirfetch\u2019d, L82, F|236/236\n|-status|p1a: Sirfetch\u2019d|tox\n|turn|13\n|\n|t:|1684328087\n|move|p1a: Sirfetch\u2019d|Knock Off|p2a: Lucario\n|-resisted|p2a: Lucario\n|-damage|p2a: Lucario|157/249\n|-ability|p2a: Lucario|Justified|boost\n|-boost|p2a: Lucario|atk|1\n|-enditem|p2a: Lucario|Life Orb|[from] move: Knock Off|[of] p1a: Sirfetch\u2019d\n|-damage|p1a: Sirfetch\u2019d|213/236 tox|[from] item: Life Orb\n|move|p2a: Lucario|Meteor Mash|p1a: Sirfetch\u2019d|[miss]\n|-miss|p2a: Lucario|p1a: Sirfetch\u2019d\n|\n|-damage|p1a: Sirfetch\u2019d|199/236 tox|[from] psn\n|upkeep\n|turn|14\n|\n|t:|1684328100\n|move|p2a: Lucario|Extreme Speed|p1a: Sirfetch\u2019d\n|-damage|p1a: Sirfetch\u2019d|109/236 tox\n|move|p1a: Sirfetch\u2019d|Close Combat|p2a: Lucario\n|-supereffective|p2a: Lucario\n|-damage|p2a: Lucario|0 fnt\n|-unboost|p1a: Sirfetch\u2019d|def|1\n|-unboost|p1a: Sirfetch\u2019d|spd|1\n|faint|p2a: Lucario\n|-damage|p1a: Sirfetch\u2019d|86/236 tox|[from] item: Life Orb\n|\n|-damage|p1a: Sirfetch\u2019d|58/236 tox|[from] psn\n|upkeep\n|\n|t:|1684328109\n|switch|p2a: Dhelmise|Dhelmise, L86|222/261\n|-activate|p2a: Dhelmise|move: Sticky Web\n|-unboost|p2a: Dhelmise|spe|1\n|-damage|p2a: Dhelmise|190/261|[from] Stealth Rock\n|turn|15\n|\n|t:|1684328122\n|move|p1a: Sirfetch\u2019d|Knock Off|p2a: Dhelmise\n|-supereffective|p2a: Dhelmise\n|-damage|p2a: Dhelmise|0 fnt\n|-enditem|p2a: Dhelmise|Lum Berry|[from] move: Knock Off|[of] p1a: Sirfetch\u2019d\n|faint|p2a: Dhelmise\n|-damage|p1a: Sirfetch\u2019d|35/236 tox|[from] item: Life Orb\n|\n|-damage|p1a: Sirfetch\u2019d|0 fnt|[from] psn\n|faint|p1a: Sirfetch\u2019d\n|upkeep\n|\n|t:|1684328133\n|switch|p1a: Skarmory|Skarmory, L80, F|151/235\n|switch|p2a: Hawlucha|Hawlucha, L80, M|256/256\n|-damage|p2a: Hawlucha|224/256|[from] Stealth Rock\n|turn|16\n|\n|t:|1684328147\n|move|p2a: Hawlucha|Swords Dance|p2a: Hawlucha\n|-boost|p2a: Hawlucha|atk|2\n|move|p1a: Skarmory|Brave Bird|p2a: Hawlucha\n|-supereffective|p2a: Hawlucha\n|-damage|p2a: Hawlucha|0 fnt\n|faint|p2a: Hawlucha\n|-damage|p1a: Skarmory|77/235|[from] Recoil\n|\n|win|voiga\n|raw|voiga's rating: 1108 &rarr; <strong>1142</strong><br />(+34 for winning)\n|raw|blackboar22's rating: 1233 &rarr; <strong>1199</strong><br />(-34 for losing)\n|l|\u2606blackboar22\n", "inputlog": ">version 3f967b429d9dd76d8eb692efdd7dfe9038092d20\n>start {\"formatid\":\"gen8randombattle\",\"seed\":[3863,12473,2670,63206],\"rated\":\"Rated battle\"}\n>player p1 {\"name\":\"voiga\",\"avatar\":\"1\",\"rating\":1108,\"seed\":[12586,43450,34119,7212]}\n>player p2 {\"name\":\"blackboar22\",\"avatar\":\"1\",\"rating\":1233,\"seed\":[64547,9922,53111,29273]}\n>p1 move stickyweb\n>p2 move poltergeist\n>p1 move uturn\n>p2 move poltergeist\n>p1 switch 4\n>p1 move stealthrock\n>p2 switch 4\n>p1 switch 4\n>p2 move toxicspikes\n>p1 move psychic\n>p2 move toxicspikes\n>p1 move psychic\n>p2 move shadowball\n>p1 move psychic\n>p2 move shadowball\n>p1 switch 4\n>p1 move bravebird\n>p2 move bodypress\n>p2 switch 6\n>p1 switch 3\n>p2 move flareblitz\n>p1 move liquidation\n>p2 move wildcharge\n>p2 switch 3\n>p1 move liquidation\n>p2 move airslash\n>p2 switch 2\n>p1 move liquidation\n>p2 move extremespeed\n>p1 switch 2\n>p1 move knockoff\n>p2 move meteormash\n>p1 move closecombat\n>p2 move extremespeed\n>p2 switch 4\n>p1 move knockoff\n>p2 move swordsdance\n>p1 switch 3\n>p2 switch 5\n>p1 move bravebird\n>p2 move swordsdance", "uploadtime": 1684328158, "views": 4, "p1id": "voiga", "p2id": "blackboar22", "formatid": "gen8randombattle", "rating": 1142, "private": 0, "password": ""}