{"id": "gen8randombattle-1872821613", "p1": "Big ol Tim", "p2": "jfjrr", "format": "[Gen 8] Random Battle", "log": "|j|\u2606Big ol Tim\n|j|\u2606jfjrr\n|inactive|Battle timer is ON: inactive players will automatically lose when time's up.\n|t:|1685289063\n|gametype|singles\n|j|*Lady Monita\n|player|p1|Big ol Tim|swimmer|\n|player|p2|jfjrr|brendan-contest|\n|teamsize|p1|3\n|teamsize|p2|3\n|gen|8\n|tier|[Gen 8] Random Battle\n|rated|Tournament battle\n|rule|Species Clause: Limit one of each Pok\u00e9mon\n|rule|HP Percentage Mod: HP is shown in percentages\n|rule|Sleep Clause Mod: Limit one foe put to sleep\n|clearpoke\n|poke|p1|Terrakion, L78|\n|poke|p1|Chansey, L84, F|\n|poke|p1|Drampa, L86, M|\n|poke|p2|Kyurem-White, L74|\n|poke|p2|Relicanth, L86, M|\n|poke|p2|Regidrago, L78|\n|teampreview|1\n|j| DragonPhoenix333\n|\n|t:|1685289079\n|start\n|switch|p1a: Terrakion|Terrakion, L78|270/270\n|switch|p2a: Regidrago|Regidrago, L78|440/440\n|turn|1\n|\n|t:|1685289090\n|-start|p1a: Terrakion|Dynamax|\n|-heal|p1a: Terrakion|540/540|[silent]\n|-start|p2a: Regidrago|Dynamax|\n|-heal|p2a: Regidrago|880/880|[silent]\n|move|p1a: Terrakion|Max Knuckle|p2a: Regidrago\n|-damage|p2a: Regidrago|638/880\n|-boost|p1a: Terrakion|atk|1\n|-damage|p1a: Terrakion|513/540|[from] item: Life Orb\n|move|p2a: Regidrago|Max Wyrmwind|p1a: Terrakion\n|-damage|p1a: Terrakion|314/540\n|-unboost|p1a: Terrakion|atk|1\n|\n|upkeep\n|turn|2\n|\n|t:|1685289097\n|move|p1a: Terrakion|Max Knuckle|p2a: Regidrago\n|-damage|p2a: Regidrago|391/880\n|-boost|p1a: Terrakion|atk|1\n|-damage|p1a: Terrakion|287/540|[from] item: Life Orb\n|move|p2a: Regidrago|Max Knuckle|p1a: Terrakion\n|-supereffective|p1a: Terrakion\n|-damage|p1a: Terrakion|167/540\n|-boost|p2a: Regidrago|atk|1\n|\n|upkeep\n|turn|3\n|\n|t:|1685289105\n|move|p1a: Terrakion|Max Guard|p1a: Terrakion\n|-singleturn|p1a: Terrakion|Max Guard\n|move|p2a: Regidrago|Max Wyrmwind|p1a: Terrakion\n|-activate|p1a: Terrakion|move: Max Guard\n|\n|upkeep\n|-end|p1a: Terrakion|Dynamax\n|-heal|p1a: Terrakion|84/270|[silent]\n|-end|p2a: Regidrago|Dynamax\n|-heal|p2a: Regidrago|196/440|[silent]\n|turn|4\n|\n|t:|1685289114\n|move|p1a: Terrakion|Close Combat|p2a: Regidrago\n|-damage|p2a: Regidrago|0 fnt\n|-unboost|p1a: Terrakion|def|1\n|-unboost|p1a: Terrakion|spd|1\n|faint|p2a: Regidrago\n|-damage|p1a: Terrakion|57/270|[from] item: Life Orb\n|\n|win|Big ol Tim\n|n|\u2606Big ol Tim|bigoltim\n|n|\u2606jfjrr|jfjrr\n|n|*Lady Monita|ladymonita\n|n| DragonPhoenix333|dragonphoenix333\n|l|*Lady Monita\n|l|\u2606jfjrr\n|l|\u2606Big ol Tim\n|l| DragonPhoenix333\n|j| Juytre\n", "inputlog": ">version d74822bbc74c095aa312053f7034baee3068d99e\n>start {\"formatid\":\"gen8randombattle@@@Team Preview,maxteamsize=3,pickedteamsize=1\",\"seed\":[41337,31447,47819,10789],\"rated\":\"Tournament battle\"}\n>player p1 {\"name\":\"Big ol Tim\",\"avatar\":\"swimmer\",\"rating\":0,\"seed\":[30029,55443,52304,57403]}\n>player p2 {\"name\":\"jfjrr\",\"avatar\":\"brendan-contest\",\"rating\":0,\"seed\":[56297,4641,34020,65091]}\n>p1 team 1\n>p2 team 3\n>p1 move closecombat dynamax\n>p2 move outrage dynamax\n>p1 move closecombat dynamax\n>p2 move hammerarm dynamax\n>p1 move swordsdance dynamax\n>p2 move outrage dynamax\n>p1 move closecombat\n>p2 move outrage", "uploadtime": 1685289286, "views": 3, "p1id": "bigoltim", "p2id": "jfjrr", "formatid": "gen8randombattle", "rating": 0, "private": 0, "password": ""}