{"id": "gen8randombattle-1873535700", "p1": "chankete", "p2": "Sparna_of_Yomi", "format": "[Gen 8] Random Battle", "log": "|j|\u2606chankete\n|j|\u2606Sparna_of_Yomi\n|t:|1685387552\n|gametype|singles\n|player|p1|chankete|1|1411\n|player|p2|Sparna_of_Yomi|blackbelt|1463\n|teamsize|p1|6\n|teamsize|p2|6\n|gen|8\n|tier|[Gen 8] Random Battle\n|rated|\n|rule|Species Clause: Limit one of each Pok\u00e9mon\n|rule|HP Percentage Mod: HP is shown in percentages\n|rule|Sleep Clause Mod: Limit one foe put to sleep\n|\n|t:|1685387552\n|start\n|switch|p1a: Durant|Durant, L78, F|219/219\n|switch|p2a: Sawk|Sawk, L86, M|269/269\n|-ability|p2a: Sawk|Mold Breaker\n|turn|1\n|\n|t:|1685387567\n|switch|p1a: Carbink|Carbink, L86|226/226\n|switch|p2a: Qwilfish|Qwilfish, L84, F|246/246\n|-ability|p2a: Qwilfish|Intimidate|boost\n|-unboost|p1a: Carbink|atk|1\n|\n|upkeep\n|turn|2\n|\n|t:|1685387570\n|move|p2a: Qwilfish|Taunt|p1a: Carbink\n|-start|p1a: Carbink|move: Taunt\n|cant|p1a: Carbink|move: Taunt|Stealth Rock\n|\n|upkeep\n|turn|3\n|\n|t:|1685387579\n|switch|p1a: Slowbro|Slowbro-Galar, L86, M|304/304\n|move|p2a: Qwilfish|Toxic Spikes|p1a: Slowbro\n|-sidestart|p1: chankete|move: Toxic Spikes\n|\n|upkeep\n|turn|4\n|\n|t:|1685387592\n|switch|p2a: Jellicent|Jellicent, L84, M|305/305\n|move|p1a: Slowbro|Trick|p2a: Jellicent\n|-activate|p1a: Slowbro|move: Trick|[of] p2a: Jellicent\n|-item|p2a: Jellicent|Choice Specs|[from] move: Trick\n|-item|p1a: Slowbro|Leftovers|[from] move: Trick\n|\n|upkeep\n|turn|5\n|\n|t:|1685387603\n|move|p2a: Jellicent|Shadow Ball|p1a: Slowbro\n|-supereffective|p1a: Slowbro\n|-damage|p1a: Slowbro|50/304\n|move|p1a: Slowbro|Shell Side Arm|p2a: Jellicent|[anim] Shell Side Arm Physical\n|-resisted|p2a: Jellicent\n|-damage|p2a: Jellicent|242/305\n|-hint|Physical Shell Side Arm\n|\n|-heal|p1a: Slowbro|69/304|[from] item: Leftovers\n|upkeep\n|turn|6\n|\n|t:|1685387610\n|switch|p1a: Durant|Durant, L78, F|219/219\n|move|p2a: Jellicent|Shadow Ball|p1a: Durant\n|-damage|p1a: Durant|27/219\n|\n|upkeep\n|turn|7\n|\n|t:|1685387616\n|switch|p2a: Qwilfish|Qwilfish, L84, F|246/246\n|-ability|p2a: Qwilfish|Intimidate|boost\n|-unboost|p1a: Durant|atk|1\n|move|p1a: Durant|Rock Slide|p2a: Qwilfish\n|-damage|p2a: Qwilfish|180/246\n|-damage|p1a: Durant|6/219|[from] item: Life Orb\n|\n|-heal|p2a: Qwilfish|195/246|[from] item: Black Sludge\n|upkeep\n|turn|8\n|\n|t:|1685387625\n|move|p1a: Durant|Hone Claws|p1a: Durant\n|-boost|p1a: Durant|atk|1\n|-boost|p1a: Durant|accuracy|1\n|move|p2a: Qwilfish|Waterfall|p1a: Durant\n|-damage|p1a: Durant|0 fnt\n|faint|p1a: Durant\n|\n|-heal|p2a: Qwilfish|210/246|[from] item: Black Sludge\n|upkeep\n|\n|t:|1685387629\n|switch|p1a: Slowbro|Slowbro-Galar, L86, M|170/304\n|-sideend|p1: chankete|move: Toxic Spikes|[of] p1a: Slowbro\n|turn|9\n|\n|t:|1685387636\n|switch|p1a: Quagsire|Quagsire, L84, F|297/297\n|move|p2a: Qwilfish|Toxic Spikes|p1a: Quagsire\n|-sidestart|p1: chankete|move: Toxic Spikes\n|\n|-heal|p2a: Qwilfish|225/246|[from] item: Black Sludge\n|upkeep\n|turn|10\n|\n|t:|1685387640\n|move|p2a: Qwilfish|Taunt|p1a: Quagsire\n|-start|p1a: Quagsire|move: Taunt\n|move|p1a: Quagsire|Earthquake|p2a: Qwilfish\n|-supereffective|p2a: Qwilfish\n|-damage|p2a: Qwilfish|31/246\n|\n|-heal|p2a: Qwilfish|46/246|[from] item: Black Sludge\n|upkeep\n|turn|11\n|\n|t:|1685387655\n|switch|p2a: Mr. Rime|Mr. Rime, L86, M|278/278\n|switch|p1a: Slowbro|Slowbro-Galar, L86, M|271/304\n|-sideend|p1: chankete|move: Toxic Spikes|[of] p1a: Slowbro\n|\n|-heal|p1a: Slowbro|290/304|[from] item: Leftovers\n|upkeep\n|turn|12\n|\n|t:|1685387662\n|switch|p1a: Carbink|Carbink, L86|226/226\n|move|p2a: Mr. Rime|Psychic|p1a: Carbink\n|-damage|p1a: Carbink|151/226\n|\n|upkeep\n|turn|13\n|\n|t:|1685387667\n|switch|p2a: Espeon|Espeon, L82, F|241/241\n|move|p1a: Carbink|Stealth Rock|p2a: Espeon\n|move|p2a: Espeon|Stealth Rock|p1a: Carbink|[from]ability: Magic Bounce\n|-sidestart|p1: chankete|move: Stealth Rock\n|\n|upkeep\n|turn|14\n|\n|t:|1685387681\n|move|p2a: Espeon|Psychic|p1a: Carbink\n|-damage|p1a: Carbink|82/226\n|move|p1a: Carbink|Light Screen|p1a: Carbink\n|-sidestart|p1: chankete|move: Light Screen\n|\n|upkeep\n|turn|15\n|\n|t:|1685387685\n|move|p2a: Espeon|Psychic|p1a: Carbink\n|-damage|p1a: Carbink|46/226\n|move|p1a: Carbink|Moonblast|p2a: Espeon\n|-damage|p2a: Espeon|178/241\n|-unboost|p2a: Espeon|spa|1\n|\n|-heal|p2a: Espeon|193/241|[from] item: Leftovers\n|upkeep\n|turn|16\n|\n|t:|1685387694\n|switch|p2a: Qwilfish|Qwilfish, L84, F|46/246\n|-ability|p2a: Qwilfish|Intimidate|boost\n|-unboost|p1a: Carbink|atk|1\n|move|p1a: Carbink|Reflect|p1a: Carbink\n|-sidestart|p1: chankete|Reflect\n|\n|-heal|p2a: Qwilfish|61/246|[from] item: Black Sludge\n|upkeep\n|turn|17\n|\n|t:|1685387698\n|move|p2a: Qwilfish|Toxic Spikes|p1a: Carbink\n|-sidestart|p1: chankete|move: Toxic Spikes\n|move|p1a: Carbink|Stealth Rock|p2a: Qwilfish\n|-sidestart|p2: Sparna_of_Yomi|move: Stealth Rock\n|\n|-heal|p2a: Qwilfish|76/246|[from] item: Black Sludge\n|upkeep\n|turn|18\n|\n|t:|1685387703\n|move|p2a: Qwilfish|Waterfall|p1a: Carbink\n|-supereffective|p1a: Carbink\n|-damage|p1a: Carbink|0 fnt\n|faint|p1a: Carbink\n|\n|-heal|p2a: Qwilfish|91/246|[from] item: Black Sludge\n|upkeep\n|\n|t:|1685387706\n|switch|p1a: Slowbro|Slowbro-Galar, L86, M|304/304\n|-damage|p1a: Slowbro|266/304|[from] Stealth Rock\n|-sideend|p1: chankete|move: Toxic Spikes|[of] p1a: Slowbro\n|turn|19\n|\n|t:|1685387716\n|move|p2a: Qwilfish|Thunder Wave|p1a: Slowbro\n|-status|p1a: Slowbro|par\n|move|p1a: Slowbro|Psychic|p2a: Qwilfish\n|-supereffective|p2a: Qwilfish\n|-damage|p2a: Qwilfish|0 fnt\n|faint|p2a: Qwilfish\n|\n|-heal|p1a: Slowbro|285/304 par|[from] item: Leftovers\n|upkeep\n|\n|t:|1685387721\n|switch|p2a: Mr. Rime|Mr. Rime, L86, M|278/278\n|-activate|p2a: Mr. Rime|ability: Screen Cleaner\n|-sideend|p1: chankete|Reflect\n|-sideend|p1: chankete|move: Light Screen\n|turn|20\n|\n|t:|1685387725\n|move|p2a: Mr. Rime|Psychic|p1a: Slowbro\n|-damage|p1a: Slowbro|153/304 par\n|move|p1a: Slowbro|Flamethrower|p2a: Mr. Rime\n|-supereffective|p2a: Mr. Rime\n|-damage|p2a: Mr. Rime|158/278\n|\n|-heal|p1a: Slowbro|172/304 par|[from] item: Leftovers\n|upkeep\n|turn|21\n|\n|t:|1685387733\n|switch|p2a: Jellicent|Jellicent, L84, M|242/305\n|-damage|p2a: Jellicent|204/305|[from] Stealth Rock\n|move|p1a: Slowbro|Flamethrower|p2a: Jellicent\n|-resisted|p2a: Jellicent\n|-damage|p2a: Jellicent|173/305\n|\n|-heal|p1a: Slowbro|191/304 par|[from] item: Leftovers\n|upkeep\n|turn|22\n|\n|t:|1685387741\n|switch|p1a: Quagsire|Quagsire, L84, F|297/297\n|-damage|p1a: Quagsire|279/297|[from] Stealth Rock\n|move|p2a: Jellicent|Shadow Ball|p1a: Quagsire\n|-damage|p1a: Quagsire|146/297\n|\n|-heal|p1a: Quagsire|164/297|[from] item: Leftovers\n|upkeep\n|turn|23\n|inactive|Battle timer is ON: inactive players will automatically lose when time's up. (requested by chankete)\n|\n|t:|1685387750\n|move|p2a: Jellicent|Shadow Ball|p1a: Quagsire\n|-damage|p1a: Quagsire|23/297\n|move|p1a: Quagsire|Earthquake|p2a: Jellicent\n|-damage|p2a: Jellicent|61/305\n|\n|-heal|p1a: Quagsire|41/297|[from] item: Leftovers\n|upkeep\n|turn|24\n|\n|t:|1685387772\n|move|p2a: Jellicent|Shadow Ball|p1a: Quagsire\n|-damage|p1a: Quagsire|0 fnt\n|faint|p1a: Quagsire\n|\n|upkeep\n|\n|t:|1685387775\n|switch|p1a: Slowbro|Slowbro-Galar, L86, M|292/304 par\n|-damage|p1a: Slowbro|254/304 par|[from] Stealth Rock\n|turn|25\n|\n|t:|1685387782\n|move|p2a: Jellicent|Shadow Ball|p1a: Slowbro\n|-supereffective|p1a: Slowbro\n|-damage|p1a: Slowbro|8/304 par\n|-unboost|p1a: Slowbro|spd|1\n|move|p1a: Slowbro|Psychic|p2a: Jellicent\n|-damage|p2a: Jellicent|0 fnt\n|faint|p2a: Jellicent\n|\n|-heal|p1a: Slowbro|27/304 par|[from] item: Leftovers\n|upkeep\n|\n|t:|1685387790\n|switch|p2a: Persian|Persian, L88, M|258/258\n|-damage|p2a: Persian|226/258|[from] Stealth Rock\n|turn|26\n|\n|t:|1685387810\n|move|p2a: Persian|U-turn|p1a: Slowbro\n|-damage|p1a: Slowbro|0 fnt\n|faint|p1a: Slowbro\n|\n|t:|1685387814\n|switch|p2a: Espeon|Espeon, L82, F|193/241|[from] U-turn\n|-damage|p2a: Espeon|163/241|[from] Stealth Rock\n|\n|-heal|p2a: Espeon|178/241|[from] item: Leftovers\n|upkeep\n|\n|t:|1685387818\n|switch|p1a: Tornadus|Tornadus, L80, M|258/258\n|turn|27\n|\n|t:|1685387834\n|-start|p2a: Espeon|Dynamax|\n|-heal|p2a: Espeon|356/482|[silent]\n|move|p1a: Tornadus|Nasty Plot|p1a: Tornadus\n|-boost|p1a: Tornadus|spa|2\n|move|p2a: Espeon|Max Mindstorm|p1a: Tornadus\n|-damage|p1a: Tornadus|65/258\n|-fieldstart|move: Psychic Terrain\n|\n|-heal|p2a: Espeon|371/482|[from] item: Leftovers\n|upkeep\n|turn|28\n|\n|t:|1685387843\n|-start|p1a: Tornadus|Dynamax|\n|-heal|p1a: Tornadus|130/516|[silent]\n|move|p2a: Espeon|Max Mindstorm|p1a: Tornadus\n|-damage|p1a: Tornadus|0 fnt\n|faint|p1a: Tornadus\n|\n|-heal|p2a: Espeon|386/482|[from] item: Leftovers\n|upkeep\n|\n|t:|1685387857\n|switch|p1a: Salazzle|Salazzle, L82, F|246/246\n|-damage|p1a: Salazzle|185/246|[from] Stealth Rock\n|turn|29\n|\n|t:|1685387863\n|move|p1a: Salazzle|Substitute|p1a: Salazzle\n|-start|p1a: Salazzle|Substitute\n|-damage|p1a: Salazzle|124/246\n|move|p2a: Espeon|Max Mindstorm|p1a: Salazzle\n|-supereffective|p1a: Salazzle\n|-end|p1a: Salazzle|Substitute\n|\n|-heal|p1a: Salazzle|139/246|[from] item: Black Sludge\n|-heal|p2a: Espeon|401/482|[from] item: Leftovers\n|upkeep\n|-end|p2a: Espeon|Dynamax\n|-heal|p2a: Espeon|201/241|[silent]\n|turn|30\n|\n|t:|1685387867\n|move|p1a: Salazzle|Toxic|p2a: Espeon\n|move|p2a: Espeon|Toxic|p1a: Salazzle|[from]ability: Magic Bounce\n|-immune|p1a: Salazzle\n|move|p2a: Espeon|Psychic|p1a: Salazzle\n|-supereffective|p1a: Salazzle\n|-damage|p1a: Salazzle|0 fnt\n|faint|p1a: Salazzle\n|\n|win|Sparna_of_Yomi\n|raw|chankete's rating: 1411 &rarr; <strong>1394</strong><br />(-17 for losing)\n|raw|Sparna_of_Yomi's rating: 1463 &rarr; <strong>1480</strong><br />(+17 for winning)\n", "inputlog": ">version 6fec31d5a0d4498a06105aa188c9906bc0b6bf95\n>start {\"formatid\":\"gen8randombattle\",\"seed\":[15893,55297,36546,25312],\"rated\":\"Rated battle\"}\n>player p1 {\"name\":\"chankete\",\"avatar\":\"1\",\"rating\":1411,\"seed\":[35105,57697,19388,24216]}\n>player p2 {\"name\":\"Sparna_of_Yomi\",\"avatar\":\"blackbelt\",\"rating\":1463,\"seed\":[27759,54634,21608,54279]}\n>p1 switch 2\n>p2 switch 2\n>p1 move stealthrock\n>p2 move taunt\n>p1 switch 6\n>p2 move toxicspikes\n>p1 move trick\n>p2 switch 3\n>p1 move shellsidearm\n>p2 move shadowball\n>p1 switch 2\n>p2 move shadowball\n>p1 move rockslide\n>p2 switch 3\n>p1 move honeclaws\n>p2 move waterfall\n>p1 switch 2\n>p1 switch 4\n>p2 move toxicspikes\n>p1 move earthquake\n>p2 move taunt\n>p1 switch 4\n>p2 switch 4\n>p1 switch 6\n>p2 move psychic\n>p1 move stealthrock\n>p2 switch 5\n>p1 move lightscreen\n>p2 move psychic\n>p1 move moonblast\n>p2 move psychic\n>p1 move reflect\n>p2 switch 4\n>p1 move stealthrock\n>p2 move toxicspikes\n>p1 move moonblast\n>p2 move waterfall\n>p1 switch 6\n>p1 move psychic\n>p2 move thunderwave\n>p2 switch 5\n>p1 move flamethrower\n>p2 move psychic\n>p1 move flamethrower\n>p2 switch 3\n>p1 switch 4\n>p2 move shadowball\n>p1 move earthquake\n>p2 move shadowball\n>p1 move earthquake\n>p2 move shadowball\n>p1 switch 4\n>p1 move psychic\n>p2 move shadowball\n>p2 switch 6\n>p1 move flamethrower\n>p2 move uturn\n>p2 switch 4\n>p1 switch 5\n>p1 move nastyplot\n>p2 move psychic dynamax\n>p1 move hurricane dynamax\n>p2 move psychic dynamax\n>p1 switch 3\n>p1 move substitute\n>p2 move psychic dynamax\n>p1 move toxic\n>p2 move psychic", "uploadtime": 1685387870, "views": 3, "p1id": "chankete", "p2id": "sparnaofyomi", "formatid": "gen8randombattle", "rating": 1394, "private": 0, "password": ""}