{"id": "gen8randombattle-1872982010", "p1": "gareeb adani", "p2": "N0VAgenesis", "format": "[Gen 8] Random Battle", "log": "|j|\u2606gareeb adani\n|j|\u2606N0VAgenesis\n|t:|1685308357\n|gametype|singles\n|player|p1|gareeb adani|2|1535\n|player|p2|N0VAgenesis|ingo|1569\n|teamsize|p1|6\n|teamsize|p2|6\n|gen|8\n|tier|[Gen 8] Random Battle\n|rated|\n|rule|Species Clause: Limit one of each Pok\u00e9mon\n|rule|HP Percentage Mod: HP is shown in percentages\n|rule|Sleep Clause Mod: Limit one foe put to sleep\n|\n|t:|1685308357\n|start\n|switch|p1a: Palossand|Palossand, L86, M|286/286\n|switch|p2a: Audino|Audino, L91, F|335/335\n|turn|1\n|inactive|Battle timer is ON: inactive players will automatically lose when time's up. (requested by N0VAgenesis)\n|\n|t:|1685308368\n|move|p2a: Audino|Knock Off|p1a: Palossand\n|-supereffective|p1a: Palossand\n|-damage|p1a: Palossand|188/286\n|-enditem|p1a: Palossand|Leftovers|[from] move: Knock Off|[of] p2a: Audino\n|move|p1a: Palossand|Toxic|p2a: Audino\n|-status|p2a: Audino|tox\n|\n|-damage|p2a: Audino|315/335 tox|[from] psn\n|upkeep\n|turn|2\n|\n|t:|1685308374\n|switch|p1a: Flareon|Flareon, L86, M|251/251\n|move|p2a: Audino|Knock Off|p1a: Flareon\n|-damage|p1a: Flareon|175/251\n|-enditem|p1a: Flareon|Toxic Orb|[from] move: Knock Off|[of] p2a: Audino\n|\n|-heal|p2a: Audino|335/335 tox|[from] item: Leftovers\n|-damage|p2a: Audino|295/335 tox|[from] psn\n|upkeep\n|turn|3\n|\n|t:|1685308388\n|switch|p2a: Heatran|Heatran, L78, M|270/270\n|-item|p2a: Heatran|Air Balloon\n|move|p1a: Flareon|Superpower|p2a: Heatran\n|-supereffective|p2a: Heatran\n|-damage|p2a: Heatran|70/270\n|-unboost|p1a: Flareon|atk|1\n|-unboost|p1a: Flareon|def|1\n|-enditem|p2a: Heatran|Air Balloon\n|\n|upkeep\n|turn|4\n|\n|t:|1685308400\n|move|p2a: Heatran|Stealth Rock|p1a: Flareon\n|-sidestart|p1: gareeb adani|move: Stealth Rock\n|move|p1a: Flareon|Superpower|p2a: Heatran\n|-supereffective|p2a: Heatran\n|-damage|p2a: Heatran|0 fnt\n|-unboost|p1a: Flareon|atk|1\n|-unboost|p1a: Flareon|def|1\n|faint|p2a: Heatran\n|\n|upkeep\n|\n|t:|1685308411\n|switch|p2a: Poliwrath|Poliwrath, L84, F|288/288\n|turn|5\n|\n|t:|1685308423\n|switch|p1a: Gourgeist|Gourgeist, L84, F|246/246\n|-damage|p1a: Gourgeist|216/246|[from] Stealth Rock\n|-item|p2a: Poliwrath|Life Orb|[from] ability: Frisk|[of] p1a: Gourgeist|[identify]\n|-start|p2a: Poliwrath|Dynamax|\n|-heal|p2a: Poliwrath|576/576|[silent]\n|move|p2a: Poliwrath|Max Knuckle|p1a: Gourgeist\n|-immune|p1a: Gourgeist\n|\n|-heal|p1a: Gourgeist|231/246|[from] item: Leftovers\n|upkeep\n|turn|6\n|\n|t:|1685308427\n|move|p1a: Gourgeist|Will-O-Wisp|p2a: Poliwrath\n|-status|p2a: Poliwrath|brn\n|move|p2a: Poliwrath|Max Darkness|p1a: Gourgeist\n|-supereffective|p1a: Gourgeist\n|-damage|p1a: Gourgeist|145/246\n|-unboost|p1a: Gourgeist|spd|1\n|-damage|p2a: Poliwrath|548/576 brn|[from] item: Life Orb\n|\n|-heal|p1a: Gourgeist|160/246|[from] item: Leftovers\n|-damage|p2a: Poliwrath|530/576 brn|[from] brn\n|upkeep\n|turn|7\n|\n|t:|1685308435\n|move|p1a: Gourgeist|Power Whip|p2a: Poliwrath\n|-supereffective|p2a: Poliwrath\n|-damage|p2a: Poliwrath|312/576 brn\n|move|p2a: Poliwrath|Max Darkness|p1a: Gourgeist\n|-supereffective|p1a: Gourgeist\n|-damage|p1a: Gourgeist|74/246\n|-unboost|p1a: Gourgeist|spd|1\n|-damage|p2a: Poliwrath|284/576 brn|[from] item: Life Orb\n|\n|-heal|p1a: Gourgeist|89/246|[from] item: Leftovers\n|-damage|p2a: Poliwrath|266/576 brn|[from] brn\n|upkeep\n|-end|p2a: Poliwrath|Dynamax\n|-heal|p2a: Poliwrath|133/288 brn|[silent]\n|turn|8\n|\n|t:|1685308450\n|switch|p2a: Ho-Oh|Ho-Oh, L72|272/272\n|move|p1a: Gourgeist|Synthesis|p1a: Gourgeist\n|-heal|p1a: Gourgeist|212/246\n|\n|-heal|p1a: Gourgeist|227/246|[from] item: Leftovers\n|upkeep\n|turn|9\n|\n|t:|1685308460\n|switch|p1a: Sudowoodo|Sudowoodo, L87, F|264/264\n|-damage|p1a: Sudowoodo|231/264|[from] Stealth Rock\n|move|p2a: Ho-Oh|Toxic|p1a: Sudowoodo\n|-status|p1a: Sudowoodo|tox\n|\n|-heal|p1a: Sudowoodo|247/264 tox|[from] item: Leftovers\n|-damage|p1a: Sudowoodo|231/264 tox|[from] psn\n|upkeep\n|turn|10\n|\n|t:|1685308466\n|switch|p2a: Poliwrath|Poliwrath, L84, F|133/288 brn\n|move|p1a: Sudowoodo|Head Smash|p2a: Poliwrath|[miss]\n|-miss|p1a: Sudowoodo|p2a: Poliwrath\n|\n|-heal|p1a: Sudowoodo|247/264 tox|[from] item: Leftovers\n|-damage|p1a: Sudowoodo|215/264 tox|[from] psn\n|-damage|p2a: Poliwrath|115/288 brn|[from] brn\n|upkeep\n|turn|11\n|\n|t:|1685308474\n|move|p2a: Poliwrath|Liquidation|p1a: Sudowoodo\n|-supereffective|p1a: Sudowoodo\n|-crit|p1a: Sudowoodo\n|-damage|p1a: Sudowoodo|73/264 tox\n|-damage|p2a: Poliwrath|87/288 brn|[from] item: Life Orb\n|move|p1a: Sudowoodo|Wood Hammer|p2a: Poliwrath\n|-supereffective|p2a: Poliwrath\n|-damage|p2a: Poliwrath|0 fnt\n|faint|p2a: Poliwrath\n|\n|-heal|p1a: Sudowoodo|89/264 tox|[from] item: Leftovers\n|-damage|p1a: Sudowoodo|41/264 tox|[from] psn\n|upkeep\n|\n|t:|1685308487\n|switch|p2a: Ludicolo|Ludicolo, L86, F|278/278\n|turn|12\n|\n|t:|1685308497\n|move|p2a: Ludicolo|Giga Drain|p1a: Sudowoodo\n|-supereffective|p1a: Sudowoodo\n|-damage|p1a: Sudowoodo|0 fnt\n|faint|p1a: Sudowoodo\n|\n|upkeep\n|\n|t:|1685308504\n|switch|p1a: Gourgeist|Gourgeist, L84, F|227/246\n|-damage|p1a: Gourgeist|197/246|[from] Stealth Rock\n|-item|p2a: Ludicolo|Choice Specs|[from] ability: Frisk|[of] p1a: Gourgeist|[identify]\n|turn|13\n|\n|t:|1685308508\n|switch|p2a: Audino|Audino, L91, F|335/335 tox\n|move|p1a: Gourgeist|Poltergeist|p2a: Audino\n|-immune|p2a: Audino\n|\n|-heal|p1a: Gourgeist|212/246|[from] item: Leftovers\n|-damage|p2a: Audino|315/335 tox|[from] psn\n|upkeep\n|turn|14\n|\n|t:|1685308512\n|switch|p1a: Flareon|Flareon, L86, M|175/251\n|-damage|p1a: Flareon|113/251|[from] Stealth Rock\n|move|p2a: Audino|Toxic|p1a: Flareon\n|-status|p1a: Flareon|tox\n|\n|-heal|p2a: Audino|335/335 tox|[from] item: Leftovers\n|-damage|p1a: Flareon|98/251 tox|[from] psn\n|-damage|p2a: Audino|295/335 tox|[from] psn\n|upkeep\n|turn|15\n|\n|t:|1685308518\n|move|p2a: Audino|Protect|p2a: Audino\n|-singleturn|p2a: Audino|Protect\n|move|p1a: Flareon|Facade|p2a: Audino\n|-activate|p2a: Audino|move: Protect\n|\n|-heal|p2a: Audino|315/335 tox|[from] item: Leftovers\n|-damage|p1a: Flareon|68/251 tox|[from] psn\n|-damage|p2a: Audino|255/335 tox|[from] psn\n|upkeep\n|turn|16\n|\n|t:|1685308525\n|move|p1a: Flareon|Facade|p2a: Audino\n|-damage|p2a: Audino|85/335 tox\n|move|p2a: Audino|Wish|p2a: Audino\n|\n|-heal|p2a: Audino|105/335 tox|[from] item: Leftovers\n|-damage|p1a: Flareon|23/251 tox|[from] psn\n|-damage|p2a: Audino|25/335 tox|[from] psn\n|upkeep\n|turn|17\n|\n|t:|1685308530\n|move|p2a: Audino|Protect|p2a: Audino\n|-singleturn|p2a: Audino|Protect\n|move|p1a: Flareon|Facade|p2a: Audino\n|-activate|p2a: Audino|move: Protect\n|\n|-heal|p2a: Audino|192/335 tox|[from] move: Wish|[wisher] Audino\n|-heal|p2a: Audino|212/335 tox|[from] item: Leftovers\n|-damage|p1a: Flareon|0 fnt|[from] psn\n|faint|p1a: Flareon\n|-damage|p2a: Audino|112/335 tox|[from] psn\n|upkeep\n|\n|t:|1685308541\n|switch|p1a: Cinccino|Cinccino, L84, M|263/263\n|-damage|p1a: Cinccino|231/263|[from] Stealth Rock\n|turn|18\n|\n|t:|1685308550\n|move|p2a: Audino|Protect|p2a: Audino\n|-singleturn|p2a: Audino|Protect\n|move|p1a: Cinccino|Bullet Seed|p2a: Audino\n|-activate|p2a: Audino|move: Protect\n|\n|-heal|p2a: Audino|132/335 tox|[from] item: Leftovers\n|-damage|p2a: Audino|12/335 tox|[from] psn\n|upkeep\n|turn|19\n|\n|t:|1685308553\n|switch|p2a: Ho-Oh|Ho-Oh, L72|272/272\n|move|p1a: Cinccino|Bullet Seed|p2a: Ho-Oh\n|-resisted|p2a: Ho-Oh\n|-damage|p2a: Ho-Oh|266/272\n|-resisted|p2a: Ho-Oh\n|-damage|p2a: Ho-Oh|260/272\n|-resisted|p2a: Ho-Oh\n|-damage|p2a: Ho-Oh|254/272\n|-resisted|p2a: Ho-Oh\n|-damage|p2a: Ho-Oh|248/272\n|-resisted|p2a: Ho-Oh\n|-damage|p2a: Ho-Oh|242/272\n|-hitcount|p2a: Ho-Oh|5\n|-damage|p1a: Cinccino|205/263|[from] item: Life Orb\n|\n|upkeep\n|turn|20\n|\n|t:|1685308560\n|switch|p2a: Audino|Audino, L91, F|123/335 tox\n|move|p1a: Cinccino|Rock Blast|p2a: Audino|[miss]\n|-miss|p1a: Cinccino|p2a: Audino\n|\n|-heal|p2a: Audino|143/335 tox|[from] item: Leftovers\n|-damage|p2a: Audino|123/335 tox|[from] psn\n|upkeep\n|turn|21\n|\n|t:|1685308567\n|move|p1a: Cinccino|Tail Slap|p2a: Audino\n|-damage|p2a: Audino|88/335 tox\n|-damage|p2a: Audino|53/335 tox\n|-damage|p2a: Audino|22/335 tox\n|-damage|p2a: Audino|0 fnt\n|faint|p2a: Audino\n|-hitcount|p2: Audino|4\n|-damage|p1a: Cinccino|179/263|[from] item: Life Orb\n|\n|upkeep\n|\n|t:|1685308575\n|switch|p2a: Ludicolo|Ludicolo, L86, F|278/278\n|turn|22\n|\n|t:|1685308580\n|move|p1a: Cinccino|Tail Slap|p2a: Ludicolo|[miss]\n|-miss|p1a: Cinccino|p2a: Ludicolo\n|move|p2a: Ludicolo|Ice Beam|p1a: Cinccino\n|-damage|p1a: Cinccino|51/263\n|\n|upkeep\n|turn|23\n|\n|t:|1685308585\n|move|p1a: Cinccino|Tail Slap|p2a: Ludicolo\n|-damage|p2a: Ludicolo|239/278\n|-damage|p2a: Ludicolo|195/278\n|-damage|p2a: Ludicolo|152/278\n|-damage|p2a: Ludicolo|109/278\n|-damage|p2a: Ludicolo|70/278\n|-hitcount|p2a: Ludicolo|5\n|-damage|p1a: Cinccino|25/263|[from] item: Life Orb\n|move|p2a: Ludicolo|Ice Beam|p1a: Cinccino\n|-damage|p1a: Cinccino|0 fnt\n|faint|p1a: Cinccino\n|\n|upkeep\n|\n|t:|1685308589\n|switch|p1a: Cloyster|Cloyster, L80, F|211/211\n|-damage|p1a: Cloyster|159/211|[from] Stealth Rock\n|turn|24\n|\n|t:|1685308597\n|switch|p2a: Electivire|Electivire, L82, F|257/257\n|move|p1a: Cloyster|Shell Smash|p1a: Cloyster\n|-unboost|p1a: Cloyster|def|1\n|-unboost|p1a: Cloyster|spd|1\n|-boost|p1a: Cloyster|atk|2\n|-boost|p1a: Cloyster|spa|2\n|-boost|p1a: Cloyster|spe|2\n|-enditem|p1a: Cloyster|White Herb\n|-clearnegativeboost|p1a: Cloyster|[silent]\n|\n|upkeep\n|turn|25\n|\n|t:|1685308603\n|move|p1a: Cloyster|Icicle Spear|p2a: Electivire\n|-damage|p2a: Electivire|196/257\n|-damage|p2a: Electivire|133/257\n|-damage|p2a: Electivire|75/257\n|-damage|p2a: Electivire|15/257\n|-damage|p2a: Electivire|0 fnt\n|faint|p2a: Electivire\n|-hitcount|p2: Electivire|5\n|\n|upkeep\n|\n|t:|1685308609\n|switch|p2a: Ho-Oh|Ho-Oh, L72|272/272\n|turn|26\n|\n|t:|1685308612\n|move|p1a: Cloyster|Rock Blast|p2a: Ho-Oh\n|-supereffective|p2a: Ho-Oh\n|-damage|p2a: Ho-Oh|128/272\n|-supereffective|p2a: Ho-Oh\n|-damage|p2a: Ho-Oh|0 fnt\n|faint|p2a: Ho-Oh\n|-hitcount|p2: Ho-Oh|2\n|\n|upkeep\n|\n|t:|1685308618\n|switch|p2a: Ludicolo|Ludicolo, L86, F|70/278\n|turn|27\n|\n|t:|1685308625\n|move|p1a: Cloyster|Icicle Spear|p2a: Ludicolo\n|-damage|p2a: Ludicolo|13/278\n|-damage|p2a: Ludicolo|0 fnt\n|faint|p2a: Ludicolo\n|-hitcount|p2: Ludicolo|2\n|\n|win|gareeb adani\n|raw|gareeb adani's rating: 1546 &rarr; <strong>1567</strong><br />(+21 for winning)\n|raw|N0VAgenesis's rating: 1569 &rarr; <strong>1548</strong><br />(-21 for losing)\n", "inputlog": ">version d74822bbc74c095aa312053f7034baee3068d99e\n>start {\"formatid\":\"gen8randombattle\",\"seed\":[45285,29111,61302,11150],\"rated\":\"Rated battle\"}\n>player p1 {\"name\":\"gareeb adani\",\"avatar\":\"2\",\"rating\":1535,\"seed\":[23979,2199,3276,23233]}\n>player p2 {\"name\":\"N0VAgenesis\",\"avatar\":\"ingo\",\"rating\":1569,\"seed\":[30143,892,36158,47858]}\n>p1 move toxic\n>p2 move knockoff\n>p1 switch 3\n>p2 move knockoff\n>p1 move superpower\n>p2 switch 5\n>p1 move superpower\n>p2 move stealthrock\n>p2 switch 3\n>p1 switch 6\n>p2 move closecombat dynamax\n>p1 move willowisp\n>p2 move darkestlariat dynamax\n>p1 move powerwhip\n>p2 move darkestlariat dynamax\n>p1 move synthesis\n>p2 switch 2\n>p1 switch 5\n>p2 move toxic\n>p1 move headsmash\n>p2 switch 2\n>p1 move woodhammer\n>p2 move liquidation\n>p2 switch 4\n>p1 move headsmash\n>p2 move gigadrain\n>p1 switch 5\n>p1 move poltergeist\n>p2 switch 5\n>p1 switch 6\n>p2 move toxic\n>p1 move facade\n>p2 move protect\n>p1 move facade\n>p2 move wish\n>p1 move facade\n>p2 move protect\n>p1 switch 4\n>p1 move bulletseed\n>p2 move protect\n>p1 move bulletseed\n>p2 switch 2\n>p1 move rockblast\n>p2 switch 2\n>p1 move tailslap\n>p2 move toxic\n>p2 switch 5\n>p1 move tailslap\n>p2 move icebeam\n>p1 move tailslap\n>p2 move icebeam\n>p1 switch 2\n>p1 move shellsmash\n>p2 switch 6\n>p1 move iciclespear\n>p2 move wildcharge\n>p2 switch 2\n>p1 move rockblast\n>p2 move sacredfire\n>p2 switch 6\n>p1 move iciclespear\n>p2 move gigadrain", "uploadtime": 1685308627, "views": 2, "p1id": "gareebadani", "p2id": "n0vagenesis", "formatid": "gen8randombattle", "rating": 1548, "private": 0, "password": ""}