{"id": "gen8randombattle-1873134091", "p1": "Dead RedHead", "p2": "PKMONI92", "format": "[Gen 8] Random Battle", "log": "|j|\u2606Dead RedHead\n|j|\u2606PKMONI92\n|t:|1685329273\n|gametype|singles\n|player|p1|Dead RedHead|benga|1165\n|player|p2|PKMONI92|red|1232\n|teamsize|p1|6\n|teamsize|p2|6\n|gen|8\n|tier|[Gen 8] Random Battle\n|rated|\n|rule|Species Clause: Limit one of each Pok\u00e9mon\n|rule|HP Percentage Mod: HP is shown in percentages\n|rule|Sleep Clause Mod: Limit one foe put to sleep\n|\n|t:|1685329273\n|start\n|switch|p1a: Torkoal|Torkoal, L86, M|261/261\n|switch|p2a: Kingler|Kingler, L84, F|230/230\n|-weather|SunnyDay|[from] ability: Drought|[of] p1a: Torkoal\n|turn|1\n|inactive|Battle timer is ON: inactive players will automatically lose when time's up. (requested by Dead RedHead)\n|\n|t:|1685329297\n|switch|p2a: Krookodile|Krookodile, L78, F|276/276\n|switch|p1a: Boltund|Boltund, L84, M|253/253\n|\n|-weather|SunnyDay|[upkeep]\n|upkeep\n|turn|2\n|\n|t:|1685329309\n|move|p2a: Krookodile|Earthquake|p1a: Boltund\n|-supereffective|p1a: Boltund\n|-damage|p1a: Boltund|0 fnt\n|faint|p1a: Boltund\n|-ability|p2a: Krookodile|Moxie|boost\n|-boost|p2a: Krookodile|atk|1\n|\n|-weather|SunnyDay|[upkeep]\n|upkeep\n|\n|t:|1685329322\n|switch|p1a: Cresselia|Cresselia, L80, F|323/323\n|turn|3\n|\n|t:|1685329332\n|switch|p2a: Abomasnow|Abomasnow, L82, M|282/282\n|-weather|Hail|[from] ability: Snow Warning|[of] p2a: Abomasnow\n|switch|p1a: Inteleon|Inteleon, L80, M|243/243\n|\n|-weather|Hail|[upkeep]\n|-damage|p1a: Inteleon|228/243|[from] Hail\n|upkeep\n|turn|4\n|\n|t:|1685329344\n|move|p1a: Inteleon|Focus Energy|p1a: Inteleon\n|-start|p1a: Inteleon|move: Focus Energy\n|move|p2a: Abomasnow|Wood Hammer|p1a: Inteleon\n|-supereffective|p1a: Inteleon\n|-damage|p1a: Inteleon|0 fnt\n|faint|p1a: Inteleon\n|-damage|p2a: Abomasnow|207/282|[from] Recoil\n|\n|-weather|Hail|[upkeep]\n|upkeep\n|-message|Dead RedHead forfeited.\n|\n|win|PKMONI92\n|raw|Dead RedHead's rating: 1165 &rarr; <strong>1145</strong><br />(-20 for losing)\n|raw|PKMONI92's rating: 1232 &rarr; <strong>1252</strong><br />(+20 for winning)\n|l|\u2606Dead RedHead\n", "inputlog": ">version 6fec31d5a0d4498a06105aa188c9906bc0b6bf95\n>start {\"formatid\":\"gen8randombattle\",\"seed\":[49926,16817,55756,3446],\"rated\":\"Rated battle\"}\n>player p1 {\"name\":\"Dead RedHead\",\"avatar\":\"benga\",\"rating\":1165,\"seed\":[59760,28519,2377,40087]}\n>player p2 {\"name\":\"PKMONI92\",\"avatar\":\"red\",\"rating\":1232,\"seed\":[52194,17820,32533,63258]}\n>p1 switch 6\n>p2 switch 2\n>p1 move bulkup\n>p2 move earthquake\n>p1 switch 3\n>p1 switch 2\n>p2 switch 6\n>p1 move focusenergy\n>p2 move woodhammer\n>forcelose p1", "uploadtime": 1685329360, "views": 4, "p1id": "deadredhead", "p2id": "pkmoni92", "formatid": "gen8randombattle", "rating": 1145, "private": 0, "password": ""}