{"id": "gen8randombattle-1865822188", "p1": "vUchihax", "p2": "MinatoUzxmaki", "format": "[Gen 8] Random Battle", "log": "|j|\u2606vUchihax\n|j|\u2606MinatoUzxmaki\n|t:|1684341156\n|gametype|singles\n|player|p1|vUchihax|swimmerf|1163\n|player|p2|MinatoUzxmaki|2|1109\n|teamsize|p1|6\n|teamsize|p2|6\n|gen|8\n|tier|[Gen 8] Random Battle\n|rated|\n|rule|Species Clause: Limit one of each Pok\u00e9mon\n|rule|HP Percentage Mod: HP is shown in percentages\n|rule|Sleep Clause Mod: Limit one foe put to sleep\n|\n|t:|1684341156\n|start\n|switch|p1a: Scizor|Scizor, L80, F|243/243\n|switch|p2a: Buzzwole|Buzzwole, L77|291/291\n|turn|1\n|inactive|Battle timer is ON: inactive players will automatically lose when time's up. (requested by vUchihax)\n|inactive|MinatoUzxmaki has 120 seconds left.\n|\n|t:|1684341191\n|switch|p2a: Noivern|Noivern, L82, F|274/274\n|move|p1a: Scizor|Dual Wingbeat|p2a: Noivern|[miss]\n|-miss|p1a: Scizor|p2a: Noivern\n|\n|upkeep\n|turn|2\n|c|\u2606MinatoUzxmaki|hurry up\n|inactive|vUchihax has 120 seconds left.\n|\n|t:|1684341239\n|switch|p1a: Omastar|Omastar, L82, F|249/249\n|move|p2a: Noivern|Flamethrower|p1a: Omastar\n|-resisted|p1a: Omastar\n|-damage|p1a: Omastar|231/249\n|\n|upkeep\n|turn|3\n|\n|t:|1684341254\n|switch|p2a: Cradily|Cradily, L86, F|288/288\n|move|p1a: Omastar|Stealth Rock|p2a: Cradily\n|-sidestart|p2: MinatoUzxmaki|move: Stealth Rock\n|\n|upkeep\n|turn|4\n|\n|t:|1684341267\n|move|p1a: Omastar|Earth Power|p2a: Cradily\n|-damage|p2a: Cradily|209/288\n|-damage|p1a: Omastar|207/249|[from] item: Life Orb\n|move|p2a: Cradily|Stealth Rock|p1a: Omastar\n|-sidestart|p1: vUchihax|move: Stealth Rock\n|\n|-heal|p2a: Cradily|227/288|[from] item: Leftovers\n|upkeep\n|turn|5\n|\n|t:|1684341279\n|switch|p1a: Corsola|Corsola-Galar, L84, M|238/238\n|-damage|p1a: Corsola|209/238|[from] Stealth Rock\n|move|p2a: Cradily|Toxic|p1a: Corsola\n|-status|p1a: Corsola|tox\n|\n|-heal|p2a: Cradily|245/288|[from] item: Leftovers\n|-damage|p1a: Corsola|195/238 tox|[from] psn\n|upkeep\n|turn|6\n|\n|t:|1684341292\n|move|p2a: Cradily|Stone Edge|p1a: Corsola\n|-damage|p1a: Corsola|132/238 tox\n|move|p1a: Corsola|Haze|p1a: Corsola\n|-clearallboost\n|\n|-heal|p2a: Cradily|263/288|[from] item: Leftovers\n|-damage|p1a: Corsola|104/238 tox|[from] psn\n|upkeep\n|turn|7\n|c|\u2606MinatoUzxmaki|?\n|\n|t:|1684341302\n|move|p2a: Cradily|Stone Edge|p1a: Corsola\n|-damage|p1a: Corsola|40/238 tox\n|move|p1a: Corsola|Will-O-Wisp|p2a: Cradily\n|-status|p2a: Cradily|brn\n|\n|-heal|p2a: Cradily|281/288 brn|[from] item: Leftovers\n|-damage|p1a: Corsola|0 fnt|[from] psn\n|faint|p1a: Corsola\n|-damage|p2a: Cradily|263/288 brn|[from] brn\n|upkeep\n|c|\u2606vUchihax|buddy\n|c|\u2606vUchihax|mnyfucking boryehr\n|c|\u2606vUchihax|fucking rpessed\n|c|\u2606vUchihax|all the fuckig attacks\n|c|\u2606vUchihax|this cancer motherffucker\n|c|\u2606vUchihax|fucking adopted child\n|c|\u2606vUchihax|cancer dog\n|inactive|vUchihax has 90 seconds left.\n|c|\u2606vUchihax|its gg\n|c|\u2606vUchihax|fuck this shit\n|c|\u2606vUchihax|im gonna rope my brother\n|c|\u2606vUchihax|btye\n|-message|vUchihax forfeited.\n|\n|win|MinatoUzxmaki\n|raw|vUchihax's rating: 1163 &rarr; <strong>1134</strong><br />(-29 for losing)\n|raw|MinatoUzxmaki's rating: 1109 &rarr; <strong>1138</strong><br />(+29 for winning)\n", "inputlog": ">version 3f967b429d9dd76d8eb692efdd7dfe9038092d20\n>start {\"formatid\":\"gen8randombattle\",\"seed\":[32737,54373,59893,12303],\"rated\":\"Rated battle\"}\n>player p1 {\"name\":\"vUchihax\",\"avatar\":\"swimmerf\",\"rating\":1163,\"seed\":[17981,35134,60491,17378]}\n>player p2 {\"name\":\"MinatoUzxmaki\",\"avatar\":\"2\",\"rating\":1109,\"seed\":[57343,25027,59660,3206]}\n>p1 move dualwingbeat\n>p2 switch 3\n>chat \u2606MinatoUzxmaki|hurry up\n>p1 switch 3\n>p2 move flamethrower\n>p1 move stealthrock\n>p2 switch 4\n>p1 move earthpower\n>p2 move stealthrock\n>p1 switch 4\n>p2 move toxic\n>p1 move haze\n>p2 move stoneedge\n>chat \u2606MinatoUzxmaki|?\n>p1 move willowisp\n>p2 move stoneedge\n>chat \u2606vUchihax|buddy\n>chat \u2606vUchihax|mnyfucking boryehr\n>chat \u2606vUchihax|fucking rpessed\n>chat \u2606vUchihax|all the fuckig attacks\n>chat \u2606vUchihax|this cancer motherffucker\n>chat \u2606vUchihax|fucking adopted child\n>chat \u2606vUchihax|cancer dog\n>chat \u2606vUchihax|its gg\n>chat \u2606vUchihax|fuck this shit\n>chat \u2606vUchihax|im gonna rope my brother\n>chat \u2606vUchihax|btye\n>forcelose p1", "uploadtime": 1684341322, "views": 6, "p1id": "vuchihax", "p2id": "minatouzxmaki", "formatid": "gen8randombattle", "rating": 1134, "private": 0, "password": ""}