{"id": "gen8randombattle-1865882187", "p1": "Satanitar", "p2": "zuzu28", "format": "[Gen 8] Random Battle", "log": "|j|\u2606Satanitar\n|j|\u2606zuzu28\n|t:|1684346676\n|gametype|singles\n|player|p1|Satanitar|265|1298\n|player|p2|zuzu28|169|1256\n|teamsize|p1|6\n|teamsize|p2|6\n|gen|8\n|tier|[Gen 8] Random Battle\n|rated|\n|rule|Species Clause: Limit one of each Pok\u00e9mon\n|rule|HP Percentage Mod: HP is shown in percentages\n|rule|Sleep Clause Mod: Limit one foe put to sleep\n|\n|t:|1684346676\n|start\n|switch|p1a: Tauros|Tauros, L82, M|257/257\n|switch|p2a: Corsola|Corsola-Galar, L84, M|238/238\n|turn|1\n|inactive|Battle timer is ON: inactive players will automatically lose when time's up. (requested by Satanitar)\n|\n|t:|1684346684\n|switch|p1a: Eldegoss|Eldegoss, L90, M|254/254\n|move|p2a: Corsola|Stealth Rock|p1a: Eldegoss\n|-sidestart|p1: Satanitar|move: Stealth Rock\n|\n|upkeep\n|turn|2\n|\n|t:|1684346689\n|move|p1a: Eldegoss|Leech Seed|p2a: Corsola\n|-start|p2a: Corsola|move: Leech Seed\n|move|p2a: Corsola|Will-O-Wisp|p1a: Eldegoss\n|-status|p1a: Eldegoss|brn\n|\n|-damage|p2a: Corsola|209/238|[from] Leech Seed|[of] p1a: Eldegoss\n|-damage|p1a: Eldegoss|239/254 brn|[from] brn\n|upkeep\n|turn|3\n|\n|t:|1684346705\n|switch|p2a: Klefki|Klefki, L82, F|228/228\n|move|p1a: Eldegoss|Energy Ball|p2a: Klefki\n|-resisted|p2a: Klefki\n|-damage|p2a: Klefki|179/228\n|\n|-heal|p2a: Klefki|193/228|[from] item: Leftovers\n|-damage|p1a: Eldegoss|224/254 brn|[from] brn\n|upkeep\n|turn|4\n|\n|t:|1684346725\n|switch|p2a: Magmortar|Magmortar, L86, M|269/269\n|move|p1a: Eldegoss|Leech Seed|p2a: Magmortar\n|-start|p2a: Magmortar|move: Leech Seed\n|\n|-damage|p2a: Magmortar|236/269|[from] Leech Seed|[of] p1a: Eldegoss\n|-heal|p1a: Eldegoss|254/254 brn|[silent]\n|-damage|p1a: Eldegoss|239/254 brn|[from] brn\n|upkeep\n|turn|5\n|\n|t:|1684346735\n|switch|p1a: Volcanion|Volcanion, L80|259/259\n|move|p2a: Magmortar|Psychic|p1a: Volcanion\n|-damage|p1a: Volcanion|173/259\n|\n|-damage|p2a: Magmortar|203/269|[from] Leech Seed|[of] p1a: Volcanion\n|-heal|p1a: Volcanion|206/259|[silent]\n|upkeep\n|turn|6\n|\n|t:|1684346744\n|move|p2a: Magmortar|Thunderbolt|p1a: Volcanion\n|-supereffective|p1a: Volcanion\n|-damage|p1a: Volcanion|32/259\n|move|p1a: Volcanion|Steam Eruption|p2a: Magmortar\n|-supereffective|p2a: Magmortar\n|-damage|p2a: Magmortar|33/269\n|\n|-damage|p2a: Magmortar|0 fnt|[from] Leech Seed|[of] p1a: Volcanion\n|-heal|p1a: Volcanion|65/259|[silent]\n|faint|p2a: Magmortar\n|upkeep\n|\n|t:|1684346761\n|switch|p2a: Klefki|Klefki, L82, F|193/228\n|turn|7\n|\n|t:|1684346765\n|move|p2a: Klefki|Play Rough|p1a: Volcanion\n|-resisted|p1a: Volcanion\n|-damage|p1a: Volcanion|33/259\n|move|p1a: Volcanion|Flamethrower|p2a: Klefki\n|-supereffective|p2a: Klefki\n|-crit|p2a: Klefki\n|-damage|p2a: Klefki|0 fnt\n|faint|p2a: Klefki\n|\n|upkeep\n|\n|t:|1684346784\n|switch|p2a: Hitmontop|Hitmontop, L85, M|224/224\n|turn|8\n|\n|t:|1684346794\n|move|p2a: Hitmontop|Triple Axel|p1a: Volcanion\n|-resisted|p1a: Volcanion\n|-damage|p1a: Volcanion|29/259\n|-resisted|p1a: Volcanion\n|-damage|p1a: Volcanion|21/259\n|-resisted|p1a: Volcanion\n|-damage|p1a: Volcanion|9/259\n|-hitcount|p1a: Volcanion|3\n|move|p1a: Volcanion|Steam Eruption|p2a: Hitmontop\n|-damage|p2a: Hitmontop|113/224\n|\n|-heal|p2a: Hitmontop|127/224|[from] item: Leftovers\n|upkeep\n|turn|9\n|c|\u2606zuzu28|lol fuck is wrongn with me\n|\n|t:|1684346804\n|move|p2a: Hitmontop|Rapid Spin|p1a: Volcanion\n|-damage|p1a: Volcanion|0 fnt\n|-boost|p2a: Hitmontop|spe|1\n|faint|p1a: Volcanion\n|\n|-heal|p2a: Hitmontop|141/224|[from] item: Leftovers\n|upkeep\n|\n|t:|1684346810\n|switch|p1a: Spiritomb|Spiritomb, L88, M|231/231\n|-damage|p1a: Spiritomb|203/231|[from] Stealth Rock\n|turn|10\n|\n|t:|1684346818\n|move|p2a: Hitmontop|Toxic|p1a: Spiritomb\n|-status|p1a: Spiritomb|tox\n|move|p1a: Spiritomb|Poltergeist|p2a: Hitmontop\n|-activate|p2a: Hitmontop|move: Poltergeist|Leftovers\n|-damage|p2a: Hitmontop|0 fnt\n|faint|p2a: Hitmontop\n|\n|-damage|p1a: Spiritomb|189/231 tox|[from] psn\n|upkeep\n|\n|t:|1684346834\n|switch|p2a: Frosmoth|Frosmoth, L82, F|249/249\n|turn|11\n|\n|t:|1684346846\n|move|p2a: Frosmoth|Quiver Dance|p2a: Frosmoth\n|-boost|p2a: Frosmoth|spa|1\n|-boost|p2a: Frosmoth|spd|1\n|-boost|p2a: Frosmoth|spe|1\n|move|p1a: Spiritomb|Poltergeist|p2a: Frosmoth\n|-activate|p2a: Frosmoth|move: Poltergeist|Heavy-Duty Boots\n|-damage|p2a: Frosmoth|0 fnt\n|faint|p2a: Frosmoth\n|\n|-damage|p1a: Spiritomb|161/231 tox|[from] psn\n|upkeep\n|\n|t:|1684346864\n|switch|p2a: Slowbro|Slowbro-Galar, L86, F|304/304\n|turn|12\n|\n|t:|1684346868\n|-start|p2a: Slowbro|Dynamax|\n|-heal|p2a: Slowbro|608/608|[silent]\n|move|p1a: Spiritomb|Poltergeist|p2a: Slowbro\n|-activate|p2a: Slowbro|move: Poltergeist|Choice Specs\n|-supereffective|p2a: Slowbro\n|-damage|p2a: Slowbro|248/608\n|move|p2a: Slowbro|Max Mindstorm|p1a: Spiritomb\n|-immune|p1a: Spiritomb\n|\n|-damage|p1a: Spiritomb|119/231 tox|[from] psn\n|upkeep\n|turn|13\n|c|\u2606zuzu28|fuck fuck fuck\n|\n|t:|1684346882\n|move|p1a: Spiritomb|Poltergeist|p2a: Slowbro\n|-activate|p2a: Slowbro|move: Poltergeist|Choice Specs\n|-supereffective|p2a: Slowbro\n|-damage|p2a: Slowbro|0 fnt\n|faint|p2a: Slowbro\n|\n|-damage|p1a: Spiritomb|63/231 tox|[from] psn\n|upkeep\n|\n|t:|1684346889\n|switch|p2a: Corsola|Corsola-Galar, L84, M|209/238\n|turn|14\n|c|\u2606zuzu28|rip\n|\n|t:|1684346896\n|switch|p1a: Eldegoss|Eldegoss, L90, M|254/254 brn\n|move|p2a: Corsola|Night Shade|p1a: Eldegoss\n|-damage|p1a: Eldegoss|170/254 brn\n|\n|-damage|p1a: Eldegoss|155/254 brn|[from] brn\n|upkeep\n|turn|15\n|\n|t:|1684346909\n|move|p1a: Eldegoss|Leech Seed|p2a: Corsola\n|-start|p2a: Corsola|move: Leech Seed\n|move|p2a: Corsola|Strength Sap|p1a: Eldegoss\n|-unboost|p1a: Eldegoss|atk|1\n|-heal|p2a: Corsola|238/238\n|\n|-damage|p2a: Corsola|209/238|[from] Leech Seed|[of] p1a: Eldegoss\n|-heal|p1a: Eldegoss|184/254 brn|[silent]\n|-damage|p1a: Eldegoss|169/254 brn|[from] brn\n|upkeep\n|turn|16\n|\n|t:|1684346918\n|switch|p1a: Spiritomb|Spiritomb, L88, M|63/231 tox\n|-damage|p1a: Spiritomb|35/231 tox|[from] Stealth Rock\n|move|p2a: Corsola|Night Shade|p1a: Spiritomb\n|-damage|p1a: Spiritomb|0 fnt\n|faint|p1a: Spiritomb\n|\n|upkeep\n|\n|t:|1684346927\n|switch|p1a: Omastar|Omastar, L82, F|249/249\n|-damage|p1a: Omastar|218/249|[from] Stealth Rock\n|turn|17\n|\n|t:|1684346947\n|move|p1a: Omastar|Shell Smash|p1a: Omastar\n|-unboost|p1a: Omastar|def|1\n|-unboost|p1a: Omastar|spd|1\n|-boost|p1a: Omastar|atk|2\n|-boost|p1a: Omastar|spa|2\n|-boost|p1a: Omastar|spe|2\n|-enditem|p1a: Omastar|White Herb\n|-clearnegativeboost|p1a: Omastar|[silent]\n|move|p2a: Corsola|Strength Sap|p1a: Omastar\n|-unboost|p1a: Omastar|atk|1\n|-heal|p2a: Corsola|238/238\n|\n|-damage|p2a: Corsola|209/238|[from] Leech Seed|[of] p1a: Omastar\n|-heal|p1a: Omastar|247/249|[silent]\n|upkeep\n|turn|18\n|\n|t:|1684346966\n|-start|p1a: Omastar|Dynamax|\n|-heal|p1a: Omastar|494/498|[silent]\n|move|p1a: Omastar|Max Geyser|p2a: Corsola\n|-damage|p2a: Corsola|2/238\n|-weather|RainDance\n|move|p2a: Corsola|Will-O-Wisp|p1a: Omastar\n|-status|p1a: Omastar|brn\n|\n|-weather|RainDance|[upkeep]\n|-damage|p2a: Corsola|0 fnt|[from] Leech Seed|[of] p1a: Omastar\n|-heal|p1a: Omastar|496/498 brn|[silent]\n|faint|p2a: Corsola\n|\n|win|Satanitar\n|upkeep\n|raw|Satanitar's rating: 1269 &rarr; <strong>1293</strong><br />(+24 for winning)\n|raw|zuzu28's rating: 1256 &rarr; <strong>1232</strong><br />(-24 for losing)\n", "inputlog": ">version 3f967b429d9dd76d8eb692efdd7dfe9038092d20\n>start {\"formatid\":\"gen8randombattle\",\"seed\":[10564,760,41731,18191],\"rated\":\"Rated battle\"}\n>player p1 {\"name\":\"Satanitar\",\"avatar\":\"265\",\"rating\":1298,\"seed\":[63168,4147,43143,47464]}\n>player p2 {\"name\":\"zuzu28\",\"avatar\":\"169\",\"rating\":1256,\"seed\":[23542,30255,17914,48842]}\n>p1 switch 4\n>p2 move stealthrock\n>p1 move leechseed\n>p2 move willowisp\n>p1 move energyball\n>p2 switch 5\n>p1 move leechseed\n>p2 switch 3\n>p1 switch 5\n>p2 move psychic\n>p1 move steameruption\n>p2 move thunderbolt\n>p2 switch 3\n>p1 move flamethrower\n>p2 move playrough\n>p2 switch 2\n>p1 move steameruption\n>p2 move tripleaxel\n>chat \u2606zuzu28|lol fuck is wrongn with me\n>p1 move steameruption\n>p2 move rapidspin\n>p1 switch 3\n>p1 move poltergeist\n>p2 move toxic\n>p2 switch 4\n>p1 move poltergeist\n>p2 move quiverdance\n>p2 switch 6\n>p1 move poltergeist\n>p2 move psychic dynamax\n>chat \u2606zuzu28|fuck fuck fuck\n>p1 move poltergeist\n>p2 move shellsidearm dynamax\n>p2 switch 5\n>chat \u2606zuzu28|rip\n>p1 switch 5\n>p2 move nightshade\n>p1 move leechseed\n>p2 move strengthsap\n>p1 switch 5\n>p2 move nightshade\n>p1 switch 2\n>p1 move shellsmash\n>p2 move strengthsap\n>p1 move hydropump dynamax\n>p2 move willowisp", "uploadtime": 1684346882, "views": 5, "p1id": "satanitar", "p2id": "zuzu28", "formatid": "gen8randombattle", "rating": 1232, "private": 0, "password": ""}