{"id": "gen8randombattle-1873673476", "p1": "gopqy", "p2": "doomaker12", "format": "[Gen 8] Random Battle", "log": "|j|\u2606gopqy\n|j|\u2606doomaker12\n|t:|1685404296\n|gametype|singles\n|player|p1|gopqy|selene|1052\n|player|p2|doomaker12|2|1197\n|teamsize|p1|6\n|teamsize|p2|6\n|gen|8\n|tier|[Gen 8] Random Battle\n|rated|\n|rule|Species Clause: Limit one of each Pok\u00e9mon\n|rule|HP Percentage Mod: HP is shown in percentages\n|rule|Sleep Clause Mod: Limit one foe put to sleep\n|\n|t:|1685404296\n|start\n|switch|p1a: Indeedee|Indeedee-F, L85, F|258/258\n|switch|p2a: Thundurus|Thundurus, L80, M|258/258\n|-fieldstart|move: Psychic Terrain|[from] ability: Psychic Surge|[of] p1a: Indeedee\n|turn|1\n|\n|t:|1685404312\n|move|p2a: Thundurus|Nasty Plot|p2a: Thundurus\n|-boost|p2a: Thundurus|spa|2\n|move|p1a: Indeedee|Calm Mind|p1a: Indeedee\n|-boost|p1a: Indeedee|spa|1\n|-boost|p1a: Indeedee|spd|1\n|\n|upkeep\n|turn|2\n|\n|t:|1685404319\n|move|p2a: Thundurus|Thunderbolt|p1a: Indeedee\n|-damage|p1a: Indeedee|144/258\n|move|p1a: Indeedee|Calm Mind|p1a: Indeedee\n|-boost|p1a: Indeedee|spa|1\n|-boost|p1a: Indeedee|spd|1\n|\n|upkeep\n|turn|3\n|\n|t:|1685404355\n|move|p2a: Thundurus|Thunderbolt|p1a: Indeedee\n|-damage|p1a: Indeedee|53/258\n|move|p1a: Indeedee|Expanding Force|p2a: Thundurus\n|-damage|p2a: Thundurus|0 fnt\n|faint|p2a: Thundurus\n|-damage|p1a: Indeedee|28/258|[from] item: Life Orb\n|\n|upkeep\n|\n|t:|1685404360\n|switch|p2a: Bisharp|Bisharp, L80, F|235/235\n|turn|4\n|\n|t:|1685404377\n|-start|p1a: Indeedee|Dynamax|\n|-heal|p1a: Indeedee|56/516|[silent]\n|move|p1a: Indeedee|Max Flare|p2a: Bisharp\n|-supereffective|p2a: Bisharp\n|-damage|p2a: Bisharp|0 fnt\n|-weather|SunnyDay\n|faint|p2a: Bisharp\n|-damage|p1a: Indeedee|31/516|[from] item: Life Orb\n|\n|-weather|SunnyDay|[upkeep]\n|upkeep\n|\n|t:|1685404383\n|switch|p2a: Entei|Entei, L78|307/307\n|turn|5\n|\n|t:|1685404399\n|move|p2a: Entei|Extreme Speed|p1a: Indeedee\n|-activate|p1a: Indeedee|move: Psychic Terrain\n|move|p1a: Indeedee|Max Mindstorm|p2a: Entei\n|-damage|p2a: Entei|0 fnt\n|faint|p2a: Entei\n|-damage|p1a: Indeedee|6/516|[from] item: Life Orb\n|\n|-weather|SunnyDay|[upkeep]\n|-fieldend|move: Psychic Terrain\n|upkeep\n|inactive|Battle timer is ON: inactive players will automatically lose when time's up. (requested by doomaker12)\n|-message|doomaker12 forfeited.\n|\n|win|gopqy\n|raw|gopqy's rating: 1052 &rarr; <strong>1097</strong><br />(+45 for winning)\n|raw|doomaker12's rating: 1197 &rarr; <strong>1162</strong><br />(-35 for losing)\n|l|\u2606doomaker12\n", "inputlog": ">version 6fec31d5a0d4498a06105aa188c9906bc0b6bf95\n>start {\"formatid\":\"gen8randombattle\",\"seed\":[13777,33057,58355,21672],\"rated\":\"Rated battle\"}\n>player p1 {\"name\":\"gopqy\",\"avatar\":\"selene\",\"rating\":1052,\"seed\":[57225,22317,8638,2661]}\n>player p2 {\"name\":\"doomaker12\",\"avatar\":\"2\",\"rating\":1197,\"seed\":[60732,47766,27492,36695]}\n>p1 move calmmind\n>p2 move nastyplot\n>p1 move calmmind\n>p2 move thunderbolt\n>p1 move expandingforce\n>p2 move thunderbolt\n>p2 switch 2\n>p1 move mysticalfire dynamax\n>p2 move knockoff\n>p2 switch 5\n>p1 move expandingforce dynamax\n>p2 move extremespeed\n>forcelose p2", "uploadtime": 1685404416, "views": 3, "p1id": "gopqy", "p2id": "doomaker12", "formatid": "gen8randombattle", "rating": 1097, "private": 0, "password": ""}