{"id": "gen8randombattle-1871832789", "p1": "Ugur", "p2": "gareeb adani", "format": "[Gen 8] Random Battle", "log": "|j|\u2606Ugur\n|j|\u2606gareeb adani\n|t:|1685135443\n|gametype|singles\n|player|p1|Ugur|265|1367\n|player|p2|gareeb adani|2|1503\n|teamsize|p1|6\n|teamsize|p2|6\n|gen|8\n|tier|[Gen 8] Random Battle\n|rated|\n|rule|Species Clause: Limit one of each Pok\u00e9mon\n|rule|HP Percentage Mod: HP is shown in percentages\n|rule|Sleep Clause Mod: Limit one foe put to sleep\n|\n|t:|1685135443\n|start\n|switch|p1a: Tornadus|Tornadus, L80, M|258/258\n|switch|p2a: Melmetal|Melmetal, L74|322/322\n|turn|1\n|inactive|Battle timer is ON: inactive players will automatically lose when time's up. (requested by gareeb adani)\n|\n|t:|1685135448\n|move|p1a: Tornadus|Heat Wave|p2a: Melmetal\n|-supereffective|p2a: Melmetal\n|-damage|p2a: Melmetal|110/322\n|move|p2a: Melmetal|Thunder Wave|p1a: Tornadus\n|-status|p1a: Tornadus|par\n|\n|-heal|p2a: Melmetal|130/322|[from] item: Leftovers\n|upkeep\n|turn|2\n|\n|t:|1685135454\n|switch|p2a: Meowstic|Meowstic-F, L86, F|268/268\n|move|p1a: Tornadus|Heat Wave|p2a: Meowstic\n|-damage|p2a: Meowstic|192/268\n|\n|upkeep\n|turn|3\n|\n|t:|1685135462\n|move|p2a: Meowstic|Nasty Plot|p2a: Meowstic\n|-boost|p2a: Meowstic|spa|2\n|move|p1a: Tornadus|Hurricane|p2a: Meowstic\n|-crit|p2a: Meowstic\n|-damage|p2a: Meowstic|0 fnt\n|faint|p2a: Meowstic\n|\n|upkeep\n|\n|t:|1685135467\n|switch|p2a: Mimikyu|Mimikyu, L76, F|209/209\n|turn|4\n|\n|t:|1685135472\n|move|p2a: Mimikyu|Swords Dance|p2a: Mimikyu\n|-boost|p2a: Mimikyu|atk|2\n|move|p1a: Tornadus|Heat Wave|p2a: Mimikyu\n|-activate|p2a: Mimikyu|ability: Disguise\n|-damage|p2a: Mimikyu|209/209\n|detailschange|p2a: Mimikyu|Mimikyu-Busted, L76, F\n|-damage|p2a: Mimikyu|183/209|[from] pokemon: Mimikyu-Busted\n|\n|upkeep\n|turn|5\n|\n|t:|1685135485\n|move|p2a: Mimikyu|Shadow Claw|p1a: Tornadus\n|-damage|p1a: Tornadus|55/258 par\n|-damage|p2a: Mimikyu|163/209|[from] item: Life Orb\n|move|p1a: Tornadus|Hurricane|p2a: Mimikyu|[miss]\n|-miss|p1a: Tornadus|p2a: Mimikyu\n|\n|upkeep\n|turn|6\n|\n|t:|1685135491\n|move|p2a: Mimikyu|Shadow Claw|p1a: Tornadus\n|-damage|p1a: Tornadus|0 fnt\n|faint|p1a: Tornadus\n|-damage|p2a: Mimikyu|143/209|[from] item: Life Orb\n|\n|upkeep\n|\n|t:|1685135494\n|switch|p1a: Dubwool|Dubwool, L86, M|264/264\n|turn|7\n|\n|t:|1685135505\n|move|p1a: Dubwool|Cotton Guard|p1a: Dubwool\n|-boost|p1a: Dubwool|def|3\n|move|p2a: Mimikyu|Play Rough|p1a: Dubwool\n|-damage|p1a: Dubwool|230/264\n|-damage|p2a: Mimikyu|123/209|[from] item: Life Orb\n|\n|-heal|p1a: Dubwool|246/264|[from] item: Leftovers\n|upkeep\n|turn|8\n|\n|t:|1685135513\n|move|p1a: Dubwool|Cotton Guard|p1a: Dubwool\n|-boost|p1a: Dubwool|def|3\n|move|p2a: Mimikyu|Swords Dance|p2a: Mimikyu\n|-boost|p2a: Mimikyu|atk|2\n|\n|-heal|p1a: Dubwool|262/264|[from] item: Leftovers\n|upkeep\n|turn|9\n|\n|t:|1685135533\n|move|p1a: Dubwool|Cotton Guard|p1a: Dubwool\n|-boost|p1a: Dubwool|def|0\n|move|p2a: Mimikyu|Swords Dance|p2a: Mimikyu\n|-boost|p2a: Mimikyu|atk|2\n|\n|-heal|p1a: Dubwool|264/264|[from] item: Leftovers\n|upkeep\n|turn|10\n|\n|t:|1685135537\n|move|p1a: Dubwool|Cotton Guard|p1a: Dubwool\n|-boost|p1a: Dubwool|def|0\n|move|p2a: Mimikyu|Swords Dance|p2a: Mimikyu\n|-boost|p2a: Mimikyu|atk|0\n|\n|upkeep\n|turn|11\n|\n|t:|1685135545\n|move|p1a: Dubwool|Cotton Guard|p1a: Dubwool\n|-boost|p1a: Dubwool|def|0\n|move|p2a: Mimikyu|Swords Dance|p2a: Mimikyu\n|-boost|p2a: Mimikyu|atk|0\n|\n|upkeep\n|turn|12\n|\n|t:|1685135550\n|move|p1a: Dubwool|Cotton Guard|p1a: Dubwool\n|-boost|p1a: Dubwool|def|0\n|move|p2a: Mimikyu|Swords Dance|p2a: Mimikyu\n|-boost|p2a: Mimikyu|atk|0\n|\n|upkeep\n|turn|13\n|\n|t:|1685135561\n|move|p1a: Dubwool|Cotton Guard|p1a: Dubwool\n|-boost|p1a: Dubwool|def|0\n|move|p2a: Mimikyu|Swords Dance|p2a: Mimikyu\n|-boost|p2a: Mimikyu|atk|0\n|\n|upkeep\n|turn|14\n|\n|t:|1685135568\n|move|p1a: Dubwool|Cotton Guard|p1a: Dubwool\n|-boost|p1a: Dubwool|def|0\n|move|p2a: Mimikyu|Swords Dance|p2a: Mimikyu\n|-boost|p2a: Mimikyu|atk|0\n|\n|upkeep\n|turn|15\n|inactive|gareeb adani has 120 seconds left.\n|\n|t:|1685135601\n|move|p1a: Dubwool|Rest|p1a: Dubwool\n|-fail|p1a: Dubwool|heal\n|move|p2a: Mimikyu|Swords Dance|p2a: Mimikyu\n|-boost|p2a: Mimikyu|atk|0\n|\n|upkeep\n|turn|16\n|\n|t:|1685135605\n|move|p1a: Dubwool|Rest|p1a: Dubwool\n|-fail|p1a: Dubwool|heal\n|move|p2a: Mimikyu|Swords Dance|p2a: Mimikyu\n|-boost|p2a: Mimikyu|atk|0\n|\n|upkeep\n|turn|17\n|\n|t:|1685135610\n|move|p1a: Dubwool|Cotton Guard|p1a: Dubwool\n|-boost|p1a: Dubwool|def|0\n|move|p2a: Mimikyu|Swords Dance|p2a: Mimikyu\n|-boost|p2a: Mimikyu|atk|0\n|\n|upkeep\n|turn|18\n|\n|t:|1685135621\n|move|p1a: Dubwool|Sleep Talk||[still]\n|-fail|p1a: Dubwool\n|move|p2a: Mimikyu|Swords Dance|p2a: Mimikyu\n|-boost|p2a: Mimikyu|atk|0\n|\n|upkeep\n|turn|19\n|\n|t:|1685135625\n|move|p1a: Dubwool|Sleep Talk||[still]\n|-fail|p1a: Dubwool\n|move|p2a: Mimikyu|Shadow Claw|p1a: Dubwool\n|-immune|p1a: Dubwool\n|\n|upkeep\n|turn|20\n|\n|t:|1685135630\n|move|p1a: Dubwool|Sleep Talk||[still]\n|-fail|p1a: Dubwool\n|move|p2a: Mimikyu|Swords Dance|p2a: Mimikyu\n|-boost|p2a: Mimikyu|atk|0\n|\n|upkeep\n|turn|21\n|\n|t:|1685135632\n|move|p1a: Dubwool|Sleep Talk||[still]\n|-fail|p1a: Dubwool\n|move|p2a: Mimikyu|Swords Dance|p2a: Mimikyu\n|-boost|p2a: Mimikyu|atk|0\n|\n|upkeep\n|turn|22\n|\n|t:|1685135634\n|move|p1a: Dubwool|Sleep Talk||[still]\n|-fail|p1a: Dubwool\n|move|p2a: Mimikyu|Swords Dance|p2a: Mimikyu\n|-boost|p2a: Mimikyu|atk|0\n|\n|upkeep\n|turn|23\n|\n|t:|1685135643\n|move|p2a: Mimikyu|Shadow Sneak|p1a: Dubwool\n|-immune|p1a: Dubwool\n|move|p1a: Dubwool|Sleep Talk||[still]\n|-fail|p1a: Dubwool\n|\n|upkeep\n|turn|24\n|\n|t:|1685135649\n|move|p2a: Mimikyu|Shadow Sneak|p1a: Dubwool\n|-immune|p1a: Dubwool\n|move|p1a: Dubwool|Rest|p1a: Dubwool\n|-fail|p1a: Dubwool|heal\n|\n|upkeep\n|turn|25\n|\n|t:|1685135665\n|switch|p1a: Rhyperior|Rhyperior, L82, M|323/323\n|move|p2a: Mimikyu|Shadow Claw|p1a: Rhyperior\n|-damage|p1a: Rhyperior|112/323\n|-damage|p2a: Mimikyu|103/209|[from] item: Life Orb\n|\n|upkeep\n|turn|26\n|\n|t:|1685135672\n|move|p2a: Mimikyu|Shadow Claw|p1a: Rhyperior\n|-damage|p1a: Rhyperior|0 fnt\n|faint|p1a: Rhyperior\n|-damage|p2a: Mimikyu|83/209|[from] item: Life Orb\n|\n|upkeep\n|\n|t:|1685135678\n|switch|p1a: Nihilego|Nihilego, L79|302/302\n|turn|27\n|\n|t:|1685135693\n|move|p2a: Mimikyu|Shadow Sneak|p1a: Nihilego\n|-damage|p1a: Nihilego|12/302\n|-damage|p2a: Mimikyu|63/209|[from] item: Life Orb\n|move|p1a: Nihilego|Power Gem|p2a: Mimikyu\n|-damage|p2a: Mimikyu|0 fnt\n|faint|p2a: Mimikyu\n|-ability|p1a: Nihilego|Beast Boost|boost\n|-boost|p1a: Nihilego|spa|1\n|\n|-heal|p1a: Nihilego|30/302|[from] item: Black Sludge\n|upkeep\n|\n|t:|1685135697\n|switch|p2a: Eternatus|Eternatus, L69|308/308\n|-ability|p2a: Eternatus|Pressure\n|turn|28\n|\n|t:|1685135702\n|move|p2a: Eternatus|Dynamax Cannon|p1a: Nihilego\n|-damage|p1a: Nihilego|0 fnt\n|faint|p1a: Nihilego\n|\n|upkeep\n|\n|t:|1685135711\n|switch|p1a: Arctozolt|Arctozolt, L86|295/295\n|turn|29\n|\n|t:|1685135718\n|move|p2a: Eternatus|Dynamax Cannon|p1a: Arctozolt\n|-damage|p1a: Arctozolt|175/295\n|move|p1a: Arctozolt|Icicle Crash|p2a: Eternatus\n|-supereffective|p2a: Eternatus\n|-damage|p2a: Eternatus|96/308\n|\n|upkeep\n|turn|30\n|\n|t:|1685135737\n|move|p2a: Eternatus|Flamethrower|p1a: Arctozolt\n|-supereffective|p1a: Arctozolt\n|-damage|p1a: Arctozolt|55/295\n|move|p1a: Arctozolt|Icicle Crash|p2a: Eternatus\n|-supereffective|p2a: Eternatus\n|-crit|p2a: Eternatus\n|-damage|p2a: Eternatus|0 fnt\n|faint|p2a: Eternatus\n|\n|upkeep\n|\n|t:|1685135747\n|switch|p2a: Pinsir|Pinsir, L84, F|246/246\n|-ability|p2a: Pinsir|Mold Breaker\n|turn|31\n|\n|t:|1685135754\n|move|p2a: Pinsir|Earthquake|p1a: Arctozolt\n|-supereffective|p1a: Arctozolt\n|-damage|p1a: Arctozolt|0 fnt\n|faint|p1a: Arctozolt\n|\n|upkeep\n|\n|t:|1685135757\n|switch|p1a: Yveltal|Yveltal, L69|288/288\n|-ability|p1a: Yveltal|Dark Aura\n|turn|32\n|\n|t:|1685135776\n|switch|p2a: Delibird|Delibird, M|252/252\n|move|p1a: Yveltal|Oblivion Wing|p2a: Delibird\n|-damage|p2a: Delibird|159/252\n|\n|upkeep\n|turn|33\n|\n|t:|1685135783\n|-start|p2a: Delibird|Dynamax|\n|-heal|p2a: Delibird|318/504|[silent]\n|move|p2a: Delibird|Max Hailstorm|p1a: Yveltal\n|-supereffective|p1a: Yveltal\n|-damage|p1a: Yveltal|4/288\n|-weather|Hail\n|move|p1a: Yveltal|Knock Off|p2a: Delibird\n|-damage|p2a: Delibird|168/504\n|-enditem|p2a: Delibird|Heavy-Duty Boots|[from] move: Knock Off|[of] p1a: Yveltal\n|\n|-weather|Hail|[upkeep]\n|-damage|p1a: Yveltal|0 fnt|[from] Hail\n|faint|p1a: Yveltal\n|upkeep\n|\n|t:|1685135788\n|switch|p1a: Dubwool|Dubwool, L86, M|264/264\n|turn|34\n|\n|t:|1685135800\n|move|p2a: Delibird|Max Hailstorm|p1a: Dubwool\n|-damage|p1a: Dubwool|146/264\n|move|p1a: Dubwool|Cotton Guard|p1a: Dubwool\n|-boost|p1a: Dubwool|def|3\n|\n|-weather|Hail|[upkeep]\n|-damage|p1a: Dubwool|130/264|[from] Hail\n|-heal|p1a: Dubwool|146/264|[from] item: Leftovers\n|upkeep\n|turn|35\n|\n|t:|1685135807\n|move|p2a: Delibird|Max Hailstorm|p1a: Dubwool\n|-damage|p1a: Dubwool|14/264\n|move|p1a: Dubwool|Rest|p1a: Dubwool\n|-status|p1a: Dubwool|slp|[from] move: Rest\n|-heal|p1a: Dubwool|264/264 slp|[silent]\n|\n|-weather|Hail|[upkeep]\n|-damage|p1a: Dubwool|248/264 slp|[from] Hail\n|-heal|p1a: Dubwool|264/264 slp|[from] item: Leftovers\n|upkeep\n|-end|p2a: Delibird|Dynamax\n|-heal|p2a: Delibird|84/252|[silent]\n|turn|36\n|\n|t:|1685135826\n|move|p2a: Delibird|Freeze-Dry|p1a: Dubwool\n|-crit|p1a: Dubwool\n|-damage|p1a: Dubwool|144/264 slp\n|cant|p1a: Dubwool|slp\n|move|p1a: Dubwool|Sleep Talk|p1a: Dubwool\n|move|p1a: Dubwool|Cotton Guard|p1a: Dubwool|[from]move: Sleep Talk\n|-boost|p1a: Dubwool|def|3\n|\n|-weather|Hail|[upkeep]\n|-damage|p1a: Dubwool|128/264 slp|[from] Hail\n|-heal|p1a: Dubwool|144/264 slp|[from] item: Leftovers\n|upkeep\n|turn|37\n|\n|t:|1685135835\n|move|p2a: Delibird|Freeze-Dry|p1a: Dubwool\n|-crit|p1a: Dubwool\n|-damage|p1a: Dubwool|41/264 slp\n|cant|p1a: Dubwool|slp\n|move|p1a: Dubwool|Sleep Talk|p1a: Dubwool\n|move|p1a: Dubwool|Cotton Guard|p1a: Dubwool|[from]move: Sleep Talk\n|-boost|p1a: Dubwool|def|0\n|\n|-weather|none\n|-heal|p1a: Dubwool|57/264 slp|[from] item: Leftovers\n|upkeep\n|turn|38\n|\n|t:|1685135844\n|move|p2a: Delibird|Freeze-Dry|p1a: Dubwool\n|-damage|p1a: Dubwool|0 fnt\n|faint|p1a: Dubwool\n|\n|win|gareeb adani\n|raw|Ugur's rating: 1367 &rarr; <strong>1353</strong><br />(-14 for losing)\n|raw|gareeb adani's rating: 1479 &rarr; <strong>1493</strong><br />(+14 for winning)\n", "inputlog": ">version 61c68e60481ef09071210320730fc448fef50368\n>start {\"formatid\":\"gen8randombattle\",\"seed\":[8748,6737,32392,52017],\"rated\":\"Rated battle\"}\n>player p1 {\"name\":\"Ugur\",\"avatar\":\"265\",\"rating\":1367,\"seed\":[55236,35581,54758,29277]}\n>player p2 {\"name\":\"gareeb adani\",\"avatar\":\"2\",\"rating\":1503,\"seed\":[41740,11884,61642,44982]}\n>p1 move heatwave\n>p2 move thunderwave\n>p1 move heatwave\n>p2 switch 3\n>p1 move hurricane\n>p2 move nastyplot\n>p2 switch 6\n>p1 move heatwave\n>p2 move swordsdance\n>p1 move hurricane\n>p2 move shadowclaw\n>p1 move hurricane\n>p2 move shadowclaw\n>p1 switch 3\n>p1 move cottonguard\n>p2 move playrough\n>p1 move cottonguard\n>p2 move swordsdance\n>p1 move cottonguard\n>p2 move swordsdance\n>p1 move cottonguard\n>p2 move swordsdance\n>p1 move cottonguard\n>p2 move swordsdance\n>p1 move cottonguard\n>p2 move swordsdance\n>p1 move cottonguard\n>p2 move swordsdance\n>p1 move cottonguard\n>p2 move swordsdance\n>p1 move rest\n>p2 move swordsdance\n>p1 move rest\n>p2 move swordsdance\n>p1 move cottonguard\n>p2 move swordsdance\n>p1 move sleeptalk\n>p2 move swordsdance\n>p1 move sleeptalk\n>p2 move shadowclaw\n>p1 move sleeptalk\n>p2 move swordsdance\n>p1 move sleeptalk\n>p2 move swordsdance\n>p1 move sleeptalk\n>p2 move swordsdance\n>p1 move sleeptalk\n>p2 move shadowsneak\n>p1 move rest\n>p2 move shadowsneak\n>p1 switch 5\n>p2 move shadowclaw\n>p1 move earthquake\n>p2 move shadowclaw\n>p1 switch 6\n>p1 move powergem\n>p2 move shadowsneak\n>p2 switch 4\n>p1 move powergem\n>p2 move dynamaxcannon\n>p1 switch 4\n>p1 move iciclecrash\n>p2 move dynamaxcannon\n>p1 move iciclecrash\n>p2 move flamethrower\n>p2 switch 2\n>p1 move iciclecrash\n>p2 move earthquake\n>p1 switch 2\n>p1 move oblivionwing\n>p2 switch 5\n>p1 move knockoff\n>p2 move freezedry dynamax\n>p1 switch 5\n>p1 move cottonguard\n>p2 move freezedry dynamax\n>p1 move rest\n>p2 move freezedry dynamax\n>p1 move sleeptalk\n>p2 move freezedry\n>p1 move sleeptalk\n>p2 move freezedry\n>p1 move rest\n>p2 move freezedry", "uploadtime": 1685135848, "views": 4, "p1id": "ugur", "p2id": "gareebadani", "formatid": "gen8randombattle", "rating": 1353, "private": 0, "password": ""}