{"id": "gen8randombattle-1866032507", "p1": "DragapultShadow", "p2": "yure1672", "format": "[Gen 8] Random Battle", "log": "|j|\u2606DragapultShadow\n|j|\u2606yure1672\n|t:|1684362942\n|gametype|singles\n|player|p1|DragapultShadow|pokemaniac|1170\n|player|p2|yure1672|pokemaniac|1086\n|teamsize|p1|6\n|teamsize|p2|6\n|gen|8\n|tier|[Gen 8] Random Battle\n|rated|\n|rule|Species Clause: Limit one of each Pok\u00e9mon\n|rule|HP Percentage Mod: HP is shown in percentages\n|rule|Sleep Clause Mod: Limit one foe put to sleep\n|\n|t:|1684362942\n|start\n|switch|p1a: Lickilicky|Lickilicky, L86, F|329/329\n|switch|p2a: Krookodile|Krookodile, L78, M|276/276\n|-ability|p2a: Krookodile|Intimidate|boost\n|-fail|p1a: Lickilicky|unboost|Attack|[from] ability: Oblivious|[of] p1a: Lickilicky\n|turn|1\n|inactive|Battle timer is ON: inactive players will automatically lose when time's up. (requested by DragapultShadow)\n|\n|t:|1684362957\n|move|p2a: Krookodile|Earthquake|p1a: Lickilicky\n|-damage|p1a: Lickilicky|238/329\n|move|p1a: Lickilicky|Knock Off|p2a: Krookodile\n|-resisted|p2a: Krookodile\n|-damage|p2a: Krookodile|240/276\n|-enditem|p2a: Krookodile|Focus Sash|[from] move: Knock Off|[of] p1a: Lickilicky\n|\n|-heal|p1a: Lickilicky|258/329|[from] item: Leftovers\n|upkeep\n|turn|2\n|c|\u2606DragapultShadow|go bro\n|\n|t:|1684362974\n|switch|p1a: Hitmonlee|Hitmonlee, L84, M|221/221\n|move|p2a: Krookodile|Close Combat|p1a: Hitmonlee\n|-damage|p1a: Hitmonlee|98/221\n|-unboost|p2a: Krookodile|def|1\n|-unboost|p2a: Krookodile|spd|1\n|\n|upkeep\n|turn|3\n|\n|t:|1684362984\n|move|p1a: Hitmonlee|High Jump Kick|p2a: Krookodile\n|-supereffective|p2a: Krookodile\n|-damage|p2a: Krookodile|0 fnt\n|faint|p2a: Krookodile\n|\n|upkeep\n|c|\u2606DragapultShadow|you is bad\n|\n|t:|1684362998\n|switch|p2a: Barraskewda|Barraskewda, L80, F|229/229\n|turn|4\n|c|\u2606DragapultShadow|suck my balls\n|\n|t:|1684363016\n|-start|p1a: Hitmonlee|Dynamax|\n|-heal|p1a: Hitmonlee|196/442|[silent]\n|move|p2a: Barraskewda|Psychic Fangs|p1a: Hitmonlee\n|-supereffective|p1a: Hitmonlee\n|-damage|p1a: Hitmonlee|0 fnt\n|faint|p1a: Hitmonlee\n|\n|upkeep\n|\n|t:|1684363023\n|switch|p1a: Registeel|Registeel, L83|268/268\n|turn|5\n|\n|t:|1684363034\n|-start|p2a: Barraskewda|Dynamax|\n|-heal|p2a: Barraskewda|458/458|[silent]\n|move|p2a: Barraskewda|Max Ooze|p1a: Registeel\n|-immune|p1a: Registeel\n|move|p1a: Registeel|Curse|p1a: Registeel\n|-unboost|p1a: Registeel|spe|1\n|-boost|p1a: Registeel|atk|1\n|-boost|p1a: Registeel|def|1\n|\n|upkeep\n|turn|6\n|\n|t:|1684363058\n|move|p2a: Barraskewda|Max Mindstorm|p1a: Registeel\n|-resisted|p1a: Registeel\n|-damage|p1a: Registeel|245/268\n|-fieldstart|move: Psychic Terrain\n|move|p1a: Registeel|Curse|p1a: Registeel\n|-unboost|p1a: Registeel|spe|1\n|-boost|p1a: Registeel|atk|1\n|-boost|p1a: Registeel|def|1\n|\n|upkeep\n|turn|7\n|\n|t:|1684363070\n|move|p2a: Barraskewda|Max Geyser|p1a: Registeel\n|-damage|p1a: Registeel|194/268\n|-weather|RainDance\n|move|p1a: Registeel|Curse|p1a: Registeel\n|-unboost|p1a: Registeel|spe|1\n|-boost|p1a: Registeel|atk|1\n|-boost|p1a: Registeel|def|1\n|\n|-weather|RainDance|[upkeep]\n|upkeep\n|-end|p2a: Barraskewda|Dynamax\n|-heal|p2a: Barraskewda|229/229|[silent]\n|turn|8\n|\n|t:|1684363083\n|move|p2a: Barraskewda|Psychic Fangs|p1a: Registeel\n|-resisted|p1a: Registeel\n|-damage|p1a: Registeel|177/268\n|move|p1a: Registeel|Curse|p1a: Registeel\n|-unboost|p1a: Registeel|spe|1\n|-boost|p1a: Registeel|atk|1\n|-boost|p1a: Registeel|def|1\n|\n|-weather|RainDance|[upkeep]\n|upkeep\n|turn|9\n|\n|t:|1684363091\n|move|p2a: Barraskewda|Psychic Fangs|p1a: Registeel\n|-resisted|p1a: Registeel\n|-damage|p1a: Registeel|162/268\n|move|p1a: Registeel|Curse|p1a: Registeel\n|-unboost|p1a: Registeel|spe|1\n|-boost|p1a: Registeel|atk|1\n|-boost|p1a: Registeel|def|1\n|\n|-weather|RainDance|[upkeep]\n|upkeep\n|turn|10\n|\n|t:|1684363101\n|move|p2a: Barraskewda|Psychic Fangs|p1a: Registeel\n|-resisted|p1a: Registeel\n|-damage|p1a: Registeel|149/268\n|move|p1a: Registeel|Body Press|p2a: Barraskewda\n|-damage|p2a: Barraskewda|0 fnt\n|faint|p2a: Barraskewda\n|\n|-weather|RainDance|[upkeep]\n|-fieldend|move: Psychic Terrain\n|upkeep\n|\n|t:|1684363111\n|switch|p2a: Incineroar|Incineroar, L80, M|283/283\n|-ability|p2a: Incineroar|Intimidate|boost\n|-fail|p1a: Registeel|unboost|[from] ability: Clear Body|[of] p1a: Registeel\n|turn|11\n|\n|t:|1684363122\n|move|p2a: Incineroar|Flare Blitz|p1a: Registeel\n|-supereffective|p1a: Registeel\n|-damage|p1a: Registeel|125/268\n|-damage|p2a: Incineroar|275/283|[from] Recoil\n|move|p1a: Registeel|Body Press|p2a: Incineroar\n|-supereffective|p2a: Incineroar\n|-damage|p2a: Incineroar|0 fnt\n|faint|p2a: Incineroar\n|\n|-weather|none\n|upkeep\n|\n|t:|1684363134\n|switch|p2a: Latias|Latias, L80, F|259/259\n|turn|12\n|\n|t:|1684363138\n|move|p2a: Latias|Mystical Fire|p1a: Registeel\n|-supereffective|p1a: Registeel\n|-damage|p1a: Registeel|57/268\n|move|p1a: Registeel|Iron Head|p2a: Latias\n|-crit|p2a: Latias\n|-damage|p2a: Latias|0 fnt\n|faint|p2a: Latias\n|\n|upkeep\n|\n|t:|1684363142\n|switch|p2a: Gastrodon|Gastrodon-East, L84, F|324/324\n|turn|13\n|\n|t:|1684363150\n|move|p2a: Gastrodon|Scald|p1a: Registeel\n|-damage|p1a: Registeel|2/268\n|move|p1a: Registeel|Iron Head|p2a: Gastrodon\n|-resisted|p2a: Gastrodon\n|-damage|p2a: Gastrodon|180/324\n|\n|-heal|p2a: Gastrodon|200/324|[from] item: Leftovers\n|upkeep\n|turn|14\n|\n|t:|1684363164\n|move|p2a: Gastrodon|Scald|p1a: Registeel\n|-damage|p1a: Registeel|0 fnt\n|faint|p1a: Registeel\n|\n|-heal|p2a: Gastrodon|220/324|[from] item: Leftovers\n|upkeep\n|\n|t:|1684363171\n|switch|p1a: Lickilicky|Lickilicky, L86, F|258/329\n|turn|15\n|\n|t:|1684363177\n|move|p1a: Lickilicky|Knock Off|p2a: Gastrodon\n|-damage|p2a: Gastrodon|147/324\n|-enditem|p2a: Gastrodon|Leftovers|[from] move: Knock Off|[of] p1a: Lickilicky\n|move|p2a: Gastrodon|Scald|p1a: Lickilicky\n|-damage|p1a: Lickilicky|183/329\n|\n|-heal|p1a: Lickilicky|203/329|[from] item: Leftovers\n|upkeep\n|turn|16\n|\n|t:|1684363190\n|move|p1a: Lickilicky|Body Slam|p2a: Gastrodon\n|-crit|p2a: Gastrodon\n|-damage|p2a: Gastrodon|0 fnt\n|faint|p2a: Gastrodon\n|\n|-heal|p1a: Lickilicky|223/329|[from] item: Leftovers\n|upkeep\n|\n|t:|1684363194\n|switch|p2a: Sawk|Sawk, L86, M|269/269\n|-ability|p2a: Sawk|Mold Breaker\n|turn|17\n|\n|t:|1684363202\n|move|p1a: Lickilicky|Protect|p1a: Lickilicky\n|-singleturn|p1a: Lickilicky|Protect\n|move|p2a: Sawk|Close Combat|p1a: Lickilicky\n|-activate|p1a: Lickilicky|move: Protect\n|\n|-heal|p1a: Lickilicky|243/329|[from] item: Leftovers\n|upkeep\n|turn|18\n|\n|t:|1684363214\n|move|p2a: Sawk|Close Combat|p1a: Lickilicky\n|-supereffective|p1a: Lickilicky\n|-damage|p1a: Lickilicky|0 fnt\n|-unboost|p2a: Sawk|def|1\n|-unboost|p2a: Sawk|spd|1\n|faint|p1a: Lickilicky\n|-damage|p2a: Sawk|243/269|[from] item: Life Orb\n|\n|upkeep\n|\n|t:|1684363222\n|switch|p1a: Zygarde|Zygarde-10%, L82|223/223\n|-ability|p1a: Zygarde|Aura Break\n|turn|19\n|\n|t:|1684363229\n|move|p1a: Zygarde|Coil|p1a: Zygarde\n|-boost|p1a: Zygarde|atk|1\n|-boost|p1a: Zygarde|def|1\n|-boost|p1a: Zygarde|accuracy|1\n|move|p2a: Sawk|Knock Off|p1a: Zygarde\n|-damage|p1a: Zygarde|136/223\n|-enditem|p1a: Zygarde|Life Orb|[from] move: Knock Off|[of] p2a: Sawk\n|-damage|p2a: Sawk|217/269|[from] item: Life Orb\n|\n|upkeep\n|turn|20\n|\n|t:|1684363244\n|move|p1a: Zygarde|Coil|p1a: Zygarde\n|-boost|p1a: Zygarde|atk|1\n|-boost|p1a: Zygarde|def|1\n|-boost|p1a: Zygarde|accuracy|1\n|move|p2a: Sawk|Bulk Up|p2a: Sawk\n|-boost|p2a: Sawk|atk|1\n|-boost|p2a: Sawk|def|1\n|\n|upkeep\n|turn|21\n|\n|t:|1684363261\n|move|p1a: Zygarde|Outrage|p2a: Sawk\n|-damage|p2a: Sawk|0 fnt\n|faint|p2a: Sawk\n|\n|win|DragapultShadow\n|raw|DragapultShadow's rating: 1170 &rarr; <strong>1189</strong><br />(+19 for winning)\n|raw|yure1672's rating: 1086 &rarr; <strong>1069</strong><br />(-17 for losing)\n", "inputlog": ">version 3f967b429d9dd76d8eb692efdd7dfe9038092d20\n>start {\"formatid\":\"gen8randombattle\",\"seed\":[24593,28857,43012,45041],\"rated\":\"Rated battle\"}\n>player p1 {\"name\":\"DragapultShadow\",\"avatar\":\"pokemaniac\",\"rating\":1170,\"seed\":[41831,61700,32015,28769]}\n>player p2 {\"name\":\"yure1672\",\"avatar\":\"pokemaniac\",\"rating\":1086,\"seed\":[17260,31033,60038,34670]}\n>p1 move knockoff\n>p2 move earthquake\n>chat \u2606DragapultShadow|go bro\n>p1 switch 4\n>p2 move closecombat\n>p1 move highjumpkick\n>p2 move earthquake\n>chat \u2606DragapultShadow|you is bad\n>p2 switch 3\n>chat \u2606DragapultShadow|suck my balls\n>p1 move highjumpkick dynamax\n>p2 move psychicfangs\n>p1 switch 2\n>p1 move curse\n>p2 move poisonjab dynamax\n>p1 move curse\n>p2 move psychicfangs dynamax\n>p1 move curse\n>p2 move liquidation dynamax\n>p1 move curse\n>p2 move psychicfangs\n>p1 move curse\n>p2 move psychicfangs\n>p1 move bodypress\n>p2 move psychicfangs\n>p2 switch 6\n>p1 move bodypress\n>p2 move flareblitz\n>p2 switch 5\n>p1 move ironhead\n>p2 move mysticalfire\n>p2 switch 4\n>p1 move ironhead\n>p2 move scald\n>p1 move rest\n>p2 move scald\n>p1 switch 4\n>p1 move knockoff\n>p2 move scald\n>p1 move bodyslam\n>p2 move recover\n>p2 switch 2\n>p1 move protect\n>p2 move closecombat\n>p1 move bodyslam\n>p2 move closecombat\n>p1 switch 3\n>p1 move coil\n>p2 move knockoff\n>p1 move coil\n>p2 move bulkup\n>p1 move outrage\n>p2 move closecombat", "uploadtime": 1684363001, "views": 5, "p1id": "dragapultshadow", "p2id": "yure1672", "formatid": "gen8randombattle", "rating": 1069, "private": 0, "password": ""}