{"id": "gen8randombattle-1562048162", "p1": "Referrals", "p2": "Memezboi69", "format": "[Gen 8] Random Battle", "log": "|j|\u2606Referrals\n|j|\u2606Memezboi69\n|t:|1651009639\n|gametype|singles\n|player|p1|Referrals|169|2467\n|player|p2|Memezboi69|thorton|2450\n|teamsize|p1|6\n|teamsize|p2|6\n|gen|8\n|tier|[Gen 8] Random Battle\n|rated|\n|rule|Species Clause: Limit one of each Pok\u00e9mon\n|rule|HP Percentage Mod: HP is shown in percentages\n|rule|Sleep Clause Mod: Limit one foe put to sleep\n|\n|t:|1651009639\n|start\n|switch|p1a: Marowak|Marowak-Alola, L84, F|238/238\n|switch|p2a: Celesteela|Celesteela, L77|276/276\n|turn|1\n|inactive|Battle timer is ON: inactive players will automatically lose when time's up. (requested by Memezboi69)\n|inactive|Memezboi69 has 120 seconds left.\n|\n|t:|1651009669\n|move|p2a: Celesteela|Protect|p2a: Celesteela\n|-singleturn|p2a: Celesteela|Protect\n|move|p1a: Marowak|Stealth Rock|p2a: Celesteela\n|-sidestart|p2: Memezboi69|move: Stealth Rock\n|\n|upkeep\n|turn|2\n|\n|t:|1651009681\n|switch|p2a: Raichu|Raichu, L86, M|243/243\n|-damage|p2a: Raichu|213/243|[from] Stealth Rock\n|move|p1a: Marowak|Poltergeist|p2a: Raichu\n|-activate|p2a: Raichu|move: Poltergeist|Life Orb\n|-damage|p2a: Raichu|0 fnt\n|faint|p2a: Raichu\n|\n|upkeep\n|\n|t:|1651009684\n|switch|p2a: Pangoro|Pangoro, L84, F|297/297\n|-damage|p2a: Pangoro|279/297|[from] Stealth Rock\n|turn|3\n|\n|t:|1651009692\n|switch|p1a: Alcremie|Alcremie, L86, F|252/252\n|move|p2a: Pangoro|Close Combat|p1a: Alcremie\n|-resisted|p1a: Alcremie\n|-damage|p1a: Alcremie|128/252\n|-unboost|p2a: Pangoro|def|1\n|-unboost|p2a: Pangoro|spd|1\n|\n|-heal|p1a: Alcremie|143/252|[from] item: Leftovers\n|upkeep\n|turn|4\n|\n|t:|1651009699\n|switch|p1a: Marowak|Marowak-Alola, L84, F|238/238\n|switch|p2a: Lilligant|Lilligant, L84, F|255/255\n|-damage|p2a: Lilligant|224/255|[from] Stealth Rock\n|\n|-heal|p2a: Lilligant|239/255|[from] item: Leftovers\n|upkeep\n|turn|5\n|\n|t:|1651009703\n|move|p2a: Lilligant|Sleep Powder|p1a: Marowak\n|-status|p1a: Marowak|slp|[from] move: Sleep Powder\n|cant|p1a: Marowak|slp\n|\n|-heal|p2a: Lilligant|254/255|[from] item: Leftovers\n|upkeep\n|turn|6\n|\n|t:|1651009712\n|move|p2a: Lilligant|Quiver Dance|p2a: Lilligant\n|-boost|p2a: Lilligant|spa|1\n|-boost|p2a: Lilligant|spd|1\n|-boost|p2a: Lilligant|spe|1\n|-curestatus|p1a: Marowak|slp|[msg]\n|move|p1a: Marowak|Flare Blitz|p2a: Lilligant\n|-supereffective|p2a: Lilligant\n|-damage|p2a: Lilligant|0 fnt\n|faint|p2a: Lilligant\n|\n|upkeep\n|-message|Memezboi69 forfeited.\n|\n|win|Referrals\n|raw|Referrals's rating: 2467 &rarr; <strong>2486</strong><br />(+19 for winning)\n|raw|Memezboi69's rating: 2450 &rarr; <strong>2431</strong><br />(-19 for losing)\n|l|\u2606Memezboi69\n", "inputlog": ">version 0162639e2be10fee1f1935f037788d778e37d0f7\n>start {\"formatid\":\"gen8randombattle\",\"seed\":[59578,12686,19860,29026],\"rated\":\"Rated battle\"}\n>player p1 {\"name\":\"Referrals\",\"avatar\":\"169\",\"rating\":2467,\"seed\":[36336,62182,41089,51718]}\n>player p2 {\"name\":\"Memezboi69\",\"avatar\":\"thorton\",\"rating\":2450,\"seed\":[11924,59335,37297,51325]}\n>p1 move stealthrock\n>p2 move protect\n>p1 move poltergeist\n>p2 switch 6\n>p2 switch 5\n>p1 switch 5\n>p2 move closecombat\n>p1 switch 5\n>p2 switch 2\n>p1 move flareblitz\n>p2 move sleeppowder\n>p1 move flareblitz\n>p2 move quiverdance\n>forcelose p2", "uploadtime": 1651009728, "views": 72, "p1id": "referrals", "p2id": "memezboi69", "formatid": "gen8randombattle", "rating": 2431, "private": 0, "password": null}