{"id": "gen8randombattle-1873430430", "p1": "trying_toget_tough", "p2": "SpongeOde", "format": "[Gen 8] Random Battle", "log": "|j|\u2606trying_toget_tough\n|j|\u2606SpongeOde\n|t:|1685376095\n|gametype|singles\n|player|p1|trying_toget_tough|265|1423\n|player|p2|SpongeOde|rood|1277\n|teamsize|p1|6\n|teamsize|p2|6\n|gen|8\n|tier|[Gen 8] Random Battle\n|rated|\n|rule|Species Clause: Limit one of each Pok\u00e9mon\n|rule|HP Percentage Mod: HP is shown in percentages\n|rule|Sleep Clause Mod: Limit one foe put to sleep\n|\n|t:|1685376095\n|start\n|switch|p1a: Pinsir|Pinsir, L84, F|246/246\n|switch|p2a: Dragapult|Dragapult, L78, F|265/265\n|-ability|p1a: Pinsir|Mold Breaker\n|turn|1\n|inactive|Battle timer is ON: inactive players will automatically lose when time's up. (requested by trying_toget_tough)\n|inactive|SpongeOde has 120 seconds left.\n|\n|t:|1685376167\n|move|p2a: Dragapult|Fire Blast|p1a: Pinsir\n|-supereffective|p1a: Pinsir\n|-enditem|p1a: Pinsir|Focus Sash\n|-damage|p1a: Pinsir|1/246\n|-status|p1a: Pinsir|brn\n|move|p1a: Pinsir|Stealth Rock|p2a: Dragapult\n|-sidestart|p2: SpongeOde|move: Stealth Rock\n|\n|-damage|p1a: Pinsir|0 fnt|[from] brn\n|faint|p1a: Pinsir\n|upkeep\n|\n|t:|1685376193\n|switch|p1a: Tornadus|Tornadus-Therian, L78, M|251/251\n|turn|2\n|\n|t:|1685376222\n|switch|p2a: Ninetales|Ninetales-Alola, L79, M|245/245\n|-weather|Hail|[from] ability: Snow Warning|[of] p2a: Ninetales\n|move|p1a: Tornadus|Knock Off|p2a: Ninetales\n|-resisted|p2a: Ninetales\n|-damage|p2a: Ninetales|208/245\n|-enditem|p2a: Ninetales|Heavy-Duty Boots|[from] move: Knock Off|[of] p1a: Tornadus\n|\n|-weather|Hail|[upkeep]\n|-damage|p1a: Tornadus|236/251|[from] Hail\n|upkeep\n|turn|3\n|inactive|SpongeOde has 120 seconds left.\n|\n|t:|1685376255\n|move|p1a: Tornadus|U-turn|p2a: Ninetales\n|-resisted|p2a: Ninetales\n|-damage|p2a: Ninetales|184/245\n|inactive|trying_toget_tough has 120 seconds left.\n|\n|t:|1685376274\n|switch|p1a: Golduck|Golduck, L86, M|278/278|[from] U-turn\n|move|p2a: Ninetales|Blizzard|p1a: Golduck\n|-resisted|p1a: Golduck\n|-damage|p1a: Golduck|233/278\n|\n|-weather|Hail|[upkeep]\n|-damage|p1a: Golduck|216/278|[from] Hail\n|upkeep\n|turn|4\n|inactive|SpongeOde has 90 seconds left.\n|\n|t:|1685376317\n|switch|p2a: Dragapult|Dragapult, L78, F|265/265\n|-damage|p2a: Dragapult|232/265|[from] Stealth Rock\n|move|p1a: Golduck|Calm Mind|p1a: Golduck\n|-boost|p1a: Golduck|spa|1\n|-boost|p1a: Golduck|spd|1\n|\n|-weather|Hail|[upkeep]\n|-damage|p2a: Dragapult|216/265|[from] Hail\n|-damage|p1a: Golduck|199/278|[from] Hail\n|upkeep\n|turn|5\n|inactive|trying_toget_tough has 120 seconds left.\n|\n|t:|1685376332\n|move|p2a: Dragapult|Thunderbolt|p1a: Golduck\n|-supereffective|p1a: Golduck\n|-damage|p1a: Golduck|87/278\n|move|p1a: Golduck|Ice Beam|p2a: Dragapult\n|-supereffective|p2a: Dragapult\n|-damage|p2a: Dragapult|0 fnt\n|faint|p2a: Dragapult\n|-damage|p1a: Golduck|60/278|[from] item: Life Orb\n|\n|-weather|Hail|[upkeep]\n|-damage|p1a: Golduck|43/278|[from] Hail\n|upkeep\n|inactive|SpongeOde has 60 seconds left.\n|\n|t:|1685376380\n|switch|p2a: Greedent|Greedent, L84, M|339/339\n|-damage|p2a: Greedent|297/339|[from] Stealth Rock\n|turn|6\n|inactive|SpongeOde has 30 seconds left.\n|\n|t:|1685376401\n|move|p1a: Golduck|Scald|p2a: Greedent\n|-damage|p2a: Greedent|114/339\n|-enditem|p2a: Greedent|Sitrus Berry|[eat]\n|-heal|p2a: Greedent|198/339|[from] item: Sitrus Berry\n|-heal|p2a: Greedent|311/339|[from] ability: Cheek Pouch\n|-damage|p1a: Golduck|16/278|[from] item: Life Orb\n|move|p2a: Greedent|Payback|p1a: Golduck\n|-damage|p1a: Golduck|0 fnt\n|faint|p1a: Golduck\n|\n|-weather|none\n|upkeep\n|inactive|trying_toget_tough has 120 seconds left.\n|\n|t:|1685376426\n|switch|p1a: Excadrill|Excadrill, L78, M|300/300\n|turn|7\n|inactive|SpongeOde has 30 seconds left.\n|inactive|SpongeOde has 20 seconds left.\n|\n|t:|1685376456\n|switch|p2a: Weezing|Weezing-Galar, L86, F|252/252\n|-damage|p2a: Weezing|221/252|[from] Stealth Rock\n|move|p1a: Excadrill|Swords Dance|p1a: Excadrill\n|-boost|p1a: Excadrill|atk|2\n|\n|-heal|p2a: Weezing|236/252|[from] item: Black Sludge\n|upkeep\n|turn|8\n|inactive|SpongeOde has 30 seconds left this turn.\n|inactive|trying_toget_tough has 120 seconds left.\n|inactive|SpongeOde has 20 seconds left.\n|\n|t:|1685376471\n|move|p1a: Excadrill|Iron Head|p2a: Weezing\n|-supereffective|p2a: Weezing\n|-damage|p2a: Weezing|0 fnt\n|faint|p2a: Weezing\n|-damage|p1a: Excadrill|270/300|[from] item: Life Orb\n|\n|upkeep\n|inactive|SpongeOde has 25 seconds left this turn.\n|inactive|SpongeOde has 20 seconds left.\n|inactive|SpongeOde has 15 seconds left.\n|inactive|SpongeOde has 10 seconds left.\n|\n|t:|1685376490\n|switch|p2a: Palkia|Palkia, L74|255/255\n|-damage|p2a: Palkia|224/255|[from] Stealth Rock\n|-ability|p2a: Palkia|Pressure\n|turn|9\n|inactive|SpongeOde has 20 seconds left this turn.\n|inactive|SpongeOde has 15 seconds left.\n|inactive|trying_toget_tough has 120 seconds left.\n|\n|t:|1685376515\n|switch|p1a: Spiritomb|Spiritomb, L88, F|231/231\n|move|p2a: Palkia|Hydro Pump|p1a: Spiritomb\n|-damage|p1a: Spiritomb|99/231\n|\n|upkeep\n|turn|10\n|inactive|SpongeOde has 25 seconds left this turn.\n|inactive|SpongeOde has 20 seconds left.\n|inactive|SpongeOde has 15 seconds left.\n|\n|t:|1685376527\n|move|p1a: Spiritomb|Sucker Punch|p2a: Palkia\n|-damage|p2a: Palkia|97/255\n|move|p2a: Palkia|Hydro Pump|p1a: Spiritomb|[miss]\n|-miss|p2a: Palkia|p1a: Spiritomb\n|\n|upkeep\n|turn|11\n|inactive|SpongeOde has 25 seconds left this turn.\n|inactive|trying_toget_tough has 120 seconds left.\n|inactive|SpongeOde has 20 seconds left.\n|inactive|SpongeOde has 15 seconds left.\n|\n|t:|1685376538\n|move|p1a: Spiritomb|Sucker Punch|p2a: Palkia\n|-damage|p2a: Palkia|0 fnt\n|faint|p2a: Palkia\n|\n|upkeep\n|inactive|SpongeOde has 20 seconds left this turn.\n|inactive|SpongeOde has 15 seconds left.\n|inactive|SpongeOde has 10 seconds left.\n|\n|t:|1685376549\n|switch|p2a: Ninetales|Ninetales-Alola, L79, M|184/245\n|-damage|p2a: Ninetales|123/245|[from] Stealth Rock\n|-weather|Hail|[from] ability: Snow Warning|[of] p2a: Ninetales\n|turn|12\n|inactive|SpongeOde has 20 seconds left this turn.\n|inactive|SpongeOde has 15 seconds left.\n|\n|t:|1685376557\n|switch|p1a: Electivire|Electivire, L82, M|257/257\n|move|p2a: Ninetales|Blizzard|p1a: Electivire\n|-damage|p1a: Electivire|161/257\n|\n|-weather|Hail|[upkeep]\n|-damage|p1a: Electivire|145/257|[from] Hail\n|upkeep\n|turn|13\n|inactive|SpongeOde has 25 seconds left this turn.\n|inactive|SpongeOde has 20 seconds left.\n|inactive|SpongeOde has 15 seconds left.\n|\n|t:|1685376568\n|move|p2a: Ninetales|Blizzard|p1a: Electivire\n|-damage|p1a: Electivire|52/257\n|move|p1a: Electivire|Flamethrower|p2a: Ninetales\n|-supereffective|p2a: Ninetales\n|-damage|p2a: Ninetales|0 fnt\n|faint|p2a: Ninetales\n|-damage|p1a: Electivire|27/257|[from] item: Life Orb\n|\n|-weather|Hail|[upkeep]\n|-damage|p1a: Electivire|11/257|[from] Hail\n|upkeep\n|inactive|SpongeOde has 20 seconds left this turn.\n|inactive|SpongeOde has 15 seconds left.\n|inactive|SpongeOde has 10 seconds left.\n|\n|t:|1685376583\n|switch|p2a: Genesect|Genesect-Douse, L74|227/227\n|-damage|p2a: Genesect|199/227|[from] Stealth Rock\n|-ability|p2a: Genesect|Download|boost\n|-boost|p2a: Genesect|atk|1\n|turn|14\n|inactive|SpongeOde has 20 seconds left this turn.\n|inactive|SpongeOde has 15 seconds left.\n|\n|t:|1685376591\n|move|p2a: Genesect|Extreme Speed|p1a: Electivire\n|-damage|p1a: Electivire|0 fnt\n|faint|p1a: Electivire\n|\n|-weather|Hail|[upkeep]\n|-damage|p2a: Genesect|185/227|[from] Hail\n|upkeep\n|inactive|SpongeOde has 20 seconds left this turn.\n|\n|t:|1685376603\n|switch|p1a: Excadrill|Excadrill, L78, M|270/300\n|turn|15\n|inactive|SpongeOde has 30 seconds left this turn.\n|\n|t:|1685376609\n|-start|p1a: Excadrill|Dynamax|\n|-heal|p1a: Excadrill|540/600|[silent]\n|move|p2a: Genesect|Techno Blast|p1a: Excadrill\n|-supereffective|p1a: Excadrill\n|-damage|p1a: Excadrill|348/600\n|move|p1a: Excadrill|Max Quake|p2a: Genesect\n|-damage|p2a: Genesect|0 fnt\n|-boost|p1a: Excadrill|spd|1\n|faint|p2a: Genesect\n|-damage|p1a: Excadrill|318/600|[from] item: Life Orb\n|\n|-weather|Hail|[upkeep]\n|-damage|p1a: Excadrill|300/600|[from] Hail\n|upkeep\n|inactive|SpongeOde has 30 seconds left this turn.\n|inactive|SpongeOde has 20 seconds left.\n|\n|t:|1685376622\n|switch|p2a: Greedent|Greedent, L84, M|311/339\n|-damage|p2a: Greedent|269/339|[from] Stealth Rock\n|turn|16\n|inactive|SpongeOde has 30 seconds left this turn.\n|\n|t:|1685376636\n|-start|p2a: Greedent|Dynamax|\n|-heal|p2a: Greedent|538/678|[silent]\n|move|p2a: Greedent|Max Guard|p2a: Greedent\n|-singleturn|p2a: Greedent|Max Guard\n|move|p1a: Excadrill|Max Steelspike|p2a: Greedent\n|-activate|p2a: Greedent|move: Max Guard\n|\n|-weather|none\n|upkeep\n|turn|17\n|inactive|SpongeOde has 30 seconds left.\n|\n|t:|1685376649\n|move|p1a: Excadrill|Max Steelspike|p2a: Greedent\n|-damage|p2a: Greedent|330/678\n|-boost|p1a: Excadrill|def|1\n|-damage|p1a: Excadrill|270/600|[from] item: Life Orb\n|move|p2a: Greedent|Max Quake|p1a: Excadrill\n|-supereffective|p1a: Excadrill\n|-damage|p1a: Excadrill|88/600\n|-boost|p2a: Greedent|spd|1\n|\n|upkeep\n|-end|p1a: Excadrill|Dynamax\n|-heal|p1a: Excadrill|44/300|[silent]\n|turn|18\n|inactive|SpongeOde has 30 seconds left.\n|inactive|SpongeOde has 20 seconds left.\n|\n|t:|1685376669\n|move|p1a: Excadrill|Iron Head|p2a: Greedent\n|-damage|p2a: Greedent|205/678\n|-damage|p1a: Excadrill|14/300|[from] item: Life Orb\n|move|p2a: Greedent|Max Quake|p1a: Excadrill\n|-supereffective|p1a: Excadrill\n|-damage|p1a: Excadrill|0 fnt\n|-boost|p2a: Greedent|spd|1\n|faint|p1a: Excadrill\n|\n|upkeep\n|inactive|SpongeOde has 25 seconds left this turn.\n|inactive|trying_toget_tough has 120 seconds left.\n|\n|t:|1685376699\n|switch|p1a: Spiritomb|Spiritomb, L88, F|99/231\n|-end|p2a: Greedent|Dynamax\n|-heal|p2a: Greedent|103/339|[silent]\n|turn|19\n|inactive|SpongeOde has 30 seconds left.\n|\n|t:|1685376709\n|move|p1a: Spiritomb|Foul Play|p2a: Greedent\n|-damage|p2a: Greedent|0 fnt\n|faint|p2a: Greedent\n|\n|win|trying_toget_tough\n|inactive|SpongeOde has 30 seconds left this turn.\n|raw|trying_toget_tough's rating: 1423 &rarr; <strong>1435</strong><br />(+12 for winning)\n|raw|SpongeOde's rating: 1277 &rarr; <strong>1262</strong><br />(-15 for losing)\n|l|\u2606SpongeOde\n", "inputlog": ">version 6fec31d5a0d4498a06105aa188c9906bc0b6bf95\n>start {\"formatid\":\"gen8randombattle\",\"seed\":[61117,53140,6727,36823],\"rated\":\"Rated battle\"}\n>player p1 {\"name\":\"trying_toget_tough\",\"avatar\":\"265\",\"rating\":1423,\"seed\":[13710,40193,10035,64002]}\n>player p2 {\"name\":\"SpongeOde\",\"avatar\":\"rood\",\"rating\":1277,\"seed\":[23242,39105,51115,51768]}\n>p1 move stealthrock\n>p2 move fireblast\n>p1 switch 6\n>p1 move knockoff\n>p2 switch 6\n>p1 move uturn\n>p2 move blizzard\n>p1 switch 2\n>p1 move calmmind\n>p2 switch 6\n>p1 move icebeam\n>p2 move thunderbolt\n>p2 switch 2\n>p1 move scald\n>p2 move payback\n>p1 switch 5\n>p1 move swordsdance\n>p2 switch 3\n>p1 move ironhead\n>p2 move toxicspikes\n>p2 switch 4\n>p1 switch 4\n>p2 move hydropump\n>p1 move suckerpunch\n>p2 move hydropump\n>p1 move suckerpunch\n>p2 move hydropump\n>p2 switch 6\n>p1 switch 3\n>p2 move blizzard\n>p1 move flamethrower\n>p2 move blizzard\n>p2 switch 5\n>p1 move flamethrower\n>p2 move extremespeed\n>p1 switch 4\n>p1 move earthquake dynamax\n>p2 move technoblast\n>p2 switch 3\n>p1 move ironhead dynamax\n>p2 move swordsdance dynamax\n>p1 move ironhead dynamax\n>p2 move earthquake dynamax\n>p1 move ironhead\n>p2 move earthquake dynamax\n>p1 switch 3\n>p1 move foulplay\n>p2 move bodyslam", "uploadtime": 1685376730, "views": 3, "p1id": "tryingtogettough", "p2id": "spongeode", "formatid": "gen8randombattle", "rating": 1262, "private": 0, "password": ""}