{"id": "gen8randombattle-1872570391", "p1": "CraneKickinChicken", "p2": "Pure Hackmons", "format": "[Gen 8] Random Battle", "log": "|j|\u2606CraneKickinChicken\n|j|\u2606Pure Hackmons\n|t:|1685245439\n|gametype|singles\n|player|p1|CraneKickinChicken|larry|\n|player|p2|Pure Hackmons|265|\n|teamsize|p1|6\n|teamsize|p2|6\n|gen|8\n|tier|[Gen 8] Random Battle\n|rated|Tournament battle\n|rule|Species Clause: Limit one of each Pok\u00e9mon\n|rule|HP Percentage Mod: HP is shown in percentages\n|rule|Sleep Clause Mod: Limit one foe put to sleep\n|rule|Camomons Mod: Pok\u00e9mon have their types set to match their first two moves.\n|rule|Inverse Mod: Weaknesses become resistances, while resistances and immunities become weaknesses.\n|rule|Scalemons Mod: Every Pokemon's stats, barring HP, are scaled to come as close to a BST of 600 as possible\n|clearpoke\n|poke|p1|Salazzle, L82, F|\n|poke|p1|Dedenne, L87, M|\n|poke|p1|Excadrill, L78, M|\n|poke|p1|Glaceon, L88, M|\n|poke|p1|Hitmonchan, L86, M|\n|poke|p1|Greedent, L84, M|\n|poke|p2|Dedenne, L87, F|\n|poke|p2|Steelix, L84, M|\n|poke|p2|Calyrex-Shadow, L65|\n|poke|p2|Tyrantrum, L82, F|\n|poke|p2|Sableye, L88, M|\n|poke|p2|Falinks, L84|\n|teampreview\n|j|%Iolanthe\n|c|\u2606Pure Hackmons|hf\n|\n|t:|1685245475\n|start\n|switch|p1a: Excadrill|Excadrill, L78, M|300/300\n|switch|p2a: Sableye|Sableye, L88, M|231/231\n|-start|p1a: Excadrill|typechange|Normal|[silent]\n|-ability|p1a: Excadrill|Mold Breaker\n|-start|p2a: Sableye|typechange|Fire/Dark|[silent]\n|-start|p1a: Excadrill|typechange|Normal|[silent]\n|-start|p2a: Sableye|typechange|Fire/Dark|[silent]\n|turn|1\n|l|%Iolanthe\n|\n|t:|1685245486\n|switch|p1a: Glaceon|Glaceon, L88, M|258/258\n|-ability|p1a: Glaceon|Mold Breaker\n|-start|p1a: Glaceon|typechange|Normal/Ice|[silent]\n|move|p2a: Sableye|Will-O-Wisp|p1a: Glaceon\n|-status|p1a: Glaceon|brn\n|\n|-damage|p1a: Glaceon|242/258 brn|[from] brn\n|upkeep\n|-start|p1a: Glaceon|typechange|Normal/Ice|[silent]\n|turn|2\n|\n|t:|1685245494\n|switch|p2a: Calyrex|Calyrex-Shadow, L65|238/238\n|-ability|p2a: Calyrex|As One\n|-ability|p2a: Calyrex|Unnerve\n|-start|p2a: Calyrex|typechange|Psychic/Ghost|[silent]\n|move|p1a: Glaceon|Freeze-Dry|p2a: Calyrex\n|-damage|p2a: Calyrex|78/238\n|\n|-heal|p2a: Calyrex|92/238|[from] item: Leftovers\n|-heal|p1a: Glaceon|258/258 brn|[from] item: Leftovers\n|-damage|p1a: Glaceon|242/258 brn|[from] brn\n|upkeep\n|turn|3\n|\n|t:|1685245516\n|move|p2a: Calyrex|Astral Barrage|p1a: Glaceon\n|-supereffective|p1a: Glaceon\n|-damage|p1a: Glaceon|66/258 brn\n|move|p1a: Glaceon|Freeze-Dry|p2a: Calyrex\n|-damage|p2a: Calyrex|0 fnt\n|faint|p2a: Calyrex\n|\n|-heal|p1a: Glaceon|82/258 brn|[from] item: Leftovers\n|-damage|p1a: Glaceon|66/258 brn|[from] brn\n|upkeep\n|\n|t:|1685245525\n|switch|p2a: Tyrantrum|Tyrantrum, L82, F|269/269\n|-start|p2a: Tyrantrum|typechange|Dragon|[silent]\n|-start|p2a: Tyrantrum|typechange|Dragon|[silent]\n|turn|4\n|\n|t:|1685245546\n|switch|p2a: Steelix|Steelix, L84, M|263/263\n|-start|p2a: Steelix|typechange|Steel/Dragon|[silent]\n|move|p1a: Glaceon|Wish|p1a: Glaceon\n|\n|-heal|p1a: Glaceon|82/258 brn|[from] item: Leftovers\n|-damage|p1a: Glaceon|66/258 brn|[from] brn\n|upkeep\n|-start|p2a: Steelix|typechange|Steel/Dragon|[silent]\n|turn|5\n|\n|t:|1685245558\n|switch|p2a: Dedenne|Dedenne, L87, F|258/258\n|-start|p2a: Dedenne|typechange|Electric/Normal|[silent]\n|move|p1a: Glaceon|Protect||[still]\n|-fail|p1a: Glaceon\n|\n|-heal|p1a: Glaceon|195/258 brn|[from] move: Wish|[wisher] Glaceon\n|-heal|p1a: Glaceon|211/258 brn|[from] item: Leftovers\n|-damage|p1a: Glaceon|195/258 brn|[from] brn\n|upkeep\n|-start|p2a: Dedenne|typechange|Electric/Normal|[silent]\n|turn|6\n|\n|t:|1685245562\n|move|p2a: Dedenne|Thunderbolt|p1a: Glaceon\n|-damage|p1a: Glaceon|99/258 brn\n|move|p1a: Glaceon|Toxic|p2a: Dedenne\n|-status|p2a: Dedenne|tox\n|\n|-heal|p1a: Glaceon|115/258 brn|[from] item: Leftovers\n|-damage|p2a: Dedenne|242/258 tox|[from] psn\n|-damage|p1a: Glaceon|99/258 brn|[from] brn\n|upkeep\n|turn|7\n|\n|t:|1685245568\n|switch|p1a: Greedent|Greedent, L84, M|339/339\n|-ability|p1a: Greedent|Mold Breaker\n|-start|p1a: Greedent|typechange|Ground/Dark|[silent]\n|move|p2a: Dedenne|Thunderbolt|p1a: Greedent\n|-supereffective|p1a: Greedent\n|-damage|p1a: Greedent|135/339\n|-enditem|p1a: Greedent|Sitrus Berry|[eat]\n|-heal|p1a: Greedent|219/339|[from] item: Sitrus Berry\n|-heal|p1a: Greedent|332/339|[from] ability: Cheek Pouch\n|\n|-damage|p2a: Dedenne|210/258 tox|[from] psn\n|upkeep\n|-start|p1a: Greedent|typechange|Ground/Dark|[silent]\n|turn|8\n|\n|t:|1685245575\n|move|p2a: Dedenne|Thunderbolt|p1a: Greedent\n|-supereffective|p1a: Greedent\n|-damage|p1a: Greedent|132/339\n|move|p1a: Greedent|Payback|p2a: Dedenne\n|-damage|p2a: Dedenne|78/258 tox\n|-enditem|p2a: Dedenne|Sitrus Berry|[eat]\n|-heal|p2a: Dedenne|142/258 tox|[from] item: Sitrus Berry\n|-heal|p2a: Dedenne|228/258 tox|[from] ability: Cheek Pouch\n|\n|-damage|p2a: Dedenne|180/258 tox|[from] psn\n|upkeep\n|turn|9\n|\n|t:|1685245587\n|move|p2a: Dedenne|Thunderbolt|p1a: Greedent\n|-supereffective|p1a: Greedent\n|-damage|p1a: Greedent|0 fnt\n|faint|p1a: Greedent\n|-ability|p2a: Dedenne|Grim Neigh|boost\n|-boost|p2a: Dedenne|spa|1\n|\n|-damage|p2a: Dedenne|116/258 tox|[from] psn\n|upkeep\n|\n|t:|1685245595\n|switch|p1a: Glaceon|Glaceon, L88, M|99/258 brn\n|-ability|p1a: Glaceon|Mold Breaker\n|-start|p1a: Glaceon|typechange|Normal/Ice|[silent]\n|-start|p1a: Glaceon|typechange|Normal/Ice|[silent]\n|turn|10\n|\n|t:|1685245598\n|move|p1a: Glaceon|Protect|p1a: Glaceon\n|-singleturn|p1a: Glaceon|Protect\n|move|p2a: Dedenne|Recycle|p2a: Dedenne\n|-item|p2a: Dedenne|Sitrus Berry|[from] move: Recycle\n|-enditem|p2a: Dedenne|Sitrus Berry|[eat]\n|-heal|p2a: Dedenne|180/258 tox|[from] item: Sitrus Berry\n|-heal|p2a: Dedenne|258/258 tox|[from] ability: Cheek Pouch\n|\n|-heal|p1a: Glaceon|115/258 brn|[from] item: Leftovers\n|-damage|p2a: Dedenne|178/258 tox|[from] psn\n|-damage|p1a: Glaceon|99/258 brn|[from] brn\n|upkeep\n|turn|11\n|\n|t:|1685245602\n|move|p2a: Dedenne|Thunderbolt|p1a: Glaceon\n|-damage|p1a: Glaceon|0 fnt\n|faint|p1a: Glaceon\n|-ability|p2a: Dedenne|Grim Neigh|boost\n|-boost|p2a: Dedenne|spa|1\n|\n|-damage|p2a: Dedenne|82/258 tox|[from] psn\n|upkeep\n|\n|t:|1685245611\n|switch|p1a: Salazzle|Salazzle, L82, F|246/246\n|-ability|p1a: Salazzle|Mold Breaker\n|-start|p1a: Salazzle|typechange|Fire/Normal|[silent]\n|-start|p1a: Salazzle|typechange|Fire/Normal|[silent]\n|turn|12\n|\n|t:|1685245614\n|move|p2a: Dedenne|Thunderbolt|p1a: Salazzle\n|-damage|p1a: Salazzle|0 fnt\n|faint|p1a: Salazzle\n|-ability|p2a: Dedenne|Grim Neigh|boost\n|-boost|p2a: Dedenne|spa|1\n|\n|-damage|p2a: Dedenne|0 fnt|[from] psn\n|faint|p2a: Dedenne\n|upkeep\n|\n|t:|1685245627\n|switch|p2a: Falinks|Falinks, L84|246/246\n|switch|p1a: Excadrill|Excadrill, L78, M|300/300\n|-start|p2a: Falinks|typechange|Fighting/Poison|[silent]\n|-start|p1a: Excadrill|typechange|Normal|[silent]\n|-ability|p1a: Excadrill|Mold Breaker\n|-start|p1a: Excadrill|typechange|Normal|[silent]\n|-start|p2a: Falinks|typechange|Fighting/Poison|[silent]\n|turn|13\n|\n|t:|1685245634\n|move|p2a: Falinks|No Retreat|p2a: Falinks\n|-boost|p2a: Falinks|atk|1\n|-boost|p2a: Falinks|def|1\n|-boost|p2a: Falinks|spa|1\n|-boost|p2a: Falinks|spd|1\n|-boost|p2a: Falinks|spe|1\n|-start|p2a: Falinks|move: No Retreat\n|move|p1a: Excadrill|Swords Dance|p1a: Excadrill\n|-boost|p1a: Excadrill|atk|2\n|\n|upkeep\n|turn|14\n|\n|t:|1685245640\n|-start|p1a: Excadrill|Dynamax|\n|-heal|p1a: Excadrill|600/600|[silent]\n|move|p2a: Falinks|Poison Jab|p1a: Excadrill\n|-damage|p1a: Excadrill|330/600\n|-damage|p2a: Falinks|222/246|[from] item: Life Orb\n|move|p1a: Excadrill|Max Steelspike|p2a: Falinks\n|-damage|p2a: Falinks|102/246\n|-boost|p1a: Excadrill|def|1\n|\n|-heal|p1a: Excadrill|348/600|[from] item: Leftovers\n|upkeep\n|turn|15\n|\n|t:|1685245643\n|move|p2a: Falinks|Poison Jab|p1a: Excadrill\n|-damage|p1a: Excadrill|179/600\n|-damage|p2a: Falinks|78/246|[from] item: Life Orb\n|move|p1a: Excadrill|Max Steelspike|p2a: Falinks\n|-damage|p2a: Falinks|0 fnt\n|-boost|p1a: Excadrill|def|1\n|faint|p2a: Falinks\n|\n|-heal|p1a: Excadrill|197/600|[from] item: Leftovers\n|upkeep\n|\n|t:|1685245662\n|switch|p2a: Sableye|Sableye, L88, M|231/231\n|-start|p2a: Sableye|typechange|Fire/Dark|[silent]\n|-start|p2a: Sableye|typechange|Fire/Dark|[silent]\n|turn|16\n|\n|t:|1685245665\n|-end|p1a: Excadrill|Dynamax\n|-heal|p1a: Excadrill|99/300|[silent]\n|switch|p1a: Dedenne|Dedenne, L87, M|258/258\n|-ability|p1a: Dedenne|Mold Breaker\n|-start|p1a: Dedenne|typechange|Electric/Poison|[silent]\n|move|p2a: Sableye|Will-O-Wisp|p1a: Dedenne\n|-status|p1a: Dedenne|brn\n|\n|-damage|p1a: Dedenne|242/258 brn|[from] brn\n|upkeep\n|-start|p1a: Dedenne|typechange|Electric/Poison|[silent]\n|turn|17\n|\n|t:|1685245677\n|move|p1a: Dedenne|Toxic|p2a: Sableye\n|-status|p2a: Sableye|tox\n|move|p2a: Sableye|Knock Off|p1a: Dedenne\n|-damage|p1a: Dedenne|95/258 brn\n|-enditem|p1a: Dedenne|Sitrus Berry|[from] move: Knock Off|[of] p2a: Sableye\n|\n|-damage|p2a: Sableye|217/231 tox|[from] psn\n|-damage|p1a: Dedenne|79/258 brn|[from] brn\n|upkeep\n|turn|18\n|\n|t:|1685245693\n|move|p1a: Dedenne|Protect|p1a: Dedenne\n|-singleturn|p1a: Dedenne|Protect\n|move|p2a: Sableye|Knock Off|p1a: Dedenne\n|-activate|p1a: Dedenne|move: Protect\n|\n|-heal|p2a: Sableye|231/231 tox|[from] item: Leftovers\n|-damage|p2a: Sableye|203/231 tox|[from] psn\n|-damage|p1a: Dedenne|63/258 brn|[from] brn\n|upkeep\n|turn|19\n|\n|t:|1685245702\n|move|p1a: Dedenne|Thunderbolt|p2a: Sableye\n|-damage|p2a: Sableye|103/231 tox\n|move|p2a: Sableye|Knock Off|p1a: Dedenne\n|-damage|p1a: Dedenne|0 fnt\n|faint|p1a: Dedenne\n|-ability|p2a: Sableye|Grim Neigh|boost\n|-boost|p2a: Sableye|spa|1\n|\n|-heal|p2a: Sableye|117/231 tox|[from] item: Leftovers\n|-damage|p2a: Sableye|75/231 tox|[from] psn\n|upkeep\n|\n|t:|1685245711\n|switch|p1a: Hitmonchan|Hitmonchan, L86, M|226/226\n|-ability|p1a: Hitmonchan|Mold Breaker\n|-start|p1a: Hitmonchan|typechange|Fighting|[silent]\n|turn|20\n|\n|t:|1685245716\n|move|p2a: Sableye|Will-O-Wisp|p1a: Hitmonchan\n|-status|p1a: Hitmonchan|brn\n|move|p1a: Hitmonchan|Ice Punch|p2a: Sableye\n|-supereffective|p2a: Sableye\n|-damage|p2a: Sableye|0 fnt\n|faint|p2a: Sableye\n|-damage|p1a: Hitmonchan|204/226 brn|[from] item: Life Orb\n|\n|-damage|p1a: Hitmonchan|190/226 brn|[from] brn\n|upkeep\n|\n|t:|1685245725\n|switch|p2a: Steelix|Steelix, L84, M|263/263\n|-start|p2a: Steelix|typechange|Steel/Dragon|[silent]\n|-start|p2a: Steelix|typechange|Steel/Dragon|[silent]\n|turn|21\n|\n|t:|1685245729\n|move|p2a: Steelix|Dragon Dance|p2a: Steelix\n|-boost|p2a: Steelix|atk|1\n|-boost|p2a: Steelix|spe|1\n|move|p1a: Hitmonchan|Ice Punch|p2a: Steelix\n|-damage|p2a: Steelix|238/263\n|-damage|p1a: Hitmonchan|168/226 brn|[from] item: Life Orb\n|\n|-heal|p2a: Steelix|254/263|[from] item: Leftovers\n|-damage|p1a: Hitmonchan|154/226 brn|[from] brn\n|upkeep\n|turn|22\n|\n|t:|1685245736\n|switch|p1a: Excadrill|Excadrill, L78, M|99/300\n|-start|p1a: Excadrill|typechange|Normal|[silent]\n|-ability|p1a: Excadrill|Mold Breaker\n|move|p2a: Steelix|Dragon Dance|p2a: Steelix\n|-boost|p2a: Steelix|atk|1\n|-boost|p2a: Steelix|spe|1\n|\n|-heal|p2a: Steelix|263/263|[from] item: Leftovers\n|-heal|p1a: Excadrill|117/300|[from] item: Leftovers\n|upkeep\n|-start|p1a: Excadrill|typechange|Normal|[silent]\n|turn|23\n|\n|t:|1685245741\n|move|p2a: Steelix|Heavy Slam|p1a: Excadrill\n|-damage|p1a: Excadrill|0 fnt\n|faint|p1a: Excadrill\n|-ability|p2a: Steelix|Grim Neigh|boost\n|-boost|p2a: Steelix|spa|1\n|\n|upkeep\n|\n|t:|1685245742\n|switch|p1a: Hitmonchan|Hitmonchan, L86, M|154/226 brn\n|-ability|p1a: Hitmonchan|Mold Breaker\n|-start|p1a: Hitmonchan|typechange|Fighting|[silent]\n|turn|24\n|\n|t:|1685245746\n|move|p1a: Hitmonchan|Ice Punch|p2a: Steelix\n|-damage|p2a: Steelix|236/263\n|-damage|p1a: Hitmonchan|132/226 brn|[from] item: Life Orb\n|move|p2a: Steelix|Heavy Slam|p1a: Hitmonchan\n|-damage|p1a: Hitmonchan|0 fnt\n|faint|p1a: Hitmonchan\n|\n|win|Pure Hackmons\n|n|\u2606CraneKickinChicken|cranekickinchicken\n|n|\u2606Pure Hackmons|purehackmons\n", "inputlog": ">version d74822bbc74c095aa312053f7034baee3068d99e\n>start {\"formatid\":\"gen8randombattle@@@[Gen 9] Random Battle Mayhem\",\"seed\":[7011,6152,60930,54282],\"rated\":\"Tournament battle\"}\n>player p1 {\"name\":\"CraneKickinChicken\",\"avatar\":\"larry\",\"rating\":0,\"seed\":[17294,8748,3120,6303]}\n>player p2 {\"name\":\"Pure Hackmons\",\"avatar\":\"265\",\"rating\":0,\"seed\":[37962,4749,53087,51647]}\n>chat \u2606Pure Hackmons|hf\n>p1 team 3, 2, 1, 4, 5, 6\n>p2 team 5, 2, 3, 4, 1, 6\n>p1 switch 4\n>p2 move willowisp\n>p1 move freezedry\n>p2 switch 3\n>p1 move freezedry\n>p2 move astralbarrage\n>p2 switch 4\n>p1 move wish\n>p2 switch 2\n>p1 move protect\n>p2 switch 5\n>p1 move toxic\n>p2 move thunderbolt\n>p1 switch 6\n>p2 move thunderbolt\n>p1 move payback\n>p2 move thunderbolt\n>p1 move bodyslam\n>p2 move thunderbolt\n>p1 switch 6\n>p1 move protect\n>p2 move recycle\n>p1 move freezedry\n>p2 move thunderbolt\n>p1 switch 3\n>p1 move substitute\n>p2 move thunderbolt\n>p1 switch 4\n>p2 switch 6\n>p1 move swordsdance\n>p2 move noretreat\n>p1 move ironhead dynamax\n>p2 move poisonjab\n>p1 move ironhead dynamax\n>p2 move poisonjab\n>p2 switch 3\n>p1 switch 2\n>p2 move willowisp\n>p1 move toxic\n>p2 move knockoff\n>p1 move protect\n>p2 move knockoff\n>p1 move thunderbolt\n>p2 move knockoff\n>p1 switch 5\n>p1 move icepunch\n>p2 move willowisp\n>p2 switch 5\n>p1 move icepunch\n>p2 move dragondance\n>p1 switch 2\n>p2 move dragondance\n>p1 move rapidspin\n>p2 move heavyslam\n>p1 switch 2\n>p1 move icepunch\n>p2 move heavyslam", "uploadtime": 1685245747, "views": 3, "p1id": "cranekickinchicken", "p2id": "purehackmons", "formatid": "gen8randombattle", "rating": 0, "private": 0, "password": ""}