{"id": "gen8randombattle-1873741964", "p1": "swaggydog26", "p2": "Jrkhan18", "format": "[Gen 8] Random Battle", "log": "|j|\u2606swaggydog26\n|j|\u2606Jrkhan18\n|t:|1685413521\n|gametype|singles\n|player|p1|swaggydog26|cynthia-gen4|\n|player|p2|Jrkhan18|caitlin|\n|teamsize|p1|6\n|teamsize|p2|6\n|gen|8\n|tier|[Gen 8] Random Battle\n|rule|Species Clause: Limit one of each Pok\u00e9mon\n|rule|HP Percentage Mod: HP is shown in percentages\n|rule|Sleep Clause Mod: Limit one foe put to sleep\n|\n|t:|1685413521\n|start\n|switch|p1a: Tapu Bulu|Tapu Bulu, L82|249/249\n|switch|p2a: Volcanion|Volcanion, L80|259/259\n|-fieldstart|move: Grassy Terrain|[from] ability: Grassy Surge|[of] p1a: Tapu Bulu\n|turn|1\n|inactive|Battle timer is ON: inactive players will automatically lose when time's up. (requested by Jrkhan18)\n|inactive|swaggydog26 has 270 seconds left.\n|\n|t:|1685413572\n|switch|p1a: Toxapex|Toxapex, L82, F|216/216\n|move|p2a: Volcanion|Steam Eruption|p1a: Toxapex\n|-resisted|p1a: Toxapex\n|-damage|p1a: Toxapex|167/216\n|\n|-heal|p1a: Toxapex|180/216|[from] Grassy Terrain\n|-heal|p1a: Toxapex|193/216|[from] item: Black Sludge\n|upkeep\n|turn|2\n|\n|t:|1685413587\n|switch|p2a: Galvantula|Galvantula, L82, F|249/249\n|move|p1a: Toxapex|Toxic|p2a: Galvantula\n|-status|p2a: Galvantula|tox\n|\n|-heal|p1a: Toxapex|206/216|[from] Grassy Terrain\n|-heal|p1a: Toxapex|216/216|[from] item: Black Sludge\n|-damage|p2a: Galvantula|234/249 tox|[from] psn\n|upkeep\n|turn|3\n|\n|t:|1685413605\n|move|p1a: Toxapex|Baneful Bunker|p1a: Toxapex\n|-singleturn|p1a: Toxapex|move: Protect\n|move|p2a: Galvantula|Sticky Web|p1a: Toxapex\n|-sidestart|p1: swaggydog26|move: Sticky Web\n|\n|-heal|p2a: Galvantula|249/249 tox|[from] Grassy Terrain\n|-damage|p2a: Galvantula|219/249 tox|[from] psn\n|upkeep\n|turn|4\n|\n|t:|1685413627\n|switch|p1a: Ho-Oh|Ho-Oh, L72|272/272\n|move|p2a: Galvantula|Thunder|p1a: Ho-Oh\n|-supereffective|p1a: Ho-Oh\n|-damage|p1a: Ho-Oh|92/272\n|\n|-heal|p2a: Galvantula|234/249 tox|[from] Grassy Terrain\n|-damage|p2a: Galvantula|189/249 tox|[from] psn\n|upkeep\n|turn|5\n|\n|t:|1685413636\n|move|p2a: Galvantula|Volt Switch|p1a: Ho-Oh\n|-supereffective|p1a: Ho-Oh\n|-damage|p1a: Ho-Oh|0 fnt\n|faint|p1a: Ho-Oh\n|\n|t:|1685413640\n|switch|p2a: Volcanion|Volcanion, L80|259/259|[from] Volt Switch\n|\n|-fieldend|move: Grassy Terrain\n|upkeep\n|\n|t:|1685413644\n|switch|p1a: Hitmontop|Hitmontop, L85, M|224/224\n|-activate|p1a: Hitmontop|move: Sticky Web\n|-unboost|p1a: Hitmontop|spe|1\n|-ability|p1a: Hitmontop|Intimidate|boost\n|-unboost|p2a: Volcanion|atk|1\n|turn|6\n|\n|t:|1685413656\n|switch|p2a: Mimikyu|Mimikyu, L76, M|209/209\n|move|p1a: Hitmontop|Rapid Spin|p2a: Mimikyu\n|-immune|p2a: Mimikyu\n|\n|upkeep\n|turn|7\n|\n|t:|1685413674\n|move|p2a: Mimikyu|Swords Dance|p2a: Mimikyu\n|-boost|p2a: Mimikyu|atk|2\n|move|p1a: Hitmontop|Toxic|p2a: Mimikyu\n|-status|p2a: Mimikyu|tox\n|\n|-damage|p2a: Mimikyu|196/209 tox|[from] psn\n|upkeep\n|turn|8\n|inactive|swaggydog26 has 270 seconds left.\n|\n|t:|1685413711\n|switch|p1a: Toxapex|Toxapex, L82, F|216/216\n|-activate|p1a: Toxapex|move: Sticky Web\n|-unboost|p1a: Toxapex|spe|1\n|move|p2a: Mimikyu|Play Rough|p1a: Toxapex\n|-resisted|p1a: Toxapex\n|-damage|p1a: Toxapex|158/216\n|-damage|p2a: Mimikyu|176/209 tox|[from] item: Life Orb\n|\n|-heal|p1a: Toxapex|171/216|[from] item: Black Sludge\n|-damage|p2a: Mimikyu|150/209 tox|[from] psn\n|upkeep\n|turn|9\n|\n|t:|1685413723\n|move|p2a: Mimikyu|Shadow Claw|p1a: Toxapex\n|-damage|p1a: Toxapex|70/216\n|-damage|p2a: Mimikyu|130/209 tox|[from] item: Life Orb\n|move|p1a: Toxapex|Recover|p1a: Toxapex\n|-heal|p1a: Toxapex|178/216\n|\n|-heal|p1a: Toxapex|191/216|[from] item: Black Sludge\n|-damage|p2a: Mimikyu|91/209 tox|[from] psn\n|upkeep\n|turn|10\n|\n|t:|1685413732\n|switch|p2a: Volcanion|Volcanion, L80|259/259\n|move|p1a: Toxapex|Recover|p1a: Toxapex\n|-heal|p1a: Toxapex|216/216\n|\n|upkeep\n|turn|11\n|inactive|swaggydog26 has 270 seconds left.\n|\n|t:|1685413744\n|move|p2a: Volcanion|Earth Power|p1a: Toxapex\n|-supereffective|p1a: Toxapex\n|-damage|p1a: Toxapex|116/216\n|move|p1a: Toxapex|Toxic|p2a: Volcanion\n|-status|p2a: Volcanion|tox\n|\n|-heal|p1a: Toxapex|129/216|[from] item: Black Sludge\n|-damage|p2a: Volcanion|243/259 tox|[from] psn\n|upkeep\n|turn|12\n|\n|t:|1685413750\n|-start|p2a: Volcanion|Dynamax|\n|-heal|p2a: Volcanion|486/518 tox|[silent]\n|move|p2a: Volcanion|Max Quake|p1a: Toxapex\n|-supereffective|p1a: Toxapex\n|-damage|p1a: Toxapex|0 fnt\n|-boost|p2a: Volcanion|spd|1\n|faint|p1a: Toxapex\n|\n|-damage|p2a: Volcanion|454/518 tox|[from] psn\n|upkeep\n|inactive|swaggydog26 has 270 seconds left.\n|\n|t:|1685413768\n|switch|p1a: Cofagrigus|Cofagrigus, L86, F|240/240\n|-activate|p1a: Cofagrigus|move: Sticky Web\n|-unboost|p1a: Cofagrigus|spe|1\n|turn|13\n|inactive|swaggydog26 has 270 seconds left.\n|\n|t:|1685413795\n|move|p2a: Volcanion|Max Quake|p1a: Cofagrigus\n|-damage|p1a: Cofagrigus|156/240\n|-boost|p2a: Volcanion|spd|1\n|move|p1a: Cofagrigus|Memento|p2a: Volcanion\n|-unboost|p2a: Volcanion|atk|2\n|-unboost|p2a: Volcanion|spa|2\n|faint|p1a: Cofagrigus\n|\n|-damage|p2a: Volcanion|406/518 tox|[from] psn\n|upkeep\n|\n|t:|1685413802\n|switch|p1a: Hitmontop|Hitmontop, L85, M|224/224\n|-activate|p1a: Hitmontop|move: Sticky Web\n|-unboost|p1a: Hitmontop|spe|1\n|-ability|p1a: Hitmontop|Intimidate|boost\n|-unboost|p2a: Volcanion|atk|1\n|turn|14\n|\n|t:|1685413805\n|-end|p2a: Volcanion|Dynamax\n|-heal|p2a: Volcanion|203/259 tox|[silent]\n|switch|p2a: Mimikyu|Mimikyu, L76, M|91/209 tox\n|move|p1a: Hitmontop|Rapid Spin|p2a: Mimikyu\n|-immune|p2a: Mimikyu\n|\n|-damage|p2a: Mimikyu|78/209 tox|[from] psn\n|upkeep\n|turn|15\n|\n|t:|1685413822\n|switch|p1a: Vanilluxe|Vanilluxe, L82, M|251/251\n|-activate|p1a: Vanilluxe|move: Sticky Web\n|-unboost|p1a: Vanilluxe|spe|1\n|-weather|Hail|[from] ability: Snow Warning|[of] p1a: Vanilluxe\n|move|p2a: Mimikyu|Drain Punch|p1a: Vanilluxe\n|-supereffective|p1a: Vanilluxe\n|-damage|p1a: Vanilluxe|144/251\n|-heal|p2a: Mimikyu|132/209 tox|[from] drain|[of] p1a: Vanilluxe\n|-damage|p2a: Mimikyu|112/209 tox|[from] item: Life Orb\n|\n|-weather|Hail|[upkeep]\n|-damage|p2a: Mimikyu|99/209 tox|[from] Hail\n|-damage|p2a: Mimikyu|73/209 tox|[from] psn\n|upkeep\n|turn|16\n|\n|t:|1685413837\n|move|p2a: Mimikyu|Drain Punch|p1a: Vanilluxe\n|-supereffective|p1a: Vanilluxe\n|-damage|p1a: Vanilluxe|35/251\n|-heal|p2a: Mimikyu|128/209 tox|[from] drain|[of] p1a: Vanilluxe\n|-damage|p2a: Mimikyu|108/209 tox|[from] item: Life Orb\n|move|p1a: Vanilluxe|Blizzard|p2a: Mimikyu\n|-activate|p2a: Mimikyu|ability: Disguise\n|-damage|p2a: Mimikyu|108/209 tox\n|detailschange|p2a: Mimikyu|Mimikyu-Busted, L76, M\n|-damage|p2a: Mimikyu|82/209 tox|[from] pokemon: Mimikyu-Busted\n|\n|-weather|Hail|[upkeep]\n|-damage|p2a: Mimikyu|69/209 tox|[from] Hail\n|-damage|p2a: Mimikyu|30/209 tox|[from] psn\n|upkeep\n|turn|17\n|\n|t:|1685413854\n|switch|p2a: Ninetales|Ninetales, L82, F|254/254\n|-weather|SunnyDay|[from] ability: Drought|[of] p2a: Ninetales\n|move|p1a: Vanilluxe|Blizzard|p2a: Ninetales\n|-resisted|p2a: Ninetales\n|-damage|p2a: Ninetales|197/254\n|\n|-weather|SunnyDay|[upkeep]\n|upkeep\n|turn|18\n|\n|t:|1685413865\n|move|p2a: Ninetales|Nasty Plot|p2a: Ninetales\n|-boost|p2a: Ninetales|spa|2\n|move|p1a: Vanilluxe|Explosion|p2a: Ninetales\n|-damage|p2a: Ninetales|15/254\n|faint|p1a: Vanilluxe\n|\n|-weather|SunnyDay|[upkeep]\n|upkeep\n|\n|t:|1685413875\n|switch|p1a: Tapu Bulu|Tapu Bulu, L82|249/249\n|-activate|p1a: Tapu Bulu|move: Sticky Web\n|-unboost|p1a: Tapu Bulu|spe|1\n|-fieldstart|move: Grassy Terrain|[from] ability: Grassy Surge|[of] p1a: Tapu Bulu\n|turn|19\n|\n|t:|1685413889\n|-start|p1a: Tapu Bulu|Dynamax|\n|-heal|p1a: Tapu Bulu|498/498|[silent]\n|move|p2a: Ninetales|Fire Blast|p1a: Tapu Bulu\n|-supereffective|p1a: Tapu Bulu\n|-damage|p1a: Tapu Bulu|0 fnt\n|faint|p1a: Tapu Bulu\n|\n|-weather|SunnyDay|[upkeep]\n|-heal|p2a: Ninetales|30/254|[from] Grassy Terrain\n|upkeep\n|\n|t:|1685413898\n|switch|p1a: Hitmontop|Hitmontop, L85, M|224/224\n|-activate|p1a: Hitmontop|move: Sticky Web\n|-unboost|p1a: Hitmontop|spe|1\n|-ability|p1a: Hitmontop|Intimidate|boost\n|-unboost|p2a: Ninetales|atk|1\n|turn|20\n|\n|t:|1685413905\n|switch|p2a: Mimikyu|Mimikyu-Busted, L76, M|30/209 tox\n|move|p1a: Hitmontop|Rapid Spin|p2a: Mimikyu\n|-immune|p2a: Mimikyu\n|\n|-weather|SunnyDay|[upkeep]\n|-heal|p2a: Mimikyu|43/209 tox|[from] Grassy Terrain\n|-damage|p2a: Mimikyu|30/209 tox|[from] psn\n|upkeep\n|turn|21\n|\n|t:|1685413917\n|move|p2a: Mimikyu|Drain Punch|p1a: Hitmontop\n|-damage|p1a: Hitmontop|176/224\n|-heal|p2a: Mimikyu|54/209 tox|[from] drain|[of] p1a: Hitmontop\n|-damage|p2a: Mimikyu|34/209 tox|[from] item: Life Orb\n|move|p1a: Hitmontop|Close Combat|p2a: Mimikyu\n|-immune|p2a: Mimikyu\n|\n|-weather|none\n|-heal|p2a: Mimikyu|47/209 tox|[from] Grassy Terrain\n|-heal|p1a: Hitmontop|190/224|[from] Grassy Terrain\n|-heal|p1a: Hitmontop|204/224|[from] item: Leftovers\n|-damage|p2a: Mimikyu|21/209 tox|[from] psn\n|upkeep\n|turn|22\n|\n|t:|1685413930\n|move|p2a: Mimikyu|Play Rough|p1a: Hitmontop\n|-supereffective|p1a: Hitmontop\n|-crit|p1a: Hitmontop\n|-damage|p1a: Hitmontop|0 fnt\n|faint|p1a: Hitmontop\n|-damage|p2a: Mimikyu|1/209 tox|[from] item: Life Orb\n|\n|win|Jrkhan18\n|l|\u2606swaggydog26\n", "inputlog": ">version 6fec31d5a0d4498a06105aa188c9906bc0b6bf95\n>start {\"formatid\":\"gen8randombattle\",\"seed\":[60062,51306,55002,3567]}\n>player p1 {\"name\":\"swaggydog26\",\"avatar\":\"cynthia-gen4\",\"rating\":0,\"seed\":[59003,50726,8588,54406]}\n>player p2 {\"name\":\"Jrkhan18\",\"avatar\":\"caitlin\",\"rating\":0,\"seed\":[50869,9905,11612,45666]}\n>p1 switch 2\n>p2 move steameruption\n>p1 move toxic\n>p2 switch 2\n>p1 move banefulbunker\n>p2 move stickyweb\n>p1 switch 4\n>p2 move thunder\n>p1 move roost\n>p2 move voltswitch\n>p2 switch 2\n>p1 switch 6\n>p1 move rapidspin\n>p2 switch 6\n>p1 move toxic\n>p2 move swordsdance\n>p1 switch 4\n>p2 move playrough\n>p1 move recover\n>p2 move shadowclaw\n>p1 move recover\n>p2 switch 6\n>p1 move toxic\n>p2 move earthpower\n>p1 move recover\n>p2 move earthpower dynamax\n>p1 switch 5\n>p1 move memento\n>p2 move earthpower dynamax\n>p1 switch 4\n>p1 move rapidspin\n>p2 switch 6\n>p1 switch 3\n>p2 move drainpunch\n>p1 move blizzard\n>p2 move drainpunch\n>p1 move blizzard\n>p2 switch 5\n>p1 move explosion\n>p2 move nastyplot\n>p1 switch 2\n>p1 move closecombat dynamax\n>p2 move fireblast\n>p1 switch 3\n>p1 move rapidspin\n>p2 switch 5\n>p1 move closecombat\n>p2 move drainpunch\n>p1 move rapidspin\n>p2 move playrough", "uploadtime": 1685413940, "views": 6, "p1id": "swaggydog26", "p2id": "jrkhan18", "formatid": "gen8randombattle", "rating": 0, "private": 0, "password": ""}