{"id": "gen8randombattle-1873699821", "p1": "What Do I Mean", "p2": "Ataki", "format": "[Gen 8] Random Battle", "log": "|j|\u2606What Do I Mean\n|j|\u2606Ataki\n|t:|1685407835\n|gametype|singles\n|player|p1|What Do I Mean|101|\n|player|p2|Ataki|byron|\n|teamsize|p1|6\n|teamsize|p2|6\n|gen|8\n|tier|[Gen 8] Random Battle\n|rated|Tournament battle\n|rule|Species Clause: Limit one of each Pok\u00e9mon\n|rule|HP Percentage Mod: HP is shown in percentages\n|rule|Sleep Clause Mod: Limit one foe put to sleep\n|rule|Camomons Mod: Pok\u00e9mon have their types set to match their first two moves.\n|rule|Inverse Mod: Weaknesses become resistances, while resistances and immunities become weaknesses.\n|rule|Scalemons Mod: Every Pokemon's stats, barring HP, are scaled to come as close to a BST of 600 as possible\n|clearpoke\n|poke|p1|Dialga, L74|\n|poke|p1|Corsola-Galar, L84, F|\n|poke|p1|Lickilicky, L86, F|\n|poke|p1|Scrafty, L82, M|\n|poke|p1|Necrozma, L80|\n|poke|p1|Silvally-*, L84|\n|poke|p2|Spiritomb, L88, F|\n|poke|p2|Pikachu-Sinnoh, L92, M|\n|poke|p2|Articuno-Galar, L80|\n|poke|p2|Bellossom, L82, M|\n|poke|p2|Celebi, L82|\n|poke|p2|Hitmonchan, L86, M|\n|teampreview\n|j|%Iolanthe\n|c|\u2606What Do I Mean|the broken one\n|inactive|Battle timer is ON: inactive players will automatically lose when time's up. (requested by What Do I Mean)\n|j| Kelli24\n|inactive|Ataki has 120 seconds left.\n|j| Dogpraxis\n|l| Dogpraxis\n|\n|t:|1685407905\n|start\n|switch|p1a: Dialga|Dialga, L74|270/270\n|switch|p2a: Pikachu|Pikachu-Sinnoh, L92, M|214/214\n|-start|p2a: Pikachu|typechange|Electric/Dark|[silent]\n|-start|p1a: Dialga|typechange|Steel/Rock|[silent]\n|-ability|p1a: Dialga|Pressure\n|-start|p1a: Dialga|typechange|Steel/Rock|[silent]\n|-start|p2a: Pikachu|typechange|Electric/Dark|[silent]\n|turn|1\n|l|%Iolanthe\n|inactive|Ataki has 120 seconds left.\n|\n|t:|1685407955\n|move|p2a: Pikachu|Volt Switch|p1a: Dialga\n|-damage|p1a: Dialga|63/270\n|\n|t:|1685407964\n|switch|p2a: Celebi|Celebi, L82|298/298|[from] Volt Switch\n|-start|p2a: Celebi|typechange|Grass/Bug|[silent]\n|move|p1a: Dialga|Flash Cannon|p2a: Celebi\n|-damage|p2a: Celebi|225/298\n|\n|-heal|p2a: Celebi|243/298|[from] item: Leftovers\n|-heal|p1a: Dialga|79/270|[from] item: Leftovers\n|upkeep\n|-start|p2a: Celebi|typechange|Grass/Bug|[silent]\n|turn|2\n|\n|t:|1685407969\n|move|p2a: Celebi|U-turn|p1a: Dialga\n|-supereffective|p1a: Dialga\n|-crit|p1a: Dialga\n|-damage|p1a: Dialga|0 fnt\n|faint|p1a: Dialga\n|\n|t:|1685407992\n|switch|p2a: Pikachu|Pikachu-Sinnoh, L92, M|214/214|[from] U-turn\n|-start|p2a: Pikachu|typechange|Electric/Dark|[silent]\n|\n|upkeep\n|\n|t:|1685408019\n|switch|p1a: Necrozma|Necrozma, L80|286/286\n|-ability|p1a: Necrozma|Pressure\n|-start|p1a: Necrozma|typechange|Psychic/Fairy|[silent]\n|-start|p1a: Necrozma|typechange|Psychic/Fairy|[silent]\n|-start|p2a: Pikachu|typechange|Electric/Dark|[silent]\n|turn|3\n|\n|t:|1685408041\n|move|p2a: Pikachu|Volt Switch|p1a: Necrozma\n|-damage|p1a: Necrozma|94/286\n|\n|t:|1685408049\n|switch|p2a: Celebi|Celebi, L82|243/298|[from] Volt Switch\n|-start|p2a: Celebi|typechange|Grass/Bug|[silent]\n|move|p1a: Necrozma|Moonlight|p1a: Necrozma\n|-heal|p1a: Necrozma|237/286\n|\n|-heal|p2a: Celebi|261/298|[from] item: Leftovers\n|-heal|p1a: Necrozma|254/286|[from] item: Leftovers\n|upkeep\n|-start|p2a: Celebi|typechange|Grass/Bug|[silent]\n|turn|4\n|\n|t:|1685408056\n|move|p2a: Celebi|Leaf Storm|p1a: Necrozma\n|-damage|p1a: Necrozma|116/286\n|-unboost|p2a: Celebi|spa|2\n|move|p1a: Necrozma|Calm Mind|p1a: Necrozma\n|-boost|p1a: Necrozma|spa|1\n|-boost|p1a: Necrozma|spd|1\n|\n|-heal|p2a: Celebi|279/298|[from] item: Leftovers\n|-heal|p1a: Necrozma|133/286|[from] item: Leftovers\n|upkeep\n|turn|5\n|inactive|Ataki has 90 seconds left.\n|inactive|Ataki has 60 seconds left.\n|\n|t:|1685408112\n|move|p2a: Celebi|U-turn|p1a: Necrozma\n|-damage|p1a: Necrozma|70/286\n|\n|t:|1685408115\n|switch|p2a: Hitmonchan|Hitmonchan, L86, M|226/226|[from] U-turn\n|-start|p2a: Hitmonchan|typechange|Fighting/Ice|[silent]\n|move|p1a: Necrozma|Moonlight|p1a: Necrozma\n|-heal|p1a: Necrozma|213/286\n|\n|-heal|p1a: Necrozma|230/286|[from] item: Leftovers\n|upkeep\n|-start|p2a: Hitmonchan|typechange|Fighting/Ice|[silent]\n|turn|6\n|\n|t:|1685408124\n|switch|p1a: Lickilicky|Lickilicky, L86, F|329/329\n|-ability|p1a: Lickilicky|Pressure\n|-start|p1a: Lickilicky|typechange|Normal|[silent]\n|move|p2a: Hitmonchan|Drain Punch|p1a: Lickilicky\n|-resisted|p1a: Lickilicky\n|-damage|p1a: Lickilicky|254/329\n|-damage|p2a: Hitmonchan|204/226|[from] item: Life Orb\n|\n|-heal|p1a: Lickilicky|274/329|[from] item: Leftovers\n|upkeep\n|turn|7\n|inactive|Ataki has 60 seconds left.\n|\n|t:|1685408157\n|switch|p2a: Bellossom|Bellossom, L82, M|257/257\n|-start|p2a: Bellossom|typechange|Bug/Grass|[silent]\n|move|p1a: Lickilicky|Body Slam|p2a: Bellossom\n|-crit|p2a: Bellossom\n|-damage|p2a: Bellossom|145/257\n|\n|-heal|p1a: Lickilicky|294/329|[from] item: Leftovers\n|-heal|p2a: Bellossom|161/257|[from] item: Leftovers\n|upkeep\n|-start|p2a: Bellossom|typechange|Bug/Grass|[silent]\n|turn|8\n|\n|t:|1685408180\n|move|p1a: Lickilicky|Body Slam|p2a: Bellossom\n|-damage|p2a: Bellossom|86/257\n|move|p2a: Bellossom|Quiver Dance|p2a: Bellossom\n|-boost|p2a: Bellossom|spa|1\n|-boost|p2a: Bellossom|spd|1\n|-boost|p2a: Bellossom|spe|1\n|\n|-heal|p2a: Bellossom|102/257|[from] item: Leftovers\n|-heal|p1a: Lickilicky|314/329|[from] item: Leftovers\n|upkeep\n|turn|9\n|\n|t:|1685408185\n|move|p2a: Bellossom|Giga Drain|p1a: Lickilicky\n|-damage|p1a: Lickilicky|208/329\n|-heal|p2a: Bellossom|155/257|[from] drain|[of] p1a: Lickilicky\n|move|p1a: Lickilicky|Body Slam|p2a: Bellossom\n|-damage|p2a: Bellossom|82/257\n|-status|p2a: Bellossom|par\n|\n|-heal|p1a: Lickilicky|228/329|[from] item: Leftovers\n|-heal|p2a: Bellossom|98/257 par|[from] item: Leftovers\n|upkeep\n|turn|10\n|\n|t:|1685408196\n|move|p1a: Lickilicky|Body Slam|p2a: Bellossom\n|-damage|p2a: Bellossom|22/257 par\n|move|p2a: Bellossom|Giga Drain|p1a: Lickilicky\n|-damage|p1a: Lickilicky|119/329\n|-heal|p2a: Bellossom|77/257 par|[from] drain|[of] p1a: Lickilicky\n|\n|-heal|p1a: Lickilicky|139/329|[from] item: Leftovers\n|-heal|p2a: Bellossom|93/257 par|[from] item: Leftovers\n|upkeep\n|turn|11\n|\n|t:|1685408213\n|move|p1a: Lickilicky|Wish|p1a: Lickilicky\n|move|p2a: Bellossom|Giga Drain|p1a: Lickilicky\n|-damage|p1a: Lickilicky|46/329\n|-heal|p2a: Bellossom|140/257 par|[from] drain|[of] p1a: Lickilicky\n|\n|-heal|p1a: Lickilicky|66/329|[from] item: Leftovers\n|-heal|p2a: Bellossom|156/257 par|[from] item: Leftovers\n|upkeep\n|turn|12\n|\n|t:|1685408217\n|move|p1a: Lickilicky|Protect|p1a: Lickilicky\n|-singleturn|p1a: Lickilicky|Protect\n|move|p2a: Bellossom|Quiver Dance|p2a: Bellossom\n|-boost|p2a: Bellossom|spa|1\n|-boost|p2a: Bellossom|spd|1\n|-boost|p2a: Bellossom|spe|1\n|\n|-heal|p1a: Lickilicky|230/329|[from] move: Wish|[wisher] Lickilicky\n|-heal|p1a: Lickilicky|250/329|[from] item: Leftovers\n|-heal|p2a: Bellossom|172/257 par|[from] item: Leftovers\n|upkeep\n|turn|13\n|inactive|Ataki has 60 seconds left.\n|inactive|Ataki has 30 seconds left.\n|\n|t:|1685408261\n|move|p1a: Lickilicky|Wish|p1a: Lickilicky\n|move|p2a: Bellossom|Quiver Dance|p2a: Bellossom\n|-boost|p2a: Bellossom|spa|1\n|-boost|p2a: Bellossom|spd|1\n|-boost|p2a: Bellossom|spe|1\n|\n|-heal|p2a: Bellossom|188/257 par|[from] item: Leftovers\n|-heal|p1a: Lickilicky|270/329|[from] item: Leftovers\n|upkeep\n|turn|14\n|\n|t:|1685408287\n|switch|p1a: Corsola|Corsola-Galar, L84, F|238/238\n|-ability|p1a: Corsola|Pressure\n|-start|p1a: Corsola|typechange|Ghost/Ice|[silent]\n|move|p2a: Bellossom|Sleep Powder|p1a: Corsola\n|-status|p1a: Corsola|slp|[from] move: Sleep Powder\n|\n|-heal|p2a: Bellossom|204/257 par|[from] item: Leftovers\n|upkeep\n|-start|p1a: Corsola|typechange|Ghost/Ice|[silent]\n|turn|15\n|inactive|Ataki has 30 seconds left.\n|\n|t:|1685408310\n|move|p2a: Bellossom|Giga Drain|p1a: Corsola\n|-damage|p1a: Corsola|145/238 slp\n|-heal|p2a: Bellossom|251/257 par|[from] drain|[of] p1a: Corsola\n|cant|p1a: Corsola|slp\n|\n|-heal|p2a: Bellossom|257/257 par|[from] item: Leftovers\n|upkeep\n|turn|16\n|\n|t:|1685408314\n|cant|p2a: Bellossom|par\n|cant|p1a: Corsola|slp\n|\n|upkeep\n|turn|17\n|\n|t:|1685408318\n|move|p2a: Bellossom|Giga Drain|p1a: Corsola\n|-damage|p1a: Corsola|48/238 slp\n|-curestatus|p1a: Corsola|slp|[msg]\n|move|p1a: Corsola|Haze|p1a: Corsola\n|-clearallboost\n|\n|upkeep\n|turn|18\n|\n|t:|1685408337\n|-curestatus|p2a: Bellossom|par|[from] ability: Natural Cure\n|switch|p2a: Pikachu|Pikachu-Sinnoh, L92, M|214/214\n|-start|p2a: Pikachu|typechange|Electric/Dark|[silent]\n|move|p1a: Corsola|Strength Sap|p2a: Pikachu\n|-unboost|p2a: Pikachu|atk|1\n|-heal|p1a: Corsola|238/238\n|\n|upkeep\n|-start|p2a: Pikachu|typechange|Electric/Dark|[silent]\n|turn|19\n|\n|t:|1685408344\n|move|p2a: Pikachu|Knock Off|p1a: Corsola\n|-resisted|p1a: Corsola\n|-damage|p1a: Corsola|202/238\n|-enditem|p1a: Corsola|Eviolite|[from] move: Knock Off|[of] p2a: Pikachu\n|move|p1a: Corsola|Will-O-Wisp|p2a: Pikachu\n|-status|p2a: Pikachu|brn\n|\n|-damage|p2a: Pikachu|201/214 brn|[from] brn\n|upkeep\n|turn|20\n|\n|t:|1685408357\n|move|p2a: Pikachu|Volt Switch|p1a: Corsola\n|-damage|p1a: Corsola|88/238\n|\n|t:|1685408367\n|-curestatus|p2a: Pikachu|brn|[from] ability: Natural Cure\n|switch|p2a: Hitmonchan|Hitmonchan, L86, M|204/226|[from] Volt Switch\n|-start|p2a: Hitmonchan|typechange|Fighting/Ice|[silent]\n|move|p1a: Corsola|Strength Sap|p2a: Hitmonchan\n|-unboost|p2a: Hitmonchan|atk|1\n|-heal|p1a: Corsola|238/238\n|\n|upkeep\n|-start|p2a: Hitmonchan|typechange|Fighting/Ice|[silent]\n|turn|21\n|\n|t:|1685408383\n|switch|p1a: Scrafty|Scrafty, L82, M|241/241\n|-ability|p1a: Scrafty|Pressure\n|-start|p1a: Scrafty|typechange|Dragon/Fighting|[silent]\n|-ability|p1a: Scrafty|Intimidate|boost\n|-unboost|p2a: Hitmonchan|atk|1\n|move|p2a: Hitmonchan|Bulk Up|p2a: Hitmonchan\n|-boost|p2a: Hitmonchan|atk|1\n|-boost|p2a: Hitmonchan|def|1\n|\n|upkeep\n|-start|p1a: Scrafty|typechange|Dragon/Fighting|[silent]\n|turn|22\n|\n|t:|1685408390\n|move|p2a: Hitmonchan|Bulk Up|p2a: Hitmonchan\n|-boost|p2a: Hitmonchan|atk|1\n|-boost|p2a: Hitmonchan|def|1\n|move|p1a: Scrafty|Dragon Dance|p1a: Scrafty\n|-boost|p1a: Scrafty|atk|1\n|-boost|p1a: Scrafty|spe|1\n|\n|upkeep\n|turn|23\n|\n|t:|1685408394\n|move|p1a: Scrafty|Dragon Dance|p1a: Scrafty\n|-boost|p1a: Scrafty|atk|1\n|-boost|p1a: Scrafty|spe|1\n|move|p2a: Hitmonchan|Bulk Up|p2a: Hitmonchan\n|-boost|p2a: Hitmonchan|atk|1\n|-boost|p2a: Hitmonchan|def|1\n|\n|upkeep\n|turn|24\n|\n|t:|1685408397\n|move|p1a: Scrafty|Dragon Dance|p1a: Scrafty\n|-boost|p1a: Scrafty|atk|1\n|-boost|p1a: Scrafty|spe|1\n|move|p2a: Hitmonchan|Drain Punch|p1a: Scrafty\n|-damage|p1a: Scrafty|54/241\n|-heal|p2a: Hitmonchan|226/226|[from] drain|[of] p1a: Scrafty\n|-damage|p2a: Hitmonchan|204/226|[from] item: Life Orb\n|\n|upkeep\n|turn|25\n|\n|t:|1685408407\n|-start|p1a: Scrafty|Dynamax|\n|-heal|p1a: Scrafty|108/482|[silent]\n|move|p1a: Scrafty|Max Darkness|p2a: Hitmonchan\n|-supereffective|p2a: Hitmonchan\n|-damage|p2a: Hitmonchan|60/226\n|-unboost|p2a: Hitmonchan|spd|1\n|move|p2a: Hitmonchan|Drain Punch|p1a: Scrafty\n|-damage|p1a: Scrafty|0 fnt\n|-heal|p2a: Hitmonchan|114/226|[from] drain|[of] p1a: Scrafty\n|faint|p1a: Scrafty\n|-damage|p2a: Hitmonchan|92/226|[from] item: Life Orb\n|\n|upkeep\n|-message|What Do I Mean forfeited.\n|\n|win|Ataki\n|n|\u2606What Do I Mean|whatdoimean\n|n|\u2606Ataki|ataki\n|n| Kelli24|kelli24\n", "inputlog": ">version 6fec31d5a0d4498a06105aa188c9906bc0b6bf95\n>start {\"formatid\":\"gen8randombattle@@@[Gen 9] Random Battle Mayhem\",\"seed\":[7363,47279,14421,52267],\"rated\":\"Tournament battle\"}\n>player p1 {\"name\":\"What Do I Mean\",\"avatar\":\"101\",\"rating\":0,\"seed\":[44383,14934,23853,43778]}\n>player p2 {\"name\":\"Ataki\",\"avatar\":\"byron\",\"rating\":0,\"seed\":[9462,15824,26427,35949]}\n>chat \u2606What Do I Mean|the broken one\n>p1 team 1, 2, 3, 4, 5, 6\n>p2 team 2, 1, 3, 4, 5, 6\n>p1 move flashcannon\n>p2 move voltswitch\n>p2 switch 5\n>p1 move stealthrock\n>p2 move uturn\n>p2 switch 5\n>p1 switch 5\n>p1 move moonlight\n>p2 move voltswitch\n>p2 switch 5\n>p1 move calmmind\n>p2 move leafstorm\n>p1 move moonlight\n>p2 move uturn\n>p2 switch 6\n>p1 switch 3\n>p2 move drainpunch\n>p1 move bodyslam\n>p2 switch 4\n>p1 move bodyslam\n>p2 move quiverdance\n>p1 move bodyslam\n>p2 move gigadrain\n>p1 move bodyslam\n>p2 move gigadrain\n>p1 move wish\n>p2 move gigadrain\n>p1 move protect\n>p2 move quiverdance\n>p1 move wish\n>p2 move quiverdance\n>p1 switch 2\n>p2 move sleeppowder\n>p1 move haze\n>p2 move gigadrain\n>p1 move strengthsap\n>p2 move quiverdance\n>p1 move haze\n>p2 move gigadrain\n>p1 move strengthsap\n>p2 switch 5\n>p1 move willowisp\n>p2 move knockoff\n>p1 move strengthsap\n>p2 move voltswitch\n>p2 switch 4\n>p1 switch 4\n>p2 move bulkup\n>p1 move dragondance\n>p2 move bulkup\n>p1 move dragondance\n>p2 move bulkup\n>p1 move dragondance\n>p2 move drainpunch\n>p1 move knockoff dynamax\n>p2 move drainpunch\n>forcelose p1", "uploadtime": 1685408416, "views": 3, "p1id": "whatdoimean", "p2id": "ataki", "formatid": "gen8randombattle", "rating": 0, "private": 0, "password": ""}