{"id": "gen8randombattle-1861736720", "p1": "Kingjerz92", "p2": "Kennygarden91", "format": "[Gen 8] Random Battle", "log": "|j|\u2606Kingjerz92\n|j|\u2606Kennygarden91\n|t:|1683802261\n|gametype|singles\n|player|p1|Kingjerz92|2|\n|player|p2|Kennygarden91|265|\n|teamsize|p1|6\n|teamsize|p2|6\n|gen|8\n|tier|[Gen 8] Random Battle\n|rule|Species Clause: Limit one of each Pok\u00e9mon\n|rule|HP Percentage Mod: HP is shown in percentages\n|rule|Sleep Clause Mod: Limit one foe put to sleep\n|\n|t:|1683802261\n|start\n|switch|p1a: Scyther|Scyther, L81, M|245/245\n|switch|p2a: Rhyperior|Rhyperior, L82, F|323/323\n|turn|1\n|\n|t:|1683802275\n|move|p1a: Scyther|Dual Wingbeat|p2a: Rhyperior\n|-resisted|p2a: Rhyperior\n|-damage|p2a: Rhyperior|297/323\n|-resisted|p2a: Rhyperior\n|-damage|p2a: Rhyperior|273/323\n|-hitcount|p2a: Rhyperior|2\n|move|p2a: Rhyperior|Rock Polish|p2a: Rhyperior\n|-boost|p2a: Rhyperior|spe|2\n|\n|upkeep\n|turn|2\n|\n|t:|1683802288\n|move|p2a: Rhyperior|Stone Edge|p1a: Scyther|[miss]\n|-miss|p2a: Rhyperior|p1a: Scyther\n|move|p1a: Scyther|Swords Dance|p1a: Scyther\n|-boost|p1a: Scyther|atk|2\n|\n|upkeep\n|turn|3\n|\n|t:|1683802298\n|move|p2a: Rhyperior|Stone Edge|p1a: Scyther|[miss]\n|-miss|p2a: Rhyperior|p1a: Scyther\n|move|p1a: Scyther|Knock Off|p2a: Rhyperior\n|-damage|p2a: Rhyperior|167/323\n|-enditem|p2a: Rhyperior|Weakness Policy|[from] move: Knock Off|[of] p1a: Scyther\n|\n|upkeep\n|turn|4\n|\n|t:|1683802307\n|move|p2a: Rhyperior|Stone Edge|p1a: Scyther\n|-supereffective|p1a: Scyther\n|-damage|p1a: Scyther|0 fnt\n|faint|p1a: Scyther\n|\n|upkeep\n|\n|t:|1683802313\n|switch|p1a: Nidoking|Nidoking, L82, M|267/267\n|turn|5\n|\n|t:|1683802326\n|move|p2a: Rhyperior|Earthquake|p1a: Nidoking\n|-supereffective|p1a: Nidoking\n|-damage|p1a: Nidoking|0 fnt\n|faint|p1a: Nidoking\n|\n|upkeep\n|\n|t:|1683802332\n|switch|p1a: Seismitoad|Seismitoad, L84, F|314/314\n|turn|6\n|\n|t:|1683802337\n|move|p2a: Rhyperior|Earthquake|p1a: Seismitoad\n|-damage|p1a: Seismitoad|157/314\n|move|p1a: Seismitoad|Liquidation|p2a: Rhyperior\n|-supereffective|p2a: Rhyperior\n|-damage|p2a: Rhyperior|0 fnt\n|faint|p2a: Rhyperior\n|-damage|p1a: Seismitoad|126/314|[from] item: Life Orb\n|\n|upkeep\n|\n|t:|1683802354\n|switch|p2a: Meowstic|Meowstic-F, L86, F|268/268\n|turn|7\n|\n|t:|1683802362\n|move|p2a: Meowstic|Energy Ball|p1a: Seismitoad\n|-supereffective|p1a: Seismitoad\n|-damage|p1a: Seismitoad|0 fnt\n|faint|p1a: Seismitoad\n|-damage|p2a: Meowstic|242/268|[from] item: Life Orb\n|\n|upkeep\n|\n|t:|1683802373\n|switch|p1a: Linoone|Linoone, L84, F|268/268\n|turn|8\n|\n|t:|1683802381\n|move|p1a: Linoone|Extreme Speed|p2a: Meowstic\n|-damage|p2a: Meowstic|167/268\n|move|p2a: Meowstic|Psychic|p1a: Linoone\n|-damage|p1a: Linoone|107/268\n|-enditem|p1a: Linoone|Figy Berry|[eat]\n|-heal|p1a: Linoone|196/268|[from] item: Figy Berry\n|-damage|p2a: Meowstic|141/268|[from] item: Life Orb\n|\n|upkeep\n|turn|9\n|\n|t:|1683802393\n|move|p2a: Meowstic|Psychic|p1a: Linoone\n|-damage|p1a: Linoone|39/268\n|-damage|p2a: Meowstic|115/268|[from] item: Life Orb\n|move|p1a: Linoone|Belly Drum||[still]\n|-fail|p1a: Linoone\n|\n|upkeep\n|turn|10\n|\n|t:|1683802402\n|move|p2a: Meowstic|Nasty Plot|p2a: Meowstic\n|-boost|p2a: Meowstic|spa|2\n|move|p1a: Linoone|Stomping Tantrum|p2a: Meowstic\n|-damage|p2a: Meowstic|28/268\n|\n|upkeep\n|turn|11\n|\n|t:|1683802410\n|move|p2a: Meowstic|Nasty Plot|p2a: Meowstic\n|-boost|p2a: Meowstic|spa|2\n|move|p1a: Linoone|Throat Chop|p2a: Meowstic\n|-supereffective|p2a: Meowstic\n|-damage|p2a: Meowstic|0 fnt\n|faint|p2a: Meowstic\n|\n|upkeep\n|\n|t:|1683802420\n|switch|p2a: Dracozolt|Dracozolt, L78|268/268\n|turn|12\n|\n|t:|1683802424\n|move|p1a: Linoone|Belly Drum||[still]\n|-fail|p1a: Linoone\n|move|p2a: Dracozolt|Low Kick|p1a: Linoone\n|-supereffective|p1a: Linoone\n|-damage|p1a: Linoone|0 fnt\n|faint|p1a: Linoone\n|\n|upkeep\n|\n|t:|1683802434\n|switch|p1a: Thievul|Thievul, L86, F|261/261\n|turn|13\n|\n|t:|1683802442\n|move|p1a: Thievul|Grass Knot|p2a: Dracozolt\n|-resisted|p2a: Dracozolt\n|-damage|p2a: Dracozolt|226/268\n|move|p2a: Dracozolt|Low Kick|p1a: Thievul|[miss]\n|-miss|p2a: Dracozolt|p1a: Thievul\n|\n|upkeep\n|turn|14\n|\n|t:|1683802452\n|move|p1a: Thievul|Dark Pulse|p2a: Dracozolt\n|-crit|p2a: Dracozolt\n|-damage|p2a: Dracozolt|61/268\n|move|p2a: Dracozolt|Low Kick|p1a: Thievul\n|-supereffective|p1a: Thievul\n|-damage|p1a: Thievul|123/261\n|\n|-heal|p1a: Thievul|139/261|[from] item: Leftovers\n|upkeep\n|turn|15\n|\n|t:|1683802461\n|move|p1a: Thievul|Dark Pulse|p2a: Dracozolt\n|-damage|p2a: Dracozolt|0 fnt\n|faint|p2a: Dracozolt\n|\n|-heal|p1a: Thievul|155/261|[from] item: Leftovers\n|upkeep\n|\n|t:|1683802469\n|switch|p2a: Pheromosa|Pheromosa, L75|230/230\n|turn|16\n|\n|t:|1683802473\n|move|p2a: Pheromosa|U-turn|p1a: Thievul\n|-supereffective|p1a: Thievul\n|-damage|p1a: Thievul|0 fnt\n|faint|p1a: Thievul\n|-ability|p2a: Pheromosa|Beast Boost|boost\n|-boost|p2a: Pheromosa|spe|1\n|\n|t:|1683802478\n|switch|p2a: Magnezone|Magnezone, L84|255/255|[from] U-turn\n|\n|upkeep\n|\n|t:|1683802483\n|switch|p1a: Aggron|Aggron, L85, F|258/258\n|-item|p1a: Aggron|Air Balloon\n|turn|17\n|\n|t:|1683802490\n|move|p2a: Magnezone|Volt Switch|p1a: Aggron\n|-crit|p1a: Aggron\n|-damage|p1a: Aggron|60/258\n|-enditem|p1a: Aggron|Air Balloon\n|\n|t:|1683802495\n|switch|p2a: Pheromosa|Pheromosa, L75|230/230|[from] Volt Switch\n|move|p1a: Aggron|Body Press|p2a: Pheromosa\n|-resisted|p2a: Pheromosa\n|-crit|p2a: Pheromosa\n|-damage|p2a: Pheromosa|90/230\n|\n|upkeep\n|turn|18\n|\n|t:|1683802506\n|move|p2a: Pheromosa|Close Combat|p1a: Aggron\n|-supereffective|p1a: Aggron\n|-damage|p1a: Aggron|0 fnt\n|-unboost|p2a: Pheromosa|def|1\n|-unboost|p2a: Pheromosa|spd|1\n|faint|p1a: Aggron\n|\n|win|Kennygarden91\n", "inputlog": ">version bce759c5f189753f4322d11c9e5aa78bbe1b1bf9\n>start {\"formatid\":\"gen8randombattle\",\"seed\":[53559,23638,60648,35007]}\n>player p1 {\"name\":\"Kingjerz92\",\"avatar\":\"2\",\"rating\":0,\"seed\":[34395,46759,35692,62181]}\n>player p2 {\"name\":\"Kennygarden91\",\"avatar\":\"265\",\"rating\":0,\"seed\":[2931,6691,18267,43247]}\n>p1 move dualwingbeat\n>p2 move rockpolish\n>p1 move swordsdance\n>p2 move stoneedge\n>p1 move knockoff\n>p2 move stoneedge\n>p1 move swordsdance\n>p2 move stoneedge\n>p1 switch 4\n>p1 move icebeam\n>p2 move earthquake\n>p1 switch 6\n>p1 move liquidation\n>p2 move earthquake\n>p2 switch 5\n>p1 move raindance\n>p2 move energyball\n>p1 switch 2\n>p1 move extremespeed\n>p2 move psychic\n>p1 move bellydrum\n>p2 move psychic\n>p1 move stompingtantrum\n>p2 move nastyplot\n>p1 move throatchop\n>p2 move nastyplot\n>p2 switch 2\n>p1 move bellydrum\n>p2 move lowkick\n>p1 switch 5\n>p1 move grassknot\n>p2 move lowkick\n>p1 move darkpulse\n>p2 move lowkick\n>p1 move darkpulse\n>p2 move lowkick\n>p2 switch 4\n>p1 move darkpulse\n>p2 move uturn\n>p2 switch 3\n>p1 switch 3\n>p1 move bodypress\n>p2 move voltswitch\n>p2 switch 3\n>p1 move headsmash\n>p2 move closecombat", "uploadtime": 1683802572, "views": 5, "p1id": "kingjerz92", "p2id": "kennygarden91", "formatid": "gen8randombattle", "rating": 0, "private": 0, "password": ""}