{"id": "gen8randombattle-1872692423", "p1": "trying_toget_tough", "p2": "sanesitoo", "format": "[Gen 8] Random Battle", "log": "|j|\u2606trying_toget_tough\n|j|\u2606sanesitoo\n|t:|1685269209\n|gametype|singles\n|player|p1|trying_toget_tough|265|1368\n|player|p2|sanesitoo|170|1163\n|teamsize|p1|6\n|teamsize|p2|6\n|gen|8\n|tier|[Gen 8] Random Battle\n|rated|\n|rule|Species Clause: Limit one of each Pok\u00e9mon\n|rule|HP Percentage Mod: HP is shown in percentages\n|rule|Sleep Clause Mod: Limit one foe put to sleep\n|\n|t:|1685269209\n|start\n|switch|p1a: Beartic|Beartic, L86, M|304/304\n|switch|p2a: Landorus|Landorus, L76, M|260/260\n|turn|1\n|inactive|Battle timer is ON: inactive players will automatically lose when time's up. (requested by trying_toget_tough)\n|\n|t:|1685269229\n|switch|p2a: Flareon|Flareon, L86, M|251/251\n|move|p1a: Beartic|Icicle Crash|p2a: Flareon\n|-resisted|p2a: Flareon\n|-crit|p2a: Flareon\n|-damage|p2a: Flareon|134/251\n|\n|-status|p2a: Flareon|tox|[from] item: Toxic Orb\n|upkeep\n|turn|2\n|inactive|trying_toget_tough has 120 seconds left.\n|\n|t:|1685269265\n|switch|p1a: Latios|Latios, L78, M|253/253\n|move|p2a: Flareon|Facade|p1a: Latios\n|-damage|p1a: Latios|24/253\n|\n|-damage|p2a: Flareon|119/251 tox|[from] psn\n|upkeep\n|turn|3\n|inactive|trying_toget_tough has 120 seconds left.\n|\n|t:|1685269275\n|move|p2a: Flareon|Quick Attack|p1a: Latios\n|-damage|p1a: Latios|0 fnt\n|faint|p1a: Latios\n|\n|-damage|p2a: Flareon|89/251 tox|[from] psn\n|upkeep\n|inactive|trying_toget_tough has 120 seconds left.\n|\n|t:|1685269291\n|switch|p1a: Genesect|Genesect-Douse, L74|227/227\n|-ability|p1a: Genesect|Download|boost\n|-boost|p1a: Genesect|atk|1\n|turn|4\n|inactive|sanesitoo has 120 seconds left.\n|\n|t:|1685269330\n|switch|p2a: Mr. Mime|Mr. Mime-Galar, L86, M|226/226\n|move|p1a: Genesect|Techno Blast|p2a: Mr. Mime\n|-damage|p2a: Mr. Mime|173/226\n|\n|upkeep\n|turn|5\n|inactive|sanesitoo has 120 seconds left.\n|inactive|trying_toget_tough has 120 seconds left.\n|\n|t:|1685269363\n|move|p2a: Mr. Mime|Freeze-Dry|p1a: Genesect\n|-resisted|p1a: Genesect\n|-damage|p1a: Genesect|188/227\n|move|p1a: Genesect|Iron Head|p2a: Mr. Mime\n|-supereffective|p2a: Mr. Mime\n|-damage|p2a: Mr. Mime|0 fnt\n|faint|p2a: Mr. Mime\n|\n|upkeep\n|inactive|sanesitoo has 120 seconds left.\n|inactive|sanesitoo has 90 seconds left.\n|\n|t:|1685269400\n|switch|p2a: Spiritomb|Spiritomb, L88, M|231/231\n|turn|6\n|inactive|sanesitoo has 90 seconds left.\n|inactive|trying_toget_tough has 90 seconds left.\n|\n|t:|1685269430\n|move|p1a: Genesect|Bug Buzz|p2a: Spiritomb\n|-damage|p2a: Spiritomb|156/231\n|move|p2a: Spiritomb|Foul Play|p1a: Genesect\n|-damage|p1a: Genesect|0 fnt\n|faint|p1a: Genesect\n|\n|upkeep\n|inactive|trying_toget_tough has 90 seconds left.\n|\n|t:|1685269439\n|switch|p1a: Eldegoss|Eldegoss, L90, F|254/254\n|turn|7\n|inactive|sanesitoo has 90 seconds left.\n|\n|t:|1685269452\n|move|p1a: Eldegoss|Sleep Powder|p2a: Spiritomb\n|-status|p2a: Spiritomb|slp|[from] move: Sleep Powder\n|cant|p2a: Spiritomb|slp\n|\n|upkeep\n|turn|8\n|\n|t:|1685269465\n|move|p1a: Eldegoss|Pollen Puff|p2a: Spiritomb\n|-damage|p2a: Spiritomb|101/231 slp\n|cant|p2a: Spiritomb|slp\n|\n|upkeep\n|turn|9\n|\n|t:|1685269476\n|move|p1a: Eldegoss|Pollen Puff|p2a: Spiritomb\n|-damage|p2a: Spiritomb|48/231 slp\n|cant|p2a: Spiritomb|slp\n|\n|upkeep\n|turn|10\n|\n|t:|1685269482\n|move|p1a: Eldegoss|Pollen Puff|p2a: Spiritomb\n|-damage|p2a: Spiritomb|0 fnt\n|faint|p2a: Spiritomb\n|\n|upkeep\n|\n|t:|1685269489\n|switch|p2a: Flareon|Flareon, L86, M|89/251 tox\n|turn|11\n|\n|t:|1685269494\n|switch|p1a: Umbreon|Umbreon, L82, F|290/290\n|move|p2a: Flareon|Flare Blitz|p1a: Umbreon\n|-damage|p1a: Umbreon|67/290\n|-damage|p2a: Flareon|15/251 tox|[from] Recoil\n|\n|-heal|p1a: Umbreon|85/290|[from] item: Leftovers\n|-damage|p2a: Flareon|0 fnt|[from] psn\n|faint|p2a: Flareon\n|upkeep\n|inactive|sanesitoo has 120 seconds left.\n|\n|t:|1685269503\n|switch|p2a: Avalugg|Avalugg, L86, F|303/303\n|turn|12\n|\n|t:|1685269511\n|move|p1a: Umbreon|Wish|p1a: Umbreon\n|move|p2a: Avalugg|Avalanche|p1a: Umbreon\n|-damage|p1a: Umbreon|21/290\n|\n|-heal|p1a: Umbreon|39/290|[from] item: Leftovers\n|upkeep\n|turn|13\n|\n|t:|1685269517\n|move|p1a: Umbreon|Protect|p1a: Umbreon\n|-singleturn|p1a: Umbreon|Protect\n|move|p2a: Avalugg|Avalanche|p1a: Umbreon\n|-activate|p1a: Umbreon|move: Protect\n|\n|-heal|p1a: Umbreon|184/290|[from] move: Wish|[wisher] Umbreon\n|-heal|p1a: Umbreon|202/290|[from] item: Leftovers\n|upkeep\n|turn|14\n|\n|t:|1685269527\n|move|p1a: Umbreon|Toxic|p2a: Avalugg\n|-status|p2a: Avalugg|tox\n|move|p2a: Avalugg|Curse|p2a: Avalugg\n|-unboost|p2a: Avalugg|spe|1\n|-boost|p2a: Avalugg|atk|1\n|-boost|p2a: Avalugg|def|1\n|\n|-heal|p1a: Umbreon|220/290|[from] item: Leftovers\n|-damage|p2a: Avalugg|285/303 tox|[from] psn\n|upkeep\n|turn|15\n|\n|t:|1685269533\n|move|p1a: Umbreon|Wish|p1a: Umbreon\n|move|p2a: Avalugg|Curse|p2a: Avalugg\n|-unboost|p2a: Avalugg|spe|1\n|-boost|p2a: Avalugg|atk|1\n|-boost|p2a: Avalugg|def|1\n|\n|-heal|p1a: Umbreon|238/290|[from] item: Leftovers\n|-heal|p2a: Avalugg|303/303 tox|[from] item: Leftovers\n|-damage|p2a: Avalugg|267/303 tox|[from] psn\n|upkeep\n|turn|16\n|\n|t:|1685269542\n|move|p1a: Umbreon|Foul Play|p2a: Avalugg\n|-damage|p2a: Avalugg|201/303 tox\n|move|p2a: Avalugg|Curse|p2a: Avalugg\n|-unboost|p2a: Avalugg|spe|1\n|-boost|p2a: Avalugg|atk|1\n|-boost|p2a: Avalugg|def|1\n|\n|-heal|p1a: Umbreon|290/290|[from] move: Wish|[wisher] Umbreon\n|-heal|p2a: Avalugg|219/303 tox|[from] item: Leftovers\n|-damage|p2a: Avalugg|165/303 tox|[from] psn\n|upkeep\n|turn|17\n|\n|t:|1685269553\n|move|p1a: Umbreon|Foul Play|p2a: Avalugg\n|-damage|p2a: Avalugg|98/303 tox\n|move|p2a: Avalugg|Recover|p2a: Avalugg\n|-heal|p2a: Avalugg|250/303 tox\n|\n|-heal|p2a: Avalugg|268/303 tox|[from] item: Leftovers\n|-damage|p2a: Avalugg|196/303 tox|[from] psn\n|upkeep\n|turn|18\n|\n|t:|1685269561\n|move|p1a: Umbreon|Foul Play|p2a: Avalugg\n|-damage|p2a: Avalugg|138/303 tox\n|move|p2a: Avalugg|Avalanche|p1a: Umbreon\n|-damage|p1a: Umbreon|0 fnt\n|faint|p1a: Umbreon\n|\n|-heal|p2a: Avalugg|156/303 tox|[from] item: Leftovers\n|-damage|p2a: Avalugg|66/303 tox|[from] psn\n|upkeep\n|\n|t:|1685269576\n|switch|p1a: Regigigas|Regigigas, L82|315/315\n|-start|p1a: Regigigas|ability: Slow Start\n|turn|19\n|\n|t:|1685269581\n|move|p1a: Regigigas|Substitute|p1a: Regigigas\n|-start|p1a: Regigigas|Substitute\n|-damage|p1a: Regigigas|237/315\n|move|p2a: Avalugg|Recover|p2a: Avalugg\n|-heal|p2a: Avalugg|218/303 tox\n|\n|-heal|p1a: Regigigas|256/315|[from] item: Leftovers\n|-heal|p2a: Avalugg|236/303 tox|[from] item: Leftovers\n|-damage|p2a: Avalugg|128/303 tox|[from] psn\n|upkeep\n|turn|20\n|\n|t:|1685269598\n|switch|p2a: Lunatone|Lunatone, L86|295/295\n|move|p1a: Regigigas|Protect||[still]\n|-fail|p1a: Regigigas\n|\n|-heal|p1a: Regigigas|275/315|[from] item: Leftovers\n|upkeep\n|turn|21\n|\n|t:|1685269601\n|move|p2a: Lunatone|Psychic|p1a: Regigigas\n|-end|p1a: Regigigas|Substitute\n|-damage|p2a: Lunatone|266/295|[from] item: Life Orb\n|move|p1a: Regigigas|Toxic|p2a: Lunatone|[miss]\n|-miss|p1a: Regigigas|p2a: Lunatone\n|\n|-heal|p1a: Regigigas|294/315|[from] item: Leftovers\n|upkeep\n|turn|22\n|\n|t:|1685269609\n|move|p1a: Regigigas|Protect|p1a: Regigigas\n|-singleturn|p1a: Regigigas|Protect\n|move|p2a: Lunatone|Psychic|p1a: Regigigas\n|-activate|p1a: Regigigas|move: Protect\n|\n|-heal|p1a: Regigigas|313/315|[from] item: Leftovers\n|upkeep\n|turn|23\n|\n|t:|1685269618\n|move|p2a: Lunatone|Psychic|p1a: Regigigas\n|-damage|p1a: Regigigas|208/315\n|-damage|p2a: Lunatone|237/295|[from] item: Life Orb\n|move|p1a: Regigigas|Toxic|p2a: Lunatone\n|-status|p2a: Lunatone|tox\n|\n|-heal|p1a: Regigigas|227/315|[from] item: Leftovers\n|-damage|p2a: Lunatone|219/295 tox|[from] psn\n|-end|p1a: Regigigas|Slow Start\n|upkeep\n|turn|24\n|\n|t:|1685269632\n|move|p1a: Regigigas|Protect|p1a: Regigigas\n|-singleturn|p1a: Regigigas|Protect\n|move|p2a: Lunatone|Moonblast|p1a: Regigigas\n|-activate|p1a: Regigigas|move: Protect\n|\n|-heal|p1a: Regigigas|246/315|[from] item: Leftovers\n|-damage|p2a: Lunatone|183/295 tox|[from] psn\n|upkeep\n|turn|25\n|\n|t:|1685269640\n|move|p1a: Regigigas|Substitute|p1a: Regigigas\n|-start|p1a: Regigigas|Substitute\n|-damage|p1a: Regigigas|168/315\n|move|p2a: Lunatone|Psychic|p1a: Regigigas\n|-end|p1a: Regigigas|Substitute\n|-damage|p2a: Lunatone|154/295 tox|[from] item: Life Orb\n|\n|-heal|p1a: Regigigas|187/315|[from] item: Leftovers\n|-damage|p2a: Lunatone|100/295 tox|[from] psn\n|upkeep\n|turn|26\n|\n|t:|1685269648\n|move|p1a: Regigigas|Protect|p1a: Regigigas\n|-singleturn|p1a: Regigigas|Protect\n|move|p2a: Lunatone|Psychic|p1a: Regigigas\n|-activate|p1a: Regigigas|move: Protect\n|\n|-heal|p1a: Regigigas|206/315|[from] item: Leftovers\n|-damage|p2a: Lunatone|28/295 tox|[from] psn\n|upkeep\n|turn|27\n|\n|t:|1685269656\n|move|p1a: Regigigas|Body Slam|p2a: Lunatone\n|-resisted|p2a: Lunatone\n|-damage|p2a: Lunatone|0 fnt\n|faint|p2a: Lunatone\n|\n|-heal|p1a: Regigigas|225/315|[from] item: Leftovers\n|upkeep\n|c|\u2606sanesitoo|lame ass player\n|\n|t:|1685269673\n|switch|p2a: Landorus|Landorus, L76, M|260/260\n|turn|28\n|c|\u2606trying_toget_tough|you are the one losing\n|\n|t:|1685269682\n|move|p1a: Regigigas|Toxic|p2a: Landorus\n|-status|p2a: Landorus|tox\n|move|p2a: Landorus|Earth Power|p1a: Regigigas\n|-damage|p1a: Regigigas|99/315\n|\n|-heal|p1a: Regigigas|118/315|[from] item: Leftovers\n|-damage|p2a: Landorus|244/260 tox|[from] psn\n|upkeep\n|turn|29\n|c|\u2606sanesitoo|bro u using only toxic lmao\n|\n|t:|1685269694\n|-start|p2a: Landorus|Dynamax|\n|-heal|p2a: Landorus|488/520 tox|[silent]\n|move|p1a: Regigigas|Protect|p1a: Regigigas\n|-singleturn|p1a: Regigigas|Protect\n|move|p2a: Landorus|Max Quake|p1a: Regigigas\n|-zbroken|p1a: Regigigas\n|-damage|p1a: Regigigas|83/315\n|-boost|p2a: Landorus|spd|1\n|-damage|p2a: Landorus|462/520 tox|[from] item: Life Orb\n|\n|-heal|p1a: Regigigas|102/315|[from] item: Leftovers\n|-damage|p2a: Landorus|430/520 tox|[from] psn\n|upkeep\n|turn|30\n|c|\u2606trying_toget_tough|you better skill is crying\n|inactive|trying_toget_tough has 120 seconds left.\n|c|\u2606sanesitoo|your*\n|c|\u2606sanesitoo|cmon\n|c|\u2606sanesitoo|i dont have all day\n|c|\u2606trying_toget_tough|see you can do grammar too\n|inactive|trying_toget_tough has 90 seconds left.\n|c|\u2606sanesitoo|shut up and play\n|c|\u2606trying_toget_tough|XP\n|c|\u2606sanesitoo|?\n|inactive|trying_toget_tough has 60 seconds left.\n|\n|t:|1685269785\n|-start|p1a: Regigigas|Dynamax|\n|-heal|p1a: Regigigas|204/630|[silent]\n|move|p1a: Regigigas|Max Guard||[still]\n|-fail|p1a: Regigigas\n|move|p2a: Landorus|Max Quake|p1a: Regigigas\n|-damage|p1a: Regigigas|60/630\n|-boost|p2a: Landorus|spd|1\n|-damage|p2a: Landorus|404/520 tox|[from] item: Life Orb\n|\n|-heal|p1a: Regigigas|79/630|[from] item: Leftovers\n|-damage|p2a: Landorus|356/520 tox|[from] psn\n|upkeep\n|turn|31\n|inactive|trying_toget_tough has 60 seconds left.\n|\n|t:|1685269801\n|move|p1a: Regigigas|Max Strike|p2a: Landorus\n|-damage|p2a: Landorus|142/520 tox\n|-unboost|p2a: Landorus|spe|1\n|move|p2a: Landorus|Max Quake|p1a: Regigigas\n|-damage|p1a: Regigigas|0 fnt\n|-boost|p2a: Landorus|spd|1\n|faint|p1a: Regigigas\n|-end|p1a: Regigigas|Slow Start|[silent]\n|-damage|p2a: Landorus|116/520 tox|[from] item: Life Orb\n|\n|-damage|p2a: Landorus|52/520 tox|[from] psn\n|upkeep\n|c|\u2606trying_toget_tough|that was on me\n|\n|t:|1685269818\n|switch|p1a: Beartic|Beartic, L86, M|304/304\n|-end|p2a: Landorus|Dynamax\n|-heal|p2a: Landorus|26/260 tox|[silent]\n|turn|32\n|\n|t:|1685269832\n|move|p1a: Beartic|Aqua Jet|p2a: Landorus\n|-supereffective|p2a: Landorus\n|-damage|p2a: Landorus|0 fnt\n|faint|p2a: Landorus\n|\n|upkeep\n|\n|t:|1685269834\n|switch|p2a: Avalugg|Avalugg, L86, F|128/303 tox\n|turn|33\n|inactive|trying_toget_tough has 60 seconds left.\n|\n|t:|1685269852\n|move|p1a: Beartic|Stone Edge|p2a: Avalugg\n|-supereffective|p2a: Avalugg\n|-damage|p2a: Avalugg|28/303 tox\n|move|p2a: Avalugg|Recover|p2a: Avalugg\n|-heal|p2a: Avalugg|180/303 tox\n|\n|-heal|p2a: Avalugg|198/303 tox|[from] item: Leftovers\n|-damage|p2a: Avalugg|180/303 tox|[from] psn\n|upkeep\n|turn|34\n|inactive|trying_toget_tough has 60 seconds left.\n|\n|t:|1685269860\n|move|p1a: Beartic|Swords Dance|p1a: Beartic\n|-boost|p1a: Beartic|atk|2\n|move|p2a: Avalugg|Body Press|p1a: Beartic\n|-supereffective|p1a: Beartic\n|-crit|p1a: Beartic\n|-damage|p1a: Beartic|0 fnt\n|faint|p1a: Beartic\n|\n|-heal|p2a: Avalugg|198/303 tox|[from] item: Leftovers\n|-damage|p2a: Avalugg|162/303 tox|[from] psn\n|upkeep\n|c|\u2606sanesitoo|gg\n|inactive|trying_toget_tough has 60 seconds left.\n|c|\u2606trying_toget_tough|nah\n|c|\u2606trying_toget_tough|u got lucky lame ass player\n|c|\u2606trying_toget_tough|xP\n|c|\u2606sanesitoo|i thought i was gonna lose on that one hahaha\n|c|\u2606trying_toget_tough|gg\n|c|\u2606sanesitoo|sure\n|c|\u2606trying_toget_tough|see ya\n|\n|t:|1685269895\n|switch|p1a: Eldegoss|Eldegoss, L90, F|254/254\n|turn|35\n|c|\u2606sanesitoo|good game tho\n|\n|t:|1685269907\n|move|p1a: Eldegoss|Energy Ball|p2a: Avalugg\n|-crit|p2a: Avalugg\n|-damage|p2a: Avalugg|0 fnt\n|faint|p2a: Avalugg\n|\n|win|trying_toget_tough\n|raw|trying_toget_tough's rating: 1368 &rarr; <strong>1377</strong><br />(+9 for winning)\n|raw|sanesitoo's rating: 1163 &rarr; <strong>1151</strong><br />(-12 for losing)\n|c|\u2606trying_toget_tough|gg\n|c|\u2606sanesitoo|gg\n", "inputlog": ">version d74822bbc74c095aa312053f7034baee3068d99e\n>start {\"formatid\":\"gen8randombattle\",\"seed\":[58994,56871,61821,64708],\"rated\":\"Rated battle\"}\n>player p1 {\"name\":\"trying_toget_tough\",\"avatar\":\"265\",\"rating\":1368,\"seed\":[34436,47360,31810,48009]}\n>player p2 {\"name\":\"sanesitoo\",\"avatar\":\"170\",\"rating\":1163,\"seed\":[3992,34171,46513,32450]}\n>p1 move iciclecrash\n>p2 switch 6\n>p1 switch 6\n>p2 move facade\n>p1 move dracometeor\n>p2 move quickattack\n>p1 switch 2\n>p1 move technoblast\n>p2 switch 5\n>p1 move ironhead\n>p2 move freezedry\n>p2 switch 4\n>p1 move bugbuzz\n>p2 move foulplay\n>p1 switch 3\n>p1 move sleeppowder\n>p2 move foulplay\n>p1 move pollenpuff\n>p2 move foulplay\n>p1 move pollenpuff\n>p2 move foulplay\n>p1 move pollenpuff\n>p2 move foulplay\n>p2 switch 5\n>p1 switch 4\n>p2 move flareblitz\n>p2 switch 3\n>p1 move wish\n>p2 move avalanche\n>p1 move protect\n>p2 move avalanche\n>p1 move toxic\n>p2 move curse\n>p1 move wish\n>p2 move curse\n>p1 move foulplay\n>p2 move curse\n>p1 move foulplay\n>p2 move recover\n>p1 move foulplay\n>p2 move avalanche\n>p1 switch 5\n>p1 move substitute\n>p2 move recover\n>p1 move protect\n>p2 switch 2\n>p1 move toxic\n>p2 move psychic\n>p1 move protect\n>p2 move psychic\n>p1 move toxic\n>p2 move psychic\n>p1 move protect\n>p2 move moonblast\n>p1 move substitute\n>p2 move psychic\n>p1 move protect\n>p2 move psychic\n>p1 move bodyslam\n>p2 move psychic\n>chat \u2606sanesitoo|lame ass player \n>p2 switch 6\n>chat \u2606trying_toget_tough|you are the one losing\n>p1 move toxic\n>p2 move earthpower\n>chat \u2606sanesitoo|bro u using only toxic lmao\n>p1 move protect\n>p2 move earthpower dynamax\n>chat \u2606trying_toget_tough|you better skill is crying\n>chat \u2606sanesitoo|your*\n>chat \u2606sanesitoo|cmon\n>chat \u2606sanesitoo|i dont have all day\n>chat \u2606trying_toget_tough|see you can do grammar too\n>chat \u2606sanesitoo|shut up and play\n>chat \u2606trying_toget_tough|XP\n>chat \u2606sanesitoo|?\n>p1 move protect dynamax\n>p2 move earthpower dynamax\n>p1 move bodyslam dynamax\n>p2 move earthpower dynamax\n>chat \u2606trying_toget_tough|that was on me\n>p1 switch 6\n>p1 move aquajet\n>p2 move earthpower\n>p2 switch 2\n>p1 move stoneedge\n>p2 move recover\n>p1 move swordsdance\n>p2 move bodypress\n>chat \u2606sanesitoo|gg\n>chat \u2606trying_toget_tough|nah\n>chat \u2606trying_toget_tough|u got lucky lame ass player\n>chat \u2606trying_toget_tough|xP\n>chat \u2606sanesitoo|i thought i was gonna lose on that one hahaha\n>chat \u2606trying_toget_tough|gg\n>chat \u2606sanesitoo|sure\n>chat \u2606trying_toget_tough|see ya\n>p1 switch 4\n>chat \u2606sanesitoo|good game tho\n>p1 move energyball\n>p2 move avalanche", "uploadtime": 1685269913, "views": 5, "p1id": "tryingtogettough", "p2id": "sanesitoo", "formatid": "gen8randombattle", "rating": 1151, "private": 0, "password": ""}