{"id": "gen8randombattle-1865817196", "p1": "vUchihax", "p2": "juanjo17", "format": "[Gen 8] Random Battle", "log": "|j|\u2606vUchihax\n|j|\u2606juanjo17\n|t:|1684340704\n|gametype|singles\n|player|p1|vUchihax|swimmerf|1150\n|player|p2|juanjo17|265|1105\n|teamsize|p1|6\n|teamsize|p2|6\n|gen|8\n|tier|[Gen 8] Random Battle\n|rated|\n|rule|Species Clause: Limit one of each Pok\u00e9mon\n|rule|HP Percentage Mod: HP is shown in percentages\n|rule|Sleep Clause Mod: Limit one foe put to sleep\n|\n|t:|1684340704\n|start\n|switch|p1a: Dialga|Dialga, L74|270/270\n|switch|p2a: Farfetch\u2019d|Farfetch\u2019d, L90, F|239/239\n|-ability|p1a: Dialga|Pressure\n|turn|1\n|inactive|Battle timer is ON: inactive players will automatically lose when time's up. (requested by vUchihax)\n|\n|t:|1684340716\n|move|p1a: Dialga|Toxic|p2a: Farfetch\u2019d|[miss]\n|-miss|p1a: Dialga|p2a: Farfetch\u2019d\n|move|p2a: Farfetch\u2019d|Knock Off|p1a: Dialga\n|-crit|p1a: Dialga\n|-damage|p1a: Dialga|175/270\n|-enditem|p1a: Dialga|Leftovers|[from] move: Knock Off|[of] p2a: Farfetch\u2019d\n|\n|upkeep\n|turn|2\n|\n|t:|1684340724\n|move|p1a: Dialga|Toxic|p2a: Farfetch\u2019d\n|-status|p2a: Farfetch\u2019d|tox\n|move|p2a: Farfetch\u2019d|Swords Dance|p2a: Farfetch\u2019d\n|-boost|p2a: Farfetch\u2019d|atk|2\n|\n|-damage|p2a: Farfetch\u2019d|225/239 tox|[from] psn\n|upkeep\n|turn|3\n|\n|t:|1684340743\n|switch|p1a: Maractus|Maractus, L95, M|296/296\n|move|p2a: Farfetch\u2019d|Close Combat|p1a: Maractus\n|-damage|p1a: Maractus|96/296\n|-unboost|p2a: Farfetch\u2019d|def|1\n|-unboost|p2a: Farfetch\u2019d|spd|1\n|\n|-heal|p1a: Maractus|114/296|[from] item: Leftovers\n|-damage|p2a: Farfetch\u2019d|197/239 tox|[from] psn\n|upkeep\n|turn|4\n|\n|t:|1684340756\n|move|p1a: Maractus|Spiky Shield|p1a: Maractus\n|-singleturn|p1a: Maractus|move: Protect\n|move|p2a: Farfetch\u2019d|Knock Off|p1a: Maractus\n|-activate|p1a: Maractus|move: Protect\n|-damage|p2a: Farfetch\u2019d|168/239 tox|[from] Spiky Shield|[of] p1a: Maractus\n|\n|-heal|p1a: Maractus|132/296|[from] item: Leftovers\n|-damage|p2a: Farfetch\u2019d|126/239 tox|[from] psn\n|upkeep\n|turn|5\n|\n|t:|1684340769\n|move|p1a: Maractus|Leech Seed|p2a: Farfetch\u2019d\n|-start|p2a: Farfetch\u2019d|move: Leech Seed\n|move|p2a: Farfetch\u2019d|Knock Off|p1a: Maractus\n|-crit|p1a: Maractus\n|-damage|p1a: Maractus|0 fnt\n|-enditem|p1a: Maractus|Leftovers|[from] move: Knock Off|[of] p2a: Farfetch\u2019d\n|faint|p1a: Maractus\n|\n|-damage|p2a: Farfetch\u2019d|70/239 tox|[from] psn\n|upkeep\n|\n|t:|1684340777\n|switch|p1a: Dialga|Dialga, L74|175/270\n|-ability|p1a: Dialga|Pressure\n|turn|6\n|\n|t:|1684340783\n|move|p1a: Dialga|Thunderbolt|p2a: Farfetch\u2019d\n|-supereffective|p2a: Farfetch\u2019d\n|-damage|p2a: Farfetch\u2019d|0 fnt\n|faint|p2a: Farfetch\u2019d\n|\n|upkeep\n|\n|t:|1684340792\n|switch|p2a: Hippowdon|Hippowdon, L80, M|304/304\n|-weather|Sandstorm|[from] ability: Sand Stream|[of] p2a: Hippowdon\n|turn|7\n|\n|t:|1684340802\n|move|p1a: Dialga|Toxic|p2a: Hippowdon|[miss]\n|-miss|p1a: Dialga|p2a: Hippowdon\n|move|p2a: Hippowdon|Stealth Rock|p1a: Dialga\n|-sidestart|p1: vUchihax|move: Stealth Rock\n|\n|-weather|Sandstorm|[upkeep]\n|upkeep\n|turn|8\n|c|\u2606vUchihax|no\n|c|\u2606vUchihax|bo\n|c|\u2606vUchihax|no\n|c|\u2606vUchihax|caralho\n|c|\u2606vUchihax|foda se\n|c|\u2606vUchihax|filho da puta\n|c|\u2606vUchihax|faling twice\n|c|\u2606vUchihax|gg game is over\n|c|\u2606vUchihax|what ever\n|\n|t:|1684340824\n|switch|p2a: Magearna|Magearna-Original, L76|247/247\n|move|p1a: Dialga|Toxic|p2a: Magearna|[miss]\n|-miss|p1a: Dialga|p2a: Magearna\n|\n|-weather|Sandstorm|[upkeep]\n|upkeep\n|turn|9\n|inactive|vUchihax has 120 seconds left.\n|\n|t:|1684340855\n|switch|p1a: Vanilluxe|Vanilluxe, L82, M|251/251\n|-damage|p1a: Vanilluxe|189/251|[from] Stealth Rock\n|-weather|Hail|[from] ability: Snow Warning|[of] p1a: Vanilluxe\n|move|p2a: Magearna|Calm Mind|p2a: Magearna\n|-boost|p2a: Magearna|spa|1\n|-boost|p2a: Magearna|spd|1\n|\n|-weather|Hail|[upkeep]\n|-damage|p2a: Magearna|232/247|[from] Hail\n|-heal|p2a: Magearna|247/247|[from] item: Leftovers\n|upkeep\n|turn|10\n|\n|t:|1684340883\n|move|p1a: Vanilluxe|Aurora Veil|p1a: Vanilluxe\n|-sidestart|p1: vUchihax|move: Aurora Veil\n|move|p2a: Magearna|Flash Cannon|p1a: Vanilluxe\n|-supereffective|p1a: Vanilluxe\n|-damage|p1a: Vanilluxe|66/251\n|\n|-weather|Hail|[upkeep]\n|-damage|p2a: Magearna|232/247|[from] Hail\n|-heal|p2a: Magearna|247/247|[from] item: Leftovers\n|upkeep\n|turn|11\n|\n|t:|1684340895\n|move|p1a: Vanilluxe|Explosion|p2a: Magearna\n|-resisted|p2a: Magearna\n|-damage|p2a: Magearna|175/247\n|faint|p1a: Vanilluxe\n|-ability|p2a: Magearna|Soul-Heart|boost\n|-boost|p2a: Magearna|spa|1\n|move|p2a: Magearna|Agility|p2a: Magearna\n|-boost|p2a: Magearna|spe|2\n|\n|-weather|Hail|[upkeep]\n|-damage|p2a: Magearna|160/247|[from] Hail\n|-heal|p2a: Magearna|175/247|[from] item: Leftovers\n|upkeep\n|inactive|vUchihax has 90 seconds left.\n|\n|t:|1684340936\n|switch|p1a: Bewear|Bewear, L82, M|331/331\n|-damage|p1a: Bewear|311/331|[from] Stealth Rock\n|turn|12\n|-message|vUchihax forfeited.\n|\n|win|juanjo17\n|raw|vUchihax's rating: 1173 &rarr; <strong>1143</strong><br />(-30 for losing)\n|raw|juanjo17's rating: 1105 &rarr; <strong>1135</strong><br />(+30 for winning)\n|l|\u2606vUchihax\n", "inputlog": ">version 3f967b429d9dd76d8eb692efdd7dfe9038092d20\n>start {\"formatid\":\"gen8randombattle\",\"seed\":[3847,6928,14602,7007],\"rated\":\"Rated battle\"}\n>player p1 {\"name\":\"vUchihax\",\"avatar\":\"swimmerf\",\"rating\":1150,\"seed\":[27289,35834,50114,48263]}\n>player p2 {\"name\":\"juanjo17\",\"avatar\":\"265\",\"rating\":1105,\"seed\":[43358,10982,3681,8284]}\n>p1 move toxic\n>p2 move knockoff\n>p1 move toxic\n>p2 move swordsdance\n>p1 switch 5\n>p2 move closecombat\n>p1 move spikyshield\n>p2 move knockoff\n>p1 move leechseed\n>p2 move knockoff\n>p1 switch 5\n>p1 move thunderbolt\n>p2 move closecombat\n>p2 switch 2\n>p1 move toxic\n>p2 move stealthrock\n>chat \u2606vUchihax|no\n>chat \u2606vUchihax|bo\n>chat \u2606vUchihax|no\n>chat \u2606vUchihax|caralho\n>chat \u2606vUchihax|foda se\n>chat \u2606vUchihax|filho da puta\n>chat \u2606vUchihax|faling twice\n>chat \u2606vUchihax|gg game is over\n>chat \u2606vUchihax|what ever\n>p1 move toxic\n>p2 switch 3\n>p1 switch 3\n>p2 move calmmind\n>p1 move auroraveil\n>p2 move flashcannon\n>p1 move explosion\n>p2 move agility\n>p1 switch 2\n>forcelose p1", "uploadtime": 1684340816, "views": 5, "p1id": "vuchihax", "p2id": "juanjo17", "formatid": "gen8randombattle", "rating": 1135, "private": 0, "password": ""}