{"id": "gen8randombattle-1872797200", "p1": "Dragon246", "p2": "MichaelderBeste2", "format": "[Gen 8] Random Battle", "log": "|j|\u2606Dragon246\n|j|\u2606MichaelderBeste2\n|t:|1685286013\n|gametype|singles\n|player|p1|Dragon246|gladion-stance|\n|player|p2|MichaelderBeste2|#uuplxiidols|\n|teamsize|p1|6\n|teamsize|p2|6\n|gen|8\n|tier|[Gen 8] Random Battle\n|rule|Species Clause: Limit one of each Pok\u00e9mon\n|rule|HP Percentage Mod: HP is shown in percentages\n|rule|Sleep Clause Mod: Limit one foe put to sleep\n|\n|t:|1685286013\n|start\n|switch|p1a: Lickilicky|Lickilicky, L86, M|329/329\n|switch|p2a: Milotic|Milotic, L82, M|290/290\n|turn|1\n|inactive|Battle timer is ON: inactive players will automatically lose when time's up. (requested by MichaelderBeste2)\n|c|\u2606MichaelderBeste2|hf\n|c|\u2606Dragon246|u2\n|\n|t:|1685286055\n|switch|p2a: Audino|Audino, L91, M|335/335\n|move|p1a: Lickilicky|Knock Off|p2a: Audino\n|-damage|p2a: Audino|273/335\n|-enditem|p2a: Audino|Leftovers|[from] move: Knock Off|[of] p1a: Lickilicky\n|\n|upkeep\n|turn|2\n|inactive|MichaelderBeste2 has 270 seconds left.\n|inactive|MichaelderBeste2 has 240 seconds left.\n|\n|t:|1685286118\n|move|p2a: Audino|Toxic|p1a: Lickilicky\n|-status|p1a: Lickilicky|tox\n|move|p1a: Lickilicky|Body Slam|p2a: Audino\n|-damage|p2a: Audino|189/335\n|\n|-damage|p1a: Lickilicky|309/329 tox|[from] psn\n|upkeep\n|turn|3\n|\n|t:|1685286125\n|move|p2a: Audino|Knock Off|p1a: Lickilicky\n|-damage|p1a: Lickilicky|255/329 tox\n|-enditem|p1a: Lickilicky|Leftovers|[from] move: Knock Off|[of] p2a: Audino\n|move|p1a: Lickilicky|Body Slam|p2a: Audino\n|-damage|p2a: Audino|104/335\n|\n|-damage|p1a: Lickilicky|215/329 tox|[from] psn\n|upkeep\n|turn|4\n|\n|t:|1685286133\n|switch|p2a: Golisopod|Golisopod, L84, M|263/263\n|move|p1a: Lickilicky|Body Slam|p2a: Golisopod\n|-damage|p2a: Golisopod|203/263\n|\n|-damage|p1a: Lickilicky|155/329 tox|[from] psn\n|upkeep\n|turn|5\n|\n|t:|1685286137\n|switch|p1a: Carbink|Carbink, L86|226/226\n|move|p2a: Golisopod|Spikes|p1a: Carbink\n|-sidestart|p1: Dragon246|Spikes\n|\n|upkeep\n|turn|6\n|\n|t:|1685286146\n|move|p1a: Carbink|Reflect|p1a: Carbink\n|-sidestart|p1: Dragon246|Reflect\n|move|p2a: Golisopod|Liquidation|p1a: Carbink\n|-supereffective|p1a: Carbink\n|-damage|p1a: Carbink|153/226\n|\n|upkeep\n|turn|7\n|\n|t:|1685286151\n|switch|p2a: Audino|Audino, L91, M|215/335\n|move|p1a: Carbink|Light Screen|p1a: Carbink\n|-sidestart|p1: Dragon246|move: Light Screen\n|\n|upkeep\n|turn|8\n|\n|t:|1685286154\n|move|p2a: Audino|Toxic|p1a: Carbink\n|-status|p1a: Carbink|tox\n|move|p1a: Carbink|Stealth Rock|p2a: Audino\n|-sidestart|p2: MichaelderBeste2|move: Stealth Rock\n|\n|-damage|p1a: Carbink|139/226 tox|[from] psn\n|upkeep\n|turn|9\n|\n|t:|1685286163\n|move|p2a: Audino|Toxic|p1a: Carbink\n|-fail|p1a: Carbink|tox\n|move|p1a: Carbink|Moonblast|p2a: Audino\n|-damage|p2a: Audino|155/335\n|-unboost|p2a: Audino|spa|1\n|\n|-damage|p1a: Carbink|111/226 tox|[from] psn\n|upkeep\n|turn|10\n|\n|t:|1685286168\n|move|p2a: Audino|Wish|p2a: Audino\n|move|p1a: Carbink|Moonblast|p2a: Audino\n|-damage|p2a: Audino|86/335\n|\n|-damage|p1a: Carbink|69/226 tox|[from] psn\n|upkeep\n|turn|11\n|\n|t:|1685286173\n|move|p2a: Audino|Protect|p2a: Audino\n|-singleturn|p2a: Audino|Protect\n|move|p1a: Carbink|Moonblast|p2a: Audino\n|-activate|p2a: Audino|move: Protect\n|\n|-heal|p2a: Audino|253/335|[from] move: Wish|[wisher] Audino\n|-damage|p1a: Carbink|13/226 tox|[from] psn\n|upkeep\n|turn|12\n|\n|t:|1685286176\n|move|p2a: Audino|Wish|p2a: Audino\n|move|p1a: Carbink|Moonblast|p2a: Audino\n|-damage|p2a: Audino|195/335\n|\n|-damage|p1a: Carbink|0 fnt|[from] psn\n|faint|p1a: Carbink\n|upkeep\n|\n|t:|1685286180\n|switch|p1a: Azumarill|Azumarill, L84, F|305/305\n|-damage|p1a: Azumarill|267/305|[from] Spikes\n|turn|13\n|\n|t:|1685286184\n|move|p2a: Audino|Toxic|p1a: Azumarill|[miss]\n|-miss|p2a: Audino|p1a: Azumarill\n|move|p1a: Azumarill|Play Rough|p2a: Audino\n|-damage|p2a: Audino|36/335\n|\n|-heal|p2a: Audino|203/335|[from] move: Wish|[wisher] Audino\n|-sideend|p1: Dragon246|Reflect\n|upkeep\n|turn|14\n|\n|t:|1685286201\n|switch|p2a: Dugtrio|Dugtrio-Alola, L82, F|192/192\n|-damage|p2a: Dugtrio|186/192|[from] Stealth Rock\n|switch|p1a: Lickilicky|Lickilicky, L86, M|155/329 tox\n|-damage|p1a: Lickilicky|114/329 tox|[from] Spikes\n|\n|-damage|p1a: Lickilicky|94/329 tox|[from] psn\n|-sideend|p1: Dragon246|move: Light Screen\n|upkeep\n|turn|15\n|\n|t:|1685286206\n|move|p2a: Dugtrio|Earthquake|p1a: Lickilicky\n|-damage|p1a: Lickilicky|0 fnt\n|faint|p1a: Lickilicky\n|\n|upkeep\n|\n|t:|1685286211\n|switch|p1a: Azumarill|Azumarill, L84, F|267/305\n|-damage|p1a: Azumarill|229/305|[from] Spikes\n|turn|16\n|\n|t:|1685286217\n|move|p2a: Dugtrio|Earthquake|p1a: Azumarill\n|-damage|p1a: Azumarill|64/305\n|move|p1a: Azumarill|Liquidation|p2a: Dugtrio\n|-supereffective|p2a: Dugtrio\n|-damage|p2a: Dugtrio|0 fnt\n|-ability|p2a: Dugtrio|Tangling Hair\n|-unboost|p1a: Azumarill|spe|1\n|faint|p2a: Dugtrio\n|\n|upkeep\n|\n|t:|1685286225\n|switch|p2a: Dhelmise|Dhelmise, L86|261/261\n|-damage|p2a: Dhelmise|229/261|[from] Stealth Rock\n|turn|17\n|\n|t:|1685286229\n|switch|p1a: Incineroar|Incineroar, L80, F|283/283\n|-damage|p1a: Incineroar|248/283|[from] Spikes\n|-ability|p1a: Incineroar|Intimidate|boost\n|-unboost|p2a: Dhelmise|atk|1\n|move|p2a: Dhelmise|Anchor Shot|p1a: Incineroar\n|-resisted|p1a: Incineroar\n|-damage|p1a: Incineroar|209/283\n|-activate|p1a: Incineroar|trapped\n|\n|upkeep\n|turn|18\n|\n|t:|1685286234\n|switch|p2a: Milotic|Milotic, L82, M|290/290\n|-damage|p2a: Milotic|254/290|[from] Stealth Rock\n|move|p1a: Incineroar|Knock Off|p2a: Milotic\n|-damage|p2a: Milotic|59/290\n|-enditem|p2a: Milotic|Leftovers|[from] move: Knock Off|[of] p1a: Incineroar\n|\n|upkeep\n|turn|19\n|\n|t:|1685286238\n|move|p2a: Milotic|Recover|p2a: Milotic\n|-heal|p2a: Milotic|204/290\n|move|p1a: Incineroar|Knock Off|p2a: Milotic\n|-damage|p2a: Milotic|75/290\n|\n|upkeep\n|turn|20\n|\n|t:|1685286241\n|move|p2a: Milotic|Recover|p2a: Milotic\n|-heal|p2a: Milotic|220/290\n|move|p1a: Incineroar|Knock Off|p2a: Milotic\n|-damage|p2a: Milotic|90/290\n|\n|upkeep\n|turn|21\n|\n|t:|1685286250\n|move|p2a: Milotic|Recover|p2a: Milotic\n|-heal|p2a: Milotic|235/290\n|move|p1a: Incineroar|Knock Off|p2a: Milotic\n|-damage|p2a: Milotic|115/290\n|\n|upkeep\n|turn|22\n|\n|t:|1685286255\n|move|p2a: Milotic|Recover|p2a: Milotic\n|-heal|p2a: Milotic|260/290\n|move|p1a: Incineroar|Knock Off|p2a: Milotic\n|-damage|p2a: Milotic|148/290\n|\n|upkeep\n|turn|23\n|\n|t:|1685286258\n|move|p2a: Milotic|Scald|p1a: Incineroar\n|-supereffective|p1a: Incineroar\n|-damage|p1a: Incineroar|51/283\n|move|p1a: Incineroar|Knock Off|p2a: Milotic\n|-damage|p2a: Milotic|36/290\n|\n|upkeep\n|turn|24\n|\n|t:|1685286261\n|move|p2a: Milotic|Recover|p2a: Milotic\n|-heal|p2a: Milotic|181/290\n|move|p1a: Incineroar|Knock Off|p2a: Milotic\n|-damage|p2a: Milotic|54/290\n|\n|upkeep\n|turn|25\n|\n|t:|1685286264\n|move|p2a: Milotic|Recover|p2a: Milotic\n|-heal|p2a: Milotic|199/290\n|move|p1a: Incineroar|Knock Off|p2a: Milotic\n|-damage|p2a: Milotic|81/290\n|\n|upkeep\n|turn|26\n|\n|t:|1685286266\n|move|p2a: Milotic|Recover|p2a: Milotic\n|-heal|p2a: Milotic|226/290\n|move|p1a: Incineroar|Knock Off|p2a: Milotic\n|-damage|p2a: Milotic|105/290\n|\n|upkeep\n|turn|27\n|\n|t:|1685286269\n|move|p2a: Milotic|Recover|p2a: Milotic\n|-heal|p2a: Milotic|250/290\n|move|p1a: Incineroar|Knock Off|p2a: Milotic\n|-damage|p2a: Milotic|120/290\n|\n|upkeep\n|turn|28\n|\n|t:|1685286271\n|move|p2a: Milotic|Recover|p2a: Milotic\n|-heal|p2a: Milotic|265/290\n|move|p1a: Incineroar|Knock Off|p2a: Milotic\n|-damage|p2a: Milotic|154/290\n|\n|upkeep\n|turn|29\n|\n|t:|1685286274\n|move|p2a: Milotic|Recover|p2a: Milotic\n|-heal|p2a: Milotic|290/290\n|move|p1a: Incineroar|Knock Off|p2a: Milotic\n|-damage|p2a: Milotic|178/290\n|\n|upkeep\n|turn|30\n|\n|t:|1685286276\n|move|p2a: Milotic|Scald|p1a: Incineroar\n|-supereffective|p1a: Incineroar\n|-damage|p1a: Incineroar|0 fnt\n|faint|p1a: Incineroar\n|\n|upkeep\n|\n|t:|1685286278\n|switch|p1a: Glastrier|Glastrier, L82|298/298\n|turn|31\n|\n|t:|1685286281\n|move|p2a: Milotic|Scald|p1a: Glastrier\n|-damage|p1a: Glastrier|231/298\n|-status|p1a: Glastrier|brn\n|move|p1a: Glastrier|Swords Dance|p1a: Glastrier\n|-boost|p1a: Glastrier|atk|2\n|\n|-damage|p1a: Glastrier|213/298 brn|[from] brn\n|upkeep\n|turn|32\n|\n|t:|1685286285\n|move|p2a: Milotic|Haze|p2a: Milotic\n|-clearallboost\n|move|p1a: Glastrier|Close Combat|p2a: Milotic\n|-damage|p2a: Milotic|117/290\n|-unboost|p1a: Glastrier|def|1\n|-unboost|p1a: Glastrier|spd|1\n|\n|-damage|p1a: Glastrier|195/298 brn|[from] brn\n|upkeep\n|turn|33\n|\n|t:|1685286288\n|move|p2a: Milotic|Recover|p2a: Milotic\n|-heal|p2a: Milotic|262/290\n|move|p1a: Glastrier|Swords Dance|p1a: Glastrier\n|-boost|p1a: Glastrier|atk|2\n|\n|-damage|p1a: Glastrier|177/298 brn|[from] brn\n|upkeep\n|turn|34\n|\n|t:|1685286291\n|move|p2a: Milotic|Haze|p2a: Milotic\n|-clearallboost\n|move|p1a: Glastrier|Close Combat|p2a: Milotic\n|-damage|p2a: Milotic|203/290\n|-unboost|p1a: Glastrier|def|1\n|-unboost|p1a: Glastrier|spd|1\n|\n|-damage|p1a: Glastrier|159/298 brn|[from] brn\n|upkeep\n|turn|35\n|\n|t:|1685286293\n|move|p2a: Milotic|Scald|p1a: Glastrier\n|-damage|p1a: Glastrier|44/298 brn\n|move|p1a: Glastrier|Swords Dance|p1a: Glastrier\n|-boost|p1a: Glastrier|atk|2\n|\n|-damage|p1a: Glastrier|26/298 brn|[from] brn\n|upkeep\n|turn|36\n|\n|t:|1685286295\n|move|p2a: Milotic|Scald|p1a: Glastrier\n|-damage|p1a: Glastrier|0 fnt\n|faint|p1a: Glastrier\n|\n|upkeep\n|\n|t:|1685286300\n|switch|p1a: Darmanitan|Darmanitan, L80, F|299/299\n|-damage|p1a: Darmanitan|262/299|[from] Spikes\n|turn|37\n|\n|t:|1685286304\n|-start|p1a: Darmanitan|Dynamax|\n|-heal|p1a: Darmanitan|524/598|[silent]\n|-start|p2a: Milotic|Dynamax|\n|-heal|p2a: Milotic|406/580|[silent]\n|move|p1a: Darmanitan|Max Quake|p2a: Milotic\n|-damage|p2a: Milotic|233/580\n|-boost|p1a: Darmanitan|spd|1\n|-damage|p1a: Darmanitan|495/598|[from] item: Life Orb\n|move|p2a: Milotic|Max Geyser|p1a: Darmanitan\n|-supereffective|p1a: Darmanitan\n|-damage|p1a: Darmanitan|243/598\n|-weather|RainDance\n|\n|-weather|RainDance|[upkeep]\n|upkeep\n|turn|38\n|\n|t:|1685286308\n|move|p1a: Darmanitan|Max Flare|p2a: Milotic\n|-resisted|p2a: Milotic\n|-damage|p2a: Milotic|168/580\n|-weather|SunnyDay\n|-damage|p1a: Darmanitan|214/598|[from] item: Life Orb\n|move|p2a: Milotic|Max Geyser|p1a: Darmanitan\n|-supereffective|p1a: Darmanitan\n|-damage|p1a: Darmanitan|80/598\n|-weather|RainDance\n|\n|-weather|RainDance|[upkeep]\n|upkeep\n|turn|39\n|\n|t:|1685286312\n|move|p1a: Darmanitan|Max Quake|p2a: Milotic\n|-damage|p2a: Milotic|8/580\n|-boost|p1a: Darmanitan|spd|1\n|-damage|p1a: Darmanitan|51/598|[from] item: Life Orb\n|move|p2a: Milotic|Max Geyser|p1a: Darmanitan\n|-supereffective|p1a: Darmanitan\n|-damage|p1a: Darmanitan|0 fnt\n|faint|p1a: Darmanitan\n|\n|-weather|RainDance|[upkeep]\n|upkeep\n|\n|t:|1685286315\n|switch|p1a: Azumarill|Azumarill, L84, F|64/305\n|-damage|p1a: Azumarill|26/305|[from] Spikes\n|-end|p2a: Milotic|Dynamax\n|-heal|p2a: Milotic|4/290|[silent]\n|turn|40\n|\n|t:|1685286318\n|switch|p2a: Toxicroak|Toxicroak, L84, F|277/277\n|-damage|p2a: Toxicroak|260/277|[from] Stealth Rock\n|move|p1a: Azumarill|Aqua Jet|p2a: Toxicroak\n|-heal|p2a: Toxicroak|277/277|[from] ability: Dry Skin|[of] p1a: Azumarill\n|\n|-weather|RainDance|[upkeep]\n|upkeep\n|turn|41\n|\n|t:|1685286324\n|move|p1a: Azumarill|Aqua Jet|p2a: Toxicroak\n|-immune|p2a: Toxicroak|[from] ability: Dry Skin\n|move|p2a: Toxicroak|Drain Punch|p1a: Azumarill\n|-resisted|p1a: Azumarill\n|-damage|p1a: Azumarill|0 fnt\n|faint|p1a: Azumarill\n|-damage|p2a: Toxicroak|250/277|[from] item: Life Orb\n|\n|win|MichaelderBeste2\n|c|\u2606MichaelderBeste2|ggs\n|c|\u2606Dragon246|gg\n|l|\u2606Dragon246\n", "inputlog": ">version d74822bbc74c095aa312053f7034baee3068d99e\n>start {\"formatid\":\"gen8randombattle\",\"seed\":[19895,8365,63503,1877]}\n>player p1 {\"name\":\"Dragon246\",\"avatar\":\"gladion-stance\",\"rating\":0,\"seed\":[44422,21297,54223,14969]}\n>player p2 {\"name\":\"MichaelderBeste2\",\"avatar\":\"#uuplxiidols\",\"rating\":0,\"seed\":[10617,4925,18576,37866]}\n>chat \u2606MichaelderBeste2|hf\n>chat \u2606Dragon246|u2\n>p1 move knockoff\n>p2 switch 5\n>p1 move bodyslam\n>p2 move toxic\n>p1 move bodyslam\n>p2 move knockoff\n>p1 move bodyslam\n>p2 switch 3\n>p1 switch 3\n>p2 move spikes\n>p1 move reflect\n>p2 move liquidation\n>p1 move lightscreen\n>p2 switch 3\n>p1 move stealthrock\n>p2 move toxic\n>p1 move moonblast\n>p2 move toxic\n>p1 move moonblast\n>p2 move wish\n>p1 move moonblast\n>p2 move protect\n>p1 move moonblast\n>p2 move wish\n>p1 switch 4\n>p1 move playrough\n>p2 move toxic\n>p1 switch 3\n>p2 switch 4\n>p1 move wish\n>p2 move earthquake\n>p1 switch 3\n>p1 move liquidation\n>p2 move earthquake\n>p2 switch 6\n>p1 switch 2\n>p2 move anchorshot\n>p1 move knockoff\n>p2 switch 5\n>p1 move knockoff\n>p2 move recover\n>p1 move knockoff\n>p2 move recover\n>p1 move knockoff\n>p2 move recover\n>p1 move knockoff\n>p2 move recover\n>p1 move knockoff\n>p2 move scald\n>p1 move knockoff\n>p2 move recover\n>p1 move knockoff\n>p2 move recover\n>p1 move knockoff\n>p2 move recover\n>p1 move knockoff\n>p2 move recover\n>p1 move knockoff\n>p2 move recover\n>p1 move knockoff\n>p2 move recover\n>p1 move knockoff\n>p2 move scald\n>p1 switch 6\n>p1 move swordsdance\n>p2 move scald\n>p1 move closecombat\n>p2 move haze\n>p1 move swordsdance\n>p2 move recover\n>p1 move closecombat\n>p2 move haze\n>p1 move swordsdance\n>p2 move scald\n>p1 move closecombat\n>p2 move scald\n>p1 switch 5\n>p1 move earthquake dynamax\n>p2 move scald dynamax\n>p1 move flareblitz dynamax\n>p2 move scald dynamax\n>p1 move earthquake dynamax\n>p2 move scald dynamax\n>p1 switch 2\n>p1 move aquajet\n>p2 switch 2\n>p1 move aquajet\n>p2 move drainpunch", "uploadtime": 1685286330, "views": 8, "p1id": "dragon246", "p2id": "michaelderbeste2", "formatid": "gen8randombattle", "rating": 0, "private": 0, "password": ""}