{"id": "gen8randombattle-1872598450", "p1": "H4nZ_19", "p2": "keremozdurmus", "format": "[Gen 8] Random Battle", "log": "|j|\u2606H4nZ_19\n|j|\u2606keremozdurmus\n|t:|1685250134\n|gametype|singles\n|player|p1|H4nZ_19|266|1042\n|player|p2|keremozdurmus|266|1000\n|teamsize|p1|6\n|teamsize|p2|6\n|gen|8\n|tier|[Gen 8] Random Battle\n|rated|\n|rule|Species Clause: Limit one of each Pok\u00e9mon\n|rule|HP Percentage Mod: HP is shown in percentages\n|rule|Sleep Clause Mod: Limit one foe put to sleep\n|\n|t:|1685250134\n|start\n|switch|p1a: Machamp|Machamp, L82, F|282/282\n|switch|p2a: Celesteela|Celesteela, L77|276/276\n|turn|1\n|\n|t:|1685250150\n|move|p1a: Machamp|Bullet Punch|p2a: Celesteela\n|-resisted|p2a: Celesteela\n|-damage|p2a: Celesteela|260/276\n|move|p2a: Celesteela|Air Slash|p1a: Machamp\n|-supereffective|p1a: Machamp\n|-damage|p1a: Machamp|142/282\n|\n|-heal|p2a: Celesteela|276/276|[from] item: Leftovers\n|-status|p1a: Machamp|brn|[from] item: Flame Orb\n|upkeep\n|turn|2\n|\n|t:|1685250161\n|move|p2a: Celesteela|Air Slash|p1a: Machamp\n|-supereffective|p1a: Machamp\n|-damage|p1a: Machamp|0 fnt\n|faint|p1a: Machamp\n|-ability|p2a: Celesteela|Beast Boost|boost\n|-boost|p2a: Celesteela|spa|1\n|\n|upkeep\n|\n|t:|1685250168\n|switch|p1a: Turtonator|Turtonator, L84, F|238/238\n|turn|3\n|\n|t:|1685250224\n|switch|p2a: Vaporeon|Vaporeon, L84, F|356/356\n|move|p1a: Turtonator|Shell Smash|p1a: Turtonator\n|-unboost|p1a: Turtonator|def|1\n|-unboost|p1a: Turtonator|spd|1\n|-boost|p1a: Turtonator|atk|2\n|-boost|p1a: Turtonator|spa|2\n|-boost|p1a: Turtonator|spe|2\n|-enditem|p1a: Turtonator|White Herb\n|-clearnegativeboost|p1a: Turtonator|[silent]\n|\n|upkeep\n|turn|4\n|\n|t:|1685250241\n|-start|p2a: Vaporeon|Dynamax|\n|-heal|p2a: Vaporeon|712/712|[silent]\n|move|p1a: Turtonator|Shell Smash|p1a: Turtonator\n|-unboost|p1a: Turtonator|def|1\n|-unboost|p1a: Turtonator|spd|1\n|-boost|p1a: Turtonator|atk|2\n|-boost|p1a: Turtonator|spa|2\n|-boost|p1a: Turtonator|spe|2\n|move|p2a: Vaporeon|Max Geyser|p1a: Turtonator\n|-damage|p1a: Turtonator|0 fnt\n|-weather|RainDance\n|faint|p1a: Turtonator\n|\n|-weather|RainDance|[upkeep]\n|upkeep\n|\n|t:|1685250256\n|switch|p1a: Rotom|Rotom-Mow, L86|226/226\n|turn|5\n|\n|t:|1685250271\n|move|p1a: Rotom|Nasty Plot|p1a: Rotom\n|-boost|p1a: Rotom|spa|2\n|move|p2a: Vaporeon|Max Hailstorm|p1a: Rotom\n|-supereffective|p1a: Rotom\n|-damage|p1a: Rotom|52/226\n|-weather|Hail\n|\n|-weather|Hail|[upkeep]\n|-damage|p1a: Rotom|38/226|[from] Hail\n|-damage|p2a: Vaporeon|690/712|[from] Hail\n|-heal|p1a: Rotom|52/226|[from] item: Leftovers\n|-heal|p2a: Vaporeon|712/712|[from] item: Leftovers\n|upkeep\n|turn|6\n|\n|t:|1685250286\n|move|p1a: Rotom|Leaf Storm|p2a: Vaporeon\n|-supereffective|p2a: Vaporeon\n|-damage|p2a: Vaporeon|136/712\n|-unboost|p1a: Rotom|spa|2\n|move|p2a: Vaporeon|Max Hailstorm|p1a: Rotom\n|-supereffective|p1a: Rotom\n|-damage|p1a: Rotom|0 fnt\n|faint|p1a: Rotom\n|\n|-weather|Hail|[upkeep]\n|-damage|p2a: Vaporeon|114/712|[from] Hail\n|-heal|p2a: Vaporeon|136/712|[from] item: Leftovers\n|upkeep\n|\n|t:|1685250305\n|switch|p1a: Pincurchin|Pincurchin, L88, F|228/228\n|-fieldstart|move: Electric Terrain|[from] ability: Electric Surge|[of] p1a: Pincurchin\n|-end|p2a: Vaporeon|Dynamax\n|-heal|p2a: Vaporeon|68/356|[silent]\n|turn|7\n|\n|t:|1685250314\n|move|p2a: Vaporeon|Ice Beam|p1a: Pincurchin\n|-damage|p1a: Pincurchin|162/228\n|move|p1a: Pincurchin|Rising Voltage|p2a: Vaporeon\n|-hint|Rising Voltage's BP doubled on grounded target.\n|-supereffective|p2a: Vaporeon\n|-damage|p2a: Vaporeon|0 fnt\n|faint|p2a: Vaporeon\n|\n|-weather|Hail|[upkeep]\n|-damage|p1a: Pincurchin|148/228|[from] Hail\n|upkeep\n|\n|t:|1685250327\n|switch|p2a: Runerigus|Runerigus, L84, M|235/235\n|turn|8\n|\n|t:|1685250356\n|move|p2a: Runerigus|Earthquake|p1a: Pincurchin\n|-supereffective|p1a: Pincurchin\n|-enditem|p1a: Pincurchin|Shuca Berry|[eat]\n|-enditem|p1a: Pincurchin|Shuca Berry|[weaken]\n|-damage|p1a: Pincurchin|57/228\n|move|p1a: Pincurchin|Scald|p2a: Runerigus\n|-supereffective|p2a: Runerigus\n|-crit|p2a: Runerigus\n|-damage|p2a: Runerigus|67/235\n|-status|p2a: Runerigus|brn\n|\n|-weather|Hail|[upkeep]\n|-damage|p2a: Runerigus|53/235 brn|[from] Hail\n|-damage|p1a: Pincurchin|43/228|[from] Hail\n|-heal|p2a: Runerigus|67/235 brn|[from] item: Leftovers\n|-damage|p2a: Runerigus|53/235 brn|[from] brn\n|upkeep\n|turn|9\n|\n|t:|1685250385\n|move|p2a: Runerigus|Earthquake|p1a: Pincurchin\n|-supereffective|p1a: Pincurchin\n|-damage|p1a: Pincurchin|0 fnt\n|faint|p1a: Pincurchin\n|\n|-weather|none\n|-heal|p2a: Runerigus|67/235 brn|[from] item: Leftovers\n|-damage|p2a: Runerigus|53/235 brn|[from] brn\n|upkeep\n|\n|t:|1685250398\n|switch|p1a: Heracross|Heracross, L82, M|265/265\n|turn|10\n|\n|t:|1685250405\n|move|p1a: Heracross|Knock Off|p2a: Runerigus\n|-supereffective|p2a: Runerigus\n|-damage|p2a: Runerigus|0 fnt\n|-activate|p2a: Runerigus|ability: Wandering Spirit|Guts|Wandering Spirit|[of] p1a: Heracross\n|-enditem|p2a: Runerigus|Leftovers|[from] move: Knock Off|[of] p1a: Heracross\n|faint|p2a: Runerigus\n|\n|-status|p1a: Heracross|brn|[from] item: Flame Orb\n|upkeep\n|\n|t:|1685250419\n|switch|p2a: Avalugg|Avalugg, L86, F|303/303\n|turn|11\n|\n|t:|1685250440\n|move|p1a: Heracross|Close Combat|p2a: Avalugg\n|-supereffective|p2a: Avalugg\n|-crit|p2a: Avalugg\n|-damage|p2a: Avalugg|194/303\n|-unboost|p1a: Heracross|def|1\n|-unboost|p1a: Heracross|spd|1\n|move|p2a: Avalugg|Avalanche|p1a: Heracross\n|-damage|p1a: Heracross|0 fnt\n|-activate|p1a: Heracross|ability: Wandering Spirit|Sturdy|Wandering Spirit|[of] p2a: Avalugg\n|faint|p1a: Heracross\n|\n|-heal|p2a: Avalugg|212/303|[from] item: Leftovers\n|-fieldend|move: Electric Terrain\n|upkeep\n|\n|t:|1685250455\n|switch|p1a: Steelix|Steelix, L84, F|263/263\n|turn|12\n|\n|t:|1685250465\n|move|p1a: Steelix|Earthquake|p2a: Avalugg\n|-crit|p2a: Avalugg\n|-damage|p2a: Avalugg|134/303\n|move|p2a: Avalugg|Body Press|p1a: Steelix\n|-supereffective|p1a: Steelix\n|-damage|p1a: Steelix|155/263\n|\n|-heal|p1a: Steelix|171/263|[from] item: Leftovers\n|-heal|p2a: Avalugg|152/303|[from] item: Leftovers\n|upkeep\n|turn|13\n|\n|t:|1685250492\n|move|p1a: Steelix|Earthquake|p2a: Avalugg\n|-damage|p2a: Avalugg|98/303\n|move|p2a: Avalugg|Body Press|p1a: Steelix\n|-supereffective|p1a: Steelix\n|-damage|p1a: Steelix|61/263\n|\n|-heal|p1a: Steelix|77/263|[from] item: Leftovers\n|-heal|p2a: Avalugg|116/303|[from] item: Leftovers\n|upkeep\n|turn|14\n|\n|t:|1685250512\n|move|p1a: Steelix|Head Smash|p2a: Avalugg\n|-supereffective|p2a: Avalugg\n|-damage|p2a: Avalugg|18/303\n|-activate|p2a: Avalugg|ability: Wandering Spirit|Rock Head|Wandering Spirit|[of] p1a: Steelix\n|-damage|p1a: Steelix|28/263|[from] Recoil\n|move|p2a: Avalugg|Avalanche|p1a: Steelix\n|-damage|p1a: Steelix|0 fnt\n|-activate|p1a: Steelix|ability: Wandering Spirit|Rock Head|Wandering Spirit|[of] p2a: Avalugg\n|faint|p1a: Steelix\n|\n|win|keremozdurmus\n|raw|H4nZ_19's rating: 1042 &rarr; <strong>1024</strong><br />(-18 for losing)\n|raw|keremozdurmus's rating: 1000 &rarr; <strong>1045</strong><br />(+45 for winning)\n", "inputlog": ">version d74822bbc74c095aa312053f7034baee3068d99e\n>start {\"formatid\":\"gen8randombattle\",\"seed\":[43729,31899,19630,31055],\"rated\":\"Rated battle\"}\n>player p1 {\"name\":\"H4nZ_19\",\"avatar\":\"266\",\"rating\":1042,\"seed\":[45808,11343,48351,39051]}\n>player p2 {\"name\":\"keremozdurmus\",\"avatar\":\"266\",\"rating\":1000,\"seed\":[33945,21218,14482,51489]}\n>p1 move bulletpunch\n>p2 move airslash\n>p1 move closecombat\n>p2 move airslash\n>p1 switch 5\n>p1 move shellsmash\n>p2 switch 2\n>p1 move shellsmash\n>p2 move scald dynamax\n>p1 switch 6\n>p1 move nastyplot\n>p2 move icebeam dynamax\n>p1 move leafstorm\n>p2 move icebeam dynamax\n>p1 switch 3\n>p1 move risingvoltage\n>p2 move icebeam\n>p2 switch 5\n>p1 move scald\n>p2 move earthquake\n>p1 move scald\n>p2 move earthquake\n>p1 switch 2\n>p1 move knockoff\n>p2 move toxicspikes\n>p2 switch 6\n>p1 move closecombat\n>p2 move avalanche\n>p1 switch 4\n>p1 move earthquake\n>p2 move bodypress\n>p1 move earthquake\n>p2 move bodypress\n>p1 move headsmash\n>p2 move avalanche", "uploadtime": 1685250525, "views": 3, "p1id": "h4nz19", "p2id": "keremozdurmus", "formatid": "gen8randombattle", "rating": 1024, "private": 0, "password": ""}