{"id": "gen8randombattle-1872740827", "p1": "OneArmedBandit", "p2": "Cilantro38", "format": "[Gen 8] Random Battle", "log": "|j|\u2606OneArmedBandit\n|j|\u2606Cilantro38\n|t:|1685277940\n|gametype|singles\n|player|p1|OneArmedBandit|170|\n|player|p2|Cilantro38|170|\n|teamsize|p1|6\n|teamsize|p2|6\n|gen|8\n|tier|[Gen 8] Random Battle\n|rule|Species Clause: Limit one of each Pok\u00e9mon\n|rule|HP Percentage Mod: HP is shown in percentages\n|rule|Sleep Clause Mod: Limit one foe put to sleep\n|\n|t:|1685277940\n|start\n|switch|p1a: Jirachi|Jirachi, L79|288/288\n|switch|p2a: Mew|Mew, L80|291/291\n|turn|1\n|inactive|Battle timer is ON: inactive players will automatically lose when time's up. (requested by OneArmedBandit)\n|c|\u2606Cilantro38|gm\n|c|\u2606Cilantro38|mind if i publicize the match?\n|inactive|OneArmedBandit has 270 seconds left.\n|inactive|Cilantro38 has 270 seconds left.\n|\n|t:|1685277984\n|move|p2a: Mew|Dragon Dance|p2a: Mew\n|-boost|p2a: Mew|atk|1\n|-boost|p2a: Mew|spe|1\n|move|p1a: Jirachi|U-turn|p2a: Mew\n|-supereffective|p2a: Mew\n|-damage|p2a: Mew|211/291\n|\n|t:|1685278009\n|switch|p1a: Vespiquen|Vespiquen, L96, F|290/290|[from] U-turn\n|-ability|p1a: Vespiquen|Pressure\n|\n|upkeep\n|turn|2\n|c|\u2606OneArmedBandit|go for it\n|inactive|Cilantro38 has 270 seconds left.\n|inactiveoff|Battle timer is now OFF.\n|j| Mega_Beedrill User\n|j| nemoauditur\n|\n|t:|1685278072\n|switch|p2a: Scyther|Scyther, L81, F|246/246\n|move|p1a: Vespiquen|Toxic|p2a: Scyther\n|-status|p2a: Scyther|tox\n|\n|-damage|p2a: Scyther|231/246 tox|[from] psn\n|upkeep\n|turn|3\n|j| Trefleuh\n|\n|t:|1685278092\n|move|p2a: Scyther|Dual Wingbeat|p1a: Vespiquen\n|-supereffective|p1a: Vespiquen\n|-damage|p1a: Vespiquen|180/290\n|-supereffective|p1a: Vespiquen\n|-damage|p1a: Vespiquen|76/290\n|-hitcount|p1a: Vespiquen|2\n|move|p1a: Vespiquen|U-turn|p2a: Scyther\n|-resisted|p2a: Scyther\n|-damage|p2a: Scyther|183/246 tox\n|\n|t:|1685278099\n|switch|p1a: Regieleki|Regieleki, L78|253/253|[from] U-turn\n|\n|-damage|p2a: Scyther|153/246 tox|[from] psn\n|upkeep\n|turn|4\n|j| Frozoid\n|l| Frozoid\n|\n|t:|1685278116\n|switch|p2a: Wigglytuff|Wigglytuff, L90, F|398/398\n|-item|p1a: Regieleki|Magnet|[from] ability: Frisk|[of] p2a: Wigglytuff|[identify]\n|move|p1a: Regieleki|Volt Switch|p2a: Wigglytuff\n|-damage|p2a: Wigglytuff|236/398\n|j| 35Q71N\n|\n|t:|1685278131\n|switch|p1a: Jirachi|Jirachi, L79|288/288|[from] Volt Switch\n|\n|upkeep\n|turn|5\n|\n|t:|1685278138\n|switch|p2a: Zamazenta|Zamazenta-Crowned, L71|248/248\n|-ability|p2a: Zamazenta|Dauntless Shield|boost\n|-boost|p2a: Zamazenta|def|1\n|move|p1a: Jirachi|Stealth Rock|p2a: Zamazenta\n|-sidestart|p2: Cilantro38|move: Stealth Rock\n|\n|upkeep\n|turn|6\n|\n|t:|1685278158\n|move|p2a: Zamazenta|Howl|p2a: Zamazenta\n|-boost|p2a: Zamazenta|atk|1\n|move|p1a: Jirachi|U-turn|p2a: Zamazenta\n|-resisted|p2a: Zamazenta\n|-damage|p2a: Zamazenta|242/248\n|\n|t:|1685278164\n|switch|p1a: Vespiquen|Vespiquen, L96, F|76/290|[from] U-turn\n|-ability|p1a: Vespiquen|Pressure\n|\n|upkeep\n|turn|7\n|\n|t:|1685278170\n|move|p2a: Zamazenta|Behemoth Bash|p1a: Vespiquen\n|-damage|p1a: Vespiquen|0 fnt\n|faint|p1a: Vespiquen\n|\n|upkeep\n|\n|t:|1685278184\n|switch|p1a: Solrock|Solrock, L88|302/302\n|turn|8\n|\n|t:|1685278189\n|move|p2a: Zamazenta|Behemoth Bash|p1a: Solrock\n|-supereffective|p1a: Solrock\n|-crit|p1a: Solrock\n|-damage|p1a: Solrock|0 fnt\n|faint|p1a: Solrock\n|\n|upkeep\n|\n|t:|1685278200\n|switch|p1a: Porygon-Z|Porygon-Z, L80|267/267\n|turn|9\n|\n|t:|1685278205\n|move|p1a: Porygon-Z|Tri Attack|p2a: Zamazenta\n|-resisted|p2a: Zamazenta\n|-damage|p2a: Zamazenta|190/248\n|move|p2a: Zamazenta|Close Combat|p1a: Porygon-Z\n|-supereffective|p1a: Porygon-Z\n|-damage|p1a: Porygon-Z|0 fnt\n|-unboost|p2a: Zamazenta|def|1\n|-unboost|p2a: Zamazenta|spd|1\n|faint|p1a: Porygon-Z\n|\n|upkeep\n|\n|t:|1685278214\n|switch|p1a: Regieleki|Regieleki, L78|253/253\n|turn|10\n|\n|t:|1685278249\n|switch|p2a: Wigglytuff|Wigglytuff, L90, F|236/398\n|-damage|p2a: Wigglytuff|187/398|[from] Stealth Rock\n|-item|p1a: Regieleki|Magnet|[from] ability: Frisk|[of] p2a: Wigglytuff|[identify]\n|move|p1a: Regieleki|Thunderbolt|p2a: Wigglytuff\n|-crit|p2a: Wigglytuff\n|-damage|p2a: Wigglytuff|0 fnt\n|faint|p2a: Wigglytuff\n|\n|upkeep\n|\n|t:|1685278280\n|switch|p2a: Mew|Mew, L80|211/291\n|-damage|p2a: Mew|175/291|[from] Stealth Rock\n|turn|11\n|\n|t:|1685278341\n|-start|p2a: Mew|Dynamax|\n|-heal|p2a: Mew|350/582|[silent]\n|move|p1a: Regieleki|Volt Switch|p2a: Mew\n|-damage|p2a: Mew|233/582\n|\n|t:|1685278348\n|switch|p1a: Jirachi|Jirachi, L79|288/288|[from] Volt Switch\n|move|p2a: Mew|Max Knuckle|p1a: Jirachi\n|-damage|p1a: Jirachi|224/288\n|-boost|p2a: Mew|atk|1\n|\n|-heal|p1a: Jirachi|242/288|[from] item: Leftovers\n|upkeep\n|turn|12\n|\n|t:|1685278399\n|move|p2a: Mew|Max Flare|p1a: Jirachi\n|-supereffective|p1a: Jirachi\n|-damage|p1a: Jirachi|0 fnt\n|-weather|SunnyDay\n|faint|p1a: Jirachi\n|\n|-weather|SunnyDay|[upkeep]\n|upkeep\n|\n|t:|1685278404\n|switch|p1a: Regieleki|Regieleki, L78|253/253\n|turn|13\n|\n|t:|1685278407\n|move|p1a: Regieleki|Thunderbolt|p2a: Mew\n|-damage|p2a: Mew|94/582\n|-status|p2a: Mew|par\n|-activate|p2a: Mew|ability: Synchronize\n|-immune|p1a: Regieleki\n|-enditem|p2a: Mew|Lum Berry|[eat]\n|-curestatus|p2a: Mew|par|[msg]\n|move|p2a: Mew|Max Mindstorm|p1a: Regieleki\n|-damage|p1a: Regieleki|0 fnt\n|-fieldstart|move: Psychic Terrain\n|faint|p1a: Regieleki\n|\n|-weather|SunnyDay|[upkeep]\n|upkeep\n|\n|t:|1685278409\n|switch|p1a: Cherrim|Cherrim, L93, F|281/281\n|-formechange|p1a: Cherrim|Cherrim-Sunshine|[msg]|[from] ability: Flower Gift\n|-end|p2a: Mew|Dynamax\n|-heal|p2a: Mew|47/291|[silent]\n|turn|14\n|c|\u2606Cilantro38|well that's poetic\n|c|\u2606Cilantro38|the sun gift as the final warrior\n|\n|t:|1685278439\n|-start|p1a: Cherrim|Dynamax|\n|-heal|p1a: Cherrim|562/562|[silent]\n|move|p1a: Cherrim|Max Overgrowth|p2a: Mew\n|-damage|p2a: Mew|0 fnt\n|-fieldstart|move: Grassy Terrain\n|faint|p2a: Mew\n|\n|-weather|SunnyDay|[upkeep]\n|upkeep\n|\n|t:|1685278448\n|switch|p2a: Zamazenta|Zamazenta-Crowned, L71|190/248\n|-damage|p2a: Zamazenta|183/248|[from] Stealth Rock\n|-ability|p2a: Zamazenta|Dauntless Shield|boost\n|-boost|p2a: Zamazenta|def|1\n|turn|15\n|\n|t:|1685278469\n|move|p2a: Zamazenta|Howl|p2a: Zamazenta\n|-boost|p2a: Zamazenta|atk|1\n|move|p1a: Cherrim|Max Overgrowth|p2a: Zamazenta\n|-resisted|p2a: Zamazenta\n|-damage|p2a: Zamazenta|99/248\n|\n|-weather|SunnyDay|[upkeep]\n|-heal|p2a: Zamazenta|114/248|[from] Grassy Terrain\n|upkeep\n|turn|16\n|\n|t:|1685278475\n|move|p2a: Zamazenta|Behemoth Bash|p1a: Cherrim\n|-damage|p1a: Cherrim|260/562\n|move|p1a: Cherrim|Max Overgrowth|p2a: Zamazenta\n|-resisted|p2a: Zamazenta\n|-damage|p2a: Zamazenta|34/248\n|\n|-weather|none\n|-formechange|p1a: Cherrim|Cherrim|[msg]|[from] ability: Flower Gift\n|-heal|p2a: Zamazenta|49/248|[from] Grassy Terrain\n|-heal|p1a: Cherrim|277/562|[from] Grassy Terrain\n|upkeep\n|-end|p1a: Cherrim|Dynamax\n|-heal|p1a: Cherrim|139/281|[silent]\n|turn|17\n|\n|t:|1685278486\n|move|p1a: Cherrim|Petal Dance|p2a: Zamazenta\n|-resisted|p2a: Zamazenta\n|-damage|p2a: Zamazenta|0 fnt\n|faint|p2a: Zamazenta\n|\n|-heal|p1a: Cherrim|156/281|[from] Grassy Terrain\n|upkeep\n|c|\u2606OneArmedBandit|ggwp\n|c|\u2606Cilantro38|gg\n|\n|t:|1685278493\n|switch|p2a: Scyther|Scyther, L81, F|153/246 tox\n|turn|18\n|\n|t:|1685278498\n|move|p1a: Cherrim|Petal Dance|p2a: Scyther|[from]lockedmove\n|-resisted|p2a: Scyther\n|-damage|p2a: Scyther|102/246 tox\n|move|p2a: Scyther|Dual Wingbeat|p1a: Cherrim\n|-supereffective|p1a: Cherrim\n|-damage|p1a: Cherrim|10/281\n|-supereffective|p1a: Cherrim\n|-damage|p1a: Cherrim|0 fnt\n|faint|p1a: Cherrim\n|-hitcount|p1: Cherrim|2\n|\n|win|Cilantro38\n|l|\u2606OneArmedBandit\n|l|\u2606Cilantro38\n|l| Mega_Beedrill User\n|l| 35Q71N\n|l| Trefleuh\n|l| nemoauditur\n|j|\u2606Cilantro38\n|player|p2|Cilantro38|170\n", "inputlog": ">version d74822bbc74c095aa312053f7034baee3068d99e\n>start {\"formatid\":\"gen8randombattle\",\"seed\":[689,3976,14430,28080]}\n>player p1 {\"name\":\"OneArmedBandit\",\"avatar\":\"170\",\"rating\":0,\"seed\":[12276,14725,2836,63279]}\n>player p2 {\"name\":\"Cilantro38\",\"avatar\":\"170\",\"rating\":0,\"seed\":[65304,39699,22282,55963]}\n>chat \u2606Cilantro38|gm\n>chat \u2606Cilantro38|mind if i publicize the match?\n>p1 move uturn\n>p2 move dragondance\n>p1 switch 2\n>chat \u2606OneArmedBandit|go for it\n>p1 move toxic\n>p2 switch 6\n>p1 move uturn\n>p2 move dualwingbeat\n>p1 switch 3\n>p1 move voltswitch\n>p2 switch 2\n>p1 switch 2\n>p1 move stealthrock\n>p2 switch 3\n>p1 move uturn\n>p2 move howl\n>p1 switch 3\n>p1 move toxic\n>p2 move behemothbash\n>p1 switch 5\n>p1 move willowisp\n>p2 move behemothbash\n>p1 switch 4\n>p1 move triattack\n>p2 move closecombat\n>p1 switch 2\n>p1 move thunderbolt\n>p2 switch 3\n>p2 switch 6\n>p1 move voltswitch\n>p2 move closecombat dynamax\n>p1 switch 3\n>p1 move uturn\n>p2 move flareblitz dynamax\n>p1 switch 3\n>p1 move thunderbolt\n>p2 move psychicfangs dynamax\n>p1 switch 6\n>chat \u2606Cilantro38|well that's poetic\n>chat \u2606Cilantro38|the sun gift as the final warrior\n>p1 move petaldance dynamax\n>p2 move flareblitz\n>p2 switch 3\n>p1 move petaldance dynamax\n>p2 move howl\n>p1 move petaldance dynamax\n>p2 move behemothbash\n>p1 move petaldance\n>p2 move behemothbash\n>chat \u2606OneArmedBandit|ggwp\n>chat \u2606Cilantro38|gg\n>p2 switch 2\n>p1 move petaldance\n>p2 move dualwingbeat", "uploadtime": 1685278512, "views": 9, "p1id": "onearmedbandit", "p2id": "cilantro38", "formatid": "gen8randombattle", "rating": 0, "private": 0, "password": ""}