{"id": "gen8randombattle-1872818808", "p1": "Logratt", "p2": "gareeb adani", "format": "[Gen 8] Random Battle", "log": "|j|\u2606Logratt\n|j|\u2606gareeb adani\n|t:|1685288716\n|gametype|singles\n|player|p1|Logratt|101|1184\n|player|p2|gareeb adani|169|1474\n|teamsize|p1|6\n|teamsize|p2|6\n|gen|8\n|tier|[Gen 8] Random Battle\n|rated|\n|rule|Species Clause: Limit one of each Pok\u00e9mon\n|rule|HP Percentage Mod: HP is shown in percentages\n|rule|Sleep Clause Mod: Limit one foe put to sleep\n|\n|t:|1685288716\n|start\n|switch|p1a: Obstagoon|Obstagoon, L80, M|280/280\n|switch|p2a: Solgaleo|Solgaleo, L72|316/316\n|turn|1\n|\n|t:|1685288725\n|move|p2a: Solgaleo|Knock Off|p1a: Obstagoon\n|-resisted|p1a: Obstagoon\n|-damage|p1a: Obstagoon|248/280\n|-enditem|p1a: Obstagoon|Flame Orb|[from] move: Knock Off|[of] p2a: Solgaleo\n|move|p1a: Obstagoon|Bulk Up|p1a: Obstagoon\n|-boost|p1a: Obstagoon|atk|1\n|-boost|p1a: Obstagoon|def|1\n|\n|upkeep\n|turn|2\n|inactive|Battle timer is ON: inactive players will automatically lose when time's up. (requested by gareeb adani)\n|\n|t:|1685288737\n|switch|p2a: Mr. Mime|Mr. Mime, L86, F|209/209\n|move|p1a: Obstagoon|Knock Off|p2a: Mr. Mime\n|-damage|p2a: Mr. Mime|44/209\n|-enditem|p2a: Mr. Mime|Life Orb|[from] move: Knock Off|[of] p1a: Obstagoon\n|\n|upkeep\n|turn|3\n|\n|t:|1685288750\n|move|p2a: Mr. Mime|Dazzling Gleam|p1a: Obstagoon\n|-supereffective|p1a: Obstagoon\n|-damage|p1a: Obstagoon|56/280\n|move|p1a: Obstagoon|Knock Off|p2a: Mr. Mime\n|-damage|p2a: Mr. Mime|0 fnt\n|faint|p2a: Mr. Mime\n|\n|upkeep\n|\n|t:|1685288753\n|switch|p2a: Galvantula|Galvantula, L82, F|249/249\n|turn|4\n|\n|t:|1685288761\n|move|p2a: Galvantula|Bug Buzz|p1a: Obstagoon\n|-supereffective|p1a: Obstagoon\n|-damage|p1a: Obstagoon|0 fnt\n|faint|p1a: Obstagoon\n|\n|upkeep\n|\n|t:|1685288772\n|switch|p1a: Ninjask|Ninjask, L86, F|245/245\n|turn|5\n|\n|t:|1685288777\n|move|p1a: Ninjask|Swords Dance|p1a: Ninjask\n|-boost|p1a: Ninjask|atk|2\n|move|p2a: Galvantula|Thunder|p1a: Ninjask\n|-supereffective|p1a: Ninjask\n|-damage|p1a: Ninjask|0 fnt\n|faint|p1a: Ninjask\n|\n|upkeep\n|\n|t:|1685288796\n|switch|p1a: Zygarde|Zygarde-10%, L82|223/223\n|-ability|p1a: Zygarde|Aura Break\n|turn|6\n|\n|t:|1685288806\n|move|p1a: Zygarde|Coil|p1a: Zygarde\n|-boost|p1a: Zygarde|atk|1\n|-boost|p1a: Zygarde|def|1\n|-boost|p1a: Zygarde|accuracy|1\n|move|p2a: Galvantula|Bug Buzz|p1a: Zygarde\n|-damage|p1a: Zygarde|133/223\n|\n|upkeep\n|turn|7\n|\n|t:|1685288814\n|move|p1a: Zygarde|Iron Tail|p2a: Galvantula\n|-resisted|p2a: Galvantula\n|-damage|p2a: Galvantula|154/249\n|-damage|p1a: Zygarde|111/223|[from] item: Life Orb\n|move|p2a: Galvantula|Bug Buzz|p1a: Zygarde\n|-damage|p1a: Zygarde|21/223\n|\n|upkeep\n|turn|8\n|\n|t:|1685288829\n|move|p1a: Zygarde|Outrage|p2a: Galvantula\n|-damage|p2a: Galvantula|0 fnt\n|faint|p2a: Galvantula\n|-damage|p1a: Zygarde|0 fnt|[from] item: Life Orb\n|faint|p1a: Zygarde\n|\n|upkeep\n|\n|t:|1685288837\n|switch|p1a: Miltank|Miltank, L84, F|297/297\n|switch|p2a: Slurpuff|Slurpuff, L80, F|262/262\n|turn|9\n|\n|t:|1685288846\n|move|p1a: Miltank|Toxic|p2a: Slurpuff\n|-status|p2a: Slurpuff|tox\n|move|p2a: Slurpuff|Belly Drum|p2a: Slurpuff\n|-damage|p2a: Slurpuff|131/262 tox\n|-setboost|p2a: Slurpuff|atk|6|[from] move: Belly Drum\n|-enditem|p2a: Slurpuff|Sitrus Berry|[eat]\n|-heal|p2a: Slurpuff|196/262 tox|[from] item: Sitrus Berry\n|\n|-damage|p2a: Slurpuff|180/262 tox|[from] psn\n|upkeep\n|turn|10\n|\n|t:|1685288858\n|move|p2a: Slurpuff|Drain Punch|p1a: Miltank\n|-supereffective|p1a: Miltank\n|-damage|p1a: Miltank|19/297\n|-heal|p2a: Slurpuff|262/262 tox|[from] drain|[of] p1a: Miltank\n|move|p1a: Miltank|Milk Drink|p1a: Miltank\n|-heal|p1a: Miltank|168/297\n|\n|-heal|p1a: Miltank|186/297|[from] item: Leftovers\n|-damage|p2a: Slurpuff|230/262 tox|[from] psn\n|upkeep\n|turn|11\n|\n|t:|1685288878\n|move|p2a: Slurpuff|Facade|p1a: Miltank\n|-damage|p1a: Miltank|0 fnt\n|faint|p1a: Miltank\n|\n|-damage|p2a: Slurpuff|182/262 tox|[from] psn\n|upkeep\n|\n|t:|1685288884\n|switch|p1a: Nidoking|Nidoking, L82, M|267/267\n|turn|12\n|\n|t:|1685288891\n|move|p2a: Slurpuff|Facade|p1a: Nidoking\n|-damage|p1a: Nidoking|0 fnt\n|faint|p1a: Nidoking\n|\n|-damage|p2a: Slurpuff|118/262 tox|[from] psn\n|upkeep\n|\n|t:|1685288899\n|switch|p1a: Togedemaru|Togedemaru, L86, F|252/252\n|turn|13\n|\n|t:|1685288904\n|-start|p1a: Togedemaru|Dynamax|\n|-heal|p1a: Togedemaru|504/504|[silent]\n|move|p2a: Slurpuff|Drain Punch|p1a: Togedemaru\n|-supereffective|p1a: Togedemaru\n|-damage|p1a: Togedemaru|108/504\n|-heal|p2a: Slurpuff|262/262 tox|[from] drain|[of] p1a: Togedemaru\n|move|p1a: Togedemaru|Max Steelspike|p2a: Slurpuff\n|-supereffective|p2a: Slurpuff\n|-damage|p2a: Slurpuff|0 fnt\n|-boost|p1a: Togedemaru|def|1\n|faint|p2a: Slurpuff\n|\n|-heal|p1a: Togedemaru|123/504|[from] item: Leftovers\n|upkeep\n|\n|t:|1685288909\n|switch|p2a: Solgaleo|Solgaleo, L72|316/316\n|turn|14\n|\n|t:|1685288927\n|move|p2a: Solgaleo|Flare Blitz|p1a: Togedemaru\n|-supereffective|p1a: Togedemaru\n|-damage|p1a: Togedemaru|0 fnt\n|faint|p1a: Togedemaru\n|-damage|p2a: Solgaleo|275/316|[from] Recoil\n|\n|win|gareeb adani\n|raw|Logratt's rating: 1184 &rarr; <strong>1177</strong><br />(-7 for losing)\n|raw|gareeb adani's rating: 1490 &rarr; <strong>1496</strong><br />(+6 for winning)\n|c|\u2606Logratt|gg\n|l|\u2606Logratt\n", "inputlog": ">version d74822bbc74c095aa312053f7034baee3068d99e\n>start {\"formatid\":\"gen8randombattle\",\"seed\":[24593,65136,58273,24523],\"rated\":\"Rated battle\"}\n>player p1 {\"name\":\"Logratt\",\"avatar\":\"101\",\"rating\":1184,\"seed\":[54717,53604,58958,28892]}\n>player p2 {\"name\":\"gareeb adani\",\"avatar\":\"169\",\"rating\":1474,\"seed\":[28803,11316,36580,65011]}\n>p1 move bulkup\n>p2 move knockoff\n>p1 move knockoff\n>p2 switch 2\n>p1 move knockoff\n>p2 move dazzlinggleam\n>p2 switch 3\n>p1 move facade\n>p2 move bugbuzz\n>p1 switch 4\n>p1 move swordsdance\n>p2 move thunder\n>p1 switch 2\n>p1 move coil\n>p2 move bugbuzz\n>p1 move irontail\n>p2 move bugbuzz\n>p1 move outrage\n>p2 move bugbuzz\n>p1 switch 5\n>p2 switch 6\n>p1 move toxic\n>p2 move bellydrum\n>p1 move milkdrink\n>p2 move drainpunch\n>p1 move milkdrink\n>p2 move facade\n>p1 switch 3\n>p1 move sludgewave\n>p2 move facade\n>p1 switch 6\n>p1 move ironhead dynamax\n>p2 move drainpunch\n>p2 switch 2\n>p1 move ironhead dynamax\n>p2 move flareblitz", "uploadtime": 1685288940, "views": 2, "p1id": "logratt", "p2id": "gareebadani", "formatid": "gen8randombattle", "rating": 1177, "private": 0, "password": ""}