{"id": "gen8randombattle-1861840072", "p1": "xiaoheizi114514", "p2": "guiri678", "format": "[Gen 8] Random Battle", "log": "|j|\u2606xiaoheizi114514\n|j|\u2606guiri678\n|t:|1683813900\n|gametype|singles\n|player|p1|xiaoheizi114514|dawn|\n|player|p2|guiri678|101|\n|teamsize|p1|2\n|teamsize|p2|2\n|gen|8\n|tier|[Gen 8] Random Battle\n|rated|Tournament battle\n|rule|Species Clause: Limit one of each Pok\u00e9mon\n|rule|HP Percentage Mod: HP is shown in percentages\n|rule|Sleep Clause Mod: Limit one foe put to sleep\n|\n|t:|1683813900\n|start\n|switch|p1a: Cinderace|Cinderace, L50, F|166/166\n|switch|p2a: Zygarde|Zygarde-10%, L50|140/140\n|-ability|p2a: Zygarde|Aura Break\n|turn|1\n|inactive|Battle timer is ON: inactive players will automatically lose when time's up. (requested by guiri678)\n|\n|t:|1683813925\n|move|p1a: Cinderace|High Jump Kick|p2a: Zygarde\n|-start|p1a: Cinderace|typechange|Fighting|[from] ability: Libero\n|-damage|p2a: Zygarde|16/140\n|move|p2a: Zygarde|Thousand Arrows|p1a: Cinderace\n|-damage|p1a: Cinderace|97/166\n|\n|upkeep\n|turn|2\n|\n|t:|1683813939\n|move|p2a: Zygarde|Extreme Speed|p1a: Cinderace\n|-damage|p1a: Cinderace|54/166\n|move|p1a: Cinderace|Pyro Ball|p2a: Zygarde\n|-start|p1a: Cinderace|typechange|Fire|[from] ability: Libero\n|-resisted|p2a: Zygarde\n|-damage|p2a: Zygarde|0 fnt\n|faint|p2a: Zygarde\n|\n|upkeep\n|\n|t:|1683813943\n|switch|p2a: Cinderace|Cinderace, L50, M|166/166\n|turn|3\n|\n|t:|1683813951\n|move|p1a: Cinderace|Sucker Punch|p2a: Cinderace\n|-start|p1a: Cinderace|typechange|Dark|[from] ability: Libero\n|-damage|p2a: Cinderace|106/166\n|move|p2a: Cinderace|High Jump Kick|p1a: Cinderace|[miss]\n|-start|p2a: Cinderace|typechange|Fighting|[from] ability: Libero\n|-miss|p2a: Cinderace|p1a: Cinderace\n|-damage|p2a: Cinderace|23/166|[from] highjumpkick\n|\n|upkeep\n|turn|4\n|l|\u2606guiri678\n|inactive|guiri678 disconnected and has a minute to reconnect!\n|player|p2|\n|inactive|guiri678 has 30 seconds to reconnect!\n|inactive|guiri678 has 20 seconds to reconnect!\n|inactive|guiri678 has 15 seconds to reconnect!\n|inactive|guiri678 has 10 seconds to reconnect!\n|j|\u2606guiri678\n|inactive|guiri678 reconnected and has 75 seconds left.\n|player|p2|guiri678|101\n|inactive|guiri678 has 60 seconds left.\n|\n|t:|1683814053\n|-start|p2a: Cinderace|Dynamax|\n|-heal|p2a: Cinderace|46/332|[silent]\n|move|p1a: Cinderace|Sucker Punch|p2a: Cinderace\n|-resisted|p2a: Cinderace\n|-damage|p2a: Cinderace|18/332\n|move|p2a: Cinderace|Max Knuckle|p1a: Cinderace\n|-supereffective|p1a: Cinderace\n|-crit|p1a: Cinderace\n|-damage|p1a: Cinderace|0 fnt\n|-boost|p2a: Cinderace|atk|1\n|faint|p1a: Cinderace\n|\n|upkeep\n|\n|t:|1683814058\n|switch|p1a: Zapdos|Zapdos-Galar, L50|176/176\n|turn|5\n|\n|t:|1683814062\n|-start|p1a: Zapdos|Dynamax|\n|-heal|p1a: Zapdos|352/352|[silent]\n|move|p2a: Cinderace|Max Flare|p1a: Zapdos\n|-start|p2a: Cinderace|typechange|Fire|[from] ability: Libero\n|-damage|p1a: Zapdos|189/352\n|-weather|SunnyDay\n|move|p1a: Zapdos|Max Airstream|p2a: Cinderace\n|-damage|p2a: Cinderace|0 fnt\n|-boost|p1a: Zapdos|spe|1\n|faint|p2a: Cinderace\n|-damage|p1a: Zapdos|172/352|[from] item: Life Orb\n|\n|win|xiaoheizi114514\n|n|\u2606xiaoheizi114514|xiaoheizi114514\n|n|\u2606guiri678|guiri678\n", "inputlog": ">version bce759c5f189753f4322d11c9e5aa78bbe1b1bf9\n>start {\"formatid\":\"gen8randombattle@@@Max Team Size = 2,adjustlevel = 50\",\"seed\":[3625,29588,27288,11597],\"rated\":\"Tournament battle\"}\n>player p1 {\"name\":\"xiaoheizi114514\",\"avatar\":\"dawn\",\"rating\":0,\"seed\":[47415,47069,40460,23532]}\n>player p2 {\"name\":\"guiri678\",\"avatar\":\"101\",\"rating\":0,\"seed\":[29482,17552,46161,40000]}\n>p1 move highjumpkick\n>p2 move thousandarrows\n>p1 move pyroball\n>p2 move extremespeed\n>p2 switch 2\n>p1 move suckerpunch\n>p2 move highjumpkick\n>p1 move suckerpunch\n>p2 move highjumpkick dynamax\n>p1 switch 2\n>p1 move bravebird dynamax\n>p2 move pyroball dynamax", "uploadtime": 1683814063, "views": 8, "p1id": "xiaoheizi114514", "p2id": "guiri678", "formatid": "gen8randombattle", "rating": 0, "private": 0, "password": ""}