{"id": "gen8randombattle-1871827478", "p1": "goldpoyo", "p2": "ShaunBRO", "format": "[Gen 8] Random Battle", "log": "|j|\u2606goldpoyo\n|j|\u2606ShaunBRO\n|t:|1685134797\n|gametype|singles\n|player|p1|goldpoyo|infielder|\n|player|p2|ShaunBRO|hooligans|\n|teamsize|p1|6\n|teamsize|p2|6\n|gen|8\n|tier|[Gen 8] Random Battle\n|rule|Species Clause: Limit one of each Pok\u00e9mon\n|rule|HP Percentage Mod: HP is shown in percentages\n|rule|Sleep Clause Mod: Limit one foe put to sleep\n|\n|t:|1685134797\n|start\n|switch|p1a: Ribombee|Ribombee, L82, F|233/233\n|switch|p2a: Heatmor|Heatmor, L90, F|299/299\n|turn|1\n|c|\u2606ShaunBRO|gat\n|\n|t:|1685134828\n|switch|p1a: Yveltal|Yveltal, L69|288/288\n|-ability|p1a: Yveltal|Dark Aura\n|move|p2a: Heatmor|Knock Off|p1a: Yveltal\n|-resisted|p1a: Yveltal\n|-damage|p1a: Yveltal|230/288\n|-enditem|p1a: Yveltal|Heavy-Duty Boots|[from] move: Knock Off|[of] p2a: Heatmor\n|\n|upkeep\n|turn|2\n|c|\u2606ShaunBRO|get your self a egg and beat it\n|c|\u2606ShaunBRO|giga niger\n|\n|t:|1685134859\n|move|p1a: Yveltal|Knock Off|p2a: Heatmor\n|-damage|p2a: Heatmor|172/299\n|-enditem|p2a: Heatmor|Heavy-Duty Boots|[from] move: Knock Off|[of] p1a: Yveltal\n|move|p2a: Heatmor|Giga Drain|p1a: Yveltal\n|-resisted|p1a: Yveltal\n|-damage|p1a: Yveltal|197/288\n|-heal|p2a: Heatmor|189/299|[from] drain|[of] p1a: Yveltal\n|\n|upkeep\n|turn|3\n|\n|t:|1685134882\n|move|p1a: Yveltal|Oblivion Wing|p2a: Heatmor\n|-damage|p2a: Heatmor|102/299\n|-heal|p1a: Yveltal|262/288|[from] drain|[of] p2a: Heatmor\n|move|p2a: Heatmor|Giga Drain|p1a: Yveltal\n|-resisted|p1a: Yveltal\n|-damage|p1a: Yveltal|227/288\n|-heal|p2a: Heatmor|120/299|[from] drain|[of] p1a: Yveltal\n|\n|upkeep\n|turn|4\n|\n|t:|1685134909\n|move|p1a: Yveltal|Sucker Punch|p2a: Heatmor\n|-damage|p2a: Heatmor|21/299\n|move|p2a: Heatmor|Fire Lash|p1a: Yveltal\n|-damage|p1a: Yveltal|124/288\n|-unboost|p1a: Yveltal|def|1\n|\n|upkeep\n|turn|5\n|\n|t:|1685134946\n|move|p1a: Yveltal|Roost|p1a: Yveltal\n|-heal|p1a: Yveltal|268/288\n|-singleturn|p1a: Yveltal|move: Roost\n|move|p2a: Heatmor|Fire Lash|p1a: Yveltal\n|-damage|p1a: Yveltal|109/288\n|-unboost|p1a: Yveltal|def|1\n|\n|upkeep\n|turn|6\n|\n|t:|1685134954\n|move|p1a: Yveltal|Sucker Punch|p2a: Heatmor\n|-damage|p2a: Heatmor|0 fnt\n|faint|p2a: Heatmor\n|\n|upkeep\n|\n|t:|1685134965\n|switch|p2a: Froslass|Froslass, L84, F|255/255\n|turn|7\n|\n|t:|1685134976\n|move|p2a: Froslass|Poltergeist||[still]\n|-fail|p2a: Froslass\n|move|p1a: Yveltal|Knock Off|p2a: Froslass\n|-supereffective|p2a: Froslass\n|-damage|p2a: Froslass|0 fnt\n|-enditem|p2a: Froslass|Wide Lens|[from] move: Knock Off|[of] p1a: Yveltal\n|faint|p2a: Froslass\n|\n|upkeep\n|\n|t:|1685134984\n|switch|p2a: Arctovish|Arctovish, L86|295/295\n|turn|8\n|\n|t:|1685134991\n|move|p1a: Yveltal|Knock Off|p2a: Arctovish\n|-damage|p2a: Arctovish|186/295\n|-enditem|p2a: Arctovish|Choice Band|[from] move: Knock Off|[of] p1a: Yveltal\n|move|p2a: Arctovish|Fishious Rend|p1a: Yveltal\n|-damage|p1a: Yveltal|0 fnt\n|faint|p1a: Yveltal\n|\n|upkeep\n|\n|t:|1685134999\n|switch|p1a: Toxtricity|Toxtricity, L82, F|257/257\n|turn|9\n|\n|t:|1685135006\n|move|p1a: Toxtricity|Overdrive|p2a: Arctovish\n|-supereffective|p2a: Arctovish\n|-damage|p2a: Arctovish|0 fnt\n|faint|p2a: Arctovish\n|-enditem|p1a: Toxtricity|Throat Spray\n|-boost|p1a: Toxtricity|spa|1|[from] item: Throat Spray\n|\n|upkeep\n|\n|t:|1685135012\n|switch|p2a: Tyranitar|Tyranitar, L78, M|284/284\n|-weather|Sandstorm|[from] ability: Sand Stream|[of] p2a: Tyranitar\n|turn|10\n|c|\u2606ShaunBRO|nigar\n|n|\u203dgoldpoyo|goldpoyo\n|\n|t:|1685135090\n|switch|p1a: Gurdurr|Gurdurr, L83, F|277/277\n|move|p2a: Tyranitar|Stone Edge|p1a: Gurdurr|[miss]\n|-miss|p2a: Tyranitar|p1a: Gurdurr\n|\n|-weather|Sandstorm|[upkeep]\n|-damage|p1a: Gurdurr|260/277|[from] Sandstorm\n|upkeep\n|turn|11\n|\n|t:|1685135107\n|move|p2a: Tyranitar|Fire Punch|p1a: Gurdurr\n|-damage|p1a: Gurdurr|219/277\n|move|p1a: Gurdurr|Drain Punch|p2a: Tyranitar\n|-supereffective|p2a: Tyranitar\n|-damage|p2a: Tyranitar|0 fnt\n|-heal|p1a: Gurdurr|277/277|[from] drain|[of] p2a: Tyranitar\n|faint|p2a: Tyranitar\n|\n|-weather|Sandstorm|[upkeep]\n|-damage|p1a: Gurdurr|260/277|[from] Sandstorm\n|upkeep\n|\n|t:|1685135117\n|switch|p2a: Buzzwole|Buzzwole, L77|291/291\n|turn|12\n|\n|t:|1685135130\n|switch|p1a: Ribombee|Ribombee, L82, F|233/233\n|move|p2a: Buzzwole|Close Combat|p1a: Ribombee\n|-resisted|p1a: Ribombee\n|-damage|p1a: Ribombee|167/233\n|-unboost|p2a: Buzzwole|def|1\n|-unboost|p2a: Buzzwole|spd|1\n|\n|-weather|Sandstorm|[upkeep]\n|-damage|p1a: Ribombee|153/233|[from] Sandstorm\n|-damage|p2a: Buzzwole|273/291|[from] Sandstorm\n|upkeep\n|turn|13\n|\n|t:|1685135143\n|move|p1a: Ribombee|Moonblast|p2a: Buzzwole\n|-supereffective|p2a: Buzzwole\n|-damage|p2a: Buzzwole|0 fnt\n|faint|p2a: Buzzwole\n|\n|-weather|Sandstorm|[upkeep]\n|-damage|p1a: Ribombee|139/233|[from] Sandstorm\n|upkeep\n|\n|t:|1685135157\n|switch|p2a: Pikachu|Pikachu-Partner, L92, M|214/214\n|turn|14\n|\n|t:|1685135166\n|move|p1a: Ribombee|Stun Spore|p2a: Pikachu|[miss]\n|-miss|p1a: Ribombee|p2a: Pikachu\n|move|p2a: Pikachu|Volt Tackle|p1a: Ribombee\n|-damage|p1a: Ribombee|0 fnt\n|faint|p1a: Ribombee\n|-damage|p2a: Pikachu|168/214|[from] Recoil\n|\n|-weather|none\n|upkeep\n|\n|t:|1685135177\n|switch|p1a: Regidrago|Regidrago, L78|440/440\n|turn|15\n|\n|t:|1685135184\n|-start|p2a: Pikachu|Dynamax|\n|-heal|p2a: Pikachu|336/428|[silent]\n|move|p2a: Pikachu|Max Geyser|p1a: Regidrago\n|-resisted|p1a: Regidrago\n|-damage|p1a: Regidrago|338/440\n|-weather|RainDance\n|move|p1a: Regidrago|Dragon Dance|p1a: Regidrago\n|-boost|p1a: Regidrago|atk|1\n|-boost|p1a: Regidrago|spe|1\n|\n|-weather|RainDance|[upkeep]\n|upkeep\n|turn|16\n|\n|t:|1685135202\n|move|p1a: Regidrago|Outrage|p2a: Pikachu\n|-damage|p2a: Pikachu|0 fnt\n|faint|p2a: Pikachu\n|\n|win|goldpoyo\n", "inputlog": ">version 61c68e60481ef09071210320730fc448fef50368\n>start {\"formatid\":\"gen8randombattle\",\"seed\":[18408,37663,40247,43426]}\n>player p1 {\"name\":\"goldpoyo\",\"avatar\":\"infielder\",\"rating\":0,\"seed\":[26412,58711,55,4043]}\n>player p2 {\"name\":\"ShaunBRO\",\"avatar\":\"hooligans\",\"rating\":0,\"seed\":[19301,64554,36440,6548]}\n>chat \u2606ShaunBRO|gat\n>p1 switch 6\n>p2 move knockoff\n>chat \u2606ShaunBRO|get your self a egg and beat it\n>chat \u2606ShaunBRO|giga niger\n>p1 move knockoff\n>p2 move gigadrain\n>p1 move oblivionwing\n>p2 move gigadrain\n>p1 move suckerpunch\n>p2 move firelash\n>p1 move roost\n>p2 move firelash\n>p1 move suckerpunch\n>p2 move firelash\n>p2 switch 2\n>p1 move knockoff\n>p2 move poltergeist\n>p2 switch 3\n>p1 move knockoff\n>p2 move fishiousrend\n>p1 switch 5\n>p1 move overdrive\n>p2 move fishiousrend\n>p2 switch 4\n>chat \u2606ShaunBRO|nigar\n>chat \u2606goldpoyo|ni gg er\n>p1 switch 4\n>p2 move stoneedge\n>p1 move drainpunch\n>p2 move firepunch\n>p2 switch 5\n>p1 switch 6\n>p2 move closecombat\n>p1 move moonblast\n>p2 move closecombat\n>p2 switch 6\n>p1 move stunspore\n>p2 move volttackle\n>p1 switch 2\n>p1 move dragondance\n>p2 move surf dynamax\n>p1 move outrage\n>p2 move knockoff dynamax", "uploadtime": 1685135048, "views": 4, "p1id": "goldpoyo", "p2id": "shaunbro", "formatid": "gen8randombattle", "rating": 0, "private": 0, "password": ""}