{"id": "gen8randombattle-1871557652", "p1": "KuroMegaCharletX", "p2": "Iamsleep", "format": "[Gen 8] Random Battle", "log": "|j|\u2606KuroMegaCharletX\n|j|\u2606Iamsleep\n|t:|1685106769\n|gametype|singles\n|player|p1|KuroMegaCharletX|red|\n|player|p2|Iamsleep|caitlin|\n|teamsize|p1|6\n|teamsize|p2|6\n|gen|8\n|tier|[Gen 8] Random Battle\n|rule|Species Clause: Limit one of each Pok\u00e9mon\n|rule|HP Percentage Mod: HP is shown in percentages\n|rule|Sleep Clause Mod: Limit one foe put to sleep\n|\n|t:|1685106769\n|start\n|switch|p1a: Linoone|Linoone, L84, M|268/268\n|switch|p2a: Zapdos|Zapdos, L78|268/268\n|turn|1\n|c|\u2606Iamsleep|gl hf buddy\n|c|\u2606KuroMegaCharletX|Tnx\n|\n|t:|1685106837\n|move|p1a: Linoone|Belly Drum|p1a: Linoone\n|-damage|p1a: Linoone|134/268\n|-setboost|p1a: Linoone|atk|6|[from] move: Belly Drum\n|-enditem|p1a: Linoone|Wiki Berry|[eat]\n|-heal|p1a: Linoone|223/268|[from] item: Wiki Berry\n|move|p2a: Zapdos|Discharge|p1a: Linoone\n|-damage|p1a: Linoone|111/268\n|\n|upkeep\n|turn|2\n|\n|t:|1685106858\n|move|p1a: Linoone|Throat Chop|p2a: Zapdos\n|-damage|p2a: Zapdos|71/268\n|-start|p2a: Zapdos|Throat Chop|[silent]\n|move|p2a: Zapdos|Discharge|p1a: Linoone\n|-damage|p1a: Linoone|3/268\n|\n|upkeep\n|turn|3\n|\n|t:|1685106871\n|move|p1a: Linoone|Throat Chop|p2a: Zapdos\n|-damage|p2a: Zapdos|0 fnt\n|-status|p1a: Linoone|par|[from] ability: Static|[of] p2a: Zapdos\n|faint|p2a: Zapdos\n|\n|upkeep\n|\n|t:|1685106883\n|switch|p2a: Nihilego|Nihilego, L79|302/302\n|turn|4\n|\n|t:|1685106893\n|move|p1a: Linoone|Extreme Speed|p2a: Nihilego\n|-resisted|p2a: Nihilego\n|-damage|p2a: Nihilego|95/302\n|move|p2a: Nihilego|Sludge Wave|p1a: Linoone\n|-damage|p1a: Linoone|0 fnt\n|faint|p1a: Linoone\n|-ability|p2a: Nihilego|Beast Boost|boost\n|-boost|p2a: Nihilego|spa|1\n|\n|-heal|p2a: Nihilego|113/302|[from] item: Black Sludge\n|upkeep\n|c|\u2606KuroMegaCharletX|Decent damage k\n|\n|t:|1685106914\n|switch|p1a: Mesprit|Mesprit, L84|272/272\n|turn|5\n|\n|t:|1685106927\n|move|p2a: Nihilego|Toxic Spikes|p1a: Mesprit\n|-sidestart|p1: KuroMegaCharletX|move: Toxic Spikes\n|move|p1a: Mesprit|Psychic|p2a: Nihilego\n|-supereffective|p2a: Nihilego\n|-damage|p2a: Nihilego|0 fnt\n|faint|p2a: Nihilego\n|\n|upkeep\n|\n|t:|1685106935\n|switch|p2a: Mimikyu|Mimikyu, L76, F|209/209\n|turn|6\n|\n|t:|1685106968\n|move|p2a: Mimikyu|Swords Dance|p2a: Mimikyu\n|-boost|p2a: Mimikyu|atk|2\n|move|p1a: Mesprit|Nasty Plot|p1a: Mesprit\n|-boost|p1a: Mesprit|spa|2\n|\n|upkeep\n|turn|7\n|\n|t:|1685106986\n|move|p2a: Mimikyu|Shadow Claw|p1a: Mesprit\n|-supereffective|p1a: Mesprit\n|-damage|p1a: Mesprit|7/272\n|-damage|p2a: Mimikyu|189/209|[from] item: Life Orb\n|move|p1a: Mesprit|Ice Beam|p2a: Mimikyu\n|-activate|p2a: Mimikyu|ability: Disguise\n|-damage|p2a: Mimikyu|189/209\n|detailschange|p2a: Mimikyu|Mimikyu-Busted, L76, F\n|-damage|p2a: Mimikyu|163/209|[from] pokemon: Mimikyu-Busted\n|\n|-heal|p1a: Mesprit|24/272|[from] item: Leftovers\n|upkeep\n|turn|8\n|\n|t:|1685106998\n|move|p2a: Mimikyu|Shadow Claw|p1a: Mesprit\n|-supereffective|p1a: Mesprit\n|-damage|p1a: Mesprit|0 fnt\n|faint|p1a: Mesprit\n|-damage|p2a: Mimikyu|143/209|[from] item: Life Orb\n|\n|upkeep\n|\n|t:|1685107008\n|switch|p1a: Sableye|Sableye, L88, M|231/231\n|-status|p1a: Sableye|psn\n|turn|9\n|\n|t:|1685107044\n|move|p1a: Sableye|Toxic|p2a: Mimikyu\n|-status|p2a: Mimikyu|tox\n|move|p2a: Mimikyu|Play Rough|p1a: Sableye\n|-supereffective|p1a: Sableye\n|-damage|p1a: Sableye|0 fnt\n|faint|p1a: Sableye\n|-damage|p2a: Mimikyu|123/209 tox|[from] item: Life Orb\n|\n|-damage|p2a: Mimikyu|110/209 tox|[from] psn\n|upkeep\n|\n|t:|1685107056\n|switch|p1a: Scizor|Scizor, L80, F|243/243\n|turn|10\n|\n|t:|1685107063\n|move|p2a: Mimikyu|Shadow Sneak|p1a: Scizor\n|-damage|p1a: Scizor|161/243\n|-damage|p2a: Mimikyu|90/209 tox|[from] item: Life Orb\n|move|p1a: Scizor|Bullet Punch|p2a: Mimikyu\n|-supereffective|p2a: Mimikyu\n|-damage|p2a: Mimikyu|0 fnt\n|faint|p2a: Mimikyu\n|-damage|p1a: Scizor|137/243|[from] item: Life Orb\n|\n|upkeep\n|\n|t:|1685107076\n|switch|p2a: Greedent|Greedent, L84, M|339/339\n|turn|11\n|\n|t:|1685107086\n|move|p1a: Scizor|Superpower|p2a: Greedent\n|-supereffective|p2a: Greedent\n|-damage|p2a: Greedent|87/339\n|-unboost|p1a: Scizor|atk|1\n|-unboost|p1a: Scizor|def|1\n|-enditem|p2a: Greedent|Sitrus Berry|[eat]\n|-heal|p2a: Greedent|171/339|[from] item: Sitrus Berry\n|-heal|p2a: Greedent|284/339|[from] ability: Cheek Pouch\n|-damage|p1a: Scizor|113/243|[from] item: Life Orb\n|move|p2a: Greedent|Fire Fang|p1a: Scizor\n|-supereffective|p1a: Scizor\n|-damage|p1a: Scizor|0 fnt\n|faint|p1a: Scizor\n|\n|upkeep\n|\n|t:|1685107103\n|switch|p1a: Sandslash|Sandslash, L86, F|269/269\n|-status|p1a: Sandslash|psn\n|turn|12\n|\n|t:|1685107125\n|move|p1a: Sandslash|Swords Dance|p1a: Sandslash\n|-boost|p1a: Sandslash|atk|2\n|move|p2a: Greedent|Swords Dance|p2a: Greedent\n|-boost|p2a: Greedent|atk|2\n|\n|-damage|p1a: Sandslash|236/269 psn|[from] psn\n|upkeep\n|turn|13\n|\n|t:|1685107130\n|move|p1a: Sandslash|Swords Dance|p1a: Sandslash\n|-boost|p1a: Sandslash|atk|2\n|move|p2a: Greedent|Body Slam|p1a: Sandslash\n|-damage|p1a: Sandslash|97/269 psn\n|\n|-heal|p1a: Sandslash|113/269 psn|[from] item: Leftovers\n|-damage|p1a: Sandslash|80/269 psn|[from] psn\n|upkeep\n|turn|14\n|\n|t:|1685107136\n|move|p1a: Sandslash|Earthquake|p2a: Greedent\n|-damage|p2a: Greedent|0 fnt\n|faint|p2a: Greedent\n|\n|-heal|p1a: Sandslash|96/269 psn|[from] item: Leftovers\n|-damage|p1a: Sandslash|63/269 psn|[from] psn\n|upkeep\n|\n|t:|1685107141\n|switch|p2a: Gallade|Gallade, L82, M|246/246\n|turn|15\n|\n|t:|1685107156\n|move|p2a: Gallade|Close Combat|p1a: Sandslash\n|-damage|p1a: Sandslash|0 fnt\n|-unboost|p2a: Gallade|def|1\n|-unboost|p2a: Gallade|spd|1\n|faint|p1a: Sandslash\n|-damage|p2a: Gallade|222/246|[from] item: Life Orb\n|\n|upkeep\n|\n|t:|1685107159\n|switch|p1a: Pelipper|Pelipper, L86, M|243/243\n|-weather|RainDance|[from] ability: Drizzle|[of] p1a: Pelipper\n|turn|16\n|\n|t:|1685107171\n|move|p2a: Gallade|Knock Off|p1a: Pelipper\n|-damage|p1a: Pelipper|146/243\n|-enditem|p1a: Pelipper|Heavy-Duty Boots|[from] move: Knock Off|[of] p2a: Gallade\n|-damage|p2a: Gallade|198/246|[from] item: Life Orb\n|move|p1a: Pelipper|Hurricane|p2a: Gallade\n|-supereffective|p2a: Gallade\n|-damage|p2a: Gallade|0 fnt\n|faint|p2a: Gallade\n|\n|-weather|RainDance|[upkeep]\n|upkeep\n|\n|t:|1685107174\n|switch|p2a: Jynx|Jynx, L86, F|252/252\n|turn|17\n|c|\u2606KuroMegaCharletX|Close match\n|\n|t:|1685107194\n|move|p2a: Jynx|Ice Beam|p1a: Pelipper\n|-damage|p1a: Pelipper|4/243\n|move|p1a: Pelipper|U-turn|p2a: Jynx\n|-supereffective|p2a: Jynx\n|-damage|p2a: Jynx|132/252\n|\n|-weather|RainDance|[upkeep]\n|-heal|p2a: Jynx|163/252|[from] ability: Dry Skin\n|upkeep\n|turn|18\n|c|\u2606KuroMegaCharletX|Gg\n|c|\u2606Iamsleep|gg\n|\n|t:|1685107210\n|move|p2a: Jynx|Ice Beam|p1a: Pelipper\n|-damage|p1a: Pelipper|0 fnt\n|faint|p1a: Pelipper\n|\n|win|Iamsleep\n|c|\u2606KuroMegaCharletX|If only i roasted\n", "inputlog": ">version 61c68e60481ef09071210320730fc448fef50368\n>start {\"formatid\":\"gen8randombattle\",\"seed\":[56710,33559,19506,56967]}\n>player p1 {\"name\":\"KuroMegaCharletX\",\"avatar\":\"red\",\"rating\":0,\"seed\":[64439,32780,15793,30859]}\n>player p2 {\"name\":\"Iamsleep\",\"avatar\":\"caitlin\",\"rating\":0,\"seed\":[49844,1043,17608,2550]}\n>chat \u2606Iamsleep|gl hf buddy\n>chat \u2606KuroMegaCharletX|Tnx\n>p1 move bellydrum\n>p2 move discharge\n>p1 move throatchop\n>p2 move discharge\n>p1 move throatchop\n>p2 move discharge\n>p2 switch 5\n>p1 move extremespeed\n>p2 move sludgewave\n>chat \u2606KuroMegaCharletX|Decent damage k\n>p1 switch 6\n>p1 move psychic\n>p2 move toxicspikes\n>p2 switch 2\n>p1 move nastyplot\n>p2 move swordsdance\n>p1 move icebeam\n>p2 move shadowclaw\n>p1 move icebeam\n>p2 move shadowclaw\n>p1 switch 4\n>p1 move toxic\n>p2 move playrough\n>p1 switch 2\n>p1 move bulletpunch\n>p2 move shadowsneak\n>p2 switch 6\n>p1 move superpower\n>p2 move firefang\n>p1 switch 3\n>p1 move swordsdance\n>p2 move swordsdance\n>p1 move swordsdance\n>p2 move bodyslam\n>p1 move earthquake\n>p2 move bodyslam\n>p2 switch 3\n>p1 move earthquake\n>p2 move closecombat\n>p1 switch 5\n>p1 move hurricane\n>p2 move knockoff\n>p2 switch 4\n>chat \u2606KuroMegaCharletX|Close match\n>p1 move uturn\n>p2 move icebeam\n>chat \u2606KuroMegaCharletX|Gg\n>chat \u2606Iamsleep|gg\n>p1 move roost\n>p2 move icebeam", "uploadtime": 1685107221, "views": 4, "p1id": "kuromegacharletx", "p2id": "iamsleep", "formatid": "gen8randombattle", "rating": 0, "private": 0, "password": ""}