{"id": "gen8randombattle-1865410636", "p1": "Splash Splasher", "p2": "FreeYeezy69", "format": "[Gen 8] Random Battle", "log": "|j|\u2606Splash Splasher\n|j|\u2606FreeYeezy69\n|t:|1684284537\n|gametype|singles\n|player|p1|Splash Splasher|169|1368\n|player|p2|FreeYeezy69|clay|1337\n|teamsize|p1|6\n|teamsize|p2|6\n|gen|8\n|tier|[Gen 8] Random Battle\n|rated|\n|rule|Species Clause: Limit one of each Pok\u00e9mon\n|rule|HP Percentage Mod: HP is shown in percentages\n|rule|Sleep Clause Mod: Limit one foe put to sleep\n|\n|t:|1684284537\n|start\n|switch|p1a: Volcanion|Volcanion, L80|259/259\n|switch|p2a: Cursola|Cursola, L86, M|243/243\n|turn|1\n|inactive|Battle timer is ON: inactive players will automatically lose when time's up. (requested by Splash Splasher)\n|\n|t:|1684284548\n|move|p1a: Volcanion|Steam Eruption|p2a: Cursola\n|-damage|p2a: Cursola|101/243\n|move|p2a: Cursola|Stealth Rock|p1a: Volcanion\n|-sidestart|p1: Splash Splasher|move: Stealth Rock\n|\n|-heal|p2a: Cursola|116/243|[from] item: Leftovers\n|upkeep\n|turn|2\n|inactive|FreeYeezy69 has 120 seconds left.\n|\n|t:|1684284593\n|switch|p2a: Porygon2|Porygon2, L82|274/274\n|-ability|p2a: Porygon2|Water Absorb|[from] ability: Trace|[of] p1a: Volcanion\n|move|p1a: Volcanion|Steam Eruption|p2a: Porygon2\n|-immune|p2a: Porygon2|[from] ability: Water Absorb\n|\n|upkeep\n|turn|3\n|c|\u2606Splash Splasher|big brain play\n|c|\u2606FreeYeezy69|:)\n|\n|t:|1684284612\n|switch|p1a: Venusaur|Venusaur, L82, F|265/265\n|-damage|p1a: Venusaur|232/265|[from] Stealth Rock\n|move|p2a: Porygon2|Discharge|p1a: Venusaur\n|-resisted|p1a: Venusaur\n|-damage|p1a: Venusaur|206/265\n|\n|-heal|p1a: Venusaur|222/265|[from] item: Black Sludge\n|upkeep\n|turn|4\n|\n|t:|1684284625\n|switch|p2a: Sandslash|Sandslash-Alola, L86, M|269/269\n|move|p1a: Venusaur|Leech Seed|p2a: Sandslash\n|-start|p2a: Sandslash|move: Leech Seed\n|\n|-heal|p1a: Venusaur|238/265|[from] item: Black Sludge\n|-damage|p2a: Sandslash|236/269|[from] Leech Seed|[of] p1a: Venusaur\n|-heal|p1a: Venusaur|265/265|[silent]\n|upkeep\n|turn|5\n|\n|t:|1684284642\n|switch|p1a: Kingler|Kingler, L84, F|230/230\n|-damage|p1a: Kingler|202/230|[from] Stealth Rock\n|move|p2a: Sandslash|Knock Off|p1a: Kingler\n|-damage|p1a: Kingler|139/230\n|-enditem|p1a: Kingler|Life Orb|[from] move: Knock Off|[of] p2a: Sandslash\n|\n|-damage|p2a: Sandslash|203/269|[from] Leech Seed|[of] p1a: Kingler\n|-heal|p1a: Kingler|172/230|[silent]\n|upkeep\n|turn|6\n|inactive|FreeYeezy69 has 90 seconds left.\n|inactive|FreeYeezy69 has 60 seconds left.\n|\n|t:|1684284715\n|switch|p2a: Porygon2|Porygon2, L82|274/274\n|-ability|p2a: Porygon2|Sheer Force|[from] ability: Trace|[of] p1a: Kingler\n|move|p1a: Kingler|Liquidation|p2a: Porygon2\n|-damage|p2a: Porygon2|169/274\n|\n|upkeep\n|turn|7\n|inactive|FreeYeezy69 has 30 seconds left.\n|\n|t:|1684284742\n|move|p1a: Kingler|Swords Dance|p1a: Kingler\n|-boost|p1a: Kingler|atk|2\n|move|p2a: Porygon2|Discharge|p1a: Kingler\n|-supereffective|p1a: Kingler\n|-damage|p1a: Kingler|0 fnt\n|faint|p1a: Kingler\n|\n|upkeep\n|inactive|FreeYeezy69 has 30 seconds left this turn.\n|\n|t:|1684284750\n|switch|p1a: Marshadow|Marshadow, L70|242/242\n|-damage|p1a: Marshadow|227/242|[from] Stealth Rock\n|turn|8\n|\n|t:|1684284758\n|move|p1a: Marshadow|Close Combat|p2a: Porygon2\n|-supereffective|p2a: Porygon2\n|-damage|p2a: Porygon2|0 fnt\n|-unboost|p1a: Marshadow|def|1\n|-unboost|p1a: Marshadow|spd|1\n|faint|p2a: Porygon2\n|\n|upkeep\n|inactive|FreeYeezy69 has 30 seconds left.\n|\n|t:|1684284772\n|switch|p2a: Grimmsnarl|Grimmsnarl, L82, M|290/290\n|turn|9\n|inactive|FreeYeezy69 has 30 seconds left.\n|\n|t:|1684284786\n|move|p2a: Grimmsnarl|Bulk Up|p2a: Grimmsnarl\n|-boost|p2a: Grimmsnarl|atk|1\n|-boost|p2a: Grimmsnarl|def|1\n|move|p1a: Marshadow|Close Combat|p2a: Grimmsnarl\n|-damage|p2a: Grimmsnarl|140/290\n|-unboost|p1a: Marshadow|def|1\n|-unboost|p1a: Marshadow|spd|1\n|\n|upkeep\n|turn|10\n|inactive|FreeYeezy69 has 30 seconds left.\n|inactive|FreeYeezy69 has 20 seconds left.\n|inactive|FreeYeezy69 has 15 seconds left.\n|\n|t:|1684284815\n|switch|p1a: Venusaur|Venusaur, L82, F|265/265\n|-damage|p1a: Venusaur|232/265|[from] Stealth Rock\n|move|p2a: Grimmsnarl|Rest|p2a: Grimmsnarl\n|-status|p2a: Grimmsnarl|slp|[from] move: Rest\n|-heal|p2a: Grimmsnarl|290/290 slp|[silent]\n|-enditem|p2a: Grimmsnarl|Chesto Berry|[eat]\n|-curestatus|p2a: Grimmsnarl|slp|[msg]\n|\n|-heal|p1a: Venusaur|248/265|[from] item: Black Sludge\n|upkeep\n|turn|11\n|inactive|FreeYeezy69 has 25 seconds left this turn.\n|inactive|FreeYeezy69 has 20 seconds left.\n|inactive|FreeYeezy69 has 15 seconds left.\n|\n|t:|1684284826\n|switch|p2a: Sandslash|Sandslash-Alola, L86, M|203/269\n|move|p1a: Venusaur|Sludge Bomb|p2a: Sandslash\n|-immune|p2a: Sandslash\n|\n|-heal|p1a: Venusaur|264/265|[from] item: Black Sludge\n|upkeep\n|turn|12\n|inactive|FreeYeezy69 has 25 seconds left this turn.\n|inactive|FreeYeezy69 has 20 seconds left.\n|\n|t:|1684284834\n|move|p1a: Venusaur|Leech Seed|p2a: Sandslash\n|-start|p2a: Sandslash|move: Leech Seed\n|move|p2a: Sandslash|Triple Axel|p1a: Venusaur\n|-supereffective|p1a: Venusaur\n|-damage|p1a: Venusaur|216/265\n|-supereffective|p1a: Venusaur\n|-damage|p1a: Venusaur|112/265\n|-hitcount|p1a: Venusaur|2\n|\n|-heal|p1a: Venusaur|128/265|[from] item: Black Sludge\n|-damage|p2a: Sandslash|170/269|[from] Leech Seed|[of] p1a: Venusaur\n|-heal|p1a: Venusaur|161/265|[silent]\n|upkeep\n|turn|13\n|inactive|FreeYeezy69 has 30 seconds left this turn.\n|inactive|FreeYeezy69 has 20 seconds left.\n|inactive|FreeYeezy69 has 15 seconds left.\n|c|\u2606FreeYeezy69|so much for 'triple' axel\n|inactive|FreeYeezy69 has 10 seconds left.\n|c|\u2606Splash Splasher|zd\n|c|\u2606Splash Splasher|xd\n|\n|t:|1684284863\n|switch|p1a: Volcanion|Volcanion, L80|259/259\n|-damage|p1a: Volcanion|195/259|[from] Stealth Rock\n|move|p2a: Sandslash|Triple Axel|p1a: Volcanion\n|-resisted|p1a: Volcanion\n|-damage|p1a: Volcanion|190/259\n|-resisted|p1a: Volcanion\n|-damage|p1a: Volcanion|181/259\n|-hitcount|p1a: Volcanion|2\n|\n|-damage|p2a: Sandslash|137/269|[from] Leech Seed|[of] p1a: Volcanion\n|-heal|p1a: Volcanion|214/259|[silent]\n|upkeep\n|turn|14\n|inactive|FreeYeezy69 has 20 seconds left this turn.\n|inactive|FreeYeezy69 has 15 seconds left.\n|inactive|FreeYeezy69 has 10 seconds left.\n|inactive|FreeYeezy69 has 5 seconds left.\n|\n|t:|1684284878\n|switch|p2a: Gurdurr|Gurdurr, L83, F|277/277\n|move|p1a: Volcanion|Steam Eruption|p2a: Gurdurr\n|-crit|p2a: Gurdurr\n|-damage|p2a: Gurdurr|0 fnt\n|faint|p2a: Gurdurr\n|\n|upkeep\n|inactive|FreeYeezy69 has 10 seconds left this turn.\n|inactive|FreeYeezy69 has 5 seconds left.\n|-message|FreeYeezy69 lost due to inactivity.\n|\n|win|Splash Splasher\n|raw|Splash Splasher's rating: 1368 &rarr; <strong>1386</strong><br />(+18 for winning)\n|raw|FreeYeezy69's rating: 1337 &rarr; <strong>1319</strong><br />(-18 for losing)\n|l|\u2606Splash Splasher\n|c|\u2606FreeYeezy69|oh\n", "inputlog": ">version 3f967b429d9dd76d8eb692efdd7dfe9038092d20\n>start {\"formatid\":\"gen8randombattle\",\"seed\":[2961,24148,128,8703],\"rated\":\"Rated battle\"}\n>player p1 {\"name\":\"Splash Splasher\",\"avatar\":\"169\",\"rating\":1368,\"seed\":[10295,54003,63552,57291]}\n>player p2 {\"name\":\"FreeYeezy69\",\"avatar\":\"clay\",\"rating\":1337,\"seed\":[57882,14092,10504,25449]}\n>p1 move steameruption\n>p2 move stealthrock\n>p1 move steameruption\n>p2 switch 2\n>chat \u2606Splash Splasher|big brain play\n>chat \u2606FreeYeezy69|:)\n>p1 switch 4\n>p2 move discharge\n>p1 move leechseed\n>p2 switch 4\n>p1 switch 3\n>p2 move knockoff\n>p1 move liquidation\n>p2 switch 4\n>p1 move swordsdance\n>p2 move discharge\n>p1 switch 6\n>p1 move closecombat\n>p2 move recover\n>p2 switch 5\n>p1 move closecombat\n>p2 move bulkup\n>p1 switch 3\n>p2 move rest\n>p1 move sludgebomb\n>p2 switch 4\n>p1 move leechseed\n>p2 move tripleaxel\n>chat \u2606FreeYeezy69|so much for 'triple' axel\n>chat \u2606Splash Splasher|zd\n>chat \u2606Splash Splasher|xd\n>p1 switch 4\n>p2 move tripleaxel\n>p1 move steameruption\n>p2 switch 6\n>forcelose p2", "uploadtime": 1684284898, "views": 7, "p1id": "splashsplasher", "p2id": "freeyeezy69", "formatid": "gen8randombattle", "rating": 1319, "private": 0, "password": ""}