{"id": "gen8randombattle-1563384696", "p1": "Elxsa", "p2": "Referrals", "format": "[Gen 8] Random Battle", "log": "|j|\u2606Elxsa\n|j|\u2606Referrals\n|t:|1651167116\n|gametype|singles\n|player|p1|Elxsa|elesa|2497\n|player|p2|Referrals|1|2506\n|teamsize|p1|6\n|teamsize|p2|6\n|gen|8\n|tier|[Gen 8] Random Battle\n|rated|\n|rule|Species Clause: Limit one of each Pok\u00e9mon\n|rule|HP Percentage Mod: HP is shown in percentages\n|rule|Sleep Clause Mod: Limit one foe put to sleep\n|\n|t:|1651167116\n|start\n|switch|p1a: Lunatone|Lunatone, L86|295/295\n|switch|p2a: Ninetales|Ninetales-Alola, L79, F|245/245\n|-weather|Hail|[from] ability: Snow Warning|[of] p2a: Ninetales\n|turn|1\n|j| WorshiperofCthulu\n|j| Tired&Sleepy\n|c|\u2606Elxsa|omg surprised to see you\n|c|\u2606Referrals|oh wow\n|c| WorshiperofCthulu|Referrals if you lose i will be very disappointed\n|\n|t:|1651167151\n|switch|p2a: Rotom|Rotom-Mow, L86|226/226\n|move|p1a: Lunatone|Nasty Plot|p1a: Lunatone\n|-boost|p1a: Lunatone|spa|2\n|\n|-weather|Hail|[upkeep]\n|-damage|p2a: Rotom|212/226|[from] Hail\n|-damage|p1a: Lunatone|277/295|[from] Hail\n|-heal|p2a: Rotom|226/226|[from] item: Leftovers\n|upkeep\n|turn|2\n|\n|t:|1651167181\n|switch|p1a: Stoutland|Stoutland, L86, F|286/286\n|-ability|p1a: Stoutland|Intimidate|boost\n|-unboost|p2a: Rotom|atk|1\n|move|p2a: Rotom|Leaf Storm|p1a: Stoutland\n|-crit|p1a: Stoutland\n|-damage|p1a: Stoutland|76/286\n|-unboost|p2a: Rotom|spa|2\n|\n|-weather|Hail|[upkeep]\n|-damage|p2a: Rotom|212/226|[from] Hail\n|-damage|p1a: Stoutland|59/286|[from] Hail\n|-heal|p2a: Rotom|226/226|[from] item: Leftovers\n|upkeep\n|turn|3\n|\n|t:|1651167198\n|move|p2a: Rotom|Volt Switch|p1a: Stoutland\n|-damage|p1a: Stoutland|16/286\n|\n|t:|1651167204\n|switch|p2a: Marshadow|Marshadow, L70|242/242\n|move|p1a: Stoutland|Superpower|p2a: Marshadow\n|-immune|p2a: Marshadow\n|\n|-weather|Hail|[upkeep]\n|-damage|p2a: Marshadow|227/242|[from] Hail\n|-damage|p1a: Stoutland|0 fnt|[from] Hail\n|faint|p1a: Stoutland\n|upkeep\n|\n|t:|1651167211\n|switch|p1a: Inteleon|Inteleon, L80, F|243/243\n|turn|4\n|\n|t:|1651167258\n|move|p1a: Inteleon|Hydro Pump|p2a: Marshadow\n|-damage|p2a: Marshadow|0 fnt\n|faint|p2a: Marshadow\n|\n|-weather|Hail|[upkeep]\n|-damage|p1a: Inteleon|228/243|[from] Hail\n|upkeep\n|\n|t:|1651167263\n|switch|p2a: Zarude|Zarude-Dada, L78|292/292\n|turn|5\n|\n|t:|1651167281\n|-start|p1a: Inteleon|Dynamax|\n|-heal|p1a: Inteleon|456/486|[silent]\n|move|p1a: Inteleon|Max Airstream|p2a: Zarude\n|-supereffective|p2a: Zarude\n|-damage|p2a: Zarude|94/292\n|-boost|p1a: Inteleon|spe|1\n|move|p2a: Zarude|Power Whip|p1a: Inteleon\n|-supereffective|p1a: Inteleon\n|-damage|p1a: Inteleon|124/486\n|\n|-weather|none\n|-heal|p2a: Zarude|112/292|[from] item: Leftovers\n|upkeep\n|turn|6\n|j| lull (\u2022\u25e1\u2022)\n|\n|t:|1651167300\n|switch|p2a: Perrserker|Perrserker, L86, M|261/261\n|move|p1a: Inteleon|Max Airstream|p2a: Perrserker\n|-resisted|p2a: Perrserker\n|-damage|p2a: Perrserker|194/261\n|-boost|p1a: Inteleon|spe|1\n|\n|upkeep\n|turn|7\n|\n|t:|1651167311\n|move|p1a: Inteleon|Max Geyser|p2a: Perrserker\n|-damage|p2a: Perrserker|0 fnt\n|-weather|RainDance\n|faint|p2a: Perrserker\n|\n|-weather|RainDance|[upkeep]\n|upkeep\n|\n|t:|1651167322\n|switch|p2a: Rotom|Rotom-Mow, L86|226/226\n|-end|p1a: Inteleon|Dynamax\n|-heal|p1a: Inteleon|62/243|[silent]\n|turn|8\n|j| Simple Spectator 2\n|\n|t:|1651167394\n|move|p1a: Inteleon|Hydro Pump|p2a: Rotom\n|-resisted|p2a: Rotom\n|-damage|p2a: Rotom|56/226\n|move|p2a: Rotom|Thunderbolt|p1a: Inteleon\n|-supereffective|p1a: Inteleon\n|-damage|p1a: Inteleon|0 fnt\n|faint|p1a: Inteleon\n|\n|-weather|RainDance|[upkeep]\n|-heal|p2a: Rotom|70/226|[from] item: Leftovers\n|upkeep\n|\n|t:|1651167425\n|switch|p1a: Bisharp|Bisharp, L80, M|235/235\n|turn|9\n|\n|t:|1651167432\n|switch|p2a: Dubwool|Dubwool, L86, M|264/264\n|move|p1a: Bisharp|Swords Dance|p1a: Bisharp\n|-boost|p1a: Bisharp|atk|2\n|\n|-weather|RainDance|[upkeep]\n|upkeep\n|turn|10\n|\n|t:|1651167437\n|switch|p2a: Zarude|Zarude-Dada, L78|112/292\n|move|p1a: Bisharp|Knock Off|p2a: Zarude\n|-resisted|p2a: Zarude\n|-damage|p2a: Zarude|0 fnt\n|-enditem|p2a: Zarude|Leftovers|[from] move: Knock Off|[of] p1a: Bisharp\n|faint|p2a: Zarude\n|-damage|p1a: Bisharp|212/235|[from] item: Life Orb\n|\n|-weather|RainDance|[upkeep]\n|upkeep\n|\n|t:|1651167441\n|switch|p2a: Dubwool|Dubwool, L86, M|264/264\n|turn|11\n|\n|t:|1651167446\n|move|p2a: Dubwool|Cotton Guard|p2a: Dubwool\n|-boost|p2a: Dubwool|def|3\n|move|p1a: Bisharp|Knock Off|p2a: Dubwool\n|-damage|p2a: Dubwool|159/264\n|-enditem|p2a: Dubwool|Leftovers|[from] move: Knock Off|[of] p1a: Bisharp\n|-damage|p1a: Bisharp|189/235|[from] item: Life Orb\n|\n|-weather|none\n|upkeep\n|turn|12\n|\n|t:|1651167455\n|move|p2a: Dubwool|Body Press|p1a: Bisharp\n|-supereffective|p1a: Bisharp\n|-damage|p1a: Bisharp|0 fnt\n|faint|p1a: Bisharp\n|\n|upkeep\n|\n|t:|1651167460\n|switch|p1a: Jellicent|Jellicent, L84, M|305/305\n|turn|13\n|\n|t:|1651167475\n|move|p2a: Dubwool|Rest|p2a: Dubwool\n|-status|p2a: Dubwool|slp|[from] move: Rest\n|-heal|p2a: Dubwool|264/264 slp|[silent]\n|move|p1a: Jellicent|Shadow Ball|p2a: Dubwool\n|-immune|p2a: Dubwool|[from] ability: Bulletproof\n|\n|upkeep\n|turn|14\n|\n|t:|1651167482\n|cant|p2a: Dubwool|slp\n|move|p2a: Dubwool|Sleep Talk|p2a: Dubwool\n|move|p2a: Dubwool|Cotton Guard|p2a: Dubwool|[from]move: Sleep Talk\n|-boost|p2a: Dubwool|def|3\n|move|p1a: Jellicent|Shadow Ball|p2a: Dubwool\n|-immune|p2a: Dubwool|[from] ability: Bulletproof\n|\n|upkeep\n|turn|15\n|\n|t:|1651167489\n|cant|p2a: Dubwool|slp\n|move|p2a: Dubwool|Sleep Talk|p2a: Dubwool\n|move|p2a: Dubwool|Cotton Guard|p2a: Dubwool|[from]move: Sleep Talk\n|-boost|p2a: Dubwool|def|0\n|move|p1a: Jellicent|Shadow Ball|p2a: Dubwool\n|-immune|p2a: Dubwool|[from] ability: Bulletproof\n|\n|upkeep\n|turn|16\n|\n|t:|1651167495\n|-curestatus|p2a: Dubwool|slp|[msg]\n|move|p2a: Dubwool|Body Press|p1a: Jellicent\n|-immune|p1a: Jellicent\n|move|p1a: Jellicent|Will-O-Wisp|p2a: Dubwool\n|-status|p2a: Dubwool|brn\n|\n|-damage|p2a: Dubwool|248/264 brn|[from] brn\n|upkeep\n|turn|17\n|\n|t:|1651167504\n|move|p2a: Dubwool|Rest|p2a: Dubwool\n|-status|p2a: Dubwool|slp|[from] move: Rest\n|-heal|p2a: Dubwool|264/264 slp|[silent]\n|move|p1a: Jellicent|Scald|p2a: Dubwool\n|-damage|p2a: Dubwool|189/264 slp\n|\n|upkeep\n|turn|18\n|\n|t:|1651167513\n|cant|p2a: Dubwool|slp\n|move|p2a: Dubwool|Sleep Talk|p2a: Dubwool\n|move|p2a: Dubwool|Body Press|p1a: Jellicent|[from]move: Sleep Talk\n|-immune|p1a: Jellicent\n|move|p1a: Jellicent|Scald|p2a: Dubwool\n|-damage|p2a: Dubwool|114/264 slp\n|\n|upkeep\n|turn|19\n|\n|t:|1651167521\n|cant|p2a: Dubwool|slp\n|move|p2a: Dubwool|Sleep Talk|p2a: Dubwool\n|move|p2a: Dubwool|Cotton Guard|p2a: Dubwool|[from]move: Sleep Talk\n|-boost|p2a: Dubwool|def|0\n|move|p1a: Jellicent|Scald|p2a: Dubwool\n|-damage|p2a: Dubwool|39/264 slp\n|\n|upkeep\n|turn|20\n|\n|t:|1651167528\n|switch|p1a: Lunatone|Lunatone, L86|277/295\n|-curestatus|p2a: Dubwool|slp|[msg]\n|move|p2a: Dubwool|Rest|p2a: Dubwool\n|-status|p2a: Dubwool|slp|[from] move: Rest\n|-heal|p2a: Dubwool|264/264 slp|[silent]\n|\n|upkeep\n|turn|21\n|\n|t:|1651167537\n|cant|p2a: Dubwool|slp\n|move|p2a: Dubwool|Sleep Talk|p2a: Dubwool\n|move|p2a: Dubwool|Body Press|p1a: Lunatone|[from]move: Sleep Talk\n|-damage|p1a: Lunatone|0 fnt\n|faint|p1a: Lunatone\n|\n|upkeep\n|\n|t:|1651167542\n|switch|p1a: Jellicent|Jellicent, L84, M|305/305\n|turn|22\n|\n|t:|1651167554\n|cant|p2a: Dubwool|slp\n|move|p1a: Jellicent|Scald|p2a: Dubwool\n|-damage|p2a: Dubwool|192/264 slp\n|\n|upkeep\n|turn|23\n|\n|t:|1651167572\n|-curestatus|p2a: Dubwool|slp|[msg]\n|move|p2a: Dubwool|Rest|p2a: Dubwool\n|-status|p2a: Dubwool|slp|[from] move: Rest\n|-heal|p2a: Dubwool|264/264 slp|[silent]\n|move|p1a: Jellicent|Scald|p2a: Dubwool\n|-damage|p2a: Dubwool|192/264 slp\n|\n|upkeep\n|turn|24\n|\n|t:|1651167580\n|cant|p2a: Dubwool|slp\n|move|p2a: Dubwool|Sleep Talk|p2a: Dubwool\n|move|p2a: Dubwool|Body Press|p1a: Jellicent|[from]move: Sleep Talk\n|-immune|p1a: Jellicent\n|move|p1a: Jellicent|Scald|p2a: Dubwool\n|-damage|p2a: Dubwool|119/264 slp\n|\n|upkeep\n|turn|25\n|\n|t:|1651167588\n|cant|p2a: Dubwool|slp\n|move|p2a: Dubwool|Sleep Talk|p2a: Dubwool\n|move|p2a: Dubwool|Body Press|p1a: Jellicent|[from]move: Sleep Talk\n|-immune|p1a: Jellicent\n|move|p1a: Jellicent|Scald|p2a: Dubwool\n|-damage|p2a: Dubwool|43/264 slp\n|\n|upkeep\n|turn|26\n|\n|t:|1651167604\n|-curestatus|p2a: Dubwool|slp|[msg]\n|move|p2a: Dubwool|Rest|p2a: Dubwool\n|-status|p2a: Dubwool|slp|[from] move: Rest\n|-heal|p2a: Dubwool|264/264 slp|[silent]\n|move|p1a: Jellicent|Will-O-Wisp||[still]\n|-fail|p1a: Jellicent\n|\n|upkeep\n|turn|27\n|\n|t:|1651167611\n|cant|p2a: Dubwool|slp\n|move|p1a: Jellicent|Will-O-Wisp||[still]\n|-fail|p1a: Jellicent\n|\n|upkeep\n|turn|28\n|\n|t:|1651167618\n|switch|p2a: Rotom|Rotom-Mow, L86|70/226\n|move|p1a: Jellicent|Will-O-Wisp|p2a: Rotom\n|-status|p2a: Rotom|brn\n|\n|-heal|p2a: Rotom|84/226 brn|[from] item: Leftovers\n|-damage|p2a: Rotom|70/226 brn|[from] brn\n|upkeep\n|turn|29\n|\n|t:|1651167622\n|move|p2a: Rotom|Thunderbolt|p1a: Jellicent\n|-supereffective|p1a: Jellicent\n|-damage|p1a: Jellicent|129/305\n|move|p1a: Jellicent|Shadow Ball|p2a: Rotom\n|-crit|p2a: Rotom\n|-damage|p2a: Rotom|0 fnt\n|faint|p2a: Rotom\n|\n|-heal|p1a: Jellicent|148/305|[from] item: Leftovers\n|upkeep\n|\n|t:|1651167625\n|switch|p2a: Ninetales|Ninetales-Alola, L79, F|245/245\n|-weather|Hail|[from] ability: Snow Warning|[of] p2a: Ninetales\n|turn|30\n|\n|t:|1651167636\n|switch|p1a: Lucario|Lucario, L82, M|249/249\n|move|p2a: Ninetales|Nasty Plot|p2a: Ninetales\n|-boost|p2a: Ninetales|spa|2\n|\n|-weather|Hail|[upkeep]\n|-damage|p1a: Lucario|234/249|[from] Hail\n|upkeep\n|turn|31\n|\n|t:|1651167651\n|-start|p2a: Ninetales|Dynamax|\n|-heal|p2a: Ninetales|490/490|[silent]\n|move|p2a: Ninetales|Max Starfall|p1a: Lucario\n|-damage|p1a: Lucario|0 fnt\n|-fieldstart|move: Misty Terrain\n|faint|p1a: Lucario\n|\n|-weather|Hail|[upkeep]\n|upkeep\n|c|\u2606Elxsa|o i forgot u had dmax lol\n|\n|t:|1651167662\n|switch|p1a: Jellicent|Jellicent, L84, M|148/305\n|turn|32\n|c|\u2606Elxsa|gg\n|c|\u2606Referrals|gg bro\n|\n|t:|1651167670\n|move|p2a: Ninetales|Max Starfall|p1a: Jellicent\n|-damage|p1a: Jellicent|0 fnt\n|faint|p1a: Jellicent\n|\n|win|Referrals\n|raw|Elxsa's rating: 2497 &rarr; <strong>2478</strong><br />(-19 for losing)\n|raw|Referrals's rating: 2506 &rarr; <strong>2525</strong><br />(+19 for winning)\n|c| WorshiperofCthulu|yes Referrals you did it\n|c|\u2606Referrals|:)\n|l| Simple Spectator 2\n|c|\u2606Elxsa|pog\n|l| WorshiperofCthulu\n|c|\u2606Referrals|Damn this felt like such a weird game\n|c|\u2606Elxsa|yk one thing\n|c|\u2606Referrals|What's up?\n|c|\u2606Elxsa|you see how i used hydro pump\n|c|\u2606Elxsa|on marshadow\n|c|\u2606Referrals|Ye\n||Ladder isn't responding, score probably updated but might not have (Request timeout).\n|c|\u2606Elxsa|then i maxed\n|c|\u2606Elxsa|when my max ended, i wasnt locked into pump\n|c|\u2606Referrals|What?\n|c|\u2606Elxsa|i had all 4 options\n|c|\u2606Elxsa|yes\n|c|\u2606Referrals|Also\n|c|\u2606Elxsa|i found it strange\n|c|\u2606Referrals|One thing I noticed that was strange too\n", "inputlog": ">version b2a2bf97137f7bd2d008c18e2e31ef2dd6a0993b\n>start {\"formatid\":\"gen8randombattle\",\"seed\":[40412,20827,57293,22863],\"rated\":\"Rated battle\"}\n>player p1 {\"name\":\"Elxsa\",\"avatar\":\"elesa\",\"rating\":2497,\"seed\":[63313,36001,14333,29461]}\n>player p2 {\"name\":\"Referrals\",\"avatar\":\"1\",\"rating\":2506,\"seed\":[44320,61197,36003,45487]}\n>chat \u2606Elxsa|omg surprised to see you\n>chat \u2606Referrals|oh wow \n>chat  WorshiperofCthulu|Referrals if you lose i will be very disappointed \n>p1 move nastyplot\n>p2 switch 4\n>p1 switch 3\n>p2 move leafstorm\n>p1 move superpower\n>p2 move voltswitch\n>p2 switch 5\n>p1 switch 4\n>p1 move hydropump\n>p2 move closecombat\n>p2 switch 3\n>p1 move airslash dynamax\n>p2 move powerwhip\n>p1 move airslash dynamax\n>p2 switch 6\n>p1 move hydropump dynamax\n>p2 move closecombat\n>p2 switch 5\n>p1 move hydropump\n>p2 move thunderbolt\n>p1 switch 5\n>p1 move swordsdance\n>p2 switch 2\n>p1 move knockoff\n>p2 switch 6\n>p2 switch 6\n>p1 move knockoff\n>p2 move cottonguard\n>p1 move knockoff\n>p2 move bodypress\n>p1 switch 2\n>p1 move shadowball\n>p2 move rest\n>p1 move shadowball\n>p2 move sleeptalk\n>p1 move shadowball\n>p2 move sleeptalk\n>p1 move willowisp\n>p2 move bodypress\n>p1 move scald\n>p2 move rest\n>p1 move scald\n>p2 move sleeptalk\n>p1 move scald\n>p2 move sleeptalk\n>p1 switch 3\n>p2 move rest\n>p1 move psychic\n>p2 move sleeptalk\n>p1 switch 3\n>p1 move scald\n>p2 move bodypress\n>p1 move scald\n>p2 move rest\n>p1 move scald\n>p2 move sleeptalk\n>p1 move scald\n>p2 move sleeptalk\n>p1 move willowisp\n>p2 move rest\n>p1 move willowisp\n>p2 move rest\n>p1 move willowisp\n>p2 switch 2\n>p1 move shadowball\n>p2 move thunderbolt\n>p2 switch 4\n>p1 switch 6\n>p2 move nastyplot\n>p1 move meteormash\n>p2 move moonblast dynamax\n>chat \u2606Elxsa|o i forgot u had dmax lol\n>p1 switch 6\n>chat \u2606Elxsa|gg\n>chat \u2606Referrals|gg bro\n>p1 move recover\n>p2 move moonblast dynamax", "uploadtime": 1651167776, "views": 191, "p1id": "elxsa", "p2id": "referrals", "formatid": "gen8randombattle", "rating": 2478, "private": 0, "password": null}