{"id": "gen8randombattle-1872778191", "p1": "yqy", "p2": "Sabby60>!!>", "format": "[Gen 8] Random Battle", "log": "|j|\u2606yqy\n|j|\u2606Sabby60>!!>\n|inactive|Battle timer is ON: inactive players will automatically lose when time's up.\n|t:|1685283454\n|gametype|singles\n|player|p1|yqy|sightseerf|\n|player|p2|Sabby60>!!>|hugh|\n|teamsize|p1|3\n|teamsize|p2|3\n|gen|8\n|tier|[Gen 8] Random Battle\n|rated|Tournament battle\n|rule|Species Clause: Limit one of each Pok\u00e9mon\n|rule|HP Percentage Mod: HP is shown in percentages\n|rule|Sleep Clause Mod: Limit one foe put to sleep\n|rule|Dynamax Clause: You cannot dynamax\n|clearpoke\n|poke|p1|Arctozolt, L88|\n|poke|p1|Krookodile, L82, M|\n|poke|p1|Spiritomb, L88, F|\n|poke|p2|Musharna, L88, M|\n|poke|p2|Thievul, L88, M|\n|poke|p2|Zekrom, L74|\n|teampreview|1\n|j|%Dirain\n|inactive|Sabby60>!!> has 120 seconds left.\n|inactive|Sabby60>!!> has 90 seconds left.\n|j| MrDrainPunch\n|l| MrDrainPunch\n|\n|t:|1685283544\n|start\n|switch|p1a: Krookodile|Krookodile, L82, M|290/290\n|switch|p2a: Zekrom|Zekrom, L74|270/270\n|-ability|p1a: Krookodile|Intimidate|boost\n|-unboost|p2a: Zekrom|atk|1\n|-ability|p2a: Zekrom|Teravolt\n|turn|1\n|\n|t:|1685283554\n|move|p1a: Krookodile|Earthquake|p2a: Zekrom\n|-supereffective|p2a: Zekrom\n|-damage|p2a: Zekrom|2/270\n|-damage|p1a: Krookodile|261/290|[from] item: Life Orb\n|move|p2a: Zekrom|Dragon Dance|p2a: Zekrom\n|-boost|p2a: Zekrom|atk|1\n|-boost|p2a: Zekrom|spe|1\n|\n|upkeep\n|turn|2\n|\n|t:|1685283565\n|move|p2a: Zekrom|Outrage|p1a: Krookodile\n|-damage|p1a: Krookodile|110/290\n|move|p1a: Krookodile|Knock Off|p2a: Zekrom\n|-damage|p2a: Zekrom|0 fnt\n|-enditem|p2a: Zekrom|Lum Berry|[from] move: Knock Off|[of] p1a: Krookodile\n|faint|p2a: Zekrom\n|-damage|p1a: Krookodile|81/290|[from] item: Life Orb\n|\n|win|yqy\n|n|\u2606yqy|yqy\n|n|\u2606Sabby60>!!>|sabby60\n|n|+Dirain|dirain\n", "inputlog": ">version d74822bbc74c095aa312053f7034baee3068d99e\n>start {\"formatid\":\"gen8randombattle@@@Max Team Size = 3,Picked Team Size = 1,Dynamax Clause,Team Preview\",\"seed\":[42955,53989,176,29084],\"rated\":\"Tournament battle\"}\n>player p1 {\"name\":\"yqy\",\"avatar\":\"sightseerf\",\"rating\":0,\"seed\":[23530,13952,26583,50804]}\n>player p2 {\"name\":\"Sabby60>!!>\",\"avatar\":\"hugh\",\"rating\":0,\"seed\":[58228,55874,36019,41502]}\n>p1 team 2\n>p2 team 3\n>p1 move earthquake\n>p2 move dragondance\n>p1 move knockoff\n>p2 move outrage", "uploadtime": 1685283566, "views": 2, "p1id": "yqy", "p2id": "sabby60", "formatid": "gen8randombattle", "rating": 0, "private": 0, "password": ""}