{"id": "gen8randombattle-1861669130", "p1": "Ndima", "p2": "Astyacos", "format": "[Gen 8] Random Battle", "log": "|j|\u2606Ndima\n|j|\u2606Astyacos\n|t:|1683791401\n|gametype|singles\n|player|p1|Ndima|265|1321\n|player|p2|Astyacos|1|1294\n|teamsize|p1|6\n|teamsize|p2|6\n|gen|8\n|tier|[Gen 8] Random Battle\n|rated|\n|rule|Species Clause: Limit one of each Pok\u00e9mon\n|rule|HP Percentage Mod: HP is shown in percentages\n|rule|Sleep Clause Mod: Limit one foe put to sleep\n|\n|t:|1683791401\n|start\n|switch|p1a: Archeops|Archeops, L82, F|257/257\n|switch|p2a: Groudon|Groudon, L73|266/266\n|-weather|SunnyDay|[from] ability: Drought|[of] p2a: Groudon\n|turn|1\n|inactive|Battle timer is ON: inactive players will automatically lose when time's up. (requested by Ndima)\n|\n|t:|1683791421\n|move|p1a: Archeops|U-turn|p2a: Groudon\n|-damage|p2a: Groudon|193/266\n|\n|t:|1683791437\n|switch|p1a: Celebi|Celebi, L82|298/298|[from] U-turn\n|move|p2a: Groudon|Heavy Slam|p1a: Celebi\n|-damage|p1a: Celebi|209/298\n|\n|-weather|SunnyDay|[upkeep]\n|-heal|p1a: Celebi|227/298|[from] item: Leftovers\n|-heal|p2a: Groudon|209/266|[from] item: Leftovers\n|upkeep\n|turn|2\n|\n|t:|1683791457\n|switch|p2a: Eldegoss|Eldegoss, L90, M|254/254\n|move|p1a: Celebi|Nasty Plot|p1a: Celebi\n|-boost|p1a: Celebi|spa|2\n|\n|-weather|SunnyDay|[upkeep]\n|-heal|p1a: Celebi|245/298|[from] item: Leftovers\n|upkeep\n|turn|3\n|\n|t:|1683791471\n|move|p1a: Celebi|Psychic|p2a: Eldegoss\n|-damage|p2a: Eldegoss|128/254\n|move|p2a: Eldegoss|Rapid Spin|p1a: Celebi\n|-damage|p1a: Celebi|220/298\n|-boost|p2a: Eldegoss|spe|1\n|\n|-weather|SunnyDay|[upkeep]\n|-heal|p1a: Celebi|238/298|[from] item: Leftovers\n|upkeep\n|turn|4\n|\n|t:|1683791485\n|switch|p1a: Volcanion|Volcanion, L80|259/259\n|move|p2a: Eldegoss|Pollen Puff|p1a: Volcanion\n|-resisted|p1a: Volcanion\n|-damage|p1a: Volcanion|227/259\n|\n|-weather|SunnyDay|[upkeep]\n|upkeep\n|turn|5\n|\n|t:|1683791499\n|move|p2a: Eldegoss|Sleep Powder|p1a: Volcanion\n|-status|p1a: Volcanion|slp|[from] move: Sleep Powder\n|cant|p1a: Volcanion|slp\n|\n|-weather|none\n|upkeep\n|turn|6\n|\n|t:|1683791503\n|move|p2a: Eldegoss|Energy Ball|p1a: Volcanion\n|-damage|p1a: Volcanion|136/259 slp\n|-unboost|p1a: Volcanion|spd|1\n|cant|p1a: Volcanion|slp\n|\n|upkeep\n|turn|7\n|\n|t:|1683791511\n|switch|p1a: Archeops|Archeops, L82, F|257/257\n|move|p2a: Eldegoss|Rapid Spin|p1a: Archeops\n|-resisted|p1a: Archeops\n|-damage|p1a: Archeops|241/257\n|-boost|p2a: Eldegoss|spe|1\n|\n|upkeep\n|turn|8\n|\n|t:|1683791520\n|move|p2a: Eldegoss|Energy Ball|p1a: Archeops\n|-damage|p1a: Archeops|130/257\n|-unboost|p1a: Archeops|spd|1\n|move|p1a: Archeops|Dual Wingbeat|p2a: Eldegoss|[miss]\n|-miss|p1a: Archeops|p2a: Eldegoss\n|\n|upkeep\n|turn|9\n|\n|t:|1683791531\n|switch|p1a: Celebi|Celebi, L82|238/298\n|move|p2a: Eldegoss|Energy Ball|p1a: Celebi\n|-resisted|p1a: Celebi\n|-damage|p1a: Celebi|191/298\n|-unboost|p1a: Celebi|spd|1\n|\n|-heal|p1a: Celebi|209/298|[from] item: Leftovers\n|upkeep\n|turn|10\n|\n|t:|1683791542\n|switch|p1a: Volcanion|Volcanion, L80|136/259 slp\n|move|p2a: Eldegoss|Pollen Puff|p1a: Volcanion\n|-resisted|p1a: Volcanion\n|-damage|p1a: Volcanion|106/259 slp\n|\n|upkeep\n|turn|11\n|\n|t:|1683791553\n|move|p2a: Eldegoss|Energy Ball|p1a: Volcanion\n|-damage|p1a: Volcanion|6/259 slp\n|-unboost|p1a: Volcanion|spd|1\n|cant|p1a: Volcanion|slp\n|\n|upkeep\n|turn|12\n|c|\u2606Ndima|Wack\n|\n|t:|1683791573\n|move|p2a: Eldegoss|Pollen Puff|p1a: Volcanion\n|-resisted|p1a: Volcanion\n|-damage|p1a: Volcanion|0 fnt\n|faint|p1a: Volcanion\n|\n|upkeep\n|inactive|Ndima has 120 seconds left.\n|\n|t:|1683791596\n|switch|p1a: Archeops|Archeops, L82, F|130/257\n|turn|13\n|\n|t:|1683791607\n|move|p2a: Eldegoss|Energy Ball|p1a: Archeops\n|-damage|p1a: Archeops|12/257\n|move|p1a: Archeops|Dual Wingbeat|p2a: Eldegoss|[miss]\n|-miss|p1a: Archeops|p2a: Eldegoss\n|\n|upkeep\n|turn|14\n|c|\u2606Ndima|Cursed omg\n|\n|t:|1683791624\n|move|p2a: Eldegoss|Rapid Spin|p1a: Archeops\n|-resisted|p1a: Archeops\n|-damage|p1a: Archeops|0 fnt\n|-boost|p2a: Eldegoss|spe|1\n|faint|p1a: Archeops\n|\n|upkeep\n|\n|t:|1683791626\n|switch|p1a: Pheromosa|Pheromosa, L75|230/230\n|turn|15\n|\n|t:|1683791636\n|move|p2a: Eldegoss|Sleep Powder|p1a: Pheromosa\n|-status|p1a: Pheromosa|slp|[from] move: Sleep Powder\n|cant|p1a: Pheromosa|slp\n|\n|upkeep\n|turn|16\n|\n|t:|1683791639\n|switch|p2a: Groudon|Groudon, L73|209/266\n|-weather|SunnyDay|[from] ability: Drought|[of] p2a: Groudon\n|cant|p1a: Pheromosa|slp\n|\n|-weather|SunnyDay|[upkeep]\n|-heal|p2a: Groudon|225/266|[from] item: Leftovers\n|upkeep\n|turn|17\n|\n|t:|1683791651\n|switch|p1a: Celebi|Celebi, L82|209/298\n|move|p2a: Groudon|Heat Crash|p1a: Celebi\n|-supereffective|p1a: Celebi\n|-damage|p1a: Celebi|0 fnt\n|faint|p1a: Celebi\n|\n|-weather|SunnyDay|[upkeep]\n|-heal|p2a: Groudon|241/266|[from] item: Leftovers\n|upkeep\n|\n|t:|1683791668\n|switch|p1a: Carracosta|Carracosta, L84, M|262/262\n|turn|18\n|\n|t:|1683791677\n|switch|p2a: Kartana|Kartana, L74|209/209\n|move|p1a: Carracosta|Shell Smash|p1a: Carracosta\n|-unboost|p1a: Carracosta|def|1\n|-unboost|p1a: Carracosta|spd|1\n|-boost|p1a: Carracosta|atk|2\n|-boost|p1a: Carracosta|spa|2\n|-boost|p1a: Carracosta|spe|2\n|\n|-weather|SunnyDay|[upkeep]\n|upkeep\n|turn|19\n|\n|t:|1683791695\n|move|p2a: Kartana|Leaf Blade|p1a: Carracosta\n|-supereffective|p1a: Carracosta\n|-damage|p1a: Carracosta|0 fnt\n|faint|p1a: Carracosta\n|-ability|p2a: Kartana|Beast Boost|boost\n|-boost|p2a: Kartana|atk|1\n|-damage|p2a: Kartana|189/209|[from] item: Life Orb\n|\n|-weather|SunnyDay|[upkeep]\n|upkeep\n|-message|Ndima forfeited.\n|\n|win|Astyacos\n|raw|Ndima's rating: 1321 &rarr; <strong>1299</strong><br />(-22 for losing)\n|raw|Astyacos's rating: 1294 &rarr; <strong>1321</strong><br />(+27 for winning)\n|l|\u2606Ndima\n", "inputlog": ">version bce759c5f189753f4322d11c9e5aa78bbe1b1bf9\n>start {\"formatid\":\"gen8randombattle\",\"seed\":[6481,40369,5144,20750],\"rated\":\"Rated battle\"}\n>player p1 {\"name\":\"Ndima\",\"avatar\":\"265\",\"rating\":1321,\"seed\":[26329,64244,3696,38231]}\n>player p2 {\"name\":\"Astyacos\",\"avatar\":\"1\",\"rating\":1294,\"seed\":[29981,18655,35352,51209]}\n>p1 move uturn\n>p2 move heavyslam\n>p1 switch 6\n>p1 move nastyplot\n>p2 switch 4\n>p1 move psychic\n>p2 move rapidspin\n>p1 switch 2\n>p2 move pollenpuff\n>p1 move flamethrower\n>p2 move sleeppowder\n>p1 move flamethrower\n>p2 move energyball\n>p1 switch 6\n>p2 move rapidspin\n>p1 move dualwingbeat\n>p2 move energyball\n>p1 switch 2\n>p2 move energyball\n>p1 switch 6\n>p2 move pollenpuff\n>p1 move flamethrower\n>p2 move energyball\n>chat \u2606Ndima|Wack\n>p1 move flamethrower\n>p2 move pollenpuff\n>p1 switch 2\n>p1 move dualwingbeat\n>p2 move energyball\n>chat \u2606Ndima|Cursed omg\n>p1 move dualwingbeat\n>p2 move rapidspin\n>p1 switch 5\n>p1 move uturn\n>p2 move sleeppowder\n>p1 move uturn\n>p2 switch 4\n>p1 switch 6\n>p2 move heatcrash\n>p1 switch 4\n>p1 move shellsmash\n>p2 switch 3\n>p1 move stoneedge\n>p2 move leafblade\n>forcelose p1", "uploadtime": 1683791724, "views": 6, "p1id": "ndima", "p2id": "astyacos", "formatid": "gen8randombattle", "rating": 1299, "private": 0, "password": ""}