{"id": "gen8randombattle-1861853730", "p1": "Hilda2021", "p2": "lui 2022", "format": "[Gen 8] Random Battle", "log": "|j|\u2606Hilda2021\n|j|\u2606lui 2022\n|t:|1683815120\n|gametype|singles\n|player|p1|Hilda2021|hilda|\n|player|p2|lui 2022|265|\n|teamsize|p1|6\n|teamsize|p2|6\n|gen|8\n|tier|[Gen 8] Random Battle\n|rule|Species Clause: Limit one of each Pok\u00e9mon\n|rule|HP Percentage Mod: HP is shown in percentages\n|rule|Sleep Clause Mod: Limit one foe put to sleep\n|\n|t:|1683815120\n|start\n|switch|p1a: Tornadus|Tornadus, L80, M|258/258\n|switch|p2a: Claydol|Claydol, L86|243/243\n|turn|1\n|\n|t:|1683815158\n|switch|p1a: Delibird|Delibird, M|252/252\n|move|p2a: Claydol|Stealth Rock|p1a: Delibird\n|-sidestart|p1: Hilda2021|move: Stealth Rock\n|\n|upkeep\n|turn|2\n|\n|t:|1683815204\n|switch|p2a: Scizor|Scizor, L80, M|243/243\n|move|p1a: Delibird|Rapid Spin|p2a: Scizor\n|-resisted|p2a: Scizor\n|-crit|p2a: Scizor\n|-damage|p2a: Scizor|219/243\n|-boost|p1a: Delibird|spe|1\n|-sideend|p1: Hilda2021|Stealth Rock|[from] move: Rapid Spin|[of] p1a: Delibird\n|\n|-heal|p2a: Scizor|234/243|[from] item: Leftovers\n|upkeep\n|turn|3\n|\n|t:|1683815232\n|switch|p1a: Chandelure|Chandelure, L82, F|233/233\n|move|p2a: Scizor|Swords Dance|p2a: Scizor\n|-boost|p2a: Scizor|atk|2\n|\n|-heal|p2a: Scizor|243/243|[from] item: Leftovers\n|upkeep\n|turn|4\n|\n|t:|1683815332\n|switch|p2a: Pikachu|Pikachu-Kalos, L92, M|214/214\n|move|p1a: Chandelure|Fire Blast|p2a: Pikachu\n|-damage|p2a: Pikachu|7/214\n|\n|upkeep\n|turn|5\n|\n|t:|1683815381\n|switch|p1a: Delibird|Delibird, M|252/252\n|-start|p2a: Pikachu|Dynamax|\n|-heal|p2a: Pikachu|14/428|[silent]\n|move|p2a: Pikachu|Max Geyser|p1a: Delibird\n|-damage|p1a: Delibird|81/252\n|-weather|RainDance\n|\n|-weather|RainDance|[upkeep]\n|upkeep\n|turn|6\n|\n|t:|1683815396\n|switch|p1a: Lanturn|Lanturn, L86, F|355/355\n|move|p2a: Pikachu|Max Geyser|p1a: Lanturn\n|-resisted|p1a: Lanturn\n|-damage|p1a: Lanturn|245/355\n|\n|-weather|RainDance|[upkeep]\n|-heal|p1a: Lanturn|267/355|[from] item: Leftovers\n|upkeep\n|turn|7\n|\n|t:|1683815410\n|move|p2a: Pikachu|Max Lightning|p1a: Lanturn\n|-heal|p1a: Lanturn|355/355|[from] ability: Volt Absorb|[of] p2a: Pikachu\n|move|p1a: Lanturn|Scald|p2a: Pikachu\n|-damage|p2a: Pikachu|0 fnt\n|faint|p2a: Pikachu\n|\n|-weather|RainDance|[upkeep]\n|upkeep\n|\n|t:|1683815423\n|switch|p2a: Golurk|Golurk, L82|280/280\n|turn|8\n|\n|t:|1683815435\n|move|p1a: Lanturn|Scald|p2a: Golurk\n|-supereffective|p2a: Golurk\n|-damage|p2a: Golurk|38/280\n|move|p2a: Golurk|Earthquake|p1a: Lanturn\n|-supereffective|p1a: Lanturn\n|-damage|p1a: Lanturn|0 fnt\n|faint|p1a: Lanturn\n|\n|-weather|RainDance|[upkeep]\n|upkeep\n|\n|t:|1683815448\n|switch|p1a: Delibird|Delibird, M|81/252\n|turn|9\n|\n|t:|1683815462\n|switch|p2a: Vanilluxe|Vanilluxe, L82, M|251/251\n|-weather|Hail|[from] ability: Snow Warning|[of] p2a: Vanilluxe\n|move|p1a: Delibird|Freeze-Dry|p2a: Vanilluxe\n|-resisted|p2a: Vanilluxe\n|-damage|p2a: Vanilluxe|215/251\n|\n|-weather|Hail|[upkeep]\n|upkeep\n|turn|10\n|\n|t:|1683815478\n|move|p1a: Delibird|Spikes|p2a: Vanilluxe\n|-sidestart|p2: lui 2022|Spikes\n|move|p2a: Vanilluxe|Blizzard|p1a: Delibird\n|-damage|p1a: Delibird|0 fnt\n|faint|p1a: Delibird\n|\n|-weather|Hail|[upkeep]\n|upkeep\n|\n|t:|1683815505\n|switch|p1a: Chandelure|Chandelure, L82, F|233/233\n|turn|11\n|\n|t:|1683815521\n|switch|p2a: Claydol|Claydol, L86|243/243\n|move|p1a: Chandelure|Calm Mind|p1a: Chandelure\n|-boost|p1a: Chandelure|spa|1\n|-boost|p1a: Chandelure|spd|1\n|\n|-weather|Hail|[upkeep]\n|-damage|p1a: Chandelure|219/233|[from] Hail\n|-damage|p2a: Claydol|228/243|[from] Hail\n|-heal|p2a: Claydol|243/243|[from] item: Leftovers\n|upkeep\n|turn|12\n|\n|t:|1683815560\n|-start|p1a: Chandelure|Dynamax|\n|-heal|p1a: Chandelure|438/466|[silent]\n|move|p1a: Chandelure|Max Phantasm|p2a: Claydol\n|-supereffective|p2a: Claydol\n|-damage|p2a: Claydol|0 fnt\n|faint|p2a: Claydol\n|\n|-weather|Hail|[upkeep]\n|-damage|p1a: Chandelure|424/466|[from] Hail\n|upkeep\n|\n|t:|1683815572\n|switch|p2a: Rapidash|Rapidash-Galar, L84, F|246/246\n|-damage|p2a: Rapidash|216/246|[from] Spikes\n|turn|13\n|\n|t:|1683815584\n|switch|p2a: Vanilluxe|Vanilluxe, L82, M|215/251\n|-damage|p2a: Vanilluxe|184/251|[from] Spikes\n|move|p1a: Chandelure|Max Phantasm|p2a: Vanilluxe\n|-crit|p2a: Vanilluxe\n|-damage|p2a: Vanilluxe|0 fnt\n|faint|p2a: Vanilluxe\n|\n|-weather|none\n|upkeep\n|\n|t:|1683815597\n|switch|p2a: Golurk|Golurk, L82|38/280\n|-damage|p2a: Golurk|3/280|[from] Spikes\n|turn|14\n|\n|t:|1683815607\n|move|p1a: Chandelure|Max Flare|p2a: Golurk\n|-damage|p2a: Golurk|0 fnt\n|-weather|SunnyDay\n|faint|p2a: Golurk\n|\n|-weather|SunnyDay|[upkeep]\n|upkeep\n|\n|t:|1683815621\n|switch|p2a: Rapidash|Rapidash-Galar, L84, F|216/246\n|-damage|p2a: Rapidash|186/246|[from] Spikes\n|-end|p1a: Chandelure|Dynamax\n|-heal|p1a: Chandelure|212/233|[silent]\n|turn|15\n|\n|t:|1683815642\n|switch|p1a: Tornadus|Tornadus, L80, M|258/258\n|move|p2a: Rapidash|Play Rough|p1a: Tornadus\n|-damage|p1a: Tornadus|135/258\n|\n|-weather|SunnyDay|[upkeep]\n|-heal|p2a: Rapidash|201/246|[from] item: Leftovers\n|upkeep\n|turn|16\n|\n|t:|1683815656\n|move|p2a: Rapidash|Swords Dance|p2a: Rapidash\n|-boost|p2a: Rapidash|atk|2\n|move|p1a: Tornadus|Heat Wave|p2a: Rapidash\n|-damage|p2a: Rapidash|84/246\n|\n|-weather|SunnyDay|[upkeep]\n|-heal|p2a: Rapidash|99/246|[from] item: Leftovers\n|upkeep\n|turn|17\n|\n|t:|1683815668\n|move|p2a: Rapidash|Morning Sun|p2a: Rapidash\n|-heal|p2a: Rapidash|246/246\n|move|p1a: Tornadus|Heat Wave|p2a: Rapidash|[miss]\n|-miss|p1a: Tornadus|p2a: Rapidash\n|\n|-weather|SunnyDay|[upkeep]\n|upkeep\n|turn|18\n|\n|t:|1683815681\n|move|p1a: Tornadus|Nasty Plot|p1a: Tornadus\n|-boost|p1a: Tornadus|spa|2\n|move|p2a: Rapidash|Swords Dance|p2a: Rapidash\n|-boost|p2a: Rapidash|atk|2\n|\n|-weather|none\n|upkeep\n|turn|19\n|\n|t:|1683815693\n|move|p2a: Rapidash|Play Rough|p1a: Tornadus\n|-damage|p1a: Tornadus|0 fnt\n|faint|p1a: Tornadus\n|\n|upkeep\n|\n|t:|1683815703\n|switch|p1a: Kingler|Kingler, L84, F|230/230\n|turn|20\n|\n|t:|1683815711\n|move|p2a: Rapidash|Swords Dance|p2a: Rapidash\n|-boost|p2a: Rapidash|atk|2\n|move|p1a: Kingler|Liquidation|p2a: Rapidash\n|-damage|p2a: Rapidash|24/246\n|\n|-heal|p2a: Rapidash|39/246|[from] item: Leftovers\n|upkeep\n|turn|21\n|\n|t:|1683815721\n|move|p2a: Rapidash|Play Rough|p1a: Kingler\n|-damage|p1a: Kingler|0 fnt\n|faint|p1a: Kingler\n|\n|-heal|p2a: Rapidash|54/246|[from] item: Leftovers\n|upkeep\n|\n|t:|1683815727\n|switch|p1a: Gurdurr|Gurdurr, L83, F|277/277\n|turn|22\n|\n|t:|1683815734\n|move|p1a: Gurdurr|Mach Punch|p2a: Rapidash\n|-resisted|p2a: Rapidash\n|-damage|p2a: Rapidash|42/246\n|move|p2a: Rapidash|Play Rough|p1a: Gurdurr\n|-supereffective|p1a: Gurdurr\n|-damage|p1a: Gurdurr|0 fnt\n|faint|p1a: Gurdurr\n|\n|-heal|p2a: Rapidash|57/246|[from] item: Leftovers\n|upkeep\n|\n|t:|1683815740\n|switch|p1a: Chandelure|Chandelure, L82, F|212/233\n|turn|23\n|\n|t:|1683815750\n|move|p2a: Rapidash|Morning Sun|p2a: Rapidash\n|-heal|p2a: Rapidash|180/246\n|move|p1a: Chandelure|Shadow Ball|p2a: Rapidash\n|-supereffective|p2a: Rapidash\n|-damage|p2a: Rapidash|0 fnt\n|faint|p2a: Rapidash\n|\n|upkeep\n|\n|t:|1683815759\n|switch|p2a: Scizor|Scizor, L80, M|243/243\n|-damage|p2a: Scizor|213/243|[from] Spikes\n|turn|24\n|\n|t:|1683815775\n|move|p2a: Scizor|Bullet Punch|p1a: Chandelure\n|-resisted|p1a: Chandelure\n|-damage|p1a: Chandelure|175/233\n|move|p1a: Chandelure|Fire Blast|p2a: Scizor|[miss]\n|-miss|p1a: Chandelure|p2a: Scizor\n|\n|-heal|p2a: Scizor|228/243|[from] item: Leftovers\n|upkeep\n|turn|25\n|\n|t:|1683815787\n|move|p1a: Chandelure|Fire Blast|p2a: Scizor\n|-supereffective|p2a: Scizor\n|-damage|p2a: Scizor|0 fnt\n|faint|p2a: Scizor\n|\n|win|Hilda2021\n", "inputlog": ">version bce759c5f189753f4322d11c9e5aa78bbe1b1bf9\n>start {\"formatid\":\"gen8randombattle\",\"seed\":[28118,42588,54958,60169]}\n>player p1 {\"name\":\"Hilda2021\",\"avatar\":\"hilda\",\"rating\":0,\"seed\":[13476,44219,24125,43391]}\n>player p2 {\"name\":\"lui 2022\",\"avatar\":\"265\",\"rating\":0,\"seed\":[56970,47923,20022,16801]}\n>p1 switch 4\n>p2 move stealthrock\n>p1 move rapidspin\n>p2 switch 5\n>p1 switch 2\n>p2 move swordsdance\n>p1 move fireblast\n>p2 switch 4\n>p1 switch 2\n>p2 move surf dynamax\n>p1 switch 6\n>p2 move surf dynamax\n>p1 move scald\n>p2 move voltswitch dynamax\n>p2 switch 6\n>p1 move scald\n>p2 move earthquake\n>p1 switch 6\n>p1 move freezedry\n>p2 switch 3\n>p1 move spikes\n>p2 move blizzard\n>p1 switch 2\n>p1 move calmmind\n>p2 switch 5\n>p1 move shadowball dynamax\n>p2 move earthquake\n>p2 switch 2\n>p1 move shadowball dynamax\n>p2 switch 5\n>p2 switch 3\n>p1 move fireblast dynamax\n>p2 move earthquake\n>p2 switch 5\n>p1 switch 4\n>p2 move playrough\n>p1 move heatwave\n>p2 move swordsdance\n>p1 move heatwave\n>p2 move morningsun\n>p1 move nastyplot\n>p2 move swordsdance\n>p1 move hurricane\n>p2 move playrough\n>p1 switch 5\n>p1 move liquidation\n>p2 move swordsdance\n>p1 move liquidation\n>p2 move playrough\n>p1 switch 3\n>p1 move machpunch\n>p2 move playrough\n>p1 switch 4\n>p1 move shadowball\n>p2 move morningsun\n>p2 switch 4\n>p1 move fireblast\n>p2 move bulletpunch\n>p1 move fireblast\n>p2 move swordsdance", "uploadtime": 1683815821, "views": 3, "p1id": "hilda2021", "p2id": "lui2022", "formatid": "gen8randombattle", "rating": 0, "private": 0, "password": ""}