{"id": "gen8randombattle-1862085000", "p1": "walt2000", "p2": "lauda Mera", "format": "[Gen 8] Random Battle", "log": "|j|\u2606walt2000\n|j|\u2606lauda Mera\n|t:|1683835414\n|gametype|singles\n|player|p1|walt2000|red-gen7|1411\n|player|p2|lauda Mera|hilbert-wonderlauncher|1424\n|teamsize|p1|6\n|teamsize|p2|6\n|gen|8\n|tier|[Gen 8] Random Battle\n|rated|\n|rule|Species Clause: Limit one of each Pok\u00e9mon\n|rule|HP Percentage Mod: HP is shown in percentages\n|rule|Sleep Clause Mod: Limit one foe put to sleep\n|\n|t:|1683835414\n|start\n|switch|p1a: Cobalion|Cobalion, L78|270/270\n|switch|p2a: Mawile|Mawile, L86, F|226/226\n|turn|1\n|inactive|Battle timer is ON: inactive players will automatically lose when time's up. (requested by lauda Mera)\n|\n|t:|1683835430\n|switch|p2a: Mudsdale|Mudsdale, L82, F|298/298\n|move|p1a: Cobalion|Volt Switch|p2a: Mudsdale\n|-immune|p2a: Mudsdale\n|\n|upkeep\n|turn|2\n|\n|t:|1683835445\n|switch|p1a: Eiscue|Eiscue, L82, F|256/256\n|move|p2a: Mudsdale|Body Press|p1a: Eiscue\n|-activate|p1a: Eiscue|ability: Ice Face\n|-damage|p1a: Eiscue|256/256\n|detailschange|p1a: Eiscue|Eiscue-Noice, L82, F\n|\n|upkeep\n|turn|3\n|\n|t:|1683835464\n|move|p1a: Eiscue|Belly Drum|p1a: Eiscue\n|-damage|p1a: Eiscue|128/256\n|-setboost|p1a: Eiscue|atk|6|[from] move: Belly Drum\n|-enditem|p1a: Eiscue|Sitrus Berry|[eat]\n|-heal|p1a: Eiscue|192/256|[from] item: Sitrus Berry\n|move|p2a: Mudsdale|Body Press|p1a: Eiscue\n|-supereffective|p1a: Eiscue\n|-damage|p1a: Eiscue|0 fnt\n|faint|p1a: Eiscue\n|\n|upkeep\n|-message|walt2000 forfeited.\n|\n|win|lauda Mera\n|raw|walt2000's rating: 1411 &rarr; <strong>1392</strong><br />(-19 for losing)\n|raw|lauda Mera's rating: 1424 &rarr; <strong>1443</strong><br />(+19 for winning)\n|l|\u2606walt2000\n", "inputlog": ">version bce759c5f189753f4322d11c9e5aa78bbe1b1bf9\n>start {\"formatid\":\"gen8randombattle\",\"seed\":[53293,53623,60649,56583],\"rated\":\"Rated battle\"}\n>player p1 {\"name\":\"walt2000\",\"avatar\":\"red-gen7\",\"rating\":1411,\"seed\":[21550,57639,35129,16935]}\n>player p2 {\"name\":\"lauda Mera\",\"avatar\":\"hilbert-wonderlauncher\",\"rating\":1424,\"seed\":[501,59107,41435,20262]}\n>p1 move voltswitch\n>p2 switch 2\n>p1 switch 3\n>p2 move bodypress\n>p1 move bellydrum\n>p2 move bodypress\n>forcelose p1", "uploadtime": 1683835472, "views": 6, "p1id": "walt2000", "p2id": "laudamera", "formatid": "gen8randombattle", "rating": 1392, "private": 0, "password": ""}