{"id": "gen8randombattle-1871634471", "p1": "Bka Onon", "p2": "Miss Novelist", "format": "[Gen 8] Random Battle", "log": "|j|\u2606Bka Onon\n|j|\u2606Miss Novelist\n|t:|1685114587\n|gametype|singles\n|player|p1|Bka Onon|amelia-shuffle|\n|player|p2|Miss Novelist|veteranf|\n|teamsize|p1|6\n|teamsize|p2|6\n|gen|8\n|tier|[Gen 8] Random Battle\n|rule|Species Clause: Limit one of each Pok\u00e9mon\n|rule|HP Percentage Mod: HP is shown in percentages\n|rule|Sleep Clause Mod: Limit one foe put to sleep\n|\n|t:|1685114587\n|start\n|switch|p1a: Necrozma|Necrozma, L80|286/286\n|switch|p2a: Crobat|Crobat, L82, F|274/274\n|turn|1\n|c|\u2606Miss Novelist|glhf!\n|c|\u2606Bka Onon|u2\n|\n|t:|1685114600\n|move|p2a: Crobat|Taunt|p1a: Necrozma\n|-start|p1a: Necrozma|move: Taunt\n|move|p1a: Necrozma|Photon Geyser|p2a: Crobat\n|-supereffective|p2a: Crobat\n|-damage|p2a: Crobat|14/274\n|\n|upkeep\n|turn|2\n|\n|t:|1685114608\n|switch|p2a: Grimmsnarl|Grimmsnarl, L82, M|290/290\n|move|p1a: Necrozma|Photon Geyser|p2a: Grimmsnarl\n|-immune|p2a: Grimmsnarl\n|\n|upkeep\n|turn|3\n|j| ArkenCiel\n|\n|t:|1685114624\n|switch|p1a: Celesteela|Celesteela, L77|276/276\n|move|p2a: Grimmsnarl|Darkest Lariat|p1a: Celesteela\n|-damage|p1a: Celesteela|122/276\n|\n|-heal|p1a: Celesteela|139/276|[from] item: Leftovers\n|upkeep\n|turn|4\n|\n|t:|1685114633\n|move|p1a: Celesteela|Protect|p1a: Celesteela\n|-singleturn|p1a: Celesteela|Protect\n|move|p2a: Grimmsnarl|Darkest Lariat|p1a: Celesteela\n|-activate|p1a: Celesteela|move: Protect\n|\n|-heal|p1a: Celesteela|156/276|[from] item: Leftovers\n|upkeep\n|turn|5\n|\n|t:|1685114640\n|switch|p1a: Diancie|Diancie, L82|216/216\n|move|p2a: Grimmsnarl|Darkest Lariat|p1a: Diancie\n|-resisted|p1a: Diancie\n|-crit|p1a: Diancie\n|-damage|p1a: Diancie|138/216\n|\n|upkeep\n|turn|6\n|\n|t:|1685114651\n|switch|p2a: Genesect|Genesect-Douse, L74|227/227\n|-ability|p2a: Genesect|Download|boost\n|-boost|p2a: Genesect|spa|1\n|move|p1a: Diancie|Diamond Storm|p2a: Genesect\n|-crit|p2a: Genesect\n|-damage|p2a: Genesect|73/227\n|-boost|p1a: Diancie|def|2\n|\n|upkeep\n|turn|7\n|\n|t:|1685114669\n|move|p2a: Genesect|Iron Head|p1a: Diancie\n|-supereffective|p1a: Diancie\n|-damage|p1a: Diancie|38/216\n|move|p1a: Diancie|Body Press|p2a: Genesect\n|-damage|p2a: Genesect|0 fnt\n|faint|p2a: Genesect\n|\n|upkeep\n|\n|t:|1685114694\n|switch|p2a: Whiscash|Whiscash, L86, F|329/329\n|turn|8\n|\n|t:|1685114701\n|move|p2a: Whiscash|Liquidation|p1a: Diancie\n|-supereffective|p1a: Diancie\n|-damage|p1a: Diancie|0 fnt\n|faint|p1a: Diancie\n|\n|upkeep\n|\n|t:|1685114708\n|switch|p1a: Exeggutor|Exeggutor-Alola, L87, F|307/307\n|-item|p2a: Whiscash|Choice Band|[from] ability: Frisk|[of] p1a: Exeggutor|[identify]\n|turn|9\n|\n|t:|1685114719\n|switch|p2a: Clefable|Clefable, L82, F|290/290\n|move|p1a: Exeggutor|Giga Drain|p2a: Clefable\n|-damage|p2a: Clefable|148/290\n|-damage|p1a: Exeggutor|277/307|[from] item: Life Orb\n|\n|upkeep\n|turn|10\n|\n|t:|1685114728\n|switch|p1a: Celesteela|Celesteela, L77|156/276\n|move|p2a: Clefable|Soft-Boiled|p2a: Clefable\n|-heal|p2a: Clefable|290/290\n|\n|-heal|p1a: Celesteela|173/276|[from] item: Leftovers\n|upkeep\n|turn|11\n|\n|t:|1685114747\n|move|p1a: Celesteela|Protect|p1a: Celesteela\n|-singleturn|p1a: Celesteela|Protect\n|move|p2a: Clefable|Thunder Wave|p1a: Celesteela\n|-activate|p1a: Celesteela|move: Protect\n|\n|-heal|p1a: Celesteela|190/276|[from] item: Leftovers\n|upkeep\n|turn|12\n|\n|t:|1685114754\n|move|p2a: Clefable|Fire Blast|p1a: Celesteela|[miss]\n|-miss|p2a: Clefable|p1a: Celesteela\n|move|p1a: Celesteela|Flash Cannon|p2a: Clefable\n|-supereffective|p2a: Clefable\n|-damage|p2a: Clefable|144/290\n|\n|-heal|p1a: Celesteela|207/276|[from] item: Leftovers\n|upkeep\n|turn|13\n|c|\u2606Bka Onon|mb\n|\n|t:|1685114760\n|move|p2a: Clefable|Fire Blast|p1a: Celesteela\n|-supereffective|p1a: Celesteela\n|-damage|p1a: Celesteela|28/276\n|move|p1a: Celesteela|Flash Cannon|p2a: Clefable\n|-supereffective|p2a: Clefable\n|-damage|p2a: Clefable|0 fnt\n|faint|p2a: Clefable\n|-ability|p1a: Celesteela|Beast Boost|boost\n|-boost|p1a: Celesteela|spa|1\n|\n|-heal|p1a: Celesteela|45/276|[from] item: Leftovers\n|upkeep\n|\n|t:|1685114779\n|switch|p2a: Grimmsnarl|Grimmsnarl, L82, M|290/290\n|turn|14\n|\n|t:|1685114789\n|move|p1a: Celesteela|Protect|p1a: Celesteela\n|-singleturn|p1a: Celesteela|Protect\n|move|p2a: Grimmsnarl|Play Rough|p1a: Celesteela\n|-activate|p1a: Celesteela|move: Protect\n|\n|-heal|p1a: Celesteela|62/276|[from] item: Leftovers\n|upkeep\n|turn|15\n|\n|t:|1685114820\n|switch|p2a: Whiscash|Whiscash, L86, F|329/329\n|move|p1a: Celesteela|Protect||[still]\n|-fail|p1a: Celesteela\n|\n|-heal|p1a: Celesteela|79/276|[from] item: Leftovers\n|upkeep\n|turn|16\n|\n|t:|1685114827\n|move|p1a: Celesteela|Protect|p1a: Celesteela\n|-singleturn|p1a: Celesteela|Protect\n|move|p2a: Whiscash|Liquidation|p1a: Celesteela\n|-activate|p1a: Celesteela|move: Protect\n|\n|-heal|p1a: Celesteela|96/276|[from] item: Leftovers\n|upkeep\n|turn|17\n|\n|t:|1685114839\n|switch|p1a: Exeggutor|Exeggutor-Alola, L87, F|277/307\n|-item|p2a: Whiscash|Choice Band|[from] ability: Frisk|[of] p1a: Exeggutor|[identify]\n|move|p2a: Whiscash|Liquidation|p1a: Exeggutor\n|-resisted|p1a: Exeggutor\n|-damage|p1a: Exeggutor|248/307\n|\n|upkeep\n|turn|18\n|\n|t:|1685114853\n|switch|p2a: Guzzlord|Guzzlord, L84|512/512\n|move|p1a: Exeggutor|Giga Drain|p2a: Guzzlord\n|-resisted|p2a: Guzzlord\n|-damage|p2a: Guzzlord|450/512\n|-heal|p1a: Exeggutor|279/307|[from] drain|[of] p2a: Guzzlord\n|-damage|p1a: Exeggutor|249/307|[from] item: Life Orb\n|\n|upkeep\n|turn|19\n|\n|t:|1685114866\n|switch|p1a: Aromatisse|Aromatisse, L88, F|321/321\n|move|p2a: Guzzlord|Draco Meteor|p1a: Aromatisse\n|-immune|p1a: Aromatisse\n|\n|upkeep\n|turn|20\n|\n|t:|1685114873\n|move|p2a: Guzzlord|Knock Off|p1a: Aromatisse\n|-resisted|p1a: Aromatisse\n|-crit|p1a: Aromatisse\n|-damage|p1a: Aromatisse|239/321\n|-enditem|p1a: Aromatisse|Leftovers|[from] move: Knock Off|[of] p2a: Guzzlord\n|move|p1a: Aromatisse|Moonblast|p2a: Guzzlord\n|-supereffective|p2a: Guzzlord\n|-crit|p2a: Guzzlord\n|-damage|p2a: Guzzlord|0 fnt\n|faint|p2a: Guzzlord\n|\n|upkeep\n|\n|t:|1685114887\n|switch|p2a: Whiscash|Whiscash, L86, F|329/329\n|turn|21\n|\n|t:|1685114897\n|move|p1a: Aromatisse|Protect|p1a: Aromatisse\n|-singleturn|p1a: Aromatisse|Protect\n|move|p2a: Whiscash|Zen Headbutt|p1a: Aromatisse\n|-activate|p1a: Aromatisse|move: Protect\n|\n|upkeep\n|turn|22\n|\n|t:|1685114903\n|switch|p1a: Necrozma|Necrozma, L80|286/286\n|move|p2a: Whiscash|Zen Headbutt|p1a: Necrozma\n|-resisted|p1a: Necrozma\n|-damage|p1a: Necrozma|252/286\n|\n|-heal|p1a: Necrozma|269/286|[from] item: Leftovers\n|upkeep\n|turn|23\n|\n|t:|1685114913\n|move|p1a: Necrozma|Heat Wave|p2a: Whiscash\n|-resisted|p2a: Whiscash\n|-damage|p2a: Whiscash|283/329\n|move|p2a: Whiscash|Zen Headbutt|p1a: Necrozma\n|-resisted|p1a: Necrozma\n|-damage|p1a: Necrozma|236/286\n|\n|-heal|p1a: Necrozma|253/286|[from] item: Leftovers\n|upkeep\n|turn|24\n|\n|t:|1685114919\n|switch|p2a: Grimmsnarl|Grimmsnarl, L82, M|290/290\n|move|p1a: Necrozma|Heat Wave|p2a: Grimmsnarl\n|-damage|p2a: Grimmsnarl|207/290\n|\n|-heal|p1a: Necrozma|270/286|[from] item: Leftovers\n|upkeep\n|turn|25\n|\n|t:|1685114926\n|switch|p1a: Aromatisse|Aromatisse, L88, F|239/321\n|move|p2a: Grimmsnarl|Trick|p1a: Aromatisse\n|-activate|p2a: Grimmsnarl|move: Trick|[of] p1a: Aromatisse\n|-item|p1a: Aromatisse|Choice Band|[from] move: Trick\n|-enditem|p2a: Grimmsnarl|Choice Band|[silent]|[from] move: Trick\n|\n|upkeep\n|turn|26\n|\n|t:|1685114940\n|switch|p2a: Whiscash|Whiscash, L86, F|283/329\n|move|p1a: Aromatisse|Moonblast|p2a: Whiscash\n|-damage|p2a: Whiscash|153/329\n|\n|upkeep\n|turn|27\n|\n|t:|1685114949\n|switch|p1a: Necrozma|Necrozma, L80|270/286\n|move|p2a: Whiscash|Liquidation|p1a: Necrozma\n|-damage|p1a: Necrozma|165/286\n|\n|-heal|p1a: Necrozma|182/286|[from] item: Leftovers\n|upkeep\n|turn|28\n|\n|t:|1685114958\n|move|p1a: Necrozma|Calm Mind|p1a: Necrozma\n|-boost|p1a: Necrozma|spa|1\n|-boost|p1a: Necrozma|spd|1\n|move|p2a: Whiscash|Liquidation|p1a: Necrozma\n|-damage|p1a: Necrozma|70/286\n|\n|-heal|p1a: Necrozma|87/286|[from] item: Leftovers\n|upkeep\n|turn|29\n|\n|t:|1685114963\n|move|p1a: Necrozma|Moonlight|p1a: Necrozma\n|-heal|p1a: Necrozma|230/286\n|move|p2a: Whiscash|Liquidation|p1a: Necrozma\n|-damage|p1a: Necrozma|116/286\n|\n|-heal|p1a: Necrozma|133/286|[from] item: Leftovers\n|upkeep\n|turn|30\n|\n|t:|1685114972\n|move|p1a: Necrozma|Calm Mind|p1a: Necrozma\n|-boost|p1a: Necrozma|spa|1\n|-boost|p1a: Necrozma|spd|1\n|move|p2a: Whiscash|Liquidation|p1a: Necrozma\n|-damage|p1a: Necrozma|10/286\n|-unboost|p1a: Necrozma|def|1\n|\n|-heal|p1a: Necrozma|27/286|[from] item: Leftovers\n|upkeep\n|turn|31\n|\n|t:|1685114981\n|move|p1a: Necrozma|Photon Geyser|p2a: Whiscash\n|-damage|p2a: Whiscash|0 fnt\n|faint|p2a: Whiscash\n|\n|-heal|p1a: Necrozma|44/286|[from] item: Leftovers\n|upkeep\n|\n|t:|1685114986\n|switch|p2a: Grimmsnarl|Grimmsnarl, L82, M|207/290\n|turn|32\n|\n|t:|1685114992\n|move|p2a: Grimmsnarl|Sucker Punch||[still]\n|-fail|p2a: Grimmsnarl\n|move|p1a: Necrozma|Moonlight|p1a: Necrozma\n|-heal|p1a: Necrozma|187/286\n|\n|-heal|p1a: Necrozma|204/286|[from] item: Leftovers\n|upkeep\n|turn|33\n|\n|t:|1685115000\n|move|p1a: Necrozma|Heat Wave|p2a: Grimmsnarl\n|-damage|p2a: Grimmsnarl|18/290\n|-status|p2a: Grimmsnarl|brn\n|move|p2a: Grimmsnarl|Darkest Lariat|p1a: Necrozma\n|-supereffective|p1a: Necrozma\n|-damage|p1a: Necrozma|137/286\n|\n|-heal|p1a: Necrozma|154/286|[from] item: Leftovers\n|-damage|p2a: Grimmsnarl|0 fnt|[from] brn\n|faint|p2a: Grimmsnarl\n|upkeep\n|\n|t:|1685115005\n|switch|p2a: Crobat|Crobat, L82, F|14/274\n|turn|34\n|c|\u2606Miss Novelist|gg\n|c|\u2606Bka Onon|gg\n|\n|t:|1685115011\n|-start|p1a: Necrozma|Dynamax|\n|-heal|p1a: Necrozma|308/572|[silent]\n|move|p2a: Crobat|Brave Bird|p1a: Necrozma\n|-damage|p1a: Necrozma|152/572\n|-damage|p2a: Crobat|0 fnt|[from] Recoil\n|faint|p2a: Crobat\n|\n|win|Bka Onon\n|l| ArkenCiel\n", "inputlog": ">version 61c68e60481ef09071210320730fc448fef50368\n>start {\"formatid\":\"gen8randombattle\",\"seed\":[40788,41332,45798,49523]}\n>player p1 {\"name\":\"Bka Onon\",\"avatar\":\"amelia-shuffle\",\"rating\":0,\"seed\":[29075,39169,8673,41828]}\n>player p2 {\"name\":\"Miss Novelist\",\"avatar\":\"veteranf\",\"rating\":0,\"seed\":[42636,44352,52062,32914]}\n>chat \u2606Miss Novelist|glhf!\n>chat \u2606Bka Onon|u2\n>p1 move photongeyser\n>p2 move taunt\n>p1 move photongeyser\n>p2 switch 4\n>p1 switch 4\n>p2 move darkestlariat\n>p1 move protect\n>p2 move darkestlariat\n>p1 switch 6\n>p2 move darkestlariat\n>p1 move diamondstorm\n>p2 switch 6\n>p1 move bodypress\n>p2 move ironhead\n>p2 switch 5\n>p1 move bodypress\n>p2 move liquidation\n>p1 switch 3\n>p1 move gigadrain\n>p2 switch 3\n>p1 switch 6\n>p2 move softboiled\n>p1 move protect\n>p2 move thunderwave\n>p1 move flashcannon\n>p2 move fireblast\n>chat \u2606Bka Onon|mb\n>p1 move flashcannon\n>p2 move fireblast\n>p2 switch 6\n>p1 move protect\n>p2 move playrough\n>p1 move protect\n>p2 switch 3\n>p1 move protect\n>p2 move liquidation\n>p1 switch 6\n>p2 move liquidation\n>p1 move gigadrain\n>p2 switch 2\n>p1 switch 5\n>p2 move dracometeor\n>p1 move moonblast\n>p2 move knockoff\n>p2 switch 2\n>p1 move protect\n>p2 move zenheadbutt\n>p1 switch 4\n>p2 move zenheadbutt\n>p1 move heatwave\n>p2 move zenheadbutt\n>p1 move heatwave\n>p2 switch 3\n>p1 switch 4\n>p2 move trick\n>p1 move moonblast\n>p2 switch 3\n>p1 switch 4\n>p2 move liquidation\n>p1 move calmmind\n>p2 move liquidation\n>p1 move moonlight\n>p2 move liquidation\n>p1 move calmmind\n>p2 move liquidation\n>p1 move photongeyser\n>p2 move liquidation\n>p2 switch 3\n>p1 move moonlight\n>p2 move suckerpunch\n>p1 move heatwave\n>p2 move darkestlariat\n>p2 switch 4\n>chat \u2606Miss Novelist|gg\n>chat \u2606Bka Onon|gg\n>p1 move photongeyser dynamax\n>p2 move bravebird", "uploadtime": 1685115018, "views": 4, "p1id": "bkaonon", "p2id": "missnovelist", "formatid": "gen8randombattle", "rating": 0, "private": 0, "password": ""}