{"id": "gen8randombattle-1874076972", "p1": "wahns", "p2": "yath0303", "format": "[Gen 8] Random Battle", "log": "|j|\u2606wahns\n|j|\u2606yath0303\n|t:|1685463236\n|gametype|singles\n|player|p1|wahns|170|\n|player|p2|yath0303|170|\n|teamsize|p1|6\n|teamsize|p2|6\n|gen|8\n|tier|[Gen 8] Random Battle\n|rule|Species Clause: Limit one of each Pok\u00e9mon\n|rule|HP Percentage Mod: HP is shown in percentages\n|rule|Sleep Clause Mod: Limit one foe put to sleep\n|\n|t:|1685463236\n|start\n|switch|p1a: Kingdra|Kingdra, L82, M|257/257\n|switch|p2a: Sylveon|Sylveon, L84, M|297/297\n|turn|1\n|\n|t:|1685463325\n|switch|p1a: Cinderace|Cinderace, L74, M|239/239\n|move|p2a: Sylveon|Hyper Voice|p1a: Cinderace\n|-resisted|p1a: Cinderace\n|-damage|p1a: Cinderace|155/239\n|\n|upkeep\n|turn|2\n|\n|t:|1685463353\n|switch|p2a: Rhydon|Rhydon, L87, F|324/324\n|move|p1a: Cinderace|Gunk Shot|p2a: Rhydon\n|-start|p1a: Cinderace|typechange|Poison|[from] ability: Libero\n|-resisted|p2a: Rhydon\n|-damage|p2a: Rhydon|302/324\n|\n|upkeep\n|turn|3\n|\n|t:|1685463383\n|switch|p1a: Zapdos|Zapdos-Galar, L76|262/262\n|move|p2a: Rhydon|Earthquake|p1a: Zapdos\n|-immune|p1a: Zapdos\n|\n|upkeep\n|turn|4\n|\n|t:|1685463406\n|switch|p2a: Sylveon|Sylveon, L84, M|297/297\n|move|p1a: Zapdos|Bulk Up|p1a: Zapdos\n|-boost|p1a: Zapdos|atk|1\n|-boost|p1a: Zapdos|def|1\n|\n|upkeep\n|turn|5\n|\n|t:|1685463414\n|move|p1a: Zapdos|Brave Bird|p2a: Sylveon\n|-damage|p2a: Sylveon|0 fnt\n|faint|p2a: Sylveon\n|-damage|p1a: Zapdos|164/262|[from] Recoil\n|-damage|p1a: Zapdos|138/262|[from] item: Life Orb\n|\n|upkeep\n|\n|t:|1685463429\n|switch|p2a: Exeggutor|Exeggutor, L86, M|304/304\n|turn|6\n|\n|t:|1685463442\n|-start|p1a: Zapdos|Dynamax|\n|-heal|p1a: Zapdos|276/524|[silent]\n|move|p1a: Zapdos|Max Airstream|p2a: Exeggutor\n|-supereffective|p2a: Exeggutor\n|-crit|p2a: Exeggutor\n|-damage|p2a: Exeggutor|0 fnt\n|-boost|p1a: Zapdos|spe|1\n|faint|p2a: Exeggutor\n|-damage|p1a: Zapdos|250/524|[from] item: Life Orb\n|\n|upkeep\n|\n|t:|1685463452\n|switch|p2a: Kyogre|Kyogre, L72|263/263\n|-weather|RainDance|[from] ability: Drizzle|[of] p2a: Kyogre\n|turn|7\n|\n|t:|1685463466\n|move|p1a: Zapdos|Max Knuckle|p2a: Kyogre\n|-damage|p2a: Kyogre|21/263\n|-boost|p1a: Zapdos|atk|1\n|-damage|p1a: Zapdos|224/524|[from] item: Life Orb\n|move|p2a: Kyogre|Calm Mind|p2a: Kyogre\n|-boost|p2a: Kyogre|spa|1\n|-boost|p2a: Kyogre|spd|1\n|\n|-weather|RainDance|[upkeep]\n|-heal|p2a: Kyogre|37/263|[from] item: Leftovers\n|upkeep\n|turn|8\n|\n|t:|1685463481\n|move|p1a: Zapdos|Max Knuckle|p2a: Kyogre\n|-damage|p2a: Kyogre|0 fnt\n|-boost|p1a: Zapdos|atk|1\n|faint|p2a: Kyogre\n|-damage|p1a: Zapdos|198/524|[from] item: Life Orb\n|\n|-weather|RainDance|[upkeep]\n|upkeep\n|\n|t:|1685463490\n|switch|p2a: Reshiram|Reshiram, L74|270/270\n|-ability|p2a: Reshiram|Turboblaze\n|-end|p1a: Zapdos|Dynamax\n|-heal|p1a: Zapdos|99/262|[silent]\n|turn|9\n|\n|t:|1685463499\n|move|p1a: Zapdos|Close Combat|p2a: Reshiram\n|-damage|p2a: Reshiram|0 fnt\n|-unboost|p1a: Zapdos|def|1\n|-unboost|p1a: Zapdos|spd|1\n|faint|p2a: Reshiram\n|-damage|p1a: Zapdos|73/262|[from] item: Life Orb\n|\n|-weather|RainDance|[upkeep]\n|upkeep\n|\n|t:|1685463508\n|switch|p2a: Centiskorch|Centiskorch, L84, F|305/305\n|turn|10\n|\n|t:|1685463523\n|move|p1a: Zapdos|Throat Chop|p2a: Centiskorch\n|-damage|p2a: Centiskorch|63/305\n|-start|p2a: Centiskorch|Throat Chop|[silent]\n|-damage|p1a: Zapdos|47/262|[from] item: Life Orb\n|move|p2a: Centiskorch|Knock Off|p1a: Zapdos\n|-resisted|p1a: Zapdos\n|-damage|p1a: Zapdos|6/262\n|-enditem|p1a: Zapdos|Life Orb|[from] move: Knock Off|[of] p2a: Centiskorch\n|\n|-weather|RainDance|[upkeep]\n|upkeep\n|turn|11\n|\n|t:|1685463532\n|move|p1a: Zapdos|Throat Chop|p2a: Centiskorch\n|-damage|p2a: Centiskorch|0 fnt\n|faint|p2a: Centiskorch\n|\n|-weather|none\n|upkeep\n|\n|t:|1685463538\n|switch|p2a: Rhydon|Rhydon, L87, F|302/324\n|turn|12\n|\n|t:|1685463542\n|move|p1a: Zapdos|Close Combat|p2a: Rhydon\n|-supereffective|p2a: Rhydon\n|-damage|p2a: Rhydon|0 fnt\n|-unboost|p1a: Zapdos|def|1\n|-unboost|p1a: Zapdos|spd|1\n|faint|p2a: Rhydon\n|\n|win|wahns\n", "inputlog": ">version b04b3d7eb02acfee3319999ae188c673d8c969f3\n>start {\"formatid\":\"gen8randombattle\",\"seed\":[28342,9746,26519,59030]}\n>player p1 {\"name\":\"wahns\",\"avatar\":\"170\",\"rating\":0,\"seed\":[32988,37795,32207,32085]}\n>player p2 {\"name\":\"yath0303\",\"avatar\":\"170\",\"rating\":0,\"seed\":[42274,26728,58610,42956]}\n>p1 switch 3\n>p2 move hypervoice\n>p1 move gunkshot\n>p2 switch 6\n>p1 switch 6\n>p2 move earthquake\n>p1 move bulkup\n>p2 switch 6\n>p1 move bravebird\n>p2 move hypervoice\n>p2 switch 4\n>p1 move bravebird dynamax\n>p2 move psychic\n>p2 switch 2\n>p1 move closecombat dynamax\n>p2 move calmmind\n>p1 move closecombat dynamax\n>p2 move thunder\n>p2 switch 3\n>p1 move closecombat\n>p2 move dracometeor\n>p2 switch 5\n>p1 move throatchop\n>p2 move knockoff\n>p1 move throatchop\n>p2 move leechlife\n>p2 switch 6\n>p1 move closecombat\n>p2 move stoneedge", "uploadtime": 1685463554, "views": 2, "p1id": "wahns", "p2id": "yath0303", "formatid": "gen8randombattle", "rating": 0, "private": 0, "password": ""}