{"id": "gen8randombattle-1865833712", "p1": "ferrobert23", "p2": "Shiritu", "format": "[Gen 8] Random Battle", "log": "|j|\u2606ferrobert23\n|j|\u2606Shiritu\n|inactive|Battle timer is ON: inactive players will automatically lose when time's up.\n|t:|1684342207\n|gametype|singles\n|player|p1|ferrobert23|lucas-gen4pt|\n|player|p2|Shiritu|ash-sinnoh|\n|teamsize|p1|6\n|teamsize|p2|6\n|gen|8\n|tier|[Gen 8] Random Battle\n|rated|Tournament battle\n|rule|Species Clause: Limit one of each Pok\u00e9mon\n|rule|HP Percentage Mod: HP is shown in percentages\n|rule|Sleep Clause Mod: Limit one foe put to sleep\n|rule|Dynamax Clause: You cannot dynamax\n|\n|t:|1684342207\n|start\n|switch|p1a: Mesprit|Mesprit, L88|284/284\n|switch|p2a: Moltres|Moltres-Galar, L81|278/278\n|turn|1\n|\n|t:|1684342227\n|switch|p1a: Hippowdon|Hippowdon, L82, M|311/311\n|-weather|Sandstorm|[from] ability: Sand Stream|[of] p1a: Hippowdon\n|move|p2a: Moltres|Nasty Plot|p2a: Moltres\n|-boost|p2a: Moltres|spa|2\n|\n|-weather|Sandstorm|[upkeep]\n|-damage|p2a: Moltres|261/278|[from] Sandstorm\n|upkeep\n|turn|2\n|\n|t:|1684342237\n|move|p2a: Moltres|Fiery Wrath|p1a: Hippowdon\n|-damage|p1a: Hippowdon|98/311\n|move|p1a: Hippowdon|Toxic|p2a: Moltres\n|-status|p2a: Moltres|tox\n|\n|-weather|Sandstorm|[upkeep]\n|-damage|p2a: Moltres|244/278 tox|[from] Sandstorm\n|-heal|p1a: Hippowdon|117/311|[from] item: Leftovers\n|-damage|p2a: Moltres|227/278 tox|[from] psn\n|upkeep\n|turn|3\n|j|%Tarre25\n|\n|t:|1684342257\n|move|p2a: Moltres|Fiery Wrath|p1a: Hippowdon\n|-damage|p1a: Hippowdon|0 fnt\n|faint|p1a: Hippowdon\n|\n|-weather|Sandstorm|[upkeep]\n|-damage|p2a: Moltres|210/278 tox|[from] Sandstorm\n|-damage|p2a: Moltres|176/278 tox|[from] psn\n|upkeep\n|\n|t:|1684342270\n|switch|p1a: Linoone|Linoone, L85, F|270/270\n|turn|4\n|\n|t:|1684342279\n|move|p1a: Linoone|Extreme Speed|p2a: Moltres\n|-damage|p2a: Moltres|109/278 tox\n|-ability|p2a: Moltres|Berserk|boost\n|-boost|p2a: Moltres|spa|1\n|move|p2a: Moltres|Fiery Wrath|p1a: Linoone\n|-damage|p1a: Linoone|0 fnt\n|faint|p1a: Linoone\n|\n|-weather|Sandstorm|[upkeep]\n|-damage|p2a: Moltres|92/278 tox|[from] Sandstorm\n|-damage|p2a: Moltres|41/278 tox|[from] psn\n|upkeep\n|\n|t:|1684342298\n|switch|p1a: Exeggutor|Exeggutor-Alola, L87, F|307/307\n|-item|p2a: Moltres|Chesto Berry|[from] ability: Frisk|[of] p1a: Exeggutor|[identify]\n|turn|5\n|\n|t:|1684342303\n|move|p2a: Moltres|Rest|p2a: Moltres\n|-status|p2a: Moltres|slp|[from] move: Rest\n|-heal|p2a: Moltres|278/278 slp|[silent]\n|-enditem|p2a: Moltres|Chesto Berry|[eat]\n|-curestatus|p2a: Moltres|slp|[msg]\n|move|p1a: Exeggutor|Giga Drain|p2a: Moltres\n|-resisted|p2a: Moltres\n|-damage|p2a: Moltres|217/278\n|\n|-weather|none\n|upkeep\n|turn|6\n|\n|t:|1684342313\n|move|p2a: Moltres|Hurricane|p1a: Exeggutor|[miss]\n|-miss|p2a: Moltres|p1a: Exeggutor\n|move|p1a: Exeggutor|Giga Drain|p2a: Moltres\n|-resisted|p2a: Moltres\n|-damage|p2a: Moltres|153/278\n|\n|upkeep\n|turn|7\n|\n|t:|1684342319\n|move|p2a: Moltres|Hurricane|p1a: Exeggutor\n|-supereffective|p1a: Exeggutor\n|-damage|p1a: Exeggutor|0 fnt\n|faint|p1a: Exeggutor\n|\n|upkeep\n|\n|t:|1684342324\n|switch|p1a: Kyurem|Kyurem, L76|315/315\n|-ability|p1a: Kyurem|Pressure\n|turn|8\n|c|\u2606ferrobert23|gg\n|c|\u2606ferrobert23|me hace counter a todo el equipo xd\n|\n|t:|1684342339\n|move|p2a: Moltres|Fiery Wrath|p1a: Kyurem\n|-damage|p1a: Kyurem|81/315\n|move|p1a: Kyurem|Ice Beam|p2a: Moltres\n|-supereffective|p2a: Moltres\n|-damage|p2a: Moltres|1/278\n|-ability|p2a: Moltres|Berserk|boost\n|-boost|p2a: Moltres|spa|1\n|\n|upkeep\n|turn|9\n|c|\u2606Shiritu|A ver\n|c|\u2606Shiritu|Me lo has regalado\n|c|\u2606ferrobert23|no tenia ning\u00fan pokemon\n|j| mcqopemq\n|c|\u2606ferrobert23|que se cargara a moltres\n|c|\u2606Shiritu|Moltres casi siempre se juega rest\n|j| Vicentedelbosque1\n|inactive|Shiritu has 120 seconds left.\n|c|\u2606ferrobert23|todos son mas lentos\n|c|\u2606ferrobert23|xd\n|c|\u2606Shiritu|Perdiste turno con toxico\n|c|\u2606Shiritu|Dsp con el exeggutor no usaste meteor\n|c|\u2606Shiritu|Y fijate que ahora esta a un 1% de vida\n|c|\u2606ferrobert23|hipowdon solo tenia terremoto\n|\n|t:|1684342392\n|move|p2a: Moltres|Fiery Wrath|p1a: Kyurem\n|-damage|p1a: Kyurem|0 fnt\n|faint|p1a: Kyurem\n|\n|upkeep\n|c|\u2606Shiritu|Pues pa que lo sacas entonces\n|c|\u2606ferrobert23|y con exegutor fue missclick\n|c|\u2606Shiritu|Pierdes un turno por la lead, y dsp otro por sacar al hippo\n|c|\u2606ferrobert23|porque pensaba que tenia Stone edge\n|inactive|ferrobert23 has 120 seconds left.\n|c|\u2606ferrobert23|pero fail\n|\n|t:|1684342420\n|switch|p1a: Mesprit|Mesprit, L88|284/284\n|turn|10\n|c|\u2606Shiritu|Ah, eso es otra\n|c|\u2606Shiritu|Roar tmb servia\n|c|\u2606Shiritu|Tenia?\n|\n|t:|1684342429\n|move|p2a: Moltres|Fiery Wrath|p1a: Mesprit\n|-supereffective|p1a: Mesprit\n|-damage|p1a: Mesprit|0 fnt\n|faint|p1a: Mesprit\n|\n|upkeep\n|c|\u2606ferrobert23|no\n|c|\u2606ferrobert23|slack off\n|c|\u2606Shiritu|Toxic sr eq y?\n|c|\u2606Shiritu|Ah va\n|inactive|ferrobert23 has 120 seconds left.\n|\n|t:|1684342446\n|switch|p1a: Lurantis|Lurantis, L88, F|266/266\n|turn|11\n|c|\u2606Shiritu|Pues es cosa del missclick\n|\n|t:|1684342458\n|move|p2a: Moltres|Hurricane|p1a: Lurantis|[miss]\n|-miss|p2a: Moltres|p1a: Lurantis\n|move|p1a: Lurantis|Superpower|p2a: Moltres\n|-damage|p2a: Moltres|0 fnt\n|-boost|p1a: Lurantis|atk|1\n|-boost|p1a: Lurantis|def|1\n|faint|p2a: Moltres\n|-damage|p1a: Lurantis|240/266|[from] item: Life Orb\n|\n|upkeep\n|\n|t:|1684342479\n|switch|p2a: Alcremie|Alcremie, L88, F|258/258\n|turn|12\n|\n|t:|1684342484\n|move|p2a: Alcremie|Mystical Fire|p1a: Lurantis\n|-supereffective|p1a: Lurantis\n|-damage|p1a: Lurantis|126/266\n|-boost|p1a: Lurantis|spa|1\n|move|p1a: Lurantis|Leaf Storm|p2a: Alcremie\n|-damage|p2a: Alcremie|62/258\n|-boost|p1a: Lurantis|spa|2\n|-damage|p1a: Lurantis|100/266|[from] item: Life Orb\n|\n|-heal|p2a: Alcremie|78/258|[from] item: Leftovers\n|upkeep\n|turn|13\n|\n|t:|1684342495\n|move|p2a: Alcremie|Mystical Fire|p1a: Lurantis\n|-supereffective|p1a: Lurantis\n|-damage|p1a: Lurantis|0 fnt\n|faint|p1a: Lurantis\n|\n|win|Shiritu\n|n|\u2606ferrobert23|ferrobert23\n|n|\u2606Shiritu|shiritu\n|n| Tarre25|tarre25\n|n| mcqopemq|mcqopemq\n|n| Vicentedelbosque1|vicentedelbosque1\n", "inputlog": ">version 3f967b429d9dd76d8eb692efdd7dfe9038092d20\n>start {\"formatid\":\"gen8randombattle@@@dynamax clause\",\"seed\":[53633,34105,57953,32602],\"rated\":\"Tournament battle\"}\n>player p1 {\"name\":\"ferrobert23\",\"avatar\":\"lucas-gen4pt\",\"rating\":0,\"seed\":[58459,51859,62424,13413]}\n>player p2 {\"name\":\"Shiritu\",\"avatar\":\"ash-sinnoh\",\"rating\":0,\"seed\":[45336,33175,26891,18807]}\n>p1 switch 6\n>p2 move nastyplot\n>p1 move toxic\n>p2 move fierywrath\n>p1 move slackoff\n>p2 move fierywrath\n>p1 switch 5\n>p1 move extremespeed\n>p2 move fierywrath\n>p1 switch 3\n>p1 move gigadrain\n>p2 move rest\n>p1 move gigadrain\n>p2 move hurricane\n>p1 move gigadrain\n>p2 move hurricane\n>p1 switch 2\n>chat \u2606ferrobert23|gg\n>chat \u2606ferrobert23|me hace counter a todo el equipo xd\n>p1 move icebeam\n>p2 move fierywrath\n>chat \u2606Shiritu|A ver\n>chat \u2606Shiritu|Me lo has regalado\n>chat \u2606ferrobert23|no tenia ning\u00fan pokemon\n>chat \u2606ferrobert23|que se cargara a moltres\n>chat \u2606Shiritu|Moltres casi siempre se juega rest\n>chat \u2606ferrobert23|todos son mas lentos\n>chat \u2606ferrobert23|xd\n>chat \u2606Shiritu|Perdiste turno con toxico\n>chat \u2606Shiritu|Dsp con el exeggutor no usaste meteor\n>chat \u2606Shiritu|Y fijate que ahora esta a un 1% de vida\n>chat \u2606ferrobert23|hipowdon solo tenia terremoto\n>p1 move icebeam\n>p2 move fierywrath\n>chat \u2606Shiritu|Pues pa que lo sacas entonces\n>chat \u2606ferrobert23|y con exegutor fue missclick\n>chat \u2606Shiritu|Pierdes un turno por la lead, y dsp otro por sacar al hippo\n>chat \u2606ferrobert23|porque pensaba que tenia Stone edge\n>chat \u2606ferrobert23|pero fail\n>p1 switch 6\n>chat \u2606Shiritu|Ah, eso es otra\n>chat \u2606Shiritu|Roar tmb servia\n>chat \u2606Shiritu|Tenia?\n>p1 move energyball\n>p2 move fierywrath\n>chat \u2606ferrobert23|no\n>chat \u2606ferrobert23|slack off\n>chat \u2606Shiritu|Toxic sr eq y?\n>chat \u2606Shiritu|Ah va\n>p1 switch 4\n>chat \u2606Shiritu|Pues es cosa del missclick\n>p1 move superpower\n>p2 move hurricane\n>p2 switch 6\n>p1 move leafstorm\n>p2 move mysticalfire\n>p1 move leafstorm\n>p2 move mysticalfire", "uploadtime": 1684342496, "views": 4, "p1id": "ferrobert23", "p2id": "shiritu", "formatid": "gen8randombattle", "rating": 0, "private": 0, "password": ""}