{"id": "gen8randombattle-1671053676", "p1": "Vitoran", "p2": "BMence", "format": "[Gen 8] Random Battle", "log": "|j|\u2606Vitoran\n|j|\u203dBMence\n|t:|1664224636\n|gametype|singles\n|player|p1|Vitoran|pokemonbreeder-gen4|2415\n|player|p2|BMence|266|2424\n|teamsize|p1|6\n|teamsize|p2|6\n|gen|8\n|tier|[Gen 8] Random Battle\n|rated|\n|rule|Species Clause: Limit one of each Pok\u00e9mon\n|rule|HP Percentage Mod: HP is shown in percentages\n|rule|Sleep Clause Mod: Limit one foe put to sleep\n|\n|t:|1664224636\n|start\n|switch|p1a: Obstagoon|Obstagoon, L80, F|280/280\n|switch|p2a: Solrock|Solrock, L88|302/302\n|turn|1\n|c|\u2606Vitoran|glhf\n|\n|t:|1664224651\n|move|p1a: Obstagoon|Bulk Up|p1a: Obstagoon\n|-boost|p1a: Obstagoon|atk|1\n|-boost|p1a: Obstagoon|def|1\n|move|p2a: Solrock|Stealth Rock|p1a: Obstagoon\n|-sidestart|p1: Vitoran|move: Stealth Rock\n|\n|-status|p1a: Obstagoon|brn|[from] item: Flame Orb\n|upkeep\n|turn|2\n|inactive|Battle timer is ON: inactive players will automatically lose when time's up. (requested by Vitoran)\n|\n|t:|1664224659\n|switch|p2a: Klefki|Klefki, L82, F|228/228\n|move|p1a: Obstagoon|Knock Off|p2a: Klefki\n|-resisted|p2a: Klefki\n|-damage|p2a: Klefki|136/228\n|-enditem|p2a: Klefki|Leftovers|[from] move: Knock Off|[of] p1a: Obstagoon\n|\n|-damage|p1a: Obstagoon|263/280 brn|[from] brn\n|upkeep\n|turn|3\n|j| BajtheRedeemer\n|\n|t:|1664224677\n|move|p2a: Klefki|Spikes|p1a: Obstagoon\n|-sidestart|p1: Vitoran|Spikes\n|move|p1a: Obstagoon|Close Combat|p2a: Klefki\n|-damage|p2a: Klefki|0 fnt\n|-unboost|p1a: Obstagoon|def|1\n|-unboost|p1a: Obstagoon|spd|1\n|faint|p2a: Klefki\n|\n|-damage|p1a: Obstagoon|246/280 brn|[from] brn\n|upkeep\n|inactive|BMence has 120 seconds left.\n|inactive|BMence has 90 seconds left.\n|\n|t:|1664224739\n|switch|p2a: Blacephalon|Blacephalon, L80|216/216\n|turn|4\n|j| Garutanis\n|inactive|Vitoran has 120 seconds left.\n|\n|t:|1664224772\n|-start|p1a: Obstagoon|Dynamax|\n|-heal|p1a: Obstagoon|492/560 brn|[silent]\n|move|p2a: Blacephalon|Fire Blast|p1a: Obstagoon\n|-damage|p1a: Obstagoon|251/560 brn\n|move|p1a: Obstagoon|Max Darkness|p2a: Blacephalon\n|-supereffective|p2a: Blacephalon\n|-damage|p2a: Blacephalon|0 fnt\n|faint|p2a: Blacephalon\n|\n|-damage|p1a: Obstagoon|234/560 brn|[from] brn\n|upkeep\n|c|\u2606Vitoran|blacephaloh-no\n|inactive|BMence has 90 seconds left.\n|\n|t:|1664224792\n|switch|p2a: Aromatisse|Aromatisse, L88, M|321/321\n|turn|5\n|\n|t:|1664224797\n|move|p1a: Obstagoon|Max Strike|p2a: Aromatisse\n|-damage|p2a: Aromatisse|39/321\n|-unboost|p2a: Aromatisse|spe|1\n|move|p2a: Aromatisse|Moonblast|p1a: Obstagoon\n|-supereffective|p1a: Obstagoon\n|-damage|p1a: Obstagoon|0 fnt\n|faint|p1a: Obstagoon\n|\n|-heal|p2a: Aromatisse|59/321|[from] item: Leftovers\n|upkeep\n|c| Garutanis|2415 rating match !\n|\n|t:|1664224806\n|switch|p1a: Tsareena|Tsareena, L84, F|258/258\n|-damage|p1a: Tsareena|226/258|[from] Stealth Rock\n|-damage|p1a: Tsareena|194/258|[from] Spikes\n|turn|6\n|\n|t:|1664224813\n|move|p1a: Tsareena|Rapid Spin|p2a: Aromatisse\n|-crit|p2a: Aromatisse\n|-damage|p2a: Aromatisse|0 fnt\n|-boost|p1a: Tsareena|spe|1\n|-sideend|p1: Vitoran|Spikes|[from] move: Rapid Spin|[of] p1a: Tsareena\n|-sideend|p1: Vitoran|Stealth Rock|[from] move: Rapid Spin|[of] p1a: Tsareena\n|faint|p2a: Aromatisse\n|\n|upkeep\n|c|\u2606Vitoran|yeah 3d vs 4th\n|c|\u2606Vitoran|3rd*\n|inactive|BMence has 90 seconds left.\n|j| Nadim-yt\n|\n|t:|1664224844\n|switch|p2a: Kyurem|Kyurem, L80|331/331\n|-ability|p2a: Kyurem|Pressure\n|turn|7\n|j| 35Q71N\n|\n|t:|1664224863\n|-start|p2a: Kyurem|Dynamax|\n|-heal|p2a: Kyurem|662/662|[silent]\n|move|p1a: Tsareena|High Jump Kick|p2a: Kyurem\n|-supereffective|p2a: Kyurem\n|-damage|p2a: Kyurem|434/662\n|move|p2a: Kyurem|Max Hailstorm|p1a: Tsareena\n|-supereffective|p1a: Tsareena\n|-damage|p1a: Tsareena|0 fnt\n|-weather|Hail\n|faint|p1a: Tsareena\n|\n|-weather|Hail|[upkeep]\n|upkeep\n|c| 35Q71N|\ud83d\ude36\u200d\ud83c\udf2b\ufe0f\n|inactive|Vitoran has 120 seconds left.\n|inactive|Vitoran has 90 seconds left.\n|j| simTheta\n|\n|t:|1664224938\n|switch|p1a: Stunfisk|Stunfisk, L84, F|320/320\n|turn|8\n|inactive|BMence has 90 seconds left.\n|\n|t:|1664224972\n|move|p2a: Kyurem|Max Hailstorm|p1a: Stunfisk\n|-supereffective|p1a: Stunfisk\n|-damage|p1a: Stunfisk|138/320\n|move|p1a: Stunfisk|Discharge|p2a: Kyurem\n|-resisted|p2a: Kyurem\n|-damage|p2a: Kyurem|394/662\n|\n|-weather|Hail|[upkeep]\n|-damage|p1a: Stunfisk|118/320|[from] Hail\n|upkeep\n|turn|9\n|\n|t:|1664224990\n|move|p2a: Kyurem|Max Quake|p1a: Stunfisk\n|-supereffective|p1a: Stunfisk\n|-damage|p1a: Stunfisk|0 fnt\n|-boost|p2a: Kyurem|spd|1\n|faint|p1a: Stunfisk\n|\n|-weather|Hail|[upkeep]\n|upkeep\n|l| Nadim-yt\n|j| Nadim-yt\n|\n|t:|1664225000\n|switch|p1a: Hitmonlee|Hitmonlee, L84, M|221/221\n|-end|p2a: Kyurem|Dynamax\n|-heal|p2a: Kyurem|197/331|[silent]\n|turn|10\n|\n|t:|1664225013\n|move|p2a: Kyurem|Substitute|p2a: Kyurem\n|-start|p2a: Kyurem|Substitute\n|-damage|p2a: Kyurem|115/331\n|move|p1a: Hitmonlee|Curse|p1a: Hitmonlee\n|-unboost|p1a: Hitmonlee|spe|1\n|-boost|p1a: Hitmonlee|atk|1\n|-boost|p1a: Hitmonlee|def|1\n|-enditem|p1a: Hitmonlee|White Herb\n|-clearnegativeboost|p1a: Hitmonlee|[silent]\n|\n|-weather|Hail|[upkeep]\n|-damage|p1a: Hitmonlee|208/221|[from] Hail\n|upkeep\n|turn|11\n|j| katsuge5\n|\n|t:|1664225030\n|move|p1a: Hitmonlee|Knock Off|p2a: Kyurem\n|-end|p2a: Kyurem|Substitute\n|move|p2a: Kyurem|Ice Beam|p1a: Hitmonlee\n|-damage|p1a: Hitmonlee|112/221\n|\n|-weather|none\n|upkeep\n|turn|12\n|\n|t:|1664225050\n|switch|p2a: Basculin|Basculin, L86, M|261/261\n|move|p1a: Hitmonlee|Knock Off|p2a: Basculin\n|-damage|p2a: Basculin|113/261\n|-enditem|p2a: Basculin|Choice Band|[from] move: Knock Off|[of] p1a: Hitmonlee\n|\n|upkeep\n|turn|13\n|inactive|Vitoran has 60 seconds left.\n|\n|t:|1664225086\n|move|p2a: Basculin|Aqua Jet|p1a: Hitmonlee\n|-damage|p1a: Hitmonlee|56/221\n|move|p1a: Hitmonlee|Close Combat|p2a: Basculin\n|-damage|p2a: Basculin|0 fnt\n|-unboost|p1a: Hitmonlee|def|1\n|-unboost|p1a: Hitmonlee|spd|1\n|faint|p2a: Basculin\n|\n|upkeep\n|\n|t:|1664225094\n|switch|p2a: Solrock|Solrock, L88|302/302\n|turn|14\n|\n|t:|1664225104\n|move|p1a: Hitmonlee|Knock Off|p2a: Solrock\n|-supereffective|p2a: Solrock\n|-damage|p2a: Solrock|84/302\n|-enditem|p2a: Solrock|Leftovers|[from] move: Knock Off|[of] p1a: Hitmonlee\n|move|p2a: Solrock|Earthquake|p1a: Hitmonlee\n|-damage|p1a: Hitmonlee|0 fnt\n|faint|p1a: Hitmonlee\n|\n|upkeep\n|\n|t:|1664225123\n|switch|p1a: Scyther|Scyther, L81, F|246/246\n|turn|15\n|\n|t:|1664225130\n|move|p1a: Scyther|Knock Off|p2a: Solrock\n|-supereffective|p2a: Solrock\n|-damage|p2a: Solrock|0 fnt\n|faint|p2a: Solrock\n|\n|upkeep\n|\n|t:|1664225134\n|switch|p2a: Kyurem|Kyurem, L80|115/331\n|-ability|p2a: Kyurem|Pressure\n|turn|16\n|inactive|Vitoran has 60 seconds left.\n|j| imburningbabe\n|c| 35Q71N|Well\n|\n|t:|1664225153\n|move|p1a: Scyther|Dual Wingbeat|p2a: Kyurem\n|-damage|p2a: Kyurem|49/331\n|-damage|p2a: Kyurem|0 fnt\n|faint|p2a: Kyurem\n|-hitcount|p2: Kyurem|2\n|\n|win|Vitoran\n|raw|Vitoran's rating: 2415 &rarr; <strong>2436</strong><br />(+21 for winning)\n|raw|BMence's rating: 2424 &rarr; <strong>2403</strong><br />(-21 for losing)\n|c|\u2606Vitoran|gg\n|l|\u203dBMence\n|c| 35Q71N|ggs\n|l| simTheta\n|l| Garutanis\n|c|\u2606Vitoran|tyty\n|l| katsuge5\n|c| 35Q71N|3rd place now\n|c|\u2606Vitoran|yup\n|c| 35Q71N|Anyway, I should return to my work, see you later XD\n|c|\u2606Vitoran|glad i'm being consistent enough these past few days\n||Ladder isn't responding, score probably updated but might not have (Request timeout).\n", "inputlog": ">version 806e56ea67f2f748d4b403b3f5b33d56e25d3f7a\n>start {\"formatid\":\"gen8randombattle\",\"seed\":[2611,59344,25888,53852],\"rated\":\"Rated battle\"}\n>player p1 {\"name\":\"Vitoran\",\"avatar\":\"pokemonbreeder-gen4\",\"rating\":2415,\"seed\":[59544,34689,24319,43882]}\n>player p2 {\"name\":\"BMence\",\"avatar\":\"266\",\"rating\":2424,\"seed\":[63130,43642,48683,39504]}\n>chat \u2606Vitoran|glhf\n>p1 move bulkup\n>p2 move stealthrock\n>p1 move knockoff\n>p2 switch 4\n>p1 move closecombat\n>p2 move spikes\n>p2 switch 3\n>p1 move knockoff dynamax\n>p2 move fireblast\n>chat \u2606Vitoran|blacephaloh-no\n>p2 switch 6\n>p1 move facade dynamax\n>p2 move moonblast\n>chat  Garutanis|2415 rating match !\n>p1 switch 5\n>p1 move rapidspin\n>p2 move wish\n>chat \u2606Vitoran|yeah 3d vs 4th\n>chat \u2606Vitoran|3rd*\n>p2 switch 5\n>p1 move highjumpkick\n>p2 move icebeam dynamax\n>chat  35Q71N|\ud83d\ude36\u200d\ud83c\udf2b\ufe0f\n>p1 switch 4\n>p1 move discharge\n>p2 move icebeam dynamax\n>p1 move discharge\n>p2 move earthpower dynamax\n>p1 switch 3\n>p1 move curse\n>p2 move substitute\n>p1 move knockoff\n>p2 move icebeam\n>p1 move knockoff\n>p2 switch 2\n>p1 move closecombat\n>p2 move aquajet\n>p2 switch 4\n>p1 move knockoff\n>p2 move earthquake\n>p1 switch 6\n>p1 move knockoff\n>p2 move morningsun\n>p2 switch 2\n>chat  35Q71N|Well\n>p1 move dualwingbeat\n>p2 move roost", "uploadtime": 1664225199, "views": 12, "p1id": "vitoran", "p2id": "bmence", "formatid": "gen8randombattle", "rating": 2403, "private": 0, "password": null}