{"id": "gen8randombattle-1871518627", "p1": "pokemonkorea co kr", "p2": "ANoobWithoutAName", "format": "[Gen 8] Random Battle", "log": "|j|\u2606pokemonkorea co kr\n|j|\u2606ANoobWithoutAName\n|inactive|Battle timer is ON: inactive players will automatically lose when time's up.\n|j|*Lady Monita\n|t:|1685101909\n|gametype|singles\n|player|p1|pokemonkorea co kr|wally|\n|player|p2|ANoobWithoutAName|volo-ginkgo|\n|teamsize|p1|24\n|teamsize|p2|24\n|gen|8\n|tier|[Gen 8] Random Battle\n|rated|Tournament battle\n|rule|Species Clause: Limit one of each Pok\u00e9mon\n|rule|HP Percentage Mod: HP is shown in percentages\n|rule|Sleep Clause Mod: Limit one foe put to sleep\n|rule|Dynamax Clause: You cannot dynamax\n|clearpoke\n|poke|p1|Registeel, L84|\n|poke|p1|Gourgeist-*, L88, F|\n|poke|p1|Haxorus, L80, F|\n|poke|p1|Meowstic-F, L88, F|\n|poke|p1|Pinsir, L88, F|\n|poke|p1|Lurantis, L88, M|\n|poke|p1|Palkia, L76|\n|poke|p1|Arctovish, L88|\n|poke|p1|Zapdos-Galar, L81|\n|poke|p1|Pincurchin, L88, F|\n|poke|p1|Coalossal, L88, M|\n|poke|p1|Celebi, L84|\n|poke|p1|Dugtrio, L84, F|\n|poke|p1|Kyogre, L73|\n|poke|p1|Dialga, L76|\n|poke|p1|Reshiram, L76|\n|poke|p1|Blacephalon, L80|\n|poke|p1|Mawile, L88, M|\n|poke|p1|Urshifu-*, L80, M|\n|poke|p1|Hitmontop, L86, M|\n|poke|p1|Malamar, L88, M|\n|poke|p1|Marowak-Alola, L84, M|\n|poke|p1|Dragapult, L80, F|\n|poke|p1|Shedinja, L92|\n|poke|p2|Sceptile, L87, M|\n|poke|p2|Glastrier, L88|\n|poke|p2|Gurdurr, L88, F|\n|poke|p2|Pikachu-World, L92, M|\n|poke|p2|Lopunny, L88, M|\n|poke|p2|Pinsir, L88, M|\n|poke|p2|Hitmonlee, L88, M|\n|poke|p2|Gourgeist-*, L88, F|\n|poke|p2|Pangoro, L85, F|\n|poke|p2|Wailord, L88, F|\n|poke|p2|Mantine, L86, F|\n|poke|p2|Regieleki, L82|\n|poke|p2|Genesect, L76|\n|poke|p2|Inteleon, L80, F|\n|poke|p2|Dragapult, L80, M|\n|poke|p2|Araquanid, L87, F|\n|poke|p2|Wigglytuff, L88, F|\n|poke|p2|Linoone, L85, F|\n|poke|p2|Altaria, L88, F|\n|poke|p2|Rayquaza, L76|\n|poke|p2|Delibird, M|\n|poke|p2|Heliolisk, L86, F|\n|poke|p2|Politoed, L88, M|\n|poke|p2|Shuckle, L88, M|\n|teampreview|6\n|inactive|pokemonkorea co kr has 120 seconds left.\n|inactive|ANoobWithoutAName has 120 seconds left.\n|j| redeba\n|inactive|pokemonkorea co kr has 90 seconds left.\n|inactive|ANoobWithoutAName has 90 seconds left.\n|inactive|pokemonkorea co kr has 60 seconds left.\n|inactive|ANoobWithoutAName has 60 seconds left.\n|inactive|ANoobWithoutAName has 30 seconds left.\n|inactive|ANoobWithoutAName has 20 seconds left.\n|\n|t:|1685102042\n|start\n|switch|p1a: Dialga|Dialga, L76|277/277\n|switch|p2a: Mantine|Mantine, L86, F|321/321\n|turn|1\n|\n|t:|1685102051\n|move|p2a: Mantine|Earthquake|p1a: Dialga\n|-supereffective|p1a: Dialga\n|-damage|p1a: Dialga|27/277\n|-damage|p2a: Mantine|289/321|[from] item: Life Orb\n|move|p1a: Dialga|Iron Head|p2a: Mantine\n|-resisted|p2a: Mantine\n|-damage|p2a: Mantine|220/321\n|\n|upkeep\n|turn|2\n|c|\u2606pokemonkorea co kr|gg\n|inactive|ANoobWithoutAName has 90 seconds left.\n|c|\u2606ANoobWithoutAName|Gg\n|\n|t:|1685102058\n|move|p2a: Mantine|Earthquake|p1a: Dialga\n|-supereffective|p1a: Dialga\n|-damage|p1a: Dialga|0 fnt\n|faint|p1a: Dialga\n|-damage|p2a: Mantine|188/321|[from] item: Life Orb\n|\n|win|ANoobWithoutAName\n|n|\u2606pokemonkorea co kr|pokemonkoreacokr\n|n|\u2606ANoobWithoutAName|anoobwithoutaname\n|n|*Lady Monita|ladymonita\n|n| redeba|redeba\n|l|*Lady Monita\n", "inputlog": ">version 61c68e60481ef09071210320730fc448fef50368\n>start {\"formatid\":\"gen8randombattle@@@Chimera 1v1 Rule,Dynamax Clause,maxteamsize=24\",\"seed\":[27034,18204,33005,19299],\"rated\":\"Tournament battle\"}\n>player p1 {\"name\":\"pokemonkorea co kr\",\"avatar\":\"wally\",\"rating\":0,\"seed\":[5349,38257,46759,46632]}\n>player p2 {\"name\":\"ANoobWithoutAName\",\"avatar\":\"volo-ginkgo\",\"rating\":0,\"seed\":[33444,24262,54058,24922]}\n>p1 team 15, 13, 24, 19, 20, 1\n>p2 team 11, 22, 4, 20, 14, 19\n>p1 move ironhead\n>p2 move earthquake\n>chat \u2606pokemonkorea co kr|gg\n>chat \u2606ANoobWithoutAName|Gg\n>p1 move ironhead\n>p2 move earthquake", "uploadtime": 1685102062, "views": 5, "p1id": "pokemonkoreacokr", "p2id": "anoobwithoutaname", "formatid": "gen8randombattle", "rating": 0, "private": 0, "password": ""}