{"id": "gen8randombattle-1682331188", "p1": "Hemoplagued", "p2": "Accadere \u2601", "format": "[Gen 8] Random Battle", "log": "|j|\u2606Hemoplagued\n|j|\u2606Accadere \u2601@!\n|t:|1665416996\n|gametype|singles\n|player|p1|Hemoplagued|bugsy|2462\n|player|p2|Accadere \u2601|touristf2|2417\n|teamsize|p1|6\n|teamsize|p2|6\n|gen|8\n|tier|[Gen 8] Random Battle\n|rated|\n|rule|Species Clause: Limit one of each Pok\u00e9mon\n|rule|HP Percentage Mod: HP is shown in percentages\n|rule|Sleep Clause Mod: Limit one foe put to sleep\n|\n|t:|1665416996\n|start\n|switch|p1a: Registeel|Registeel, L83|268/268\n|switch|p2a: Carbink|Carbink, L86|226/226\n|turn|1\n|inactive|Battle timer is ON: inactive players will automatically lose when time's up. (requested by Hemoplagued)\n|inactive|Hemoplagued has 120 seconds left.\n|j| demi6ual-wailord\n|\n|t:|1665417053\n|move|p2a: Carbink|Body Press|p1a: Registeel\n|-supereffective|p1a: Registeel\n|-damage|p1a: Registeel|150/268\n|move|p1a: Registeel|Iron Head|p2a: Carbink\n|-supereffective|p2a: Carbink\n|-damage|p2a: Carbink|46/226\n|\n|-heal|p1a: Registeel|166/268|[from] item: Leftovers\n|upkeep\n|turn|2\n|\n|t:|1665417059\n|move|p2a: Carbink|Reflect|p2a: Carbink\n|-sidestart|p2: Accadere \u2601|Reflect\n|move|p1a: Registeel|Iron Head|p2a: Carbink\n|-supereffective|p2a: Carbink\n|-damage|p2a: Carbink|0 fnt\n|faint|p2a: Carbink\n|\n|-heal|p1a: Registeel|182/268|[from] item: Leftovers\n|upkeep\n|\n|t:|1665417063\n|switch|p2a: Diggersby|Diggersby, L80, M|267/267\n|turn|3\n|\n|t:|1665417070\n|move|p2a: Diggersby|Earthquake|p1a: Registeel\n|-supereffective|p1a: Registeel\n|-damage|p1a: Registeel|0 fnt\n|faint|p1a: Registeel\n|-damage|p2a: Diggersby|241/267|[from] item: Life Orb\n|\n|upkeep\n|inactive|Hemoplagued has 120 seconds left.\n|\n|t:|1665417104\n|switch|p1a: Indeedee|Indeedee-F, L85, F|258/258\n|-fieldstart|move: Psychic Terrain|[from] ability: Psychic Surge|[of] p1a: Indeedee\n|turn|4\n|\n|t:|1665417111\n|move|p1a: Indeedee|Expanding Force|p2a: Diggersby\n|-damage|p2a: Diggersby|0 fnt\n|faint|p2a: Diggersby\n|-damage|p1a: Indeedee|233/258|[from] item: Life Orb\n|\n|upkeep\n|j| Garutanis\n|\n|t:|1665417120\n|switch|p2a: Lycanroc|Lycanroc, L80, M|251/251\n|turn|5\n|\n|t:|1665417125\n|switch|p1a: Hippowdon|Hippowdon, L80, F|304/304\n|-weather|Sandstorm|[from] ability: Sand Stream|[of] p1a: Hippowdon\n|move|p2a: Lycanroc|Stone Edge|p1a: Hippowdon\n|-resisted|p1a: Hippowdon\n|-damage|p1a: Hippowdon|237/304\n|\n|-weather|Sandstorm|[upkeep]\n|-heal|p1a: Hippowdon|256/304|[from] item: Leftovers\n|upkeep\n|turn|6\n|\n|t:|1665417128\n|switch|p2a: Keldeo|Keldeo-Resolute, L79|273/273\n|switch|p1a: Indeedee|Indeedee-F, L85, F|233/258\n|\n|-weather|Sandstorm|[upkeep]\n|-damage|p2a: Keldeo|256/273|[from] Sandstorm\n|-damage|p1a: Indeedee|217/258|[from] Sandstorm\n|upkeep\n|turn|7\n|\n|t:|1665417133\n|switch|p2a: Lycanroc|Lycanroc, L80, M|251/251\n|move|p1a: Indeedee|Expanding Force|p2a: Lycanroc\n|-damage|p2a: Lycanroc|66/251\n|-damage|p1a: Indeedee|192/258|[from] item: Life Orb\n|\n|-weather|Sandstorm|[upkeep]\n|-damage|p1a: Indeedee|176/258|[from] Sandstorm\n|upkeep\n|turn|8\n|\n|t:|1665417145\n|switch|p1a: Hippowdon|Hippowdon, L80, F|256/304\n|move|p2a: Lycanroc|Close Combat|p1a: Hippowdon\n|-damage|p1a: Hippowdon|146/304\n|-unboost|p2a: Lycanroc|def|1\n|-unboost|p2a: Lycanroc|spd|1\n|\n|-weather|Sandstorm|[upkeep]\n|-heal|p1a: Hippowdon|165/304|[from] item: Leftovers\n|-fieldend|move: Psychic Terrain\n|upkeep\n|turn|9\n|\n|t:|1665417149\n|move|p2a: Lycanroc|Close Combat|p1a: Hippowdon\n|-crit|p1a: Hippowdon\n|-damage|p1a: Hippowdon|0 fnt\n|-unboost|p2a: Lycanroc|def|1\n|-unboost|p2a: Lycanroc|spd|1\n|faint|p1a: Hippowdon\n|\n|-weather|none\n|-sideend|p2: Accadere \u2601|Reflect\n|upkeep\n|\n|t:|1665417157\n|switch|p1a: Dracovish|Dracovish, L80|275/275\n|turn|10\n|\n|t:|1665417175\n|move|p2a: Lycanroc|Close Combat|p1a: Dracovish\n|-damage|p1a: Dracovish|153/275\n|-unboost|p2a: Lycanroc|def|1\n|-unboost|p2a: Lycanroc|spd|1\n|move|p1a: Dracovish|Fishious Rend|p2a: Lycanroc\n|-supereffective|p2a: Lycanroc\n|-damage|p2a: Lycanroc|0 fnt\n|faint|p2a: Lycanroc\n|\n|upkeep\n|inactive|Accadere \u2601 has 120 seconds left.\n|\n|t:|1665417220\n|switch|p2a: Xurkitree|Xurkitree, L76|251/251\n|turn|11\n|\n|t:|1665417223\n|move|p2a: Xurkitree|Thunderbolt|p1a: Dracovish\n|-damage|p1a: Dracovish|3/275\n|move|p1a: Dracovish|Fishious Rend|p2a: Xurkitree\n|-damage|p2a: Xurkitree|95/251\n|\n|upkeep\n|turn|12\n|\n|t:|1665417228\n|switch|p1a: Morpeko|Morpeko, L86, F|240/240\n|move|p2a: Xurkitree|Thunderbolt|p1a: Morpeko\n|-resisted|p1a: Morpeko\n|-damage|p1a: Morpeko|158/240\n|\n|-heal|p1a: Morpeko|173/240|[from] item: Leftovers\n|-formechange|p1a: Morpeko|Morpeko-Hangry||[from] ability: Hunger Switch\n|upkeep\n|turn|13\n|\n|t:|1665417232\n|switch|p2a: Passimian|Passimian, L82, M|298/298\n|move|p1a: Morpeko|Aura Wheel|p2a: Passimian\n|-resisted|p2a: Passimian\n|-damage|p2a: Passimian|239/298\n|-boost|p1a: Morpeko|spe|1\n|\n|-heal|p1a: Morpeko|188/240|[from] item: Leftovers\n|-formechange|p1a: Morpeko|Morpeko||[from] ability: Hunger Switch\n|upkeep\n|turn|14\n|\n|t:|1665417235\n|move|p1a: Morpeko|Protect|p1a: Morpeko\n|-singleturn|p1a: Morpeko|Protect\n|move|p2a: Passimian|Close Combat|p1a: Morpeko\n|-activate|p1a: Morpeko|move: Protect\n|\n|-heal|p1a: Morpeko|203/240|[from] item: Leftovers\n|-formechange|p1a: Morpeko|Morpeko-Hangry||[from] ability: Hunger Switch\n|upkeep\n|turn|15\n|\n|t:|1665417249\n|switch|p1a: Dracovish|Dracovish, L80|3/275\n|move|p2a: Passimian|Close Combat|p1a: Dracovish\n|-damage|p1a: Dracovish|0 fnt\n|-unboost|p2a: Passimian|def|1\n|-unboost|p2a: Passimian|spd|1\n|faint|p1a: Dracovish\n|\n|upkeep\n|\n|t:|1665417255\n|switch|p1a: Indeedee|Indeedee-F, L85, F|176/258\n|-fieldstart|move: Psychic Terrain|[from] ability: Psychic Surge|[of] p1a: Indeedee\n|turn|16\n|\n|t:|1665417259\n|move|p1a: Indeedee|Expanding Force|p2a: Passimian\n|-supereffective|p2a: Passimian\n|-damage|p2a: Passimian|0 fnt\n|faint|p2a: Passimian\n|-damage|p1a: Indeedee|151/258|[from] item: Life Orb\n|\n|upkeep\n|\n|t:|1665417261\n|switch|p2a: Keldeo|Keldeo-Resolute, L79|256/273\n|turn|17\n|\n|t:|1665417264\n|move|p2a: Keldeo|Secret Sword|p1a: Indeedee\n|-damage|p1a: Indeedee|0 fnt\n|faint|p1a: Indeedee\n|\n|upkeep\n|\n|t:|1665417272\n|switch|p1a: Morpeko|Morpeko, L86, F|203/240\n|turn|18\n|\n|t:|1665417276\n|move|p2a: Keldeo|Secret Sword|p1a: Morpeko\n|-supereffective|p1a: Morpeko\n|-damage|p1a: Morpeko|0 fnt\n|faint|p1a: Morpeko\n|\n|upkeep\n|-message|Hemoplagued forfeited.\n|\n|win|Accadere \u2601\n|raw|Hemoplagued's rating: 2462 &rarr; <strong>2439</strong><br />(-23 for losing)\n|raw|Accadere \u2601's rating: 2417 &rarr; <strong>2440</strong><br />(+23 for winning)\n|l|\u2606Hemoplagued\n|j| El Prisma\n||Ladder isn't responding, score probably updated but might not have (Request timeout).\n", "inputlog": ">version ee3903879dd92fa0a0bba6303065983b970e844a\n>start {\"formatid\":\"gen8randombattle\",\"seed\":[27189,8375,14187,18044],\"rated\":\"Rated battle\"}\n>player p1 {\"name\":\"Hemoplagued\",\"avatar\":\"bugsy\",\"rating\":2462,\"seed\":[64620,30161,58423,49876]}\n>player p2 {\"name\":\"Accadere \u2601\",\"avatar\":\"touristf2\",\"rating\":2417,\"seed\":[18087,5673,44092,51570]}\n>p1 move ironhead\n>p2 move bodypress\n>p1 move ironhead\n>p2 move reflect\n>p2 switch 6\n>p1 move toxic\n>p2 move earthquake\n>p1 switch 6\n>p1 move expandingforce\n>p2 move earthquake\n>p2 switch 4\n>p1 switch 4\n>p2 move stoneedge\n>p1 switch 4\n>p2 switch 5\n>p1 move expandingforce\n>p2 switch 5\n>p1 switch 4\n>p2 move closecombat\n>p1 move slackoff\n>p2 move closecombat\n>p1 switch 5\n>p1 move fishiousrend\n>p2 move closecombat\n>p2 switch 2\n>p1 move fishiousrend\n>p2 move thunderbolt\n>p1 switch 2\n>p2 move thunderbolt\n>p1 move aurawheel\n>p2 switch 3\n>p1 move protect\n>p2 move closecombat\n>p1 switch 2\n>p2 move closecombat\n>p1 switch 4\n>p1 move expandingforce\n>p2 move closecombat\n>p2 switch 5\n>p1 move expandingforce\n>p2 move secretsword\n>p1 switch 2\n>p1 move aurawheel\n>p2 move secretsword\n>forcelose p1", "uploadtime": 1665417295, "views": 26, "p1id": "hemoplagued", "p2id": "accadere", "formatid": "gen8randombattle", "rating": 2439, "private": 0, "password": null}