{"id": "gen8randombattle-1669335643", "p1": "Vitoran", "p2": "Sylveon is so cute", "format": "[Gen 8] Random Battle", "log": "|j|\u2606Vitoran\n|j|\u2606Sylveon is so cute\n|t:|1664041607\n|gametype|singles\n|player|p1|Vitoran|pokemonbreeder-gen4|2412\n|player|p2|Sylveon is so cute|anthea|2427\n|teamsize|p1|6\n|teamsize|p2|6\n|gen|8\n|tier|[Gen 8] Random Battle\n|rated|\n|rule|Species Clause: Limit one of each Pok\u00e9mon\n|rule|HP Percentage Mod: HP is shown in percentages\n|rule|Sleep Clause Mod: Limit one foe put to sleep\n|\n|t:|1664041607\n|start\n|switch|p1a: Weavile|Weavile, L79, M|240/240\n|switch|p2a: Froslass|Froslass, L84, F|255/255\n|turn|1\n|inactive|Battle timer is ON: inactive players will automatically lose when time's up. (requested by Sylveon is so cute)\n|c|\u2606Vitoran|glhf\n|c|\u2606Sylveon is so cute|hf\n|inactive|Vitoran has 120 seconds left.\n|\n|t:|1664041638\n|switch|p2a: Alcremie|Alcremie, L86, F|252/252\n|move|p1a: Weavile|Knock Off|p2a: Alcremie\n|-resisted|p2a: Alcremie\n|-crit|p2a: Alcremie\n|-damage|p2a: Alcremie|157/252\n|-enditem|p2a: Alcremie|Leftovers|[from] move: Knock Off|[of] p1a: Weavile\n|\n|upkeep\n|turn|2\n|\n|t:|1664041649\n|move|p1a: Weavile|Swords Dance|p1a: Weavile\n|-boost|p1a: Weavile|atk|2\n|move|p2a: Alcremie|Recover|p2a: Alcremie\n|-heal|p2a: Alcremie|252/252\n|\n|upkeep\n|turn|3\n|\n|t:|1664041653\n|-start|p2a: Alcremie|Dynamax|Gmax\n|-heal|p2a: Alcremie|504/504|[silent]\n|move|p1a: Weavile|Triple Axel|p2a: Alcremie\n|-damage|p2a: Alcremie|455/504\n|-hitcount|p2a: Alcremie|1\n|move|p2a: Alcremie|G-Max Finale|p1a: Weavile\n|-supereffective|p1a: Weavile\n|-crit|p1a: Weavile\n|-damage|p1a: Weavile|0 fnt\n|-heal|p2a: Alcremie|504/504\n|faint|p1a: Weavile\n|\n|upkeep\n|\n|t:|1664041671\n|switch|p1a: Arcanine|Arcanine, L82, M|282/282\n|-ability|p1a: Arcanine|Intimidate|boost\n|-unboost|p2a: Alcremie|atk|1\n|turn|4\n|\n|t:|1664041698\n|move|p1a: Arcanine|Will-O-Wisp|p2a: Alcremie\n|-status|p2a: Alcremie|brn\n|move|p2a: Alcremie|G-Max Finale|p1a: Arcanine\n|-resisted|p1a: Arcanine\n|-damage|p1a: Arcanine|193/282\n|\n|-damage|p2a: Alcremie|489/504 brn|[from] brn\n|upkeep\n|turn|5\n|\n|t:|1664041708\n|-end|p2a: Alcremie|Dynamax\n|-heal|p2a: Alcremie|245/252 brn|[silent]\n|switch|p2a: Mandibuzz|Mandibuzz, L82, F|315/315\n|move|p1a: Arcanine|Morning Sun|p1a: Arcanine\n|-heal|p1a: Arcanine|282/282\n|\n|upkeep\n|turn|6\n|\n|t:|1664041717\n|switch|p1a: Heracross|Heracross, L82, M|265/265\n|move|p2a: Mandibuzz|Toxic|p1a: Heracross\n|-status|p1a: Heracross|tox\n|\n|-damage|p1a: Heracross|249/265 tox|[from] psn\n|upkeep\n|turn|7\n|\n|t:|1664041722\n|move|p1a: Heracross|Close Combat|p2a: Mandibuzz\n|-damage|p2a: Mandibuzz|102/315\n|-unboost|p1a: Heracross|def|1\n|-unboost|p1a: Heracross|spd|1\n|move|p2a: Mandibuzz|Brave Bird|p1a: Heracross\n|-supereffective|p1a: Heracross\n|-damage|p1a: Heracross|0 fnt\n|faint|p1a: Heracross\n|-damage|p2a: Mandibuzz|20/315|[from] Recoil\n|\n|upkeep\n|\n|t:|1664041728\n|switch|p1a: Arcanine|Arcanine, L82, M|282/282\n|-ability|p1a: Arcanine|Intimidate|boost\n|-unboost|p2a: Mandibuzz|atk|1\n|turn|8\n|\n|t:|1664041749\n|switch|p2a: Bewear|Bewear, L82, M|331/331\n|move|p1a: Arcanine|Flare Blitz|p2a: Bewear\n|-damage|p2a: Bewear|189/331\n|-status|p2a: Bewear|brn\n|-damage|p1a: Arcanine|235/282|[from] Recoil\n|\n|-damage|p2a: Bewear|169/331 brn|[from] brn\n|upkeep\n|turn|9\n|\n|t:|1664041759\n|switch|p1a: Pinsir|Pinsir, L84, M|246/246\n|-ability|p1a: Pinsir|Mold Breaker\n|move|p2a: Bewear|Swords Dance|p2a: Bewear\n|-boost|p2a: Bewear|atk|2\n|\n|-damage|p2a: Bewear|149/331 brn|[from] brn\n|upkeep\n|turn|10\n|\n|t:|1664041765\n|switch|p2a: Froslass|Froslass, L84, F|255/255\n|move|p1a: Pinsir|Stealth Rock|p2a: Froslass\n|-sidestart|p2: Sylveon is so cute|move: Stealth Rock\n|\n|upkeep\n|turn|11\n|\n|t:|1664041770\n|move|p2a: Froslass|Spikes|p1a: Pinsir\n|-sidestart|p1: Vitoran|Spikes\n|move|p1a: Pinsir|Knock Off|p2a: Froslass\n|-supereffective|p2a: Froslass\n|-damage|p2a: Froslass|45/255\n|-enditem|p2a: Froslass|Wide Lens|[from] move: Knock Off|[of] p1a: Pinsir\n|\n|upkeep\n|turn|12\n|\n|t:|1664041774\n|move|p2a: Froslass|Spikes|p1a: Pinsir\n|-sidestart|p1: Vitoran|Spikes\n|move|p1a: Pinsir|Knock Off|p2a: Froslass\n|-supereffective|p2a: Froslass\n|-crit|p2a: Froslass\n|-damage|p2a: Froslass|0 fnt\n|faint|p2a: Froslass\n|\n|upkeep\n|\n|t:|1664041780\n|switch|p2a: Articuno|Articuno-Galar, L80|275/275\n|turn|13\n|\n|t:|1664041790\n|move|p2a: Articuno|Air Slash|p1a: Pinsir\n|-supereffective|p1a: Pinsir\n|-damage|p1a: Pinsir|28/246\n|move|p1a: Pinsir|Knock Off|p2a: Articuno\n|-supereffective|p2a: Articuno\n|-damage|p2a: Articuno|89/275\n|-enditem|p2a: Articuno|Heavy-Duty Boots|[from] move: Knock Off|[of] p1a: Pinsir\n|\n|upkeep\n|turn|14\n|\n|t:|1664041794\n|move|p2a: Articuno|Recover|p2a: Articuno\n|-heal|p2a: Articuno|227/275\n|move|p1a: Pinsir|X-Scissor|p2a: Articuno\n|-damage|p2a: Articuno|115/275\n|\n|upkeep\n|turn|15\n|inactive|Vitoran has 120 seconds left.\n|\n|t:|1664041827\n|move|p2a: Articuno|Recover|p2a: Articuno\n|-heal|p2a: Articuno|253/275\n|move|p1a: Pinsir|Knock Off|p2a: Articuno\n|-supereffective|p2a: Articuno\n|-crit|p2a: Articuno\n|-damage|p2a: Articuno|71/275\n|\n|upkeep\n|turn|16\n|\n|t:|1664041840\n|move|p2a: Articuno|Recover|p2a: Articuno\n|-heal|p2a: Articuno|209/275\n|move|p1a: Pinsir|Knock Off|p2a: Articuno\n|-supereffective|p2a: Articuno\n|-damage|p2a: Articuno|97/275\n|\n|upkeep\n|turn|17\n|\n|t:|1664041852\n|move|p2a: Articuno|Recover|p2a: Articuno\n|-heal|p2a: Articuno|235/275\n|move|p1a: Pinsir|Knock Off|p2a: Articuno\n|-supereffective|p2a: Articuno\n|-damage|p2a: Articuno|103/275\n|\n|upkeep\n|turn|18\n|\n|t:|1664041854\n|move|p2a: Articuno|Recover|p2a: Articuno\n|-heal|p2a: Articuno|241/275\n|move|p1a: Pinsir|Knock Off|p2a: Articuno\n|-supereffective|p2a: Articuno\n|-damage|p2a: Articuno|113/275\n|\n|upkeep\n|turn|19\n|\n|t:|1664041857\n|move|p2a: Articuno|Recover|p2a: Articuno\n|-heal|p2a: Articuno|251/275\n|move|p1a: Pinsir|Knock Off|p2a: Articuno\n|-supereffective|p2a: Articuno\n|-damage|p2a: Articuno|135/275\n|\n|upkeep\n|turn|20\n|\n|t:|1664041859\n|move|p2a: Articuno|Recover|p2a: Articuno\n|-heal|p2a: Articuno|273/275\n|move|p1a: Pinsir|Knock Off|p2a: Articuno\n|-supereffective|p2a: Articuno\n|-damage|p2a: Articuno|153/275\n|\n|upkeep\n|turn|21\n|\n|t:|1664041862\n|move|p2a: Articuno|Recover|p2a: Articuno\n|-heal|p2a: Articuno|275/275\n|move|p1a: Pinsir|Knock Off|p2a: Articuno\n|-supereffective|p2a: Articuno\n|-damage|p2a: Articuno|151/275\n|\n|upkeep\n|turn|22\n|\n|t:|1664041863\n|move|p2a: Articuno|Recover|p2a: Articuno\n|-heal|p2a: Articuno|275/275\n|move|p1a: Pinsir|Knock Off|p2a: Articuno\n|-supereffective|p2a: Articuno\n|-damage|p2a: Articuno|143/275\n|\n|upkeep\n|turn|23\n|\n|t:|1664041866\n|move|p2a: Articuno|Recover|p2a: Articuno\n|-heal|p2a: Articuno|275/275\n|move|p1a: Pinsir|Knock Off|p2a: Articuno\n|-supereffective|p2a: Articuno\n|-damage|p2a: Articuno|145/275\n|\n|upkeep\n|turn|24\n|\n|t:|1664041868\n|move|p2a: Articuno|Recover|p2a: Articuno\n|-heal|p2a: Articuno|275/275\n|move|p1a: Pinsir|Knock Off|p2a: Articuno\n|-supereffective|p2a: Articuno\n|-damage|p2a: Articuno|159/275\n|\n|upkeep\n|turn|25\n|\n|t:|1664041871\n|move|p2a: Articuno|Freezing Glare|p1a: Pinsir\n|-damage|p1a: Pinsir|0 fnt\n|faint|p1a: Pinsir\n|\n|upkeep\n|inactive|Vitoran has 120 seconds left.\n|\n|t:|1664041902\n|switch|p1a: Arcanine|Arcanine, L82, M|235/282\n|-ability|p1a: Arcanine|Intimidate|boost\n|-unboost|p2a: Articuno|atk|1\n|-ability|p2a: Articuno|Competitive\n|-boost|p2a: Articuno|spa|2\n|turn|26\n|\n|t:|1664041906\n|-start|p1a: Arcanine|Dynamax|\n|-heal|p1a: Arcanine|470/564|[silent]\n|move|p1a: Arcanine|Max Flare|p2a: Articuno\n|-damage|p2a: Articuno|0 fnt\n|-weather|SunnyDay\n|faint|p2a: Articuno\n|\n|-weather|SunnyDay|[upkeep]\n|upkeep\n|\n|t:|1664041917\n|switch|p2a: Bewear|Bewear, L82, M|149/331 brn\n|-damage|p2a: Bewear|129/331 brn|[from] Stealth Rock\n|turn|27\n|\n|t:|1664041919\n|move|p1a: Arcanine|Max Flare|p2a: Bewear\n|-damage|p2a: Bewear|0 fnt\n|faint|p2a: Bewear\n|\n|-weather|SunnyDay|[upkeep]\n|upkeep\n|\n|t:|1664041920\n|switch|p2a: Mandibuzz|Mandibuzz, L82, F|20/315\n|turn|28\n|\n|t:|1664041925\n|move|p1a: Arcanine|Max Flare|p2a: Mandibuzz\n|-damage|p2a: Mandibuzz|0 fnt\n|faint|p2a: Mandibuzz\n|\n|-weather|SunnyDay|[upkeep]\n|upkeep\n|\n|t:|1664041927\n|switch|p2a: Alcremie|Alcremie, L86, F|245/252 brn\n|-damage|p2a: Alcremie|214/252 brn|[from] Stealth Rock\n|-end|p1a: Arcanine|Dynamax\n|-heal|p1a: Arcanine|235/282|[silent]\n|turn|29\n|\n|t:|1664041930\n|move|p1a: Arcanine|Flare Blitz|p2a: Alcremie\n|-damage|p2a: Alcremie|0 fnt\n|faint|p2a: Alcremie\n|-damage|p1a: Arcanine|164/282|[from] Recoil\n|\n|-weather|SunnyDay|[upkeep]\n|upkeep\n|-message|Sylveon is so cute forfeited.\n|\n|win|Vitoran\n|raw|Vitoran's rating: 2412 &rarr; <strong>2433</strong><br />(+21 for winning)\n|raw|Sylveon is so cute's rating: 2435 &rarr; <strong>2414</strong><br />(-21 for losing)\n|l|\u2606Sylveon is so cute\n|c|\u2606Vitoran|gg\n||Ladder isn't responding, score probably updated but might not have (Request timeout).\n", "inputlog": ">version 806e56ea67f2f748d4b403b3f5b33d56e25d3f7a\n>start {\"formatid\":\"gen8randombattle\",\"seed\":[26409,28092,11971,14134],\"rated\":\"Rated battle\"}\n>player p1 {\"name\":\"Vitoran\",\"avatar\":\"pokemonbreeder-gen4\",\"rating\":2412,\"seed\":[41907,27836,2964,13066]}\n>player p2 {\"name\":\"Sylveon is so cute\",\"avatar\":\"anthea\",\"rating\":2427,\"seed\":[32642,21864,9008,35077]}\n>chat \u2606Vitoran|glhf\n>chat \u2606Sylveon is so cute|hf\n>p1 move knockoff\n>p2 switch 4\n>p1 move swordsdance\n>p2 move recover\n>p1 move tripleaxel\n>p2 move dazzlinggleam dynamax\n>p1 switch 2\n>p1 move willowisp\n>p2 move dazzlinggleam dynamax\n>p1 move morningsun\n>p2 switch 6\n>p1 switch 4\n>p2 move toxic\n>p1 move closecombat\n>p2 move bravebird\n>p1 switch 4\n>p1 move flareblitz\n>p2 switch 3\n>p1 switch 5\n>p2 move swordsdance\n>p1 move stealthrock\n>p2 switch 4\n>p1 move knockoff\n>p2 move spikes\n>p1 move knockoff\n>p2 move spikes\n>p2 switch 2\n>p1 move knockoff\n>p2 move airslash\n>p1 move xscissor\n>p2 move recover\n>p1 move knockoff\n>p2 move recover\n>p1 move knockoff\n>p2 move recover\n>p1 move knockoff\n>p2 move recover\n>p1 move knockoff\n>p2 move recover\n>p1 move knockoff\n>p2 move recover\n>p1 move knockoff\n>p2 move recover\n>p1 move knockoff\n>p2 move recover\n>p1 move knockoff\n>p2 move recover\n>p1 move knockoff\n>p2 move recover\n>p1 move knockoff\n>p2 move recover\n>p1 move knockoff\n>p2 move freezingglare\n>p1 switch 5\n>p1 move flareblitz dynamax\n>p2 move recover\n>p2 switch 4\n>p1 move flareblitz dynamax\n>p2 move icepunch\n>p2 switch 3\n>p1 move flareblitz dynamax\n>p2 move roost\n>p2 switch 6\n>p1 move flareblitz\n>p2 move recover\n>forcelose p2", "uploadtime": 1664041939, "views": 15, "p1id": "vitoran", "p2id": "sylveonissocute", "formatid": "gen8randombattle", "rating": 2414, "private": 0, "password": null}