{"id": "gen8randombattle-1872985008", "p1": "Sayaam Ali", "p2": "gareeb adani", "format": "[Gen 8] Random Battle", "log": "|j|\u2606Sayaam Ali\n|j|\u2606gareeb adani\n|t:|1685308727\n|gametype|singles\n|player|p1|Sayaam Ali|ethan|1394\n|player|p2|gareeb adani|2|1546\n|teamsize|p1|6\n|teamsize|p2|6\n|gen|8\n|tier|[Gen 8] Random Battle\n|rated|\n|rule|Species Clause: Limit one of each Pok\u00e9mon\n|rule|HP Percentage Mod: HP is shown in percentages\n|rule|Sleep Clause Mod: Limit one foe put to sleep\n|\n|t:|1685308727\n|start\n|switch|p1a: Diggersby|Diggersby, L80, F|267/267\n|switch|p2a: Grimmsnarl|Grimmsnarl, L82, M|290/290\n|turn|1\n|inactive|Battle timer is ON: inactive players will automatically lose when time's up. (requested by Sayaam Ali)\n|\n|t:|1685308752\n|move|p2a: Grimmsnarl|Reflect|p2a: Grimmsnarl\n|-sidestart|p2: gareeb adani|Reflect\n|move|p1a: Diggersby|Swords Dance|p1a: Diggersby\n|-boost|p1a: Diggersby|atk|2\n|\n|upkeep\n|turn|2\n|\n|t:|1685308760\n|switch|p2a: Rotom|Rotom-Frost, L84|221/221\n|move|p1a: Diggersby|Body Slam|p2a: Rotom\n|-damage|p2a: Rotom|86/221\n|-damage|p1a: Diggersby|241/267|[from] item: Life Orb\n|\n|upkeep\n|turn|3\n|inactive|Sayaam Ali has 120 seconds left.\n|\n|t:|1685308800\n|switch|p1a: Thievul|Thievul, L86, F|261/261\n|move|p2a: Rotom|Blizzard|p1a: Thievul\n|-damage|p1a: Thievul|144/261\n|-status|p1a: Thievul|frz\n|\n|-heal|p1a: Thievul|160/261 frz|[from] item: Leftovers\n|upkeep\n|turn|4\n|\n|t:|1685308816\n|cant|p1a: Thievul|frz\n|move|p2a: Rotom|Nasty Plot|p2a: Rotom\n|-boost|p2a: Rotom|spa|2\n|\n|-heal|p1a: Thievul|176/261 frz|[from] item: Leftovers\n|upkeep\n|turn|5\n|\n|t:|1685308823\n|cant|p1a: Thievul|frz\n|move|p2a: Rotom|Thunderbolt|p1a: Thievul\n|-damage|p1a: Thievul|0 fnt\n|faint|p1a: Thievul\n|\n|upkeep\n|\n|t:|1685308844\n|switch|p1a: Doublade|Doublade, L82, M|231/231\n|turn|6\n|\n|t:|1685308850\n|move|p2a: Rotom|Thunderbolt|p1a: Doublade\n|-damage|p1a: Doublade|42/231\n|move|p1a: Doublade|Swords Dance|p1a: Doublade\n|-boost|p1a: Doublade|atk|2\n|\n|upkeep\n|turn|7\n|\n|t:|1685308861\n|move|p2a: Rotom|Thunderbolt|p1a: Doublade\n|-damage|p1a: Doublade|0 fnt\n|faint|p1a: Doublade\n|\n|upkeep\n|\n|t:|1685308872\n|switch|p1a: Kingler|Kingler, L84, M|230/230\n|turn|8\n|\n|t:|1685308877\n|move|p2a: Rotom|Thunderbolt|p1a: Kingler\n|-supereffective|p1a: Kingler\n|-damage|p1a: Kingler|0 fnt\n|faint|p1a: Kingler\n|\n|-sideend|p2: gareeb adani|Reflect\n|upkeep\n|\n|t:|1685308881\n|switch|p1a: Haxorus|Haxorus, L77, F|244/244\n|-ability|p1a: Haxorus|Mold Breaker\n|turn|9\n|\n|t:|1685308886\n|move|p1a: Haxorus|Dragon Dance|p1a: Haxorus\n|-boost|p1a: Haxorus|atk|1\n|-boost|p1a: Haxorus|spe|1\n|move|p2a: Rotom|Blizzard|p1a: Haxorus\n|-supereffective|p1a: Haxorus\n|-damage|p1a: Haxorus|0 fnt\n|faint|p1a: Haxorus\n|\n|upkeep\n|-message|Sayaam Ali forfeited.\n|\n|win|gareeb adani\n|raw|Sayaam Ali's rating: 1394 &rarr; <strong>1383</strong><br />(-11 for losing)\n|raw|gareeb adani's rating: 1567 &rarr; <strong>1578</strong><br />(+11 for winning)\n|l|\u2606Sayaam Ali\n", "inputlog": ">version d74822bbc74c095aa312053f7034baee3068d99e\n>start {\"formatid\":\"gen8randombattle\",\"seed\":[2896,48557,3683,60342],\"rated\":\"Rated battle\"}\n>player p1 {\"name\":\"Sayaam Ali\",\"avatar\":\"ethan\",\"rating\":1394,\"seed\":[9159,55319,33311,9563]}\n>player p2 {\"name\":\"gareeb adani\",\"avatar\":\"2\",\"rating\":1546,\"seed\":[62543,48045,13690,41165]}\n>p1 move swordsdance\n>p2 move reflect\n>p1 move bodyslam\n>p2 switch 3\n>p1 switch 5\n>p2 move blizzard\n>p1 move partingshot\n>p2 move nastyplot\n>p1 move partingshot\n>p2 move thunderbolt\n>p1 switch 4\n>p1 move swordsdance\n>p2 move thunderbolt\n>p1 move shadowclaw\n>p2 move thunderbolt\n>p1 switch 2\n>p1 move swordsdance\n>p2 move thunderbolt\n>p1 switch 3\n>p1 move dragondance\n>p2 move blizzard\n>forcelose p1", "uploadtime": 1685308894, "views": 3, "p1id": "sayaamali", "p2id": "gareebadani", "formatid": "gen8randombattle", "rating": 1383, "private": 0, "password": ""}