{"id": "gen8randombattle-1873665695", "p1": "woopre", "p2": "relevartemit", "format": "[Gen 8] Random Battle", "log": "|j|\u2606woopre\n|j|\u2606relevartemit\n|t:|1685403288\n|gametype|singles\n|player|p1|woopre|cynthia-anime2|\n|player|p2|relevartemit|scientist-gen4|\n|teamsize|p1|6\n|teamsize|p2|6\n|gen|8\n|tier|[Gen 8] Random Battle\n|rule|Species Clause: Limit one of each Pok\u00e9mon\n|rule|HP Percentage Mod: HP is shown in percentages\n|rule|Sleep Clause Mod: Limit one foe put to sleep\n|\n|t:|1685403288\n|start\n|switch|p1a: Altaria|Altaria, L90, M|281/281\n|switch|p2a: Rhydon|Rhydon, L87, F|324/324\n|turn|1\n|\n|t:|1685403309\n|switch|p1a: Urshifu|Urshifu-Rapid-Strike, L78, M|284/284\n|move|p2a: Rhydon|Stealth Rock|p1a: Urshifu\n|-sidestart|p1: woopre|move: Stealth Rock\n|\n|upkeep\n|turn|2\n|j| Mandibuladel5555\n|\n|t:|1685403331\n|switch|p2a: Orbeetle|Orbeetle, L86, F|243/243\n|-item|p1a: Urshifu|Leftovers|[from] ability: Frisk|[of] p2a: Orbeetle|[identify]\n|move|p1a: Urshifu|Substitute|p1a: Urshifu\n|-start|p1a: Urshifu|Substitute\n|-damage|p1a: Urshifu|213/284\n|\n|-heal|p1a: Urshifu|230/284|[from] item: Leftovers\n|upkeep\n|turn|3\n|\n|t:|1685403339\n|move|p2a: Orbeetle|Psychic|p1a: Urshifu\n|-supereffective|p1a: Urshifu\n|-end|p1a: Urshifu|Substitute\n|move|p1a: Urshifu|Surging Strikes|p2a: Orbeetle\n|-crit|p2a: Orbeetle\n|-damage|p2a: Orbeetle|203/243\n|-crit|p2a: Orbeetle\n|-damage|p2a: Orbeetle|166/243\n|-crit|p2a: Orbeetle\n|-damage|p2a: Orbeetle|126/243\n|-hitcount|p2a: Orbeetle|3\n|\n|-heal|p1a: Urshifu|247/284|[from] item: Leftovers\n|upkeep\n|turn|4\n|\n|t:|1685403344\n|switch|p1a: Mesprit|Mesprit, L84|272/272\n|-damage|p1a: Mesprit|238/272|[from] Stealth Rock\n|move|p2a: Orbeetle|Psychic|p1a: Mesprit\n|-resisted|p1a: Mesprit\n|-damage|p1a: Mesprit|202/272\n|\n|-heal|p1a: Mesprit|219/272|[from] item: Leftovers\n|upkeep\n|turn|5\n|\n|t:|1685403351\n|switch|p1a: Altaria|Altaria, L90, M|281/281\n|move|p2a: Orbeetle|Bug Buzz|p1a: Altaria\n|-resisted|p1a: Altaria\n|-damage|p1a: Altaria|243/281\n|\n|upkeep\n|turn|6\n|\n|t:|1685403377\n|move|p2a: Orbeetle|Recover|p2a: Orbeetle\n|-heal|p2a: Orbeetle|243/243\n|move|p1a: Altaria|Fire Blast|p2a: Orbeetle\n|-supereffective|p2a: Orbeetle\n|-damage|p2a: Orbeetle|131/243\n|\n|upkeep\n|turn|7\n|\n|t:|1685403382\n|move|p2a: Orbeetle|Calm Mind|p2a: Orbeetle\n|-boost|p2a: Orbeetle|spa|1\n|-boost|p2a: Orbeetle|spd|1\n|move|p1a: Altaria|Toxic|p2a: Orbeetle\n|-status|p2a: Orbeetle|tox\n|\n|-damage|p2a: Orbeetle|116/243 tox|[from] psn\n|upkeep\n|turn|8\n|\n|t:|1685403410\n|switch|p2a: Barbaracle|Barbaracle, L80, M|246/246\n|move|p1a: Altaria|Fire Blast|p2a: Barbaracle\n|-resisted|p2a: Barbaracle\n|-damage|p2a: Barbaracle|227/246\n|\n|upkeep\n|turn|9\n|\n|t:|1685403436\n|move|p1a: Altaria|Toxic|p2a: Barbaracle\n|-status|p2a: Barbaracle|tox\n|move|p2a: Barbaracle|Shell Smash|p2a: Barbaracle\n|-unboost|p2a: Barbaracle|def|1\n|-unboost|p2a: Barbaracle|spd|1\n|-boost|p2a: Barbaracle|atk|2\n|-boost|p2a: Barbaracle|spa|2\n|-boost|p2a: Barbaracle|spe|2\n|-enditem|p2a: Barbaracle|White Herb\n|-clearnegativeboost|p2a: Barbaracle|[silent]\n|\n|-damage|p2a: Barbaracle|212/246 tox|[from] psn\n|upkeep\n|turn|10\n|\n|t:|1685403441\n|move|p2a: Barbaracle|Stone Edge|p1a: Altaria|[miss]\n|-miss|p2a: Barbaracle|p1a: Altaria\n|move|p1a: Altaria|Draco Meteor|p2a: Barbaracle\n|-damage|p2a: Barbaracle|88/246 tox\n|-unboost|p1a: Altaria|spa|2\n|\n|-damage|p2a: Barbaracle|58/246 tox|[from] psn\n|upkeep\n|turn|11\n|c|\u2606woopre|oof\n|\n|t:|1685403447\n|move|p2a: Barbaracle|Stone Edge|p1a: Altaria\n|-supereffective|p1a: Altaria\n|-crit|p1a: Altaria\n|-damage|p1a: Altaria|0 fnt\n|faint|p1a: Altaria\n|\n|-damage|p2a: Barbaracle|13/246 tox|[from] psn\n|upkeep\n|\n|t:|1685403451\n|switch|p1a: Azumarill|Azumarill, L84, F|305/305\n|-damage|p1a: Azumarill|267/305|[from] Stealth Rock\n|turn|12\n|\n|t:|1685403469\n|move|p1a: Azumarill|Aqua Jet|p2a: Barbaracle\n|-damage|p2a: Barbaracle|0 fnt\n|faint|p2a: Barbaracle\n|\n|upkeep\n|\n|t:|1685403487\n|switch|p2a: Gothitelle|Gothitelle, L86, F|261/261\n|turn|13\n|\n|t:|1685403510\n|-start|p1a: Azumarill|Dynamax|\n|-heal|p1a: Azumarill|534/610|[silent]\n|move|p2a: Gothitelle|Thunderbolt|p1a: Azumarill\n|-supereffective|p1a: Azumarill\n|-damage|p1a: Azumarill|402/610\n|-status|p1a: Azumarill|par\n|move|p1a: Azumarill|Max Geyser|p2a: Gothitelle\n|-damage|p2a: Gothitelle|107/261\n|-weather|RainDance\n|\n|-weather|RainDance|[upkeep]\n|-heal|p2a: Gothitelle|123/261|[from] item: Leftovers\n|upkeep\n|turn|14\n|\n|t:|1685403521\n|move|p2a: Gothitelle|Thunderbolt|p1a: Azumarill\n|-supereffective|p1a: Azumarill\n|-damage|p1a: Azumarill|258/610 par\n|move|p1a: Azumarill|Max Geyser|p2a: Gothitelle\n|-damage|p2a: Gothitelle|0 fnt\n|faint|p2a: Gothitelle\n|\n|-weather|RainDance|[upkeep]\n|upkeep\n|\n|t:|1685403535\n|switch|p2a: Regieleki|Regieleki, L78|253/253\n|turn|15\n|\n|t:|1685403540\n|move|p2a: Regieleki|Thunderbolt|p1a: Azumarill\n|-supereffective|p1a: Azumarill\n|-damage|p1a: Azumarill|0 fnt\n|faint|p1a: Azumarill\n|\n|-weather|RainDance|[upkeep]\n|upkeep\n|\n|t:|1685403548\n|switch|p1a: Mr. Rime|Mr. Rime, L86, F|278/278\n|turn|16\n|\n|t:|1685403556\n|move|p2a: Regieleki|Volt Switch|p1a: Mr. Rime\n|-damage|p1a: Mr. Rime|169/278\n|\n|t:|1685403561\n|switch|p2a: Orbeetle|Orbeetle, L86, F|116/243 tox|[from] Volt Switch\n|-item|p1a: Mr. Rime|Heavy-Duty Boots|[from] ability: Frisk|[of] p2a: Orbeetle|[identify]\n|move|p1a: Mr. Rime|Freeze-Dry|p2a: Orbeetle\n|-damage|p2a: Orbeetle|47/243 tox\n|\n|-weather|RainDance|[upkeep]\n|-damage|p2a: Orbeetle|32/243 tox|[from] psn\n|upkeep\n|turn|17\n|\n|t:|1685403571\n|move|p2a: Orbeetle|Recover|p2a: Orbeetle\n|-heal|p2a: Orbeetle|154/243 tox\n|move|p1a: Mr. Rime|Rapid Spin|p2a: Orbeetle\n|-damage|p2a: Orbeetle|128/243 tox\n|-boost|p1a: Mr. Rime|spe|1\n|-sideend|p1: woopre|Stealth Rock|[from] move: Rapid Spin|[of] p1a: Mr. Rime\n|\n|-weather|none\n|-damage|p2a: Orbeetle|98/243 tox|[from] psn\n|upkeep\n|turn|18\n|\n|t:|1685403577\n|move|p1a: Mr. Rime|Freeze-Dry|p2a: Orbeetle\n|-damage|p2a: Orbeetle|29/243 tox\n|move|p2a: Orbeetle|Bug Buzz|p1a: Mr. Rime\n|-supereffective|p1a: Mr. Rime\n|-damage|p1a: Mr. Rime|25/278\n|\n|-damage|p2a: Orbeetle|0 fnt|[from] psn\n|faint|p2a: Orbeetle\n|upkeep\n|\n|t:|1685403582\n|switch|p2a: Regieleki|Regieleki, L78|253/253\n|turn|19\n|\n|t:|1685403585\n|move|p2a: Regieleki|Thunderbolt|p1a: Mr. Rime\n|-damage|p1a: Mr. Rime|0 fnt\n|faint|p1a: Mr. Rime\n|\n|upkeep\n|\n|t:|1685403588\n|switch|p1a: Diancie|Diancie, L82|216/216\n|turn|20\n|\n|t:|1685403597\n|move|p2a: Regieleki|Volt Switch|p1a: Diancie\n|-damage|p1a: Diancie|129/216\n|\n|t:|1685403600\n|switch|p2a: Rhydon|Rhydon, L87, F|324/324|[from] Volt Switch\n|move|p1a: Diancie|Moonblast|p2a: Rhydon\n|-damage|p2a: Rhydon|233/324\n|\n|-heal|p1a: Diancie|142/216|[from] item: Leftovers\n|upkeep\n|turn|21\n|\n|t:|1685403610\n|move|p1a: Diancie|Moonblast|p2a: Rhydon\n|-damage|p2a: Rhydon|140/324\n|move|p2a: Rhydon|Stone Edge|p1a: Diancie|[miss]\n|-miss|p2a: Rhydon|p1a: Diancie\n|\n|-heal|p1a: Diancie|155/216|[from] item: Leftovers\n|upkeep\n|turn|22\n|\n|t:|1685403616\n|switch|p1a: Mesprit|Mesprit, L84|219/272\n|move|p2a: Rhydon|Earthquake|p1a: Mesprit\n|-immune|p1a: Mesprit|[from] ability: Levitate\n|\n|-heal|p1a: Mesprit|236/272|[from] item: Leftovers\n|upkeep\n|turn|23\n|\n|t:|1685403626\n|move|p1a: Mesprit|Psychic|p2a: Rhydon\n|-damage|p2a: Rhydon|35/324\n|move|p2a: Rhydon|Megahorn|p1a: Mesprit\n|-supereffective|p1a: Mesprit\n|-damage|p1a: Mesprit|52/272\n|\n|-heal|p1a: Mesprit|69/272|[from] item: Leftovers\n|upkeep\n|turn|24\n|\n|t:|1685403632\n|move|p1a: Mesprit|Stealth Rock|p2a: Rhydon\n|-sidestart|p2: relevartemit|move: Stealth Rock\n|move|p2a: Rhydon|Megahorn|p1a: Mesprit\n|-supereffective|p1a: Mesprit\n|-crit|p1a: Mesprit\n|-damage|p1a: Mesprit|0 fnt\n|faint|p1a: Mesprit\n|\n|upkeep\n|\n|t:|1685403634\n|switch|p1a: Urshifu|Urshifu-Rapid-Strike, L78, M|247/284\n|turn|25\n|\n|t:|1685403639\n|move|p1a: Urshifu|Bulk Up|p1a: Urshifu\n|-boost|p1a: Urshifu|atk|1\n|-boost|p1a: Urshifu|def|1\n|move|p2a: Rhydon|Earthquake|p1a: Urshifu\n|-damage|p1a: Urshifu|153/284\n|\n|-heal|p1a: Urshifu|170/284|[from] item: Leftovers\n|upkeep\n|turn|26\n|\n|t:|1685403649\n|move|p1a: Urshifu|Bulk Up|p1a: Urshifu\n|-boost|p1a: Urshifu|atk|1\n|-boost|p1a: Urshifu|def|1\n|move|p2a: Rhydon|Earthquake|p1a: Urshifu\n|-damage|p1a: Urshifu|95/284\n|\n|-heal|p1a: Urshifu|112/284|[from] item: Leftovers\n|upkeep\n|turn|27\n|\n|t:|1685403653\n|move|p1a: Urshifu|Bulk Up|p1a: Urshifu\n|-boost|p1a: Urshifu|atk|1\n|-boost|p1a: Urshifu|def|1\n|move|p2a: Rhydon|Earthquake|p1a: Urshifu\n|-damage|p1a: Urshifu|52/284\n|\n|-heal|p1a: Urshifu|69/284|[from] item: Leftovers\n|upkeep\n|turn|28\n|\n|t:|1685403661\n|move|p1a: Urshifu|Drain Punch|p2a: Rhydon\n|-supereffective|p2a: Rhydon\n|-damage|p2a: Rhydon|0 fnt\n|-heal|p1a: Urshifu|87/284|[from] drain|[of] p2a: Rhydon\n|faint|p2a: Rhydon\n|\n|-heal|p1a: Urshifu|104/284|[from] item: Leftovers\n|upkeep\n|\n|t:|1685403664\n|switch|p2a: Regieleki|Regieleki, L78|253/253\n|-damage|p2a: Regieleki|222/253|[from] Stealth Rock\n|turn|29\n|\n|t:|1685403668\n|move|p2a: Regieleki|Thunderbolt|p1a: Urshifu\n|-supereffective|p1a: Urshifu\n|-damage|p1a: Urshifu|0 fnt\n|faint|p1a: Urshifu\n|\n|upkeep\n|\n|t:|1685403670\n|switch|p1a: Diancie|Diancie, L82|155/216\n|turn|30\n|\n|t:|1685403676\n|-start|p2a: Regieleki|Dynamax|\n|-heal|p2a: Regieleki|444/506|[silent]\n|move|p2a: Regieleki|Max Lightning|p1a: Diancie\n|-crit|p1a: Diancie\n|-damage|p1a: Diancie|0 fnt\n|-fieldstart|move: Electric Terrain\n|faint|p1a: Diancie\n|\n|win|relevartemit\n|c|\u2606relevartemit|gg\n|c|\u2606woopre|gg fuck i gotta go :/\n|l|\u2606woopre\n|c|\u2606relevartemit|we can do game 3 on Friday or whenever\n|l|\u2606relevartemit\n|j|\u2606woopre\n|player|p1|woopre|cynthia-anime2\n|l|\u2606woopre\n|player|p1|\n|j|\u2606woopre\n|player|p1|woopre|cynthia-anime2\n", "inputlog": ">version 6fec31d5a0d4498a06105aa188c9906bc0b6bf95\n>start {\"formatid\":\"gen8randombattle\",\"seed\":[53405,29036,45717,47663]}\n>player p1 {\"name\":\"woopre\",\"avatar\":\"cynthia-anime2\",\"rating\":0,\"seed\":[26192,11801,20977,24345]}\n>player p2 {\"name\":\"relevartemit\",\"avatar\":\"scientist-gen4\",\"rating\":0,\"seed\":[9605,41788,65427,34431]}\n>p1 switch 4\n>p2 move stealthrock\n>p1 move substitute\n>p2 switch 5\n>p1 move surgingstrikes\n>p2 move psychic\n>p1 switch 2\n>p2 move psychic\n>p1 switch 4\n>p2 move bugbuzz\n>p1 move fireblast\n>p2 move recover\n>p1 move toxic\n>p2 move calmmind\n>p1 move fireblast\n>p2 switch 4\n>p1 move toxic\n>p2 move shellsmash\n>p1 move dracometeor\n>p2 move stoneedge\n>chat \u2606woopre|oof\n>p1 move dracometeor\n>p2 move stoneedge\n>p1 switch 5\n>p1 move aquajet\n>p2 move stoneedge\n>p2 switch 6\n>p1 move liquidation dynamax\n>p2 move thunderbolt\n>p1 move liquidation dynamax\n>p2 move thunderbolt\n>p2 switch 2\n>p1 move liquidation dynamax\n>p2 move thunderbolt\n>p1 switch 3\n>p1 move freezedry\n>p2 move voltswitch\n>p2 switch 4\n>p1 move rapidspin\n>p2 move recover\n>p1 move freezedry\n>p2 move bugbuzz\n>p2 switch 4\n>p1 move freezedry\n>p2 move thunderbolt\n>p1 switch 6\n>p1 move moonblast\n>p2 move voltswitch\n>p2 switch 5\n>p1 move moonblast\n>p2 move stoneedge\n>p1 switch 4\n>p2 move earthquake\n>p1 move psychic\n>p2 move megahorn\n>p1 move stealthrock\n>p2 move megahorn\n>p1 switch 2\n>p1 move bulkup\n>p2 move earthquake\n>p1 move bulkup\n>p2 move earthquake\n>p1 move bulkup\n>p2 move earthquake\n>p1 move drainpunch\n>p2 move earthquake\n>p2 switch 5\n>p1 move drainpunch\n>p2 move thunderbolt\n>p1 switch 4\n>p1 move diamondstorm\n>p2 move thunderbolt dynamax", "uploadtime": 1685403684, "views": 7, "p1id": "woopre", "p2id": "relevartemit", "formatid": "gen8randombattle", "rating": 0, "private": 0, "password": ""}