{"id": "gen8randombattle-1872792690", "p1": "Dragon246", "p2": "MichaelderBeste2", "format": "[Gen 8] Random Battle", "log": "|j|\u2606Dragon246\n|j|\u2606MichaelderBeste2\n|t:|1685285430\n|gametype|singles\n|player|p1|Dragon246|gladion-stance|\n|player|p2|MichaelderBeste2|#uuplxiidols|\n|teamsize|p1|6\n|teamsize|p2|6\n|gen|8\n|tier|[Gen 8] Random Battle\n|rule|Species Clause: Limit one of each Pok\u00e9mon\n|rule|HP Percentage Mod: HP is shown in percentages\n|rule|Sleep Clause Mod: Limit one foe put to sleep\n|\n|t:|1685285430\n|start\n|switch|p1a: Boltund|Boltund, L84, F|253/253\n|switch|p2a: Thievul|Thievul, L86, M|261/261\n|turn|1\n|c|\u2606MichaelderBeste2|hf\n|c|\u2606Dragon246|u2\n|inactive|Battle timer is ON: inactive players will automatically lose when time's up. (requested by MichaelderBeste2)\n|\n|t:|1685285463\n|switch|p2a: Weezing|Weezing, L86, M|252/252\n|move|p1a: Boltund|Bulk Up|p1a: Boltund\n|-boost|p1a: Boltund|atk|1\n|-boost|p1a: Boltund|def|1\n|\n|upkeep\n|turn|2\n|\n|t:|1685285466\n|move|p1a: Boltund|Psychic Fangs|p2a: Weezing\n|-supereffective|p2a: Weezing\n|-damage|p2a: Weezing|62/252\n|move|p2a: Weezing|Toxic Spikes|p1a: Boltund\n|-sidestart|p1: Dragon246|move: Toxic Spikes\n|\n|-heal|p2a: Weezing|77/252|[from] item: Black Sludge\n|upkeep\n|turn|3\n|\n|t:|1685285472\n|switch|p2a: Marowak|Marowak, L86, M|243/243\n|move|p1a: Boltund|Psychic Fangs|p2a: Marowak\n|-damage|p2a: Marowak|134/243\n|\n|upkeep\n|turn|4\n|\n|t:|1685285478\n|-start|p1a: Boltund|Dynamax|\n|-heal|p1a: Boltund|506/506|[silent]\n|move|p1a: Boltund|Max Mindstorm|p2a: Marowak\n|-damage|p2a: Marowak|31/243\n|-fieldstart|move: Psychic Terrain\n|move|p2a: Marowak|Earthquake|p1a: Boltund\n|-supereffective|p1a: Boltund\n|-damage|p1a: Boltund|162/506\n|\n|upkeep\n|turn|5\n|\n|t:|1685285485\n|move|p1a: Boltund|Max Flare|p2a: Marowak\n|-damage|p2a: Marowak|0 fnt\n|-weather|SunnyDay\n|faint|p2a: Marowak\n|\n|-weather|SunnyDay|[upkeep]\n|upkeep\n|inactive|MichaelderBeste2 has 270 seconds left.\n|inactive|MichaelderBeste2 has 240 seconds left.\n|\n|t:|1685285572\n|switch|p2a: Kyogre|Kyogre, L72|263/263\n|-weather|RainDance|[from] ability: Drizzle|[of] p2a: Kyogre\n|turn|6\n|\n|t:|1685285587\n|move|p2a: Kyogre|Water Spout|p1a: Boltund\n|-damage|p1a: Boltund|0 fnt\n|faint|p1a: Boltund\n|\n|-weather|RainDance|[upkeep]\n|upkeep\n|\n|t:|1685285591\n|switch|p1a: Roserade|Roserade, L84, F|238/238\n|-sideend|p1: Dragon246|move: Toxic Spikes|[of] p1a: Roserade\n|turn|7\n|\n|t:|1685285596\n|switch|p2a: Crobat|Crobat, L82, M|274/274\n|move|p1a: Roserade|Sleep Powder|p2a: Crobat\n|-status|p2a: Crobat|slp|[from] move: Sleep Powder\n|\n|-weather|RainDance|[upkeep]\n|upkeep\n|turn|8\n|\n|t:|1685285604\n|switch|p1a: Cramorant|Cramorant, L84, M|255/255\n|cant|p2a: Crobat|slp\n|\n|-weather|RainDance|[upkeep]\n|-fieldend|move: Psychic Terrain\n|upkeep\n|turn|9\n|\n|t:|1685285612\n|switch|p2a: Kyogre|Kyogre, L72|263/263\n|move|p1a: Cramorant|Surf|p2a: Kyogre\n|-formechange|p1a: Cramorant|Cramorant-Gulping|\n|-resisted|p2a: Kyogre\n|-damage|p2a: Kyogre|214/263\n|\n|-weather|RainDance|[upkeep]\n|upkeep\n|turn|10\n|\n|t:|1685285624\n|switch|p2a: Crobat|Crobat, L82, M|274/274 slp\n|move|p1a: Cramorant|Brave Bird|p2a: Crobat\n|-damage|p2a: Crobat|144/274 slp\n|-damage|p1a: Cramorant|212/255|[from] Recoil\n|\n|-weather|none\n|upkeep\n|turn|11\n|\n|t:|1685285629\n|cant|p2a: Crobat|slp\n|move|p1a: Cramorant|Surf|p2a: Crobat\n|-damage|p2a: Crobat|56/274 slp\n|\n|upkeep\n|turn|12\n|\n|t:|1685285633\n|-curestatus|p2a: Crobat|slp|[msg]\n|move|p2a: Crobat|Roost|p2a: Crobat\n|-heal|p2a: Crobat|193/274\n|-singleturn|p2a: Crobat|move: Roost\n|move|p1a: Cramorant|Brave Bird|p2a: Crobat\n|-damage|p2a: Crobat|63/274\n|-damage|p1a: Cramorant|169/255|[from] Recoil\n|\n|upkeep\n|turn|13\n|\n|t:|1685285637\n|move|p2a: Crobat|Roost|p2a: Crobat\n|-heal|p2a: Crobat|200/274\n|-singleturn|p2a: Crobat|move: Roost\n|move|p1a: Cramorant|Surf|p2a: Crobat\n|-damage|p2a: Crobat|107/274\n|\n|upkeep\n|turn|14\n|\n|t:|1685285641\n|switch|p1a: Solrock|Solrock, L88|302/302\n|move|p2a: Crobat|Roost|p2a: Crobat\n|-heal|p2a: Crobat|244/274\n|-singleturn|p2a: Crobat|move: Roost\n|\n|upkeep\n|turn|15\n|\n|t:|1685285647\n|move|p2a: Crobat|U-turn|p1a: Solrock\n|-supereffective|p1a: Solrock\n|-damage|p1a: Solrock|220/302\n|\n|t:|1685285648\n|switch|p2a: Thievul|Thievul, L86, M|261/261|[from] U-turn\n|move|p1a: Solrock|Will-O-Wisp|p2a: Thievul\n|-status|p2a: Thievul|brn\n|\n|-heal|p1a: Solrock|238/302|[from] item: Leftovers\n|-damage|p2a: Thievul|245/261 brn|[from] brn\n|upkeep\n|turn|16\n|\n|t:|1685285652\n|switch|p1a: Whimsicott|Whimsicott, L84, F|238/238\n|move|p2a: Thievul|Dark Pulse|p1a: Whimsicott\n|-resisted|p1a: Whimsicott\n|-damage|p1a: Whimsicott|117/238\n|-damage|p2a: Thievul|219/261 brn|[from] item: Life Orb\n|\n|-heal|p1a: Whimsicott|131/238|[from] item: Leftovers\n|-damage|p2a: Thievul|203/261 brn|[from] brn\n|upkeep\n|turn|17\n|\n|t:|1685285656\n|switch|p2a: Crobat|Crobat, L82, M|244/274\n|move|p1a: Whimsicott|U-turn|p2a: Crobat\n|-resisted|p2a: Crobat\n|-crit|p2a: Crobat\n|-damage|p2a: Crobat|229/274\n|\n|t:|1685285660\n|switch|p1a: Solrock|Solrock, L88|238/302|[from] U-turn\n|\n|-heal|p1a: Solrock|256/302|[from] item: Leftovers\n|upkeep\n|turn|18\n|\n|t:|1685285662\n|move|p2a: Crobat|U-turn|p1a: Solrock\n|-supereffective|p1a: Solrock\n|-damage|p1a: Solrock|174/302\n|\n|t:|1685285664\n|switch|p2a: Thievul|Thievul, L86, M|203/261 brn|[from] U-turn\n|move|p1a: Solrock|Rock Slide|p2a: Thievul\n|-damage|p2a: Thievul|95/261 brn\n|\n|-heal|p1a: Solrock|192/302|[from] item: Leftovers\n|-damage|p2a: Thievul|79/261 brn|[from] brn\n|upkeep\n|turn|19\n|\n|t:|1685285689\n|switch|p1a: Whimsicott|Whimsicott, L84, F|131/238\n|move|p2a: Thievul|Psychic|p1a: Whimsicott\n|-damage|p1a: Whimsicott|0 fnt\n|faint|p1a: Whimsicott\n|-damage|p2a: Thievul|53/261 brn|[from] item: Life Orb\n|\n|-damage|p2a: Thievul|37/261 brn|[from] brn\n|upkeep\n|\n|t:|1685285698\n|switch|p1a: Cramorant|Cramorant, L84, M|169/255\n|turn|20\n|\n|t:|1685285706\n|switch|p2a: Crobat|Crobat, L82, M|229/274\n|move|p1a: Cramorant|Roost|p1a: Cramorant\n|-heal|p1a: Cramorant|255/255\n|-singleturn|p1a: Cramorant|move: Roost\n|\n|upkeep\n|turn|21\n|\n|t:|1685285722\n|move|p2a: Crobat|Toxic|p1a: Cramorant\n|-status|p1a: Cramorant|tox\n|move|p1a: Cramorant|Surf|p2a: Crobat\n|-formechange|p1a: Cramorant|Cramorant-Gulping|\n|-damage|p2a: Crobat|129/274\n|\n|-damage|p1a: Cramorant|240/255 tox|[from] psn\n|upkeep\n|turn|22\n|inactive|MichaelderBeste2 has 270 seconds left.\n|\n|t:|1685285765\n|move|p2a: Crobat|Roost|p2a: Crobat\n|-heal|p2a: Crobat|266/274\n|-singleturn|p2a: Crobat|move: Roost\n|move|p1a: Cramorant|Brave Bird|p2a: Crobat\n|-damage|p2a: Crobat|131/274\n|-damage|p1a: Cramorant|195/255 tox|[from] Recoil\n|\n|-damage|p1a: Cramorant|165/255 tox|[from] psn\n|upkeep\n|turn|23\n|\n|t:|1685285769\n|switch|p1a: Solrock|Solrock, L88|192/302\n|move|p2a: Crobat|Roost|p2a: Crobat\n|-heal|p2a: Crobat|268/274\n|-singleturn|p2a: Crobat|move: Roost\n|\n|-heal|p1a: Solrock|210/302|[from] item: Leftovers\n|upkeep\n|turn|24\n|inactive|MichaelderBeste2 has 270 seconds left.\n|\n|t:|1685285782\n|move|p2a: Crobat|U-turn|p1a: Solrock\n|-supereffective|p1a: Solrock\n|-damage|p1a: Solrock|130/302\n|inactive|MichaelderBeste2 has 270 seconds left.\n|\n|t:|1685285794\n|switch|p2a: Thievul|Thievul, L86, M|37/261 brn|[from] U-turn\n|move|p1a: Solrock|Rock Slide|p2a: Thievul\n|-damage|p2a: Thievul|0 fnt\n|faint|p2a: Thievul\n|\n|-heal|p1a: Solrock|148/302|[from] item: Leftovers\n|upkeep\n|\n|t:|1685285799\n|switch|p2a: Kyogre|Kyogre, L72|214/263\n|-weather|RainDance|[from] ability: Drizzle|[of] p2a: Kyogre\n|turn|25\n|inactive|MichaelderBeste2 has 270 seconds left.\n|\n|t:|1685285808\n|move|p2a: Kyogre|Water Spout|p1a: Solrock\n|-supereffective|p1a: Solrock\n|-damage|p1a: Solrock|0 fnt\n|faint|p1a: Solrock\n|\n|-weather|RainDance|[upkeep]\n|upkeep\n|\n|t:|1685285813\n|switch|p1a: Roserade|Roserade, L84, F|238/238\n|turn|26\n|inactive|MichaelderBeste2 has 270 seconds left.\n|\n|t:|1685285855\n|switch|p2a: Mew|Mew, L80|291/291\n|move|p1a: Roserade|Sleep Powder|p2a: Mew\n|-status|p2a: Mew|slp|[from] move: Sleep Powder\n|-enditem|p2a: Mew|Lum Berry|[eat]\n|-curestatus|p2a: Mew|slp|[msg]\n|\n|-weather|RainDance|[upkeep]\n|upkeep\n|turn|27\n|\n|t:|1685285865\n|move|p2a: Mew|Psychic Fangs|p1a: Roserade\n|-supereffective|p1a: Roserade\n|-damage|p1a: Roserade|14/238\n|move|p1a: Roserade|Leaf Storm|p2a: Mew\n|-damage|p2a: Mew|137/291\n|-unboost|p1a: Roserade|spa|2\n|\n|-weather|RainDance|[upkeep]\n|-heal|p1a: Roserade|28/238|[from] item: Black Sludge\n|upkeep\n|turn|28\n|\n|t:|1685285871\n|switch|p1a: Malamar|Malamar, L80, M|269/269\n|move|p2a: Mew|Psychic Fangs|p1a: Malamar\n|-immune|p1a: Malamar\n|\n|-weather|RainDance|[upkeep]\n|upkeep\n|turn|29\n|\n|t:|1685285876\n|switch|p2a: Crobat|Crobat, L82, M|268/274\n|move|p1a: Malamar|Superpower|p2a: Crobat\n|-resisted|p2a: Crobat\n|-damage|p2a: Crobat|248/274\n|-boost|p1a: Malamar|atk|1\n|-boost|p1a: Malamar|def|1\n|\n|-weather|none\n|upkeep\n|turn|30\n|\n|t:|1685285880\n|-start|p2a: Crobat|Dynamax|\n|-heal|p2a: Crobat|496/548|[silent]\n|move|p2a: Crobat|Max Flutterby|p1a: Malamar\n|-supereffective|p1a: Malamar\n|-damage|p1a: Malamar|53/269\n|-boost|p1a: Malamar|spa|1\n|move|p1a: Malamar|Knock Off|p2a: Crobat\n|-damage|p2a: Crobat|343/548\n|-enditem|p2a: Crobat|Heavy-Duty Boots|[from] move: Knock Off|[of] p1a: Malamar\n|\n|-heal|p1a: Malamar|69/269|[from] item: Leftovers\n|upkeep\n|turn|31\n|\n|t:|1685285895\n|move|p2a: Crobat|Max Airstream|p1a: Malamar\n|-damage|p1a: Malamar|0 fnt\n|-boost|p2a: Crobat|spe|1\n|faint|p1a: Malamar\n|\n|upkeep\n|\n|t:|1685285903\n|switch|p1a: Cramorant|Cramorant, L84, M|165/255 tox\n|turn|32\n|c|\u2606Dragon246|gg\n|c|\u2606MichaelderBeste2|gg\n|\n|t:|1685285921\n|move|p2a: Crobat|Max Airstream|p1a: Cramorant\n|-damage|p1a: Cramorant|0 fnt\n|-boost|p2a: Crobat|spe|1\n|faint|p1a: Cramorant\n|\n|upkeep\n|\n|t:|1685285923\n|switch|p1a: Roserade|Roserade, L84, F|28/238\n|-end|p2a: Crobat|Dynamax\n|-heal|p2a: Crobat|172/274|[silent]\n|turn|33\n|\n|t:|1685285940\n|move|p2a: Crobat|Brave Bird|p1a: Roserade\n|-supereffective|p1a: Roserade\n|-damage|p1a: Roserade|0 fnt\n|faint|p1a: Roserade\n|-damage|p2a: Crobat|163/274|[from] Recoil\n|\n|win|MichaelderBeste2\n|l|\u2606Dragon246\n|l|\u2606MichaelderBeste2\n|j|\u2606MichaelderBeste2\n|player|p2|MichaelderBeste2|#uuplxiidols\n|l|\u2606MichaelderBeste2\n|player|p2|\n|j|\u2606MichaelderBeste2\n|player|p2|MichaelderBeste2|#uuplxiidols\n", "inputlog": ">version d74822bbc74c095aa312053f7034baee3068d99e\n>start {\"formatid\":\"gen8randombattle\",\"seed\":[44100,42432,5970,29191]}\n>player p1 {\"name\":\"Dragon246\",\"avatar\":\"gladion-stance\",\"rating\":0,\"seed\":[24870,18237,40684,880]}\n>player p2 {\"name\":\"MichaelderBeste2\",\"avatar\":\"#uuplxiidols\",\"rating\":0,\"seed\":[13071,61654,4071,59718]}\n>chat \u2606MichaelderBeste2|hf\n>chat \u2606Dragon246|u2\n>p1 move bulkup\n>p2 switch 5\n>p1 move psychicfangs\n>p2 move toxicspikes\n>p1 move psychicfangs\n>p2 switch 3\n>p1 move psychicfangs dynamax\n>p2 move earthquake\n>p1 move firefang dynamax\n>p2 move earthquake\n>p2 switch 6\n>p1 move thunderfang dynamax\n>p2 move waterspout\n>p1 switch 4\n>p1 move sleeppowder\n>p2 switch 4\n>p1 switch 5\n>p2 move uturn\n>p1 move surf\n>p2 switch 4\n>p1 move bravebird\n>p2 switch 4\n>p1 move surf\n>p2 move roost\n>p1 move bravebird\n>p2 move roost\n>p1 move surf\n>p2 move roost\n>p1 switch 3\n>p2 move roost\n>p1 move willowisp\n>p2 move uturn\n>p2 switch 5\n>p1 switch 6\n>p2 move darkpulse\n>p1 move uturn\n>p2 switch 5\n>p1 switch 6\n>p1 move rockslide\n>p2 move uturn\n>p2 switch 5\n>p1 switch 6\n>p2 move psychic\n>p1 switch 3\n>p1 move roost\n>p2 switch 5\n>p1 move surf\n>p2 move toxic\n>p1 move bravebird\n>p2 move roost\n>p1 switch 6\n>p2 move roost\n>p1 move rockslide\n>p2 move uturn\n>p2 switch 5\n>p2 switch 4\n>p1 move earthquake\n>p2 move waterspout\n>p1 switch 5\n>p1 move sleeppowder\n>p2 switch 2\n>p1 move leafstorm\n>p2 move psychicfangs\n>p1 switch 2\n>p2 move psychicfangs\n>p1 move superpower\n>p2 switch 5\n>p1 move knockoff\n>p2 move uturn dynamax\n>p1 move knockoff\n>p2 move bravebird dynamax\n>p1 switch 6\n>chat \u2606Dragon246|gg\n>chat \u2606MichaelderBeste2|gg\n>p1 move bravebird\n>p2 move bravebird dynamax\n>p1 switch 2\n>p1 move sleeppowder\n>p2 move bravebird", "uploadtime": 1685285943, "views": 6, "p1id": "dragon246", "p2id": "michaelderbeste2", "formatid": "gen8randombattle", "rating": 0, "private": 0, "password": ""}