{"id": "gen8randombattle-1861626789", "p1": "vrioki", "p2": "Pokemh test", "format": "[Gen 8] Random Battle", "log": "|j|\u2606vrioki\n|j|\u203dPokemh test\n|t:|1683783974\n|gametype|singles\n|player|p1|vrioki|170|1000\n|player|p2|Pokemh test|waitress-gen4|1000\n|teamsize|p1|6\n|teamsize|p2|6\n|gen|8\n|tier|[Gen 8] Random Battle\n|rated|\n|rule|Species Clause: Limit one of each Pok\u00e9mon\n|rule|HP Percentage Mod: HP is shown in percentages\n|rule|Sleep Clause Mod: Limit one foe put to sleep\n|\n|t:|1683783974\n|start\n|switch|p1a: Suicune|Suicune, L80|291/291\n|switch|p2a: Volcarona|Volcarona, L76, F|254/254\n|-ability|p1a: Suicune|Pressure\n|turn|1\n|inactive|Battle timer is ON: inactive players will automatically lose when time's up. (requested by Pokemh test)\n|-message|Pokemh test forfeited.\n|\n|win|vrioki\n|raw|vrioki's rating: 1000 &rarr; <strong>1040</strong><br />(+40 for winning)\n|raw|Pokemh test's rating: 1000 &rarr; <strong>1000</strong><br />(+0 for losing)\n|l|\u203dPokemh test\n", "inputlog": ">version bce759c5f189753f4322d11c9e5aa78bbe1b1bf9\n>start {\"formatid\":\"gen8randombattle\",\"seed\":[35864,38427,21701,11659],\"rated\":\"Rated battle\"}\n>player p1 {\"name\":\"vrioki\",\"avatar\":\"170\",\"rating\":1000,\"seed\":[59996,16789,65418,14765]}\n>player p2 {\"name\":\"Pokemh test\",\"avatar\":\"waitress-gen4\",\"rating\":1000,\"seed\":[37050,26063,214,16096]}\n>forcelose p2", "uploadtime": 1683783987, "views": 7, "p1id": "vrioki", "p2id": "pokemhtest", "formatid": "gen8randombattle", "rating": 1000, "private": 0, "password": ""}