{"id": "gen8randombattle-1872827990", "p1": "Big ol Tim", "p2": "Hjker", "format": "[Gen 8] Random Battle", "log": "|j|\u2606Big ol Tim\n|j|\u2606Hjker\n|inactive|Battle timer is ON: inactive players will automatically lose when time's up.\n|t:|1685289843\n|gametype|singles\n|player|p1|Big ol Tim|swimmer|\n|player|p2|Hjker|169|\n|teamsize|p1|3\n|teamsize|p2|3\n|gen|8\n|tier|[Gen 8] Random Battle\n|rated|Tournament battle\n|rule|Species Clause: Limit one of each Pok\u00e9mon\n|rule|HP Percentage Mod: HP is shown in percentages\n|rule|Sleep Clause Mod: Limit one foe put to sleep\n|clearpoke\n|poke|p1|Sirfetch\u2019d, L82, F|\n|poke|p1|Bewear, L82, M|\n|poke|p1|Sharpedo, L82, F|\n|poke|p2|Groudon, L73|\n|poke|p2|Regidrago, L78|\n|poke|p2|Tapu Fini, L78|\n|teampreview|1\n|j|*Lady Monita\n|j| Hiusi guy\n|j| MitchTEM\n|\n|t:|1685289873\n|start\n|switch|p1a: Bewear|Bewear, L82, M|331/331\n|switch|p2a: Groudon|Groudon, L73|266/266\n|-weather|SunnyDay|[from] ability: Drought|[of] p2a: Groudon\n|turn|1\n|\n|t:|1685289877\n|-start|p1a: Bewear|Dynamax|\n|-heal|p1a: Bewear|662/662|[silent]\n|move|p2a: Groudon|Thunder Wave|p1a: Bewear\n|-status|p1a: Bewear|par\n|move|p1a: Bewear|Max Strike|p2a: Groudon\n|-damage|p2a: Groudon|94/266\n|-unboost|p2a: Groudon|spe|1\n|-damage|p1a: Bewear|629/662 par|[from] item: Life Orb\n|\n|-weather|SunnyDay|[upkeep]\n|-heal|p2a: Groudon|110/266|[from] item: Leftovers\n|upkeep\n|turn|2\n|\n|t:|1685289892\n|-start|p2a: Groudon|Dynamax|\n|-heal|p2a: Groudon|220/532|[silent]\n|move|p2a: Groudon|Max Guard|p2a: Groudon\n|-singleturn|p2a: Groudon|Max Guard\n|move|p1a: Bewear|Max Strike|p2a: Groudon\n|-activate|p2a: Groudon|move: Max Guard\n|\n|-weather|SunnyDay|[upkeep]\n|-heal|p2a: Groudon|236/532|[from] item: Leftovers\n|upkeep\n|turn|3\n|j| AceKing14\n|l| MitchTEM\n|inactive|Big ol Tim has 120 seconds left.\n|\n|t:|1685289927\n|move|p2a: Groudon|Max Quake|p1a: Bewear\n|-damage|p1a: Bewear|440/662 par\n|-boost|p2a: Groudon|spd|1\n|move|p1a: Bewear|Max Hailstorm|p2a: Groudon\n|-supereffective|p2a: Groudon\n|-damage|p2a: Groudon|12/532\n|-weather|Hail\n|-damage|p1a: Bewear|407/662 par|[from] item: Life Orb\n|\n|-weather|Hail|[upkeep]\n|-damage|p2a: Groudon|0 fnt|[from] Hail\n|-damage|p1a: Bewear|387/662 par|[from] Hail\n|faint|p2a: Groudon\n|\n|win|Big ol Tim\n|upkeep\n|n|\u2606Big ol Tim|bigoltim\n|n|\u2606Hjker|hjker\n|n|*Lady Monita|ladymonita\n|n| Hiusi guy|hiusiguy\n|n| AceKing14|aceking14\n", "inputlog": ">version d74822bbc74c095aa312053f7034baee3068d99e\n>start {\"formatid\":\"gen8randombattle@@@Team Preview,maxteamsize=3,pickedteamsize=1\",\"seed\":[7544,58217,42834,65063],\"rated\":\"Tournament battle\"}\n>player p1 {\"name\":\"Big ol Tim\",\"avatar\":\"swimmer\",\"rating\":0,\"seed\":[37954,62110,3178,7157]}\n>player p2 {\"name\":\"Hjker\",\"avatar\":\"169\",\"rating\":0,\"seed\":[21311,49555,37533,26107]}\n>p1 team 2\n>p2 team 1\n>p1 move doubleedge dynamax\n>p2 move thunderwave\n>p1 move doubleedge dynamax\n>p2 move thunderwave dynamax\n>p1 move icepunch dynamax\n>p2 move precipiceblades dynamax", "uploadtime": 1685289929, "views": 3, "p1id": "bigoltim", "p2id": "hjker", "formatid": "gen8randombattle", "rating": 0, "private": 0, "password": ""}