{"id": "gen8randombattle-1861722596", "p1": "wiener boop", "p2": "TYLERMATAFUKIN1", "format": "[Gen 8] Random Battle", "log": "|j|\u2606wiener boop\n|j|\u2606TYLERMATAFUKIN1\n|t:|1683800112\n|gametype|singles\n|player|p1|wiener boop|169|1384\n|player|p2|TYLERMATAFUKIN1|giovanni|1327\n|teamsize|p1|6\n|teamsize|p2|6\n|gen|8\n|tier|[Gen 8] Random Battle\n|rated|\n|rule|Species Clause: Limit one of each Pok\u00e9mon\n|rule|HP Percentage Mod: HP is shown in percentages\n|rule|Sleep Clause Mod: Limit one foe put to sleep\n|\n|t:|1683800112\n|start\n|switch|p1a: Meowstic|Meowstic-F, L86, F|268/268\n|switch|p2a: Espeon|Espeon, L82, M|241/241\n|turn|1\n|inactive|Battle timer is ON: inactive players will automatically lose when time's up. (requested by wiener boop)\n|\n|t:|1683800125\n|move|p2a: Espeon|Shadow Ball|p1a: Meowstic\n|-supereffective|p1a: Meowstic\n|-damage|p1a: Meowstic|89/268\n|-damage|p2a: Espeon|217/241|[from] item: Life Orb\n|move|p1a: Meowstic|Nasty Plot|p1a: Meowstic\n|-boost|p1a: Meowstic|spa|2\n|\n|upkeep\n|turn|2\n|c|\u2606TYLERMATAFUKIN1|50/50\n|c|\u2606TYLERMATAFUKIN1|you feel lucky?\n|\n|t:|1683800154\n|switch|p1a: Drampa|Drampa, L86, F|274/274\n|move|p2a: Espeon|Shadow Ball|p1a: Drampa\n|-immune|p1a: Drampa\n|\n|upkeep\n|turn|3\n|c|\u2606TYLERMATAFUKIN1|lol\n|c|\u2606TYLERMATAFUKIN1|sure\n|inactive|wiener boop has 120 seconds left.\n|\n|t:|1683800184\n|move|p2a: Espeon|Dazzling Gleam|p1a: Drampa\n|-supereffective|p1a: Drampa\n|-damage|p1a: Drampa|100/274\n|-ability|p1a: Drampa|Berserk|boost\n|-boost|p1a: Drampa|spa|1\n|-damage|p2a: Espeon|193/241|[from] item: Life Orb\n|move|p1a: Drampa|Hyper Voice|p2a: Espeon\n|-damage|p2a: Espeon|15/241\n|\n|-heal|p1a: Drampa|117/274|[from] item: Leftovers\n|upkeep\n|turn|4\n|inactive|wiener boop has 120 seconds left.\n|\n|t:|1683800199\n|switch|p1a: Steelix|Steelix, L84, F|263/263\n|move|p2a: Espeon|Dazzling Gleam|p1a: Steelix\n|-resisted|p1a: Steelix\n|-damage|p1a: Steelix|205/263\n|-damage|p2a: Espeon|0 fnt|[from] item: Life Orb\n|faint|p2a: Espeon\n|\n|-heal|p1a: Steelix|221/263|[from] item: Leftovers\n|upkeep\n|\n|t:|1683800214\n|switch|p2a: Palkia|Palkia, L74|255/255\n|-ability|p2a: Palkia|Pressure\n|turn|5\n|inactive|wiener boop has 120 seconds left.\n|\n|t:|1683800242\n|move|p2a: Palkia|Hydro Pump|p1a: Steelix\n|-supereffective|p1a: Steelix\n|-crit|p1a: Steelix\n|-damage|p1a: Steelix|0 fnt\n|faint|p1a: Steelix\n|\n|upkeep\n|\n|t:|1683800262\n|switch|p1a: Garchomp|Garchomp, L74, F|282/282\n|turn|6\n|inactive|TYLERMATAFUKIN1 has 120 seconds left.\n|\n|t:|1683800294\n|switch|p2a: Carbink|Carbink, L86|226/226\n|move|p1a: Garchomp|Outrage|p2a: Carbink\n|-immune|p2a: Carbink\n|\n|upkeep\n|turn|7\n|\n|t:|1683800306\n|move|p1a: Garchomp|Earthquake|p2a: Carbink\n|-supereffective|p2a: Carbink\n|-damage|p2a: Carbink|98/226\n|move|p2a: Carbink|Moonblast|p1a: Garchomp\n|-supereffective|p1a: Garchomp\n|-damage|p1a: Garchomp|124/282\n|\n|upkeep\n|turn|8\n|inactive|TYLERMATAFUKIN1 has 120 seconds left.\n|\n|t:|1683800324\n|move|p1a: Garchomp|Earthquake|p2a: Carbink\n|-supereffective|p2a: Carbink\n|-damage|p2a: Carbink|0 fnt\n|faint|p2a: Carbink\n|\n|upkeep\n|\n|t:|1683800327\n|switch|p2a: Tangrowth|Tangrowth, L84, F|305/305\n|turn|9\n|inactive|wiener boop has 120 seconds left.\n|\n|t:|1683800343\n|switch|p1a: Meowstic|Meowstic-F, L86, F|89/268\n|move|p2a: Tangrowth|Giga Drain|p1a: Meowstic\n|-damage|p1a: Meowstic|4/268\n|\n|upkeep\n|turn|10\n|\n|t:|1683800355\n|move|p1a: Meowstic|Psychic|p2a: Tangrowth\n|-damage|p2a: Tangrowth|148/305\n|-damage|p1a: Meowstic|0 fnt|[from] item: Life Orb\n|faint|p1a: Meowstic\n|move|p2a: Tangrowth|Knock Off|p1: Meowstic|[notarget]\n|-fail|p2a: Tangrowth\n|\n|upkeep\n|\n|t:|1683800367\n|switch|p1a: Drampa|Drampa, L86, F|117/274\n|turn|11\n|\n|t:|1683800372\n|switch|p2a: Palkia|Palkia, L74|255/255\n|-ability|p2a: Palkia|Pressure\n|move|p1a: Drampa|Draco Meteor|p2a: Palkia\n|-supereffective|p2a: Palkia\n|-damage|p2a: Palkia|0 fnt\n|-unboost|p1a: Drampa|spa|2\n|faint|p2a: Palkia\n|\n|-heal|p1a: Drampa|134/274|[from] item: Leftovers\n|upkeep\n|n|!TYLERMATAFUKIN1|tylermatafukin1\n|c|\u2606wiener boop|?\n|\n|t:|1683800387\n|switch|p2a: Tangrowth|Tangrowth, L84, F|249/305\n|turn|12\n|\n|t:|1683800396\n|move|p2a: Tangrowth|Giga Drain|p1a: Drampa\n|-resisted|p1a: Drampa\n|-damage|p1a: Drampa|95/274\n|-heal|p2a: Tangrowth|269/305|[from] drain|[of] p1a: Drampa\n|move|p1a: Drampa|Fire Blast|p2a: Tangrowth\n|-supereffective|p2a: Tangrowth\n|-damage|p2a: Tangrowth|107/305\n|\n|-heal|p1a: Drampa|112/274|[from] item: Leftovers\n|upkeep\n|turn|13\n|\n|t:|1683800407\n|move|p2a: Tangrowth|Leech Seed|p1a: Drampa\n|-start|p1a: Drampa|move: Leech Seed\n|move|p1a: Drampa|Roost|p1a: Drampa\n|-heal|p1a: Drampa|249/274\n|-singleturn|p1a: Drampa|move: Roost\n|\n|-heal|p1a: Drampa|266/274|[from] item: Leftovers\n|-damage|p1a: Drampa|232/274|[from] Leech Seed|[of] p2a: Tangrowth\n|-heal|p2a: Tangrowth|141/305|[silent]\n|upkeep\n|turn|14\n|\n|t:|1683800416\n|switch|p1a: Weezing|Weezing-Galar, L86, M|252/252\n|move|p2a: Tangrowth|Sludge Bomb|p1a: Weezing\n|-damage|p1a: Weezing|164/252\n|\n|-heal|p1a: Weezing|179/252|[from] item: Black Sludge\n|upkeep\n|turn|15\n|\n|t:|1683800425\n|move|p1a: Weezing|Fire Blast|p2a: Tangrowth\n|-supereffective|p2a: Tangrowth\n|-damage|p2a: Tangrowth|0 fnt\n|faint|p2a: Tangrowth\n|\n|-heal|p1a: Weezing|194/252|[from] item: Black Sludge\n|upkeep\n|\n|t:|1683800442\n|switch|p2a: Gengar|Gengar, L80, F|227/227\n|turn|16\n|\n|t:|1683800452\n|switch|p1a: Drampa|Drampa, L86, F|232/274\n|move|p2a: Gengar|Nasty Plot|p2a: Gengar\n|-boost|p2a: Gengar|spa|2\n|\n|-heal|p1a: Drampa|249/274|[from] item: Leftovers\n|upkeep\n|turn|17\n|\n|t:|1683800472\n|move|p2a: Gengar|Focus Blast|p1a: Drampa\n|-supereffective|p1a: Drampa\n|-damage|p1a: Drampa|0 fnt\n|faint|p1a: Drampa\n|-damage|p2a: Gengar|205/227|[from] item: Life Orb\n|\n|upkeep\n|\n|t:|1683800482\n|switch|p1a: Tauros|Tauros, L82, M|257/257\n|turn|18\n|\n|t:|1683800497\n|-start|p1a: Tauros|Dynamax|\n|-heal|p1a: Tauros|514/514|[silent]\n|move|p1a: Tauros|Max Mindstorm|p2a: Gengar\n|-supereffective|p2a: Gengar\n|-damage|p2a: Gengar|0 fnt\n|-fieldstart|move: Psychic Terrain\n|faint|p2a: Gengar\n|-damage|p1a: Tauros|489/514|[from] item: Life Orb\n|\n|upkeep\n|\n|t:|1683800503\n|switch|p2a: Silvally|Silvally-Electric, L84|297/297\n|turn|19\n|c|\u2606wiener boop|unfort match up\n|c|\u2606wiener boop|tbh\n|\n|t:|1683800518\n|-start|p2a: Silvally|Dynamax|\n|-heal|p2a: Silvally|594/594|[silent]\n|move|p1a: Tauros|Max Strike|p2a: Silvally\n|-damage|p2a: Silvally|433/594\n|-unboost|p2a: Silvally|spe|1\n|-damage|p1a: Tauros|464/514|[from] item: Life Orb\n|move|p2a: Silvally|Max Hailstorm|p1a: Tauros\n|-damage|p1a: Tauros|362/514\n|-weather|Hail\n|\n|-weather|Hail|[upkeep]\n|-damage|p1a: Tauros|346/514|[from] Hail\n|-damage|p2a: Silvally|415/594|[from] Hail\n|upkeep\n|turn|20\n|c|\u2606wiener boop|soz\n|\n|t:|1683800533\n|move|p2a: Silvally|Max Guard|p2a: Silvally\n|-singleturn|p2a: Silvally|Max Guard\n|move|p1a: Tauros|Max Knuckle|p2a: Silvally\n|-activate|p2a: Silvally|move: Max Guard\n|\n|-weather|Hail|[upkeep]\n|-damage|p1a: Tauros|330/514|[from] Hail\n|-damage|p2a: Silvally|397/594|[from] Hail\n|upkeep\n|-end|p1a: Tauros|Dynamax\n|-heal|p1a: Tauros|165/257|[silent]\n|turn|21\n|\n|t:|1683800541\n|move|p1a: Tauros|Body Slam|p2a: Silvally\n|-damage|p2a: Silvally|267/594\n|move|p2a: Silvally|Max Hailstorm|p1a: Tauros\n|-damage|p1a: Tauros|56/257\n|\n|-weather|Hail|[upkeep]\n|-damage|p1a: Tauros|40/257|[from] Hail\n|-damage|p2a: Silvally|249/594|[from] Hail\n|upkeep\n|-end|p2a: Silvally|Dynamax\n|-heal|p2a: Silvally|125/297|[silent]\n|turn|22\n|\n|t:|1683800547\n|move|p1a: Tauros|Body Slam|p2a: Silvally\n|-damage|p2a: Silvally|0 fnt\n|faint|p2a: Silvally\n|\n|win|wiener boop\n|raw|wiener boop's rating: 1384 &rarr; <strong>1401</strong><br />(+17 for winning)\n|raw|TYLERMATAFUKIN1's rating: 1327 &rarr; <strong>1310</strong><br />(-17 for losing)\n", "inputlog": ">version bce759c5f189753f4322d11c9e5aa78bbe1b1bf9\n>start {\"formatid\":\"gen8randombattle\",\"seed\":[17059,34153,36692,62901],\"rated\":\"Rated battle\"}\n>player p1 {\"name\":\"wiener boop\",\"avatar\":\"169\",\"rating\":1384,\"seed\":[59037,1419,61662,20287]}\n>player p2 {\"name\":\"TYLERMATAFUKIN1\",\"avatar\":\"giovanni\",\"rating\":1327,\"seed\":[63090,30581,12766,8766]}\n>p1 move nastyplot\n>p2 move shadowball\n>chat \u2606TYLERMATAFUKIN1|50/50\n>chat \u2606TYLERMATAFUKIN1|you feel lucky?\n>p1 switch 5\n>p2 move shadowball\n>chat \u2606TYLERMATAFUKIN1|lol\n>chat \u2606TYLERMATAFUKIN1|sure\n>p1 move hypervoice\n>p2 move dazzlinggleam\n>p1 switch 6\n>p2 move dazzlinggleam\n>p2 switch 3\n>p1 move earthquake\n>p2 move hydropump\n>p1 switch 3\n>p1 move outrage\n>p2 switch 2\n>p1 move earthquake\n>p2 move moonblast\n>p1 move earthquake\n>p2 move moonblast\n>p2 switch 4\n>p1 switch 5\n>p2 move gigadrain\n>p1 move psychic\n>p2 move knockoff\n>p1 switch 6\n>p1 move dracometeor\n>p2 switch 2\n>chat \u2606TYLERMATAFUKIN1|fuck off\n>chat \u2606wiener boop|?\n>p2 switch 2\n>p1 move fireblast\n>p2 move gigadrain\n>p1 move roost\n>p2 move leechseed\n>p1 switch 4\n>p2 move sludgebomb\n>p1 move fireblast\n>p2 move leechseed\n>p2 switch 5\n>p1 switch 4\n>p2 move nastyplot\n>p1 move dracometeor\n>p2 move focusblast\n>p1 switch 2\n>p1 move zenheadbutt dynamax\n>p2 move focusblast\n>p2 switch 6\n>chat \u2606wiener boop|unfort match up\n>chat \u2606wiener boop|tbh\n>p1 move bodyslam dynamax\n>p2 move icebeam dynamax\n>chat \u2606wiener boop|soz\n>p1 move closecombat dynamax\n>p2 move partingshot dynamax\n>p1 move bodyslam\n>p2 move icebeam dynamax\n>p1 move bodyslam\n>p2 move icebeam", "uploadtime": 1683800378, "views": 6, "p1id": "wienerboop", "p2id": "tylermatafukin1", "formatid": "gen8randombattle", "rating": 1310, "private": 0, "password": ""}