{"id": "gen8randombattle-1871512080", "p1": "Kiga12345", "p2": "joejoemamamamajoe", "format": "[Gen 8] Random Battle", "log": "|j|\u2606Kiga12345\n|j|\u203djoejoemamamamajoe\n|t:|1685101010\n|gametype|singles\n|player|p1|Kiga12345|parasollady|1054\n|player|p2|joejoemamamamajoe|benga|1136\n|teamsize|p1|6\n|teamsize|p2|6\n|gen|8\n|tier|[Gen 8] Random Battle\n|rated|\n|rule|Species Clause: Limit one of each Pok\u00e9mon\n|rule|HP Percentage Mod: HP is shown in percentages\n|rule|Sleep Clause Mod: Limit one foe put to sleep\n|\n|t:|1685101010\n|start\n|switch|p1a: Absol|Absol, L84, M|246/246\n|switch|p2a: Stunfisk|Stunfisk, L84, M|320/320\n|turn|1\n|\n|t:|1685101023\n|move|p1a: Absol|Swords Dance|p1a: Absol\n|-boost|p1a: Absol|atk|2\n|move|p2a: Stunfisk|Stealth Rock|p1a: Absol\n|-sidestart|p1: Kiga12345|move: Stealth Rock\n|\n|upkeep\n|turn|2\n|\n|t:|1685101032\n|move|p1a: Absol|Knock Off|p2a: Stunfisk\n|-damage|p2a: Stunfisk|58/320\n|-status|p1a: Absol|par|[from] ability: Static|[of] p2a: Stunfisk\n|-enditem|p2a: Stunfisk|Leftovers|[from] move: Knock Off|[of] p1a: Absol\n|move|p2a: Stunfisk|Discharge|p1a: Absol\n|-damage|p1a: Absol|153/246 par\n|\n|upkeep\n|turn|3\n|\n|t:|1685101054\n|move|p1a: Absol|Sucker Punch|p2a: Stunfisk\n|-damage|p2a: Stunfisk|0 fnt\n|faint|p2a: Stunfisk\n|\n|upkeep\n|\n|t:|1685101092\n|switch|p2a: Cursola|Cursola, L86, F|243/243\n|turn|4\n|inactive|Battle timer is ON: inactive players will automatically lose when time's up. (requested by Kiga12345)\n|\n|t:|1685101097\n|cant|p1a: Absol|par\n|move|p2a: Cursola|Hydro Pump|p1a: Absol|[miss]\n|-miss|p2a: Cursola|p1a: Absol\n|\n|upkeep\n|turn|5\n|\n|t:|1685101116\n|cant|p1a: Absol|par\n|move|p2a: Cursola|Hydro Pump|p1a: Absol\n|-crit|p1a: Absol\n|-damage|p1a: Absol|0 fnt\n|faint|p1a: Absol\n|\n|upkeep\n|j| MinatoUzxmaki\n|\n|t:|1685101128\n|switch|p1a: Butterfree|Butterfree, L87, F|246/246\n|turn|6\n|c| MinatoUzxmaki|Imagine being locked\n|c| MinatoUzxmaki|I said all that bad stuff yesterday\n|\n|t:|1685101141\n|move|p1a: Butterfree|Sleep Powder|p2a: Cursola\n|-status|p2a: Cursola|slp|[from] move: Sleep Powder\n|cant|p2a: Cursola|slp\n|\n|upkeep\n|turn|7\n|\n|t:|1685101150\n|switch|p2a: Blastoise|Blastoise, L82, F|264/264\n|move|p1a: Butterfree|Quiver Dance|p1a: Butterfree\n|-boost|p1a: Butterfree|spa|1\n|-boost|p1a: Butterfree|spd|1\n|-boost|p1a: Butterfree|spe|1\n|\n|upkeep\n|turn|8\n|c| MinatoUzxmaki|just for you to get locked for saying suck my fat ___\n|\n|t:|1685101156\n|move|p1a: Butterfree|Sleep Powder|p2a: Blastoise|[miss]\n|-miss|p1a: Butterfree|p2a: Blastoise\n|move|p2a: Blastoise|Shell Smash|p2a: Blastoise\n|-unboost|p2a: Blastoise|def|1\n|-unboost|p2a: Blastoise|spd|1\n|-boost|p2a: Blastoise|atk|2\n|-boost|p2a: Blastoise|spa|2\n|-boost|p2a: Blastoise|spe|2\n|-enditem|p2a: Blastoise|White Herb\n|-clearnegativeboost|p2a: Blastoise|[silent]\n|\n|upkeep\n|turn|9\n|\n|t:|1685101172\n|move|p2a: Blastoise|Ice Beam|p1a: Butterfree\n|-supereffective|p1a: Butterfree\n|-damage|p1a: Butterfree|98/246\n|move|p1a: Butterfree|Sleep Powder|p2a: Blastoise\n|-message|Sleep Clause Mod activated.\n|-hint|Sleep Clause Mod prevents players from putting more than one of their opponent's Pok\u00e9mon to sleep at a time\n|\n|upkeep\n|turn|10\n|c| MinatoUzxmaki|I was talking about selling drugs calling you bitches and hoes\n|-message|Kiga12345 forfeited.\n|\n|win|joejoemamamamajoe\n|raw|Kiga12345's rating: 1054 &rarr; <strong>1040</strong><br />(-14 for losing)\n|raw|joejoemamamamajoe's rating: 1136 &rarr; <strong>1155</strong><br />(+19 for winning)\n|c| MinatoUzxmaki|and I still didnt get locked\n|l|\u2606Kiga12345\n", "inputlog": ">version 61c68e60481ef09071210320730fc448fef50368\n>start {\"formatid\":\"gen8randombattle\",\"seed\":[43288,44565,4260,49417],\"rated\":\"Rated battle\"}\n>player p1 {\"name\":\"Kiga12345\",\"avatar\":\"parasollady\",\"rating\":1054,\"seed\":[18778,60519,7771,46361]}\n>player p2 {\"name\":\"joejoemamamamajoe\",\"avatar\":\"benga\",\"rating\":1136,\"seed\":[3881,1618,5839,53233]}\n>p1 move swordsdance\n>p2 move stealthrock\n>p1 move knockoff\n>p2 move discharge\n>p1 move suckerpunch\n>p2 move foulplay\n>p2 switch 5\n>p1 move suckerpunch\n>p2 move hydropump\n>p1 move suckerpunch\n>p2 move hydropump\n>p1 switch 6\n>chat  MinatoUzxmaki|Imagine being locked\n>chat  MinatoUzxmaki|I said all that bad stuff yesterday\n>p1 move sleeppowder\n>p2 move shadowball\n>p1 move quiverdance\n>p2 switch 3\n>chat  MinatoUzxmaki|just for you to get locked for saying suck my fat ___\n>p1 move sleeppowder\n>p2 move shellsmash\n>p1 move sleeppowder\n>p2 move icebeam\n>chat  MinatoUzxmaki|I was talking about selling drugs calling you bitches and hoes\n>forcelose p1", "uploadtime": 1685101152, "views": 5, "p1id": "kiga12345", "p2id": "joejoemamamamajoe", "formatid": "gen8randombattle", "rating": 1040, "private": 0, "password": ""}