{"id": "gen8randombattle-1872000148", "p1": "piaa", "p2": "BoboMania", "format": "[Gen 8] Random Battle", "log": "|j|\u2606piaa\n|j|\u2606BoboMania\n|t:|1685159046\n|gametype|singles\n|player|p1|piaa|#rbtt6teamchienpaof|\n|player|p2|BoboMania|twins-gen4dp|\n|teamsize|p1|6\n|teamsize|p2|6\n|gen|8\n|tier|[Gen 8] Random Battle\n|rule|Species Clause: Limit one of each Pok\u00e9mon\n|rule|HP Percentage Mod: HP is shown in percentages\n|rule|Sleep Clause Mod: Limit one foe put to sleep\n|\n|t:|1685159046\n|start\n|switch|p1a: Hawlucha|Hawlucha, L80, M|256/256\n|switch|p2a: Lunala|Lunala, L72|316/316\n|turn|1\n|c|\u2606BoboMania|idk i also got the burns i needed\n|c|\u2606piaa|toxapex\n|c|\u2606piaa|such a fair and balanced mon\n|c|\u2606piaa|amiright\n|\n|t:|1685159089\n|switch|p1a: Heatmor|Heatmor, L90, F|299/299\n|move|p2a: Lunala|Psyshock|p1a: Heatmor\n|-damage|p1a: Heatmor|196/299\n|\n|upkeep\n|turn|2\n|c|\u2606BoboMania|this team is nasty\n|c|\u2606BoboMania|i want to throw up\n|j| Lrogue \u2740\n|\n|t:|1685159121\n|switch|p2a: Flapple|Flapple, L84, F|255/255\n|move|p1a: Heatmor|Knock Off|p2a: Flapple\n|-damage|p2a: Flapple|172/255\n|-enditem|p2a: Flapple|Choice Band|[from] move: Knock Off|[of] p1a: Heatmor\n|\n|upkeep\n|turn|3\n|c|\u2606piaa|now you know how i felt\n|\n|t:|1685159136\n|switch|p1a: Magearna|Magearna, L76|247/247\n|move|p2a: Flapple|Outrage|p1a: Magearna\n|-immune|p1a: Magearna\n|\n|upkeep\n|turn|4\n|c|\u2606piaa|good pokemon aler\n|\n|t:|1685159144\n|move|p2a: Flapple|U-turn|p1a: Magearna\n|-resisted|p1a: Magearna\n|-damage|p1a: Magearna|230/247\n|\n|t:|1685159151\n|switch|p2a: Cursola|Cursola, L86, F|243/243|[from] U-turn\n|move|p1a: Magearna|Calm Mind|p1a: Magearna\n|-boost|p1a: Magearna|spa|1\n|-boost|p1a: Magearna|spd|1\n|\n|-heal|p1a: Magearna|245/247|[from] item: Leftovers\n|upkeep\n|turn|5\n|\n|t:|1685159224\n|-start|p2a: Cursola|Dynamax|\n|-heal|p2a: Cursola|486/486|[silent]\n|move|p1a: Magearna|Calm Mind|p1a: Magearna\n|-boost|p1a: Magearna|spa|1\n|-boost|p1a: Magearna|spd|1\n|move|p2a: Cursola|Max Quake|p1a: Magearna\n|-supereffective|p1a: Magearna\n|-damage|p1a: Magearna|135/247\n|-boost|p2a: Cursola|spd|1\n|\n|-heal|p1a: Magearna|150/247|[from] item: Leftovers\n|upkeep\n|turn|6\n|\n|t:|1685159236\n|switch|p1a: Rotom|Rotom-Mow, L86|226/226\n|move|p2a: Cursola|Max Quake|p1a: Rotom\n|-immune|p1a: Rotom|[from] ability: Levitate\n|\n|upkeep\n|turn|7\n|\n|t:|1685159248\n|move|p1a: Rotom|Leaf Storm|p2a: Cursola\n|-damage|p2a: Cursola|410/486\n|-unboost|p1a: Rotom|spa|2\n|move|p2a: Cursola|Max Phantasm|p1a: Rotom\n|-damage|p1a: Rotom|43/226\n|-unboost|p1a: Rotom|def|1\n|\n|-heal|p1a: Rotom|57/226|[from] item: Leftovers\n|-heal|p2a: Cursola|425/486|[from] item: Leftovers\n|upkeep\n|-end|p2a: Cursola|Dynamax\n|-heal|p2a: Cursola|213/243|[silent]\n|turn|8\n|\n|t:|1685159260\n|move|p1a: Rotom|Will-O-Wisp|p2a: Cursola\n|-status|p2a: Cursola|brn\n|move|p2a: Cursola|Stealth Rock|p1a: Rotom\n|-sidestart|p1: piaa|move: Stealth Rock\n|\n|-heal|p1a: Rotom|71/226|[from] item: Leftovers\n|-heal|p2a: Cursola|228/243 brn|[from] item: Leftovers\n|-damage|p2a: Cursola|213/243 brn|[from] brn\n|upkeep\n|turn|9\n|\n|t:|1685159266\n|move|p1a: Rotom|Thunderbolt|p2a: Cursola\n|-damage|p2a: Cursola|183/243 brn\n|move|p2a: Cursola|Shadow Ball|p1a: Rotom\n|-damage|p1a: Rotom|0 fnt\n|faint|p1a: Rotom\n|\n|-heal|p2a: Cursola|198/243 brn|[from] item: Leftovers\n|-damage|p2a: Cursola|183/243 brn|[from] brn\n|upkeep\n|\n|t:|1685159269\n|switch|p1a: Scizor|Scizor, L80, F|243/243\n|-damage|p1a: Scizor|213/243|[from] Stealth Rock\n|turn|10\n|\n|t:|1685159276\n|move|p1a: Scizor|Knock Off|p2a: Cursola\n|-supereffective|p2a: Cursola\n|-damage|p2a: Cursola|0 fnt\n|-enditem|p2a: Cursola|Leftovers|[from] move: Knock Off|[of] p1a: Scizor\n|faint|p2a: Cursola\n|-damage|p1a: Scizor|189/243|[from] item: Life Orb\n|\n|upkeep\n|\n|t:|1685159283\n|switch|p2a: Vespiquen|Vespiquen, L96, F|290/290\n|-ability|p2a: Vespiquen|Pressure\n|turn|11\n|\n|t:|1685159296\n|move|p1a: Scizor|Knock Off|p2a: Vespiquen\n|-damage|p2a: Vespiquen|203/290\n|-enditem|p2a: Vespiquen|Heavy-Duty Boots|[from] move: Knock Off|[of] p1a: Scizor\n|-damage|p1a: Scizor|165/243|[from] item: Life Orb\n|move|p2a: Vespiquen|Air Slash|p1a: Scizor\n|-damage|p1a: Scizor|65/243\n|\n|upkeep\n|turn|12\n|\n|t:|1685159300\n|move|p1a: Scizor|Roost|p1a: Scizor\n|-heal|p1a: Scizor|187/243\n|-singleturn|p1a: Scizor|move: Roost\n|move|p2a: Vespiquen|U-turn|p1a: Scizor\n|-resisted|p1a: Scizor\n|-damage|p1a: Scizor|144/243\n|c|\u2606piaa|knock off\n|\n|t:|1685159316\n|switch|p2a: Flapple|Flapple, L84, F|172/255|[from] U-turn\n|\n|upkeep\n|turn|13\n|c|\u2606piaa|i haven't said this much before and while its good\n|c|\u2606piaa|here its literally just filler\n|c|\u2606piaa|i mean its a dark move for coverage but\n|c|\u2606piaa|not doing many favors\n|\n|t:|1685159346\n|switch|p2a: Vespiquen|Vespiquen, L96, F|203/290\n|-ability|p2a: Vespiquen|Pressure\n|move|p1a: Scizor|Bullet Punch|p2a: Vespiquen\n|-damage|p2a: Vespiquen|133/290\n|-damage|p1a: Scizor|120/243|[from] item: Life Orb\n|\n|upkeep\n|turn|14\n|\n|t:|1685159350\n|move|p1a: Scizor|Roost|p1a: Scizor\n|-heal|p1a: Scizor|242/243\n|-singleturn|p1a: Scizor|move: Roost\n|move|p2a: Vespiquen|Roost|p2a: Vespiquen\n|-heal|p2a: Vespiquen|278/290\n|-singleturn|p2a: Vespiquen|move: Roost\n|\n|upkeep\n|turn|15\n|\n|t:|1685159356\n|-start|p1a: Scizor|Dynamax|\n|-heal|p1a: Scizor|484/486|[silent]\n|move|p1a: Scizor|Max Knuckle|p2a: Vespiquen\n|-resisted|p2a: Vespiquen\n|-damage|p2a: Vespiquen|260/290\n|-boost|p1a: Scizor|atk|1\n|-damage|p1a: Scizor|460/486|[from] item: Life Orb\n|move|p2a: Vespiquen|Air Slash|p1a: Scizor\n|-damage|p1a: Scizor|367/486\n|\n|upkeep\n|turn|16\n|\n|t:|1685159361\n|move|p1a: Scizor|Max Steelspike|p2a: Vespiquen\n|-damage|p2a: Vespiquen|92/290\n|-boost|p1a: Scizor|def|1\n|-damage|p1a: Scizor|343/486|[from] item: Life Orb\n|move|p2a: Vespiquen|Roost|p2a: Vespiquen\n|-heal|p2a: Vespiquen|237/290\n|-singleturn|p2a: Vespiquen|move: Roost\n|\n|upkeep\n|turn|17\n|\n|t:|1685159365\n|move|p1a: Scizor|Max Knuckle|p2a: Vespiquen\n|-resisted|p2a: Vespiquen\n|-damage|p2a: Vespiquen|207/290\n|-boost|p1a: Scizor|atk|1\n|-damage|p1a: Scizor|319/486|[from] item: Life Orb\n|move|p2a: Vespiquen|Roost|p2a: Vespiquen\n|-heal|p2a: Vespiquen|290/290\n|-singleturn|p2a: Vespiquen|move: Roost\n|\n|upkeep\n|-end|p1a: Scizor|Dynamax\n|-heal|p1a: Scizor|160/243|[silent]\n|turn|18\n|\n|t:|1685159369\n|move|p1a: Scizor|Bullet Punch|p2a: Vespiquen\n|-damage|p2a: Vespiquen|142/290\n|-damage|p1a: Scizor|136/243|[from] item: Life Orb\n|move|p2a: Vespiquen|Air Slash|p1a: Scizor|[miss]\n|-miss|p2a: Vespiquen|p1a: Scizor\n|\n|upkeep\n|turn|19\n|\n|t:|1685159374\n|move|p1a: Scizor|Bullet Punch|p2a: Vespiquen\n|-damage|p2a: Vespiquen|0 fnt\n|faint|p2a: Vespiquen\n|-damage|p1a: Scizor|112/243|[from] item: Life Orb\n|\n|upkeep\n|\n|t:|1685159376\n|switch|p2a: Tapu Lele|Tapu Lele, L79|240/240\n|-fieldstart|move: Psychic Terrain|[from] ability: Psychic Surge|[of] p2a: Tapu Lele\n|turn|20\n|c|\u2606piaa|oh come on\n|\n|t:|1685159384\n|move|p2a: Tapu Lele|Focus Blast|p1a: Scizor\n|-damage|p1a: Scizor|0 fnt\n|faint|p1a: Scizor\n|-damage|p2a: Tapu Lele|216/240|[from] item: Life Orb\n|\n|upkeep\n|\n|t:|1685159388\n|switch|p1a: Magearna|Magearna, L76|150/247\n|-damage|p1a: Magearna|135/247|[from] Stealth Rock\n|turn|21\n|\n|t:|1685159397\n|switch|p2a: Lunala|Lunala, L72|316/316\n|move|p1a: Magearna|Flash Cannon|p2a: Lunala\n|-damage|p2a: Lunala|272/316\n|\n|-heal|p2a: Lunala|291/316|[from] item: Leftovers\n|-heal|p1a: Magearna|150/247|[from] item: Leftovers\n|upkeep\n|turn|22\n|\n|t:|1685159403\n|switch|p1a: Heatmor|Heatmor, L90, F|196/299\n|move|p2a: Lunala|Calm Mind|p2a: Lunala\n|-boost|p2a: Lunala|spa|1\n|-boost|p2a: Lunala|spd|1\n|\n|-heal|p2a: Lunala|310/316|[from] item: Leftovers\n|upkeep\n|turn|23\n|\n|t:|1685159410\n|move|p2a: Lunala|Psyshock|p1a: Heatmor\n|-damage|p1a: Heatmor|0 fnt\n|faint|p1a: Heatmor\n|\n|-heal|p2a: Lunala|316/316|[from] item: Leftovers\n|upkeep\n|\n|t:|1685159412\n|switch|p1a: Rhyperior|Rhyperior, L82, M|323/323\n|-damage|p1a: Rhyperior|303/323|[from] Stealth Rock\n|turn|24\n|c|\u2606piaa|\"this team is nasty\" he says\n|\n|t:|1685159424\n|move|p2a: Lunala|Moongeist Beam|p1a: Rhyperior\n|-damage|p1a: Rhyperior|81/323\n|move|p1a: Rhyperior|Earthquake|p2a: Lunala\n|-damage|p2a: Lunala|232/316\n|\n|-heal|p2a: Lunala|251/316|[from] item: Leftovers\n|-fieldend|move: Psychic Terrain\n|upkeep\n|turn|25\n|\n|t:|1685159428\n|move|p2a: Lunala|Moongeist Beam|p1a: Rhyperior\n|-damage|p1a: Rhyperior|0 fnt\n|faint|p1a: Rhyperior\n|\n|-heal|p2a: Lunala|270/316|[from] item: Leftovers\n|upkeep\n|\n|t:|1685159430\n|switch|p1a: Hawlucha|Hawlucha, L80, M|256/256\n|-damage|p1a: Hawlucha|224/256|[from] Stealth Rock\n|turn|26\n|\n|t:|1685159434\n|move|p1a: Hawlucha|Brave Bird|p2a: Lunala\n|-damage|p2a: Lunala|150/316\n|-damage|p1a: Hawlucha|184/256|[from] Recoil\n|move|p2a: Lunala|Psyshock|p1a: Hawlucha\n|-supereffective|p1a: Hawlucha\n|-damage|p1a: Hawlucha|0 fnt\n|faint|p1a: Hawlucha\n|\n|-heal|p2a: Lunala|169/316|[from] item: Leftovers\n|upkeep\n|\n|t:|1685159436\n|switch|p1a: Magearna|Magearna, L76|150/247\n|-damage|p1a: Magearna|135/247|[from] Stealth Rock\n|turn|27\n|c|\u2606piaa|gg\n|\n|t:|1685159442\n|move|p2a: Lunala|Moongeist Beam|p1a: Magearna\n|-damage|p1a: Magearna|8/247\n|move|p1a: Magearna|Calm Mind|p1a: Magearna\n|-boost|p1a: Magearna|spa|1\n|-boost|p1a: Magearna|spd|1\n|\n|-heal|p2a: Lunala|188/316|[from] item: Leftovers\n|-heal|p1a: Magearna|23/247|[from] item: Leftovers\n|upkeep\n|turn|28\n|c|\u2606BoboMania|this team won in spite of itseklf\n|c|\u2606BoboMania|last is abomasnow\n|\n|t:|1685159451\n|move|p2a: Lunala|Moongeist Beam|p1a: Magearna\n|-damage|p1a: Magearna|0 fnt\n|faint|p1a: Magearna\n|\n|win|BoboMania\n|c|\u2606piaa|classic \"this is really bad\"\n|c|\u2606piaa|into winning\n|c|\u2606piaa|everyone says it\n|c|\u2606piaa|even me\n", "inputlog": ">version d74822bbc74c095aa312053f7034baee3068d99e\n>start {\"formatid\":\"gen8randombattle\",\"seed\":[39990,2481,40277,3012]}\n>player p1 {\"name\":\"piaa\",\"avatar\":\"#rbtt6teamchienpaof\",\"rating\":0,\"seed\":[63979,55062,52572,27288]}\n>player p2 {\"name\":\"BoboMania\",\"avatar\":\"twins-gen4dp\",\"rating\":0,\"seed\":[28834,36001,56988,38493]}\n>chat \u2606BoboMania|idk i also got the burns i needed\n>chat \u2606piaa|toxapex\n>chat \u2606piaa|such a fair and balanced mon\n>chat \u2606piaa|amiright\n>p1 switch 3\n>p2 move psyshock\n>chat \u2606BoboMania|this team is nasty\n>chat \u2606BoboMania|i want to throw up\n>p1 move knockoff\n>p2 switch 2\n>chat \u2606piaa|now you know how i felt\n>p1 switch 2\n>p2 move outrage\n>chat \u2606piaa|good pokemon aler\n>p1 move calmmind\n>p2 move uturn\n>p2 switch 6\n>p1 move calmmind\n>p2 move earthpower dynamax\n>p1 switch 6\n>p2 move earthpower dynamax\n>p1 move leafstorm\n>p2 move shadowball dynamax\n>p1 move willowisp\n>p2 move stealthrock\n>p1 move thunderbolt\n>p2 move shadowball\n>p1 switch 5\n>p1 move knockoff\n>p2 move shadowball\n>p2 switch 4\n>p1 move knockoff\n>p2 move airslash\n>p1 move roost\n>p2 move uturn\n>chat \u2606piaa|knock off\n>p2 switch 6\n>chat \u2606piaa|i haven't said this much before and while its good\n>chat \u2606piaa|here its literally just filler\n>chat \u2606piaa|i mean its a dark move for coverage but\n>chat \u2606piaa|not doing many favors\n>p1 move bulletpunch\n>p2 switch 6\n>p1 move roost\n>p2 move roost\n>p1 move superpower dynamax\n>p2 move airslash\n>p1 move bulletpunch dynamax\n>p2 move roost\n>p1 move superpower dynamax\n>p2 move roost\n>p1 move bulletpunch\n>p2 move airslash\n>p1 move bulletpunch\n>p2 move airslash\n>p2 switch 5\n>chat \u2606piaa|oh come on\n>p1 move roost\n>p2 move focusblast\n>p1 switch 6\n>p1 move flashcannon\n>p2 switch 2\n>p1 switch 2\n>p2 move calmmind\n>p1 move knockoff\n>p2 move psyshock\n>p1 switch 4\n>chat \u2606piaa|\"this team is nasty\" he says\n>p1 move earthquake\n>p2 move moongeistbeam\n>p1 move earthquake\n>p2 move moongeistbeam\n>p1 switch 3\n>p1 move bravebird\n>p2 move psyshock\n>p1 switch 2\n>chat \u2606piaa|gg\n>p1 move calmmind\n>p2 move moongeistbeam\n>chat \u2606BoboMania|this team won in spite of itseklf\n>chat \u2606BoboMania|last is abomasnow\n>p1 move flashcannon\n>p2 move moongeistbeam", "uploadtime": 1685159476, "views": 7, "p1id": "piaa", "p2id": "bobomania", "formatid": "gen8randombattle", "rating": 0, "private": 0, "password": ""}