{"id": "gen8randombattle-1872844372", "p1": "trying_toget_tough", "p2": "Shinobi_ninja", "format": "[Gen 8] Random Battle", "log": "|j|\u2606trying_toget_tough\n|j|\u2606Shinobi_ninja\n|t:|1685291813\n|gametype|singles\n|player|p1|trying_toget_tough|265|1436\n|player|p2|Shinobi_ninja|shadowtriad|1432\n|teamsize|p1|6\n|teamsize|p2|6\n|gen|8\n|tier|[Gen 8] Random Battle\n|rated|\n|rule|Species Clause: Limit one of each Pok\u00e9mon\n|rule|HP Percentage Mod: HP is shown in percentages\n|rule|Sleep Clause Mod: Limit one foe put to sleep\n|\n|t:|1685291813\n|start\n|switch|p1a: Zarude|Zarude-Dada, L78|292/292\n|switch|p2a: Gyarados|Gyarados, L76, M|269/269\n|turn|1\n|\n|t:|1685291833\n|move|p1a: Zarude|Darkest Lariat|p2a: Gyarados\n|-damage|p2a: Gyarados|164/269\n|move|p2a: Gyarados|Dragon Dance|p2a: Gyarados\n|-boost|p2a: Gyarados|atk|1\n|-boost|p2a: Gyarados|spe|1\n|\n|upkeep\n|turn|2\n|inactive|Battle timer is ON: inactive players will automatically lose when time's up. (requested by trying_toget_tough)\n|\n|t:|1685291840\n|switch|p1a: Cramorant|Cramorant, L84, F|255/255\n|-start|p2a: Gyarados|Dynamax|\n|-heal|p2a: Gyarados|328/538|[silent]\n|move|p2a: Gyarados|Max Airstream|p1a: Cramorant\n|-damage|p1a: Cramorant|0 fnt\n|-boost|p2a: Gyarados|spe|1\n|faint|p1a: Cramorant\n|-ability|p2a: Gyarados|Moxie|boost\n|-boost|p2a: Gyarados|atk|1\n|\n|upkeep\n|\n|t:|1685291849\n|switch|p1a: Zeraora|Zeraora, L76|259/259\n|turn|3\n|\n|t:|1685291854\n|-start|p1a: Zeraora|Dynamax|\n|-heal|p1a: Zeraora|518/518|[silent]\n|move|p2a: Gyarados|Max Quake|p1a: Zeraora\n|-supereffective|p1a: Zeraora\n|-damage|p1a: Zeraora|32/518\n|-boost|p2a: Gyarados|spd|1\n|move|p1a: Zeraora|Max Lightning|p2a: Gyarados\n|-supereffective|p2a: Gyarados\n|-damage|p2a: Gyarados|0 fnt\n|-fieldstart|move: Electric Terrain\n|faint|p2a: Gyarados\n|\n|upkeep\n|\n|t:|1685291880\n|switch|p2a: Bellossom|Bellossom, L82, M|257/257\n|turn|4\n|\n|t:|1685291886\n|move|p1a: Zeraora|Max Flare|p2a: Bellossom\n|-supereffective|p2a: Bellossom\n|-damage|p2a: Bellossom|79/257\n|-weather|SunnyDay\n|move|p2a: Bellossom|Giga Drain|p1a: Zeraora\n|-damage|p1a: Zeraora|0 fnt\n|-heal|p2a: Bellossom|95/257|[from] drain|[of] p1a: Zeraora\n|faint|p1a: Zeraora\n|\n|-weather|SunnyDay|[upkeep]\n|-heal|p2a: Bellossom|111/257|[from] item: Leftovers\n|upkeep\n|\n|t:|1685291904\n|switch|p1a: Zarude|Zarude-Dada, L78|292/292\n|turn|5\n|\n|t:|1685291910\n|move|p2a: Bellossom|Moonblast|p1a: Zarude\n|-supereffective|p1a: Zarude\n|-damage|p1a: Zarude|178/292\n|move|p1a: Zarude|Darkest Lariat|p2a: Bellossom\n|-damage|p2a: Bellossom|14/257\n|\n|-weather|SunnyDay|[upkeep]\n|-heal|p2a: Bellossom|30/257|[from] item: Leftovers\n|-heal|p1a: Zarude|196/292|[from] item: Leftovers\n|upkeep\n|turn|6\n|\n|t:|1685291925\n|move|p2a: Bellossom|Moonblast|p1a: Zarude\n|-supereffective|p1a: Zarude\n|-damage|p1a: Zarude|66/292\n|move|p1a: Zarude|Darkest Lariat|p2a: Bellossom\n|-damage|p2a: Bellossom|0 fnt\n|faint|p2a: Bellossom\n|\n|-weather|SunnyDay|[upkeep]\n|-heal|p1a: Zarude|84/292|[from] item: Leftovers\n|upkeep\n|\n|t:|1685291935\n|switch|p2a: Magmortar|Magmortar, L86, M|269/269\n|turn|7\n|\n|t:|1685291942\n|move|p1a: Zarude|Jungle Healing|p1a: Zarude\n|-heal|p1a: Zarude|157/292\n|move|p2a: Magmortar|Fire Blast|p1a: Zarude\n|-supereffective|p1a: Zarude\n|-damage|p1a: Zarude|0 fnt\n|faint|p1a: Zarude\n|\n|-weather|SunnyDay|[upkeep]\n|-fieldend|move: Electric Terrain\n|upkeep\n|c|\u2606Shinobi_ninja|???\n|c|\u2606trying_toget_tough|no choice\n|c|\u2606Shinobi_ninja|ok\n|c|\u2606trying_toget_tough|either that or switch and take damage\n|inactive|trying_toget_tough has 120 seconds left.\n|\n|t:|1685291974\n|switch|p1a: Nidoking|Nidoking, L82, M|267/267\n|turn|8\n|\n|t:|1685291978\n|move|p2a: Magmortar|Fire Blast|p1a: Nidoking\n|-damage|p1a: Nidoking|0 fnt\n|faint|p1a: Nidoking\n|\n|-weather|none\n|upkeep\n|\n|t:|1685291986\n|switch|p1a: Tentacruel|Tentacruel, L84, F|272/272\n|turn|9\n|c|\u2606Shinobi_ninja|you had choice\n|c|\u2606trying_toget_tough|im not very smart\n|\n|t:|1685292009\n|switch|p2a: Suicune|Suicune, L80|291/291\n|-ability|p2a: Suicune|Pressure\n|move|p1a: Tentacruel|Scald|p2a: Suicune\n|-resisted|p2a: Suicune\n|-damage|p2a: Suicune|260/291\n|-status|p2a: Suicune|brn\n|\n|-damage|p2a: Suicune|242/291 brn|[from] brn\n|upkeep\n|turn|10\n|c|\u2606trying_toget_tough|enlight me\n|\n|t:|1685292018\n|move|p1a: Tentacruel|Toxic Spikes|p2a: Suicune\n|-sidestart|p2: Shinobi_ninja|move: Toxic Spikes\n|move|p2a: Suicune|Calm Mind|p2a: Suicune\n|-boost|p2a: Suicune|spa|1\n|-boost|p2a: Suicune|spd|1\n|\n|-damage|p2a: Suicune|224/291 brn|[from] brn\n|upkeep\n|turn|11\n|\n|t:|1685292029\n|move|p1a: Tentacruel|Haze|p1a: Tentacruel\n|-clearallboost\n|move|p2a: Suicune|Calm Mind|p2a: Suicune\n|-boost|p2a: Suicune|spa|1\n|-boost|p2a: Suicune|spd|1\n|\n|-damage|p2a: Suicune|206/291 brn|[from] brn\n|upkeep\n|turn|12\n|\n|t:|1685292038\n|move|p1a: Tentacruel|Haze|p1a: Tentacruel\n|-clearallboost\n|move|p2a: Suicune|Scald|p1a: Tentacruel\n|-resisted|p1a: Tentacruel\n|-damage|p1a: Tentacruel|245/272\n|\n|-heal|p1a: Tentacruel|262/272|[from] item: Black Sludge\n|-damage|p2a: Suicune|188/291 brn|[from] brn\n|upkeep\n|turn|13\n|\n|t:|1685292047\n|switch|p1a: Urshifu|Urshifu, L76, F|277/277\n|move|p2a: Suicune|Scald|p1a: Urshifu\n|-damage|p1a: Urshifu|172/277\n|\n|-damage|p2a: Suicune|170/291 brn|[from] brn\n|upkeep\n|turn|14\n|\n|t:|1685292061\n|move|p1a: Urshifu|Wicked Blow|p2a: Suicune\n|-crit|p2a: Suicune\n|-damage|p2a: Suicune|10/291 brn\n|move|p2a: Suicune|Scald|p1a: Urshifu\n|-damage|p1a: Urshifu|72/277\n|-status|p1a: Urshifu|brn\n|\n|-damage|p1a: Urshifu|55/277 brn|[from] brn\n|-damage|p2a: Suicune|0 fnt|[from] brn\n|faint|p2a: Suicune\n|upkeep\n|\n|t:|1685292078\n|switch|p2a: Magmortar|Magmortar, L86, M|269/269\n|turn|15\n|\n|t:|1685292085\n|switch|p1a: Tentacruel|Tentacruel, L84, F|262/272\n|move|p2a: Magmortar|Earthquake|p1a: Tentacruel\n|-supereffective|p1a: Tentacruel\n|-damage|p1a: Tentacruel|74/272\n|\n|-heal|p1a: Tentacruel|91/272|[from] item: Black Sludge\n|upkeep\n|turn|16\n|\n|t:|1685292092\n|move|p1a: Tentacruel|Scald|p2a: Magmortar\n|-supereffective|p2a: Magmortar\n|-damage|p2a: Magmortar|137/269\n|move|p2a: Magmortar|Earthquake|p1a: Tentacruel\n|-supereffective|p1a: Tentacruel\n|-damage|p1a: Tentacruel|0 fnt\n|faint|p1a: Tentacruel\n|\n|upkeep\n|c|\u2606trying_toget_tough|gg\n|\n|t:|1685292099\n|switch|p1a: Urshifu|Urshifu, L76, F|55/277 brn\n|turn|17\n|c|\u2606Shinobi_ninja|gg\n|\n|t:|1685292103\n|move|p2a: Magmortar|Earthquake|p1a: Urshifu\n|-damage|p1a: Urshifu|0 fnt\n|faint|p1a: Urshifu\n|\n|win|Shinobi_ninja\n|raw|trying_toget_tough's rating: 1436 &rarr; <strong>1416</strong><br />(-20 for losing)\n|raw|Shinobi_ninja's rating: 1432 &rarr; <strong>1452</strong><br />(+20 for winning)\n|l|\u2606Shinobi_ninja\n", "inputlog": ">version d74822bbc74c095aa312053f7034baee3068d99e\n>start {\"formatid\":\"gen8randombattle\",\"seed\":[64050,52433,22393,19306],\"rated\":\"Rated battle\"}\n>player p1 {\"name\":\"trying_toget_tough\",\"avatar\":\"265\",\"rating\":1436,\"seed\":[54624,33066,38497,63204]}\n>player p2 {\"name\":\"Shinobi_ninja\",\"avatar\":\"shadowtriad\",\"rating\":1432,\"seed\":[24625,63309,28329,50423]}\n>p1 move darkestlariat\n>p2 move dragondance\n>p1 switch 5\n>p2 move bounce dynamax\n>p1 switch 3\n>p1 move plasmafists dynamax\n>p2 move earthquake dynamax\n>p2 switch 2\n>p1 move blazekick dynamax\n>p2 move gigadrain\n>p1 switch 5\n>p1 move darkestlariat\n>p2 move moonblast\n>p1 move darkestlariat\n>p2 move moonblast\n>p2 switch 4\n>p1 move junglehealing\n>p2 move fireblast\n>chat \u2606Shinobi_ninja|???\n>chat \u2606trying_toget_tough|no choice\n>chat \u2606Shinobi_ninja|ok\n>chat \u2606trying_toget_tough|either that or switch and take damage\n>p1 switch 4\n>p1 move earthpower\n>p2 move fireblast\n>p1 switch 2\n>chat \u2606Shinobi_ninja|you had choice\n>chat \u2606trying_toget_tough|im not very smart\n>p1 move scald\n>p2 switch 3\n>chat \u2606trying_toget_tough|enlight me\n>p1 move toxicspikes\n>p2 move calmmind\n>p1 move haze\n>p2 move calmmind\n>p1 move haze\n>p2 move scald\n>p1 switch 6\n>p2 move scald\n>p1 move wickedblow\n>p2 move scald\n>p2 switch 3\n>p1 switch 6\n>p2 move earthquake\n>p1 move scald\n>p2 move earthquake\n>chat \u2606trying_toget_tough|gg\n>p1 switch 6\n>chat \u2606Shinobi_ninja|gg\n>p1 move wickedblow\n>p2 move earthquake", "uploadtime": 1685292125, "views": 2, "p1id": "tryingtogettough", "p2id": "shinobininja", "formatid": "gen8randombattle", "rating": 1416, "private": 0, "password": ""}