{"id": "gen8randombattle-1872639458", "p1": "chivalrouskricket", "p2": "spookypuppies", "format": "[Gen 8] Random Battle", "log": "|j|\u2606chivalrouskricket\n|j|\u2606spookypuppies\n|t:|1685258343\n|gametype|singles\n|player|p1|chivalrouskricket|102|1262\n|player|p2|spookypuppies|266|1459\n|teamsize|p1|6\n|teamsize|p2|6\n|gen|8\n|tier|[Gen 8] Random Battle\n|rated|\n|rule|Species Clause: Limit one of each Pok\u00e9mon\n|rule|HP Percentage Mod: HP is shown in percentages\n|rule|Sleep Clause Mod: Limit one foe put to sleep\n|\n|t:|1685258343\n|start\n|switch|p1a: Klinklang|Klinklang, L84|238/238\n|switch|p2a: Keldeo|Keldeo-Resolute, L79|273/273\n|turn|1\n|\n|t:|1685258379\n|switch|p1a: Carbink|Carbink, L86|226/226\n|move|p2a: Keldeo|Substitute|p2a: Keldeo\n|-start|p2a: Keldeo|Substitute\n|-damage|p2a: Keldeo|205/273\n|\n|-heal|p2a: Keldeo|222/273|[from] item: Leftovers\n|upkeep\n|turn|2\n|\n|t:|1685258412\n|move|p2a: Keldeo|Calm Mind|p2a: Keldeo\n|-boost|p2a: Keldeo|spa|1\n|-boost|p2a: Keldeo|spd|1\n|move|p1a: Carbink|Light Screen|p1a: Carbink\n|-sidestart|p1: chivalrouskricket|move: Light Screen\n|\n|-heal|p2a: Keldeo|239/273|[from] item: Leftovers\n|upkeep\n|turn|3\n|\n|t:|1685258418\n|switch|p1a: Latias|Latias, L80, F|259/259\n|move|p2a: Keldeo|Calm Mind|p2a: Keldeo\n|-boost|p2a: Keldeo|spa|1\n|-boost|p2a: Keldeo|spd|1\n|\n|-heal|p2a: Keldeo|256/273|[from] item: Leftovers\n|upkeep\n|turn|4\n|\n|t:|1685258431\n|move|p1a: Latias|Calm Mind|p1a: Latias\n|-boost|p1a: Latias|spa|1\n|-boost|p1a: Latias|spd|1\n|move|p2a: Keldeo|Calm Mind|p2a: Keldeo\n|-boost|p2a: Keldeo|spa|1\n|-boost|p2a: Keldeo|spd|1\n|\n|-heal|p2a: Keldeo|273/273|[from] item: Leftovers\n|upkeep\n|turn|5\n|\n|t:|1685258437\n|move|p1a: Latias|Calm Mind|p1a: Latias\n|-boost|p1a: Latias|spa|1\n|-boost|p1a: Latias|spd|1\n|move|p2a: Keldeo|Scald|p1a: Latias\n|-resisted|p1a: Latias\n|-damage|p1a: Latias|237/259\n|\n|-heal|p1a: Latias|253/259|[from] item: Leftovers\n|upkeep\n|turn|6\n|\n|t:|1685258444\n|move|p1a: Latias|Calm Mind|p1a: Latias\n|-boost|p1a: Latias|spa|1\n|-boost|p1a: Latias|spd|1\n|move|p2a: Keldeo|Secret Sword|p1a: Latias\n|-resisted|p1a: Latias\n|-damage|p1a: Latias|186/259\n|\n|-heal|p1a: Latias|202/259|[from] item: Leftovers\n|upkeep\n|turn|7\n|\n|t:|1685258456\n|switch|p2a: Jolteon|Jolteon, L82, M|241/241\n|move|p1a: Latias|Calm Mind|p1a: Latias\n|-boost|p1a: Latias|spa|1\n|-boost|p1a: Latias|spd|1\n|\n|-heal|p1a: Latias|218/259|[from] item: Leftovers\n|upkeep\n|turn|8\n|\n|t:|1685258466\n|move|p2a: Jolteon|Shadow Ball|p1a: Latias\n|-supereffective|p1a: Latias\n|-damage|p1a: Latias|194/259\n|move|p1a: Latias|Psychic|p2a: Jolteon\n|-crit|p2a: Jolteon\n|-damage|p2a: Jolteon|0 fnt\n|faint|p2a: Jolteon\n|\n|-heal|p1a: Latias|210/259|[from] item: Leftovers\n|upkeep\n|\n|t:|1685258474\n|switch|p2a: Durant|Durant, L78, F|219/219\n|turn|9\n|\n|t:|1685258482\n|move|p1a: Latias|Mystical Fire|p2a: Durant\n|-supereffective|p2a: Durant\n|-damage|p2a: Durant|0 fnt\n|faint|p2a: Durant\n|\n|-heal|p1a: Latias|226/259|[from] item: Leftovers\n|-sideend|p1: chivalrouskricket|move: Light Screen\n|upkeep\n|-message|spookypuppies forfeited.\n|\n|win|chivalrouskricket\n|raw|chivalrouskricket's rating: 1262 &rarr; <strong>1301</strong><br />(+39 for winning)\n|raw|spookypuppies's rating: 1479 &rarr; <strong>1448</strong><br />(-31 for losing)\n", "inputlog": ">version d74822bbc74c095aa312053f7034baee3068d99e\n>start {\"formatid\":\"gen8randombattle\",\"seed\":[35627,19143,42482,23967],\"rated\":\"Rated battle\"}\n>player p1 {\"name\":\"chivalrouskricket\",\"avatar\":\"102\",\"rating\":1262,\"seed\":[6199,51940,57111,1299]}\n>player p2 {\"name\":\"spookypuppies\",\"avatar\":\"266\",\"rating\":1459,\"seed\":[57001,56284,10163,57581]}\n>p1 switch 5\n>p2 move substitute\n>p1 move lightscreen\n>p2 move calmmind\n>p1 switch 2\n>p2 move calmmind\n>p1 move calmmind\n>p2 move calmmind\n>p1 move calmmind\n>p2 move scald\n>p1 move calmmind\n>p2 move secretsword\n>p1 move calmmind\n>p2 switch 6\n>p1 move psychic\n>p2 move shadowball\n>p2 switch 5\n>p1 move mysticalfire\n>p2 move ironhead\n>forcelose p2", "uploadtime": 1685258494, "views": 6, "p1id": "chivalrouskricket", "p2id": "spookypuppies", "formatid": "gen8randombattle", "rating": 1301, "private": 0, "password": ""}