{"id": "gen8randombattle-1861912182", "p1": "alienwere", "p2": "jezuzinatree", "format": "[Gen 8] Random Battle", "log": "|inactive|Battle timer is ON: inactive players will automatically lose when time's up.\n|j|\u2606alienwere\n|j|\u2606jezuzinatree\n|t:|1683820149\n|gametype|singles\n|player|p1|alienwere|265|\n|player|p2|jezuzinatree|steven|\n|teamsize|p1|6\n|teamsize|p2|6\n|gen|8\n|tier|[Gen 8] Random Battle\n|rated|Tournament battle\n|rule|Species Clause: Limit one of each Pok\u00e9mon\n|rule|HP Percentage Mod: HP is shown in percentages\n|rule|Sleep Clause Mod: Limit one foe put to sleep\n|rule|Blitz: Super-fast timer\n|\n|t:|1683820149\n|start\n|switch|p1a: Xerneas|Xerneas, L67|280/280\n|switch|p2a: Stonjourner|Stonjourner, L88, F|319/319\n|-ability|p1a: Xerneas|Fairy Aura\n|turn|1\n|j| bodi 69\n|c|\u2606jezuzinatree|hfgl\n|\n|t:|1683820156\n|switch|p1a: Quagsire|Quagsire, L84, F|297/297\n|move|p2a: Stonjourner|Stone Edge|p1a: Quagsire\n|-resisted|p1a: Quagsire\n|-damage|p1a: Quagsire|201/297\n|-damage|p2a: Stonjourner|288/319|[from] item: Life Orb\n|\n|-heal|p1a: Quagsire|219/297|[from] item: Leftovers\n|upkeep\n|turn|2\n|c|\u2606alienwere|glhf\n|j| Durango\n|inactive|alienwere has 10 seconds left.\n|\n|t:|1683820161\n|switch|p2a: Blastoise|Blastoise, L82, F|264/264\n|move|p1a: Quagsire|Recover|p1a: Quagsire\n|-heal|p1a: Quagsire|297/297\n|\n|upkeep\n|turn|3\n|inactive|alienwere has 10 seconds left.\n|\n|t:|1683820167\n|move|p2a: Blastoise|Toxic|p1a: Quagsire|[miss]\n|-miss|p2a: Blastoise|p1a: Quagsire\n|move|p1a: Quagsire|Earthquake|p2a: Blastoise\n|-damage|p2a: Blastoise|171/264\n|\n|-heal|p2a: Blastoise|187/264|[from] item: Leftovers\n|upkeep\n|turn|4\n|j| Elitemasterjames\n|inactive|alienwere has 10 seconds left.\n|\n|t:|1683820174\n|switch|p1a: Miltank|Miltank, L84, F|297/297\n|move|p2a: Blastoise|Toxic|p1a: Miltank|[miss]\n|-miss|p2a: Blastoise|p1a: Miltank\n|\n|-heal|p2a: Blastoise|203/264|[from] item: Leftovers\n|upkeep\n|turn|5\n|\n|t:|1683820177\n|move|p1a: Miltank|Stealth Rock|p2a: Blastoise\n|-sidestart|p2: jezuzinatree|move: Stealth Rock\n|move|p2a: Blastoise|Toxic|p1a: Miltank\n|-status|p1a: Miltank|tox\n|\n|-heal|p2a: Blastoise|219/264|[from] item: Leftovers\n|-damage|p1a: Miltank|279/297 tox|[from] psn\n|upkeep\n|turn|6\n|\n|t:|1683820181\n|switch|p2a: Stonjourner|Stonjourner, L88, F|288/319\n|-damage|p2a: Stonjourner|249/319|[from] Stealth Rock\n|move|p1a: Miltank|Toxic|p2a: Stonjourner\n|-status|p2a: Stonjourner|tox\n|\n|-heal|p1a: Miltank|297/297 tox|[from] item: Leftovers\n|-damage|p1a: Miltank|261/297 tox|[from] psn\n|-damage|p2a: Stonjourner|230/319 tox|[from] psn\n|upkeep\n|turn|7\n|inactive|jezuzinatree has 10 seconds left.\n|\n|t:|1683820187\n|switch|p1a: Quagsire|Quagsire, L84, F|297/297\n|move|p2a: Stonjourner|Earthquake|p1a: Quagsire\n|-damage|p1a: Quagsire|171/297\n|-damage|p2a: Stonjourner|199/319 tox|[from] item: Life Orb\n|\n|-heal|p1a: Quagsire|189/297|[from] item: Leftovers\n|-damage|p2a: Stonjourner|161/319 tox|[from] psn\n|upkeep\n|turn|8\n|\n|t:|1683820190\n|move|p2a: Stonjourner|Earthquake|p1a: Quagsire\n|-damage|p1a: Quagsire|68/297\n|-damage|p2a: Stonjourner|130/319 tox|[from] item: Life Orb\n|move|p1a: Quagsire|Recover|p1a: Quagsire\n|-heal|p1a: Quagsire|217/297\n|\n|-heal|p1a: Quagsire|235/297|[from] item: Leftovers\n|-damage|p2a: Stonjourner|73/319 tox|[from] psn\n|upkeep\n|turn|9\n|inactive|jezuzinatree has 10 seconds left.\n|\n|t:|1683820196\n|switch|p2a: Blastoise|Blastoise, L82, F|219/264\n|-damage|p2a: Blastoise|186/264|[from] Stealth Rock\n|move|p1a: Quagsire|Recover|p1a: Quagsire\n|-heal|p1a: Quagsire|297/297\n|\n|-heal|p2a: Blastoise|202/264|[from] item: Leftovers\n|upkeep\n|turn|10\n|\n|t:|1683820198\n|switch|p1a: Miltank|Miltank, L84, F|261/297 tox\n|move|p2a: Blastoise|Scald|p1a: Miltank\n|-damage|p1a: Miltank|176/297 tox\n|\n|-heal|p1a: Miltank|194/297 tox|[from] item: Leftovers\n|-heal|p2a: Blastoise|218/264|[from] item: Leftovers\n|-damage|p1a: Miltank|176/297 tox|[from] psn\n|upkeep\n|turn|11\n|\n|t:|1683820201\n|move|p2a: Blastoise|Protect|p2a: Blastoise\n|-singleturn|p2a: Blastoise|Protect\n|move|p1a: Miltank|Toxic|p2a: Blastoise\n|-activate|p2a: Blastoise|move: Protect\n|\n|-heal|p1a: Miltank|194/297 tox|[from] item: Leftovers\n|-heal|p2a: Blastoise|234/264|[from] item: Leftovers\n|-damage|p1a: Miltank|158/297 tox|[from] psn\n|upkeep\n|turn|12\n|\n|t:|1683820204\n|move|p1a: Miltank|Milk Drink|p1a: Miltank\n|-heal|p1a: Miltank|297/297 tox\n|move|p2a: Blastoise|Scald|p1a: Miltank\n|-damage|p1a: Miltank|212/297 tox\n|\n|-heal|p1a: Miltank|230/297 tox|[from] item: Leftovers\n|-heal|p2a: Blastoise|250/264|[from] item: Leftovers\n|-damage|p1a: Miltank|176/297 tox|[from] psn\n|upkeep\n|turn|13\n|\n|t:|1683820208\n|move|p2a: Blastoise|Protect|p2a: Blastoise\n|-singleturn|p2a: Blastoise|Protect\n|move|p1a: Miltank|Milk Drink|p1a: Miltank\n|-heal|p1a: Miltank|297/297 tox\n|\n|-heal|p2a: Blastoise|264/264|[from] item: Leftovers\n|-damage|p1a: Miltank|225/297 tox|[from] psn\n|upkeep\n|turn|14\n|\n|t:|1683820211\n|move|p1a: Miltank|Toxic|p2a: Blastoise\n|-status|p2a: Blastoise|tox\n|move|p2a: Blastoise|Scald|p1a: Miltank\n|-damage|p1a: Miltank|134/297 tox\n|\n|-heal|p1a: Miltank|152/297 tox|[from] item: Leftovers\n|-damage|p1a: Miltank|62/297 tox|[from] psn\n|-damage|p2a: Blastoise|248/264 tox|[from] psn\n|upkeep\n|turn|15\n|inactive|alienwere has 10 seconds left.\n|\n|t:|1683820217\n|move|p1a: Miltank|Body Slam|p2a: Blastoise\n|-damage|p2a: Blastoise|173/264 tox\n|move|p2a: Blastoise|Scald|p1a: Miltank\n|-damage|p1a: Miltank|0 fnt\n|faint|p1a: Miltank\n|\n|-heal|p2a: Blastoise|189/264 tox|[from] item: Leftovers\n|-damage|p2a: Blastoise|157/264 tox|[from] psn\n|upkeep\n|inactive|alienwere has 10 seconds left.\n|\n|t:|1683820224\n|switch|p1a: Primarina|Primarina, L82, M|265/265\n|turn|16\n|\n|t:|1683820225\n|move|p1a: Primarina|Energy Ball|p2a: Blastoise\n|-supereffective|p2a: Blastoise\n|-damage|p2a: Blastoise|17/264 tox\n|move|p2a: Blastoise|Toxic|p1a: Primarina|[miss]\n|-miss|p2a: Blastoise|p1a: Primarina\n|\n|-heal|p2a: Blastoise|33/264 tox|[from] item: Leftovers\n|-damage|p2a: Blastoise|0 fnt|[from] psn\n|faint|p2a: Blastoise\n|upkeep\n|\n|t:|1683820230\n|switch|p2a: Kyurem|Kyurem, L80|331/331\n|-ability|p2a: Kyurem|Pressure\n|turn|17\n|c|\u2606alienwere|u rly unlucky\n|j| GuarsiLoka\n|inactive|alienwere has 10 seconds left.\n|\n|t:|1683820236\n|switch|p1a: Guzzlord|Guzzlord, L84|512/512\n|move|p2a: Kyurem|Freeze-Dry|p1a: Guzzlord\n|-supereffective|p1a: Guzzlord\n|-damage|p1a: Guzzlord|242/512\n|\n|upkeep\n|turn|18\n|\n|t:|1683820240\n|move|p2a: Kyurem|Substitute|p2a: Kyurem\n|-start|p2a: Kyurem|Substitute\n|-damage|p2a: Kyurem|249/331\n|move|p1a: Guzzlord|Draco Meteor|p2a: Kyurem\n|-supereffective|p2a: Kyurem\n|-end|p2a: Kyurem|Substitute\n|-unboost|p1a: Guzzlord|spa|2\n|\n|upkeep\n|turn|19\n|c| bodi 69|wtf is this blastoise\n|\n|t:|1683820244\n|move|p2a: Kyurem|Freeze-Dry|p1a: Guzzlord\n|-supereffective|p1a: Guzzlord\n|-damage|p1a: Guzzlord|6/512\n|move|p1a: Guzzlord|Draco Meteor|p2a: Kyurem\n|-supereffective|p2a: Kyurem\n|-damage|p2a: Kyurem|55/331\n|-unboost|p1a: Guzzlord|spa|2\n|\n|upkeep\n|turn|20\n|\n|t:|1683820248\n|move|p2a: Kyurem|Roost|p2a: Kyurem\n|-heal|p2a: Kyurem|221/331\n|-singleturn|p2a: Kyurem|move: Roost\n|move|p1a: Guzzlord|Draco Meteor|p2a: Kyurem\n|-supereffective|p2a: Kyurem\n|-damage|p2a: Kyurem|87/331\n|-unboost|p1a: Guzzlord|spa|2\n|\n|upkeep\n|turn|21\n|c| bodi 69|toxic missed like 4 times\n|\n|t:|1683820253\n|switch|p1a: Xerneas|Xerneas, L67|280/280\n|-ability|p1a: Xerneas|Fairy Aura\n|move|p2a: Kyurem|Roost|p2a: Kyurem\n|-heal|p2a: Kyurem|253/331\n|-singleturn|p2a: Kyurem|move: Roost\n|\n|upkeep\n|turn|22\n|\n|t:|1683820258\n|move|p1a: Xerneas|Moonblast|p2a: Kyurem\n|-supereffective|p2a: Kyurem\n|-damage|p2a: Kyurem|31/331\n|move|p2a: Kyurem|Freeze-Dry|p1a: Xerneas\n|-damage|p1a: Xerneas|180/280\n|\n|upkeep\n|turn|23\n|\n|t:|1683820260\n|move|p1a: Xerneas|Moonblast|p2a: Kyurem\n|-supereffective|p2a: Kyurem\n|-damage|p2a: Kyurem|0 fnt\n|faint|p2a: Kyurem\n|\n|upkeep\n|\n|t:|1683820264\n|switch|p2a: Stonjourner|Stonjourner, L88, F|73/319 tox\n|-damage|p2a: Stonjourner|34/319 tox|[from] Stealth Rock\n|turn|24\n|\n|t:|1683820267\n|move|p1a: Xerneas|Moonblast|p2a: Stonjourner\n|-damage|p2a: Stonjourner|0 fnt\n|faint|p2a: Stonjourner\n|\n|upkeep\n|\n|t:|1683820270\n|switch|p2a: Victini|Victini, L78|283/283\n|-damage|p2a: Victini|213/283|[from] Stealth Rock\n|turn|25\n|inactive|jezuzinatree has 10 seconds left.\n|\n|t:|1683820276\n|switch|p1a: Guzzlord|Guzzlord, L84|6/512\n|move|p2a: Victini|V-create|p1a: Guzzlord\n|-resisted|p1a: Guzzlord\n|-damage|p1a: Guzzlord|0 fnt\n|-unboost|p2a: Victini|spe|1\n|-unboost|p2a: Victini|def|1\n|-unboost|p2a: Victini|spd|1\n|faint|p1a: Guzzlord\n|\n|upkeep\n|\n|t:|1683820279\n|switch|p1a: Primarina|Primarina, L82, M|265/265\n|turn|26\n|inactive|jezuzinatree has 10 seconds left.\n|\n|t:|1683820286\n|-start|p2a: Victini|Dynamax|\n|-heal|p2a: Victini|426/566|[silent]\n|move|p1a: Primarina|Hydro Pump|p2a: Victini|[miss]\n|-miss|p1a: Primarina|p2a: Victini\n|move|p2a: Victini|Max Lightning|p1a: Primarina\n|-supereffective|p1a: Primarina\n|-damage|p1a: Primarina|75/265\n|-fieldstart|move: Electric Terrain\n|\n|upkeep\n|turn|27\n|c| Elitemasterjames|It's a move made to miss\n|inactive|alienwere has 10 seconds left.\n|inactive|jezuzinatree has 10 seconds left.\n|\n|t:|1683820292\n|move|p1a: Primarina|Hydro Pump|p2a: Victini\n|-supereffective|p2a: Victini\n|-damage|p2a: Victini|22/566\n|move|p2a: Victini|Max Lightning|p1a: Primarina\n|-supereffective|p1a: Primarina\n|-damage|p1a: Primarina|0 fnt\n|faint|p1a: Primarina\n|\n|upkeep\n|\n|t:|1683820295\n|switch|p1a: Xerneas|Xerneas, L67|180/280\n|-ability|p1a: Xerneas|Fairy Aura\n|turn|28\n|inactive|alienwere has 10 seconds left.\n|\n|t:|1683820300\n|move|p1a: Xerneas|Thunderbolt|p2a: Victini\n|-damage|p2a: Victini|0 fnt\n|faint|p2a: Victini\n|\n|upkeep\n|\n|t:|1683820302\n|switch|p2a: Drampa|Drampa, L86, M|274/274\n|-damage|p2a: Drampa|240/274|[from] Stealth Rock\n|turn|29\n|\n|t:|1683820306\n|switch|p1a: Quagsire|Quagsire, L84, F|297/297\n|move|p2a: Drampa|Glare|p1a: Quagsire\n|-status|p1a: Quagsire|par\n|\n|-heal|p2a: Drampa|257/274|[from] item: Leftovers\n|upkeep\n|turn|30\n|\n|t:|1683820309\n|move|p2a: Drampa|Draco Meteor|p1a: Quagsire\n|-damage|p1a: Quagsire|75/297 par\n|-unboost|p2a: Drampa|spa|2\n|move|p1a: Quagsire|Ice Beam|p2a: Drampa\n|-supereffective|p2a: Drampa\n|-damage|p2a: Drampa|171/274\n|\n|-heal|p2a: Drampa|188/274|[from] item: Leftovers\n|-heal|p1a: Quagsire|93/297 par|[from] item: Leftovers\n|-fieldend|move: Electric Terrain\n|upkeep\n|turn|31\n|\n|t:|1683820313\n|move|p2a: Drampa|Draco Meteor|p1a: Quagsire\n|-damage|p1a: Quagsire|0 fnt\n|-unboost|p2a: Drampa|spa|2\n|faint|p1a: Quagsire\n|\n|-heal|p2a: Drampa|205/274|[from] item: Leftovers\n|upkeep\n|\n|t:|1683820316\n|switch|p1a: Xerneas|Xerneas, L67|180/280\n|-ability|p1a: Xerneas|Fairy Aura\n|turn|32\n|\n|t:|1683820318\n|move|p1a: Xerneas|Moonblast|p2a: Drampa\n|-supereffective|p2a: Drampa\n|-damage|p2a: Drampa|1/274\n|-ability|p2a: Drampa|Berserk|boost\n|-boost|p2a: Drampa|spa|1\n|move|p2a: Drampa|Glare|p1a: Xerneas\n|-status|p1a: Xerneas|par\n|\n|-heal|p2a: Drampa|18/274|[from] item: Leftovers\n|upkeep\n|turn|33\n|\n|t:|1683820321\n|move|p1a: Xerneas|Moonblast|p2a: Drampa\n|-supereffective|p2a: Drampa\n|-damage|p2a: Drampa|0 fnt\n|faint|p2a: Drampa\n|\n|upkeep\n|\n|t:|1683820323\n|switch|p2a: Archeops|Archeops, L82, M|257/257\n|turn|34\n|\n|t:|1683820326\n|move|p2a: Archeops|Stone Edge|p1a: Xerneas\n|-damage|p1a: Xerneas|32/280 par\n|move|p1a: Xerneas|Moonblast|p2a: Archeops\n|-damage|p2a: Archeops|119/257\n|\n|upkeep\n|turn|35\n|\n|t:|1683820329\n|move|p2a: Archeops|Roost|p2a: Archeops\n|-heal|p2a: Archeops|248/257\n|-singleturn|p2a: Archeops|move: Roost\n|move|p1a: Xerneas|Moonblast|p2a: Archeops\n|-damage|p2a: Archeops|119/257\n|\n|upkeep\n|turn|36\n|\n|t:|1683820331\n|move|p2a: Archeops|Roost|p2a: Archeops\n|-heal|p2a: Archeops|248/257\n|-singleturn|p2a: Archeops|move: Roost\n|move|p1a: Xerneas|Moonblast|p2a: Archeops\n|-damage|p2a: Archeops|103/257\n|-unboost|p2a: Archeops|spa|1\n|\n|upkeep\n|turn|37\n|\n|t:|1683820334\n|move|p2a: Archeops|Roost|p2a: Archeops\n|-heal|p2a: Archeops|232/257\n|-singleturn|p2a: Archeops|move: Roost\n|move|p1a: Xerneas|Moonblast|p2a: Archeops\n|-damage|p2a: Archeops|93/257\n|-unboost|p2a: Archeops|spa|1\n|\n|upkeep\n|turn|38\n|\n|t:|1683820336\n|move|p2a: Archeops|Roost|p2a: Archeops\n|-heal|p2a: Archeops|222/257\n|-singleturn|p2a: Archeops|move: Roost\n|move|p1a: Xerneas|Moonblast|p2a: Archeops\n|-damage|p2a: Archeops|78/257\n|\n|upkeep\n|turn|39\n|\n|t:|1683820338\n|move|p2a: Archeops|Roost|p2a: Archeops\n|-heal|p2a: Archeops|207/257\n|-singleturn|p2a: Archeops|move: Roost\n|move|p1a: Xerneas|Moonblast|p2a: Archeops\n|-damage|p2a: Archeops|80/257\n|-unboost|p2a: Archeops|spa|1\n|\n|upkeep\n|turn|40\n|\n|t:|1683820340\n|move|p2a: Archeops|Roost|p2a: Archeops\n|-heal|p2a: Archeops|209/257\n|-singleturn|p2a: Archeops|move: Roost\n|move|p1a: Xerneas|Moonblast|p2a: Archeops\n|-damage|p2a: Archeops|76/257\n|\n|upkeep\n|turn|41\n|\n|t:|1683820343\n|move|p2a: Archeops|Roost|p2a: Archeops\n|-heal|p2a: Archeops|205/257\n|-singleturn|p2a: Archeops|move: Roost\n|move|p1a: Xerneas|Moonblast|p2a: Archeops\n|-damage|p2a: Archeops|75/257\n|\n|upkeep\n|turn|42\n|c|\u2606jezuzinatree|fiull para plz\n|c| bodi 69|lol\n|\n|t:|1683820348\n|move|p2a: Archeops|Roost|p2a: Archeops\n|-heal|p2a: Archeops|204/257\n|-singleturn|p2a: Archeops|move: Roost\n|move|p1a: Xerneas|Moonblast|p2a: Archeops\n|-damage|p2a: Archeops|69/257\n|\n|upkeep\n|turn|43\n|\n|t:|1683820352\n|move|p2a: Archeops|Roost|p2a: Archeops\n|-heal|p2a: Archeops|198/257\n|-singleturn|p2a: Archeops|move: Roost\n|cant|p1a: Xerneas|par\n|\n|upkeep\n|turn|44\n|c|\u2606jezuzinatree|just once\n|inactive|alienwere has 10 seconds left.\n|c| bodi 69|damn\n|c|\u2606alienwere|finally lol\n|\n|t:|1683820361\n|move|p2a: Archeops|Dual Wingbeat|p1a: Xerneas\n|-damage|p1a: Xerneas|0 fnt\n|faint|p1a: Xerneas\n|-hitcount|p1: Xerneas|1\n|\n|upkeep\n|\n|t:|1683820363\n|switch|p1a: Crustle|Crustle, L82, F|249/249\n|turn|45\n|\n|t:|1683820365\n|-start|p1a: Crustle|Dynamax|\n|-heal|p1a: Crustle|498/498|[silent]\n|move|p2a: Archeops|Stone Edge|p1a: Crustle\n|-supereffective|p1a: Crustle\n|-crit|p1a: Crustle\n|-damage|p1a: Crustle|202/498\n|move|p1a: Crustle|Max Rockfall|p2a: Archeops\n|-supereffective|p2a: Archeops\n|-damage|p2a: Archeops|0 fnt\n|-weather|Sandstorm\n|faint|p2a: Archeops\n|\n|win|alienwere\n|n|\u2606alienwere|alienwere\n|n|\u2606jezuzinatree|jezuzinatree\n|n| bodi 69|bodi69\n|n| Durango|durango\n|n| Elitemasterjames|elitemasterjames\n|n| GuarsiLoka|guarsiloka\n", "inputlog": ">version bce759c5f189753f4322d11c9e5aa78bbe1b1bf9\n>start {\"formatid\":\"gen8randombattle@@@blitz\",\"seed\":[48986,35580,49232,62065],\"rated\":\"Tournament battle\"}\n>player p1 {\"name\":\"alienwere\",\"avatar\":\"265\",\"rating\":0,\"seed\":[22913,24532,6114,37102]}\n>player p2 {\"name\":\"jezuzinatree\",\"avatar\":\"steven\",\"rating\":0,\"seed\":[45082,61159,30981,16695]}\n>chat \u2606jezuzinatree|hfgl\n>p1 switch 2\n>p2 move stoneedge\n>chat \u2606alienwere|glhf\n>p1 move recover\n>p2 switch 5\n>p1 move earthquake\n>p2 move toxic\n>p1 switch 6\n>p2 move toxic\n>p1 move stealthrock\n>p2 move toxic\n>p1 move toxic\n>p2 switch 5\n>p1 switch 6\n>p2 move earthquake\n>p1 move recover\n>p2 move earthquake\n>p1 move recover\n>p2 switch 5\n>p1 switch 6\n>p2 move scald\n>p1 move toxic\n>p2 move protect\n>p1 move milkdrink\n>p2 move scald\n>p1 move milkdrink\n>p2 move protect\n>p1 move toxic\n>p2 move scald\n>p1 move bodyslam\n>p2 move scald\n>p1 switch 5\n>p1 move energyball\n>p2 move toxic\n>p2 switch 6\n>chat \u2606alienwere|u rly unlucky\n>p1 switch 3\n>p2 move freezedry\n>p1 move dracometeor\n>p2 move substitute\n>chat  bodi 69|wtf is this blastoise\n>p1 move dracometeor\n>p2 move freezedry\n>p1 move dracometeor\n>p2 move roost\n>chat  bodi 69|toxic missed like 4 times\n>p1 switch 2\n>p2 move roost\n>p1 move moonblast\n>p2 move freezedry\n>p1 move moonblast\n>p2 move freezedry\n>p2 switch 5\n>p1 move moonblast\n>p2 move stoneedge\n>p2 switch 4\n>p1 switch 2\n>p2 move vcreate\n>p1 switch 3\n>p1 move hydropump\n>p2 move boltstrike dynamax\n>chat  Elitemasterjames|It's a move made to miss \n>p1 move hydropump\n>p2 move boltstrike dynamax\n>p1 switch 2\n>p1 move thunderbolt\n>p2 move boltstrike dynamax\n>p2 switch 3\n>p1 switch 6\n>p2 move glare\n>p1 move icebeam\n>p2 move dracometeor\n>p1 move icebeam\n>p2 move dracometeor\n>p1 switch 6\n>p1 move moonblast\n>p2 move glare\n>p1 move moonblast\n>p2 move fireblast\n>p2 switch 2\n>p1 move moonblast\n>p2 move stoneedge\n>p1 move moonblast\n>p2 move roost\n>p1 move moonblast\n>p2 move roost\n>p1 move moonblast\n>p2 move roost\n>p1 move moonblast\n>p2 move roost\n>p1 move moonblast\n>p2 move roost\n>p1 move moonblast\n>p2 move roost\n>p1 move moonblast\n>p2 move roost\n>chat \u2606jezuzinatree|fiull para plz\n>chat  bodi 69|lol\n>p1 move moonblast\n>p2 move roost\n>p1 move moonblast\n>p2 move roost\n>chat \u2606jezuzinatree|just once\n>chat  bodi 69|damn\n>chat \u2606alienwere|finally lol \n>p1 move moonblast\n>p2 move dualwingbeat\n>p1 switch 4\n>p1 move stoneedge dynamax\n>p2 move stoneedge", "uploadtime": 1683820366, "views": 5, "p1id": "alienwere", "p2id": "jezuzinatree", "formatid": "gen8randombattle", "rating": 0, "private": 0, "password": ""}