{"id": "gen8randombattle-1872701475", "p1": "cheshen\u749f", "p2": "bobochan", "format": "[Gen 8] Random Battle", "log": "|j|\u2606cheshen\u749f\n|j|\u2606bobochan\n|t:|1685270943\n|gametype|singles\n|player|p1|cheshen\u749f|juan|\n|player|p2|bobochan|#bobochan|\n|teamsize|p1|9\n|teamsize|p2|9\n|gen|8\n|tier|[Gen 8] Random Battle\n|rated|Tournament battle\n|rule|Species Clause: Limit one of each Pok\u00e9mon\n|rule|HP Percentage Mod: HP is shown in percentages\n|rule|Sleep Clause Mod: Limit one foe put to sleep\n|rule|Dynamax Clause: You cannot dynamax\n|clearpoke\n|poke|p1|Weavile, L50, F|\n|poke|p1|Reuniclus, L50, M|\n|poke|p1|Roserade, L50, M|\n|poke|p1|Scolipede, L50, F|\n|poke|p1|Greedent, L50, M|\n|poke|p1|Darmanitan, L50, F|\n|poke|p1|Appletun, L50, M|\n|poke|p1|Carracosta, L50, F|\n|poke|p1|Drednaw, L50, M|\n|poke|p2|Gastrodon-East, L50, M|\n|poke|p2|Magearna, L50|\n|poke|p2|Mawile, L50, F|\n|poke|p2|Seismitoad, L50, F|\n|poke|p2|Tyranitar, L50, F|\n|poke|p2|Venusaur, L50, F|\n|poke|p2|Cloyster, L50, F|\n|poke|p2|Salamence, L50, F|\n|poke|p2|Mr. Mime, L50, F|\n|teampreview|1\n|j| Logic???(no)\n|j| WyAk\n|j| Muelsyse R.L.\n|j| NATRAL\u2664\u79bb\u5b50\u97f3\n|j| xiaoheizi114514\n|j| shisheng\n|j| YouXudu\u82f1\u96c4\n|j| Eevee with Surf\n|j| tjxgdu\n|j| Altomare's latias\n|j| cocakk\n|c|\u2606cheshen\u749f|\u6211\u8fd9\u8fb9\u90fd\u662f\u4e9b\u5565\u554a\n|c| cocakk|\u5929\u52a9bobo\u4e5f\n|c| YouXudu\u82f1\u96c4|bobo\u8981\u8d62\u554a\n|c| Altomare's latias|\u6211\u521a\u521a\u4e00\u5806\u706b\u548c\u5ca9\u6253\u76d6\u6b27\u5361\n|c|\u2606bobochan|\u5c3d\u529b\u5c3d\u529b\n|\n|t:|1685271048\n|start\n|switch|p1a: Darmanitan|Darmanitan, L50, F|191/191\n|switch|p2a: Seismitoad|Seismitoad, L50, F|191/191\n|turn|1\n|\n|t:|1685271066\n|move|p1a: Darmanitan|Earthquake|p2a: Seismitoad\n|-damage|p2a: Seismitoad|101/191\n|-damage|p1a: Darmanitan|172/191|[from] item: Life Orb\n|move|p2a: Seismitoad|Rain Dance|p2a: Seismitoad\n|-weather|RainDance\n|\n|-weather|RainDance|[upkeep]\n|upkeep\n|turn|2\n|c| Altomare's latias|\u8fd9\u6837\u9009\u51fa\u6765\u7684\uff0c\u56f4\u653b\u4f1a\u7b97\u4e0a\u5417\uff1f\n|\n|t:|1685271073\n|move|p2a: Seismitoad|Liquidation|p1a: Darmanitan\n|-supereffective|p1a: Darmanitan\n|-damage|p1a: Darmanitan|0 fnt\n|faint|p1a: Darmanitan\n|-damage|p2a: Seismitoad|82/191|[from] item: Life Orb\n|\n|win|bobochan\n|n|\u2606cheshen\u749f|cheshen\n|n|\u2606bobochan|bobochan\n|n| Logic???(no)|logicno\n|n| WyAk|wyak\n|n| Muelsyse R.L.|muelsyserl\n|n| NATRAL\u2664\u79bb\u5b50\u97f3|natral\n|n| xiaoheizi114514|xiaoheizi114514\n|n| shisheng|shisheng\n|n| YouXudu\u82f1\u96c4|youxudu\n|n| Eevee with Surf|eeveewithsurf\n|n| tjxgdu|tjxgdu\n|n| Altomare's latias|altomareslatias\n|n| cocakk|cocakk\n", "inputlog": ">version d74822bbc74c095aa312053f7034baee3068d99e\n>start {\"formatid\":\"gen8randombattle@@@teampreview,Picked Team Size = 1,Max Team Size = 9,adjustlevel = 50,dynamaxclause\",\"seed\":[41940,34209,17191,54361],\"rated\":\"Tournament battle\"}\n>player p1 {\"name\":\"cheshen\u749f\",\"avatar\":\"juan\",\"rating\":0,\"seed\":[28149,2859,50220,47966]}\n>player p2 {\"name\":\"bobochan\",\"avatar\":\"#bobochan\",\"rating\":0,\"seed\":[30773,54544,15881,26977]}\n>chat \u2606cheshen\u749f|\u6211\u8fd9\u8fb9\u90fd\u662f\u4e9b\u5565\u554a\n>chat  cocakk|\u5929\u52a9bobo\u4e5f\n>chat  YouXudu\u82f1\u96c4|bobo\u8981\u8d62\u554a\n>chat  Altomare's latias|\u6211\u521a\u521a\u4e00\u5806\u706b\u548c\u5ca9\u6253\u76d6\u6b27\u5361\n>chat \u2606bobochan|\u5c3d\u529b\u5c3d\u529b\n>p1 team 6\n>p2 team 4\n>p1 move earthquake\n>p2 move raindance\n>chat  Altomare's latias|\u8fd9\u6837\u9009\u51fa\u6765\u7684\uff0c\u56f4\u653b\u4f1a\u7b97\u4e0a\u5417\uff1f\n>p1 move earthquake\n>p2 move liquidation", "uploadtime": 1685271074, "views": 7, "p1id": "cheshen", "p2id": "bobochan", "formatid": "gen8randombattle", "rating": 0, "private": 0, "password": ""}