{"id": "gen8randombattle-1861725622", "p1": "Pxrmet", "p2": "TYLERMATAFUKIN1", "format": "[Gen 8] Random Battle", "log": "|j|\u2606Pxrmet\n|j|\u2606TYLERMATAFUKIN1\n|t:|1683800583\n|gametype|singles\n|player|p1|Pxrmet|2|1189\n|player|p2|TYLERMATAFUKIN1|giovanni|1310\n|teamsize|p1|6\n|teamsize|p2|6\n|gen|8\n|tier|[Gen 8] Random Battle\n|rated|\n|rule|Species Clause: Limit one of each Pok\u00e9mon\n|rule|HP Percentage Mod: HP is shown in percentages\n|rule|Sleep Clause Mod: Limit one foe put to sleep\n|\n|t:|1683800583\n|start\n|switch|p1a: Gigalith|Gigalith, L82, M|274/274\n|switch|p2a: Stakataka|Stakataka, L80|229/229\n|-weather|Sandstorm|[from] ability: Sand Stream|[of] p1a: Gigalith\n|turn|1\n|\n|t:|1683800598\n|move|p1a: Gigalith|Stealth Rock|p2a: Stakataka\n|-sidestart|p2: TYLERMATAFUKIN1|move: Stealth Rock\n|move|p2a: Stakataka|Body Press|p1a: Gigalith\n|-supereffective|p1a: Gigalith\n|-damage|p1a: Gigalith|58/274\n|\n|-weather|Sandstorm|[upkeep]\n|-heal|p1a: Gigalith|75/274|[from] item: Leftovers\n|upkeep\n|turn|2\n|inactive|Battle timer is ON: inactive players will automatically lose when time's up. (requested by TYLERMATAFUKIN1)\n|\n|t:|1683800615\n|move|p1a: Gigalith|Earthquake|p2a: Stakataka\n|-supereffective|p2a: Stakataka\n|-crit|p2a: Stakataka\n|-damage|p2a: Stakataka|0 fnt\n|faint|p2a: Stakataka\n|\n|-weather|Sandstorm|[upkeep]\n|-heal|p1a: Gigalith|92/274|[from] item: Leftovers\n|upkeep\n|\n|t:|1683800624\n|switch|p2a: Araquanid|Araquanid, L80, M|240/240\n|turn|3\n|\n|t:|1683800636\n|switch|p1a: Zapdos|Zapdos, L78|268/268\n|-ability|p1a: Zapdos|Pressure\n|move|p2a: Araquanid|Sticky Web|p1a: Zapdos\n|-sidestart|p1: Pxrmet|move: Sticky Web\n|\n|-weather|Sandstorm|[upkeep]\n|-damage|p1a: Zapdos|252/268|[from] Sandstorm\n|-damage|p2a: Araquanid|225/240|[from] Sandstorm\n|upkeep\n|turn|4\n|c|\u2606TYLERMATAFUKIN1|serotonin button incoming\n|\n|t:|1683800648\n|switch|p2a: Krookodile|Krookodile, L78, M|276/276\n|-damage|p2a: Krookodile|259/276|[from] Stealth Rock\n|move|p1a: Zapdos|Discharge|p2a: Krookodile\n|-immune|p2a: Krookodile\n|\n|-weather|Sandstorm|[upkeep]\n|-damage|p1a: Zapdos|236/268|[from] Sandstorm\n|upkeep\n|turn|5\n|inactive|Pxrmet has 120 seconds left.\n|\n|t:|1683800679\n|switch|p1a: Lurantis|Lurantis, L86, M|261/261\n|-activate|p1a: Lurantis|move: Sticky Web\n|-boost|p1a: Lurantis|spe|1\n|move|p2a: Krookodile|Stone Edge|p1a: Lurantis|[miss]\n|-miss|p2a: Krookodile|p1a: Lurantis\n|\n|-weather|none\n|upkeep\n|turn|6\n|inactive|Pxrmet has 120 seconds left.\n|\n|t:|1683800692\n|switch|p2a: Scolipede|Scolipede, L80, F|227/227\n|-damage|p2a: Scolipede|171/227|[from] Stealth Rock\n|move|p1a: Lurantis|Knock Off|p2a: Scolipede\n|-damage|p2a: Scolipede|61/227\n|-enditem|p2a: Scolipede|Life Orb|[from] move: Knock Off|[of] p1a: Lurantis\n|-damage|p1a: Lurantis|235/261|[from] item: Life Orb\n|\n|upkeep\n|turn|7\n|inactive|Pxrmet has 120 seconds left.\n|\n|t:|1683800703\n|move|p2a: Scolipede|Megahorn|p1a: Lurantis\n|-supereffective|p1a: Lurantis\n|-damage|p1a: Lurantis|19/261\n|move|p1a: Lurantis|Knock Off|p2a: Scolipede\n|-damage|p2a: Scolipede|0 fnt\n|faint|p2a: Scolipede\n|-damage|p1a: Lurantis|0 fnt|[from] item: Life Orb\n|faint|p1a: Lurantis\n|\n|upkeep\n|\n|t:|1683800713\n|switch|p2a: Torkoal|Torkoal, L86, M|261/261\n|switch|p1a: Naganadel|Naganadel, L74|230/230\n|-activate|p1a: Naganadel|move: Sticky Web\n|-unboost|p1a: Naganadel|spe|1\n|-weather|SunnyDay|[from] ability: Drought|[of] p2a: Torkoal\n|turn|8\n|inactive|Pxrmet has 120 seconds left.\n|\n|t:|1683800729\n|move|p1a: Naganadel|Nasty Plot|p1a: Naganadel\n|-boost|p1a: Naganadel|spa|2\n|move|p2a: Torkoal|Rapid Spin|p1a: Naganadel\n|-damage|p1a: Naganadel|182/230\n|-boost|p2a: Torkoal|spe|1\n|-sideend|p2: TYLERMATAFUKIN1|Stealth Rock|[from] move: Rapid Spin|[of] p2a: Torkoal\n|\n|-weather|SunnyDay|[upkeep]\n|upkeep\n|turn|9\n|inactive|Pxrmet has 120 seconds left.\n|\n|t:|1683800741\n|-start|p1a: Naganadel|Dynamax|\n|-heal|p1a: Naganadel|364/460|[silent]\n|move|p1a: Naganadel|Max Wyrmwind|p2a: Torkoal\n|-damage|p2a: Torkoal|0 fnt\n|faint|p2a: Torkoal\n|-ability|p1a: Naganadel|Beast Boost|boost\n|-boost|p1a: Naganadel|spa|1\n|-damage|p1a: Naganadel|341/460|[from] item: Life Orb\n|\n|-weather|SunnyDay|[upkeep]\n|upkeep\n|\n|t:|1683800752\n|switch|p2a: Krookodile|Krookodile, L78, M|259/276\n|turn|10\n|\n|t:|1683800758\n|-start|p2a: Krookodile|Dynamax|\n|-heal|p2a: Krookodile|518/552|[silent]\n|move|p2a: Krookodile|Max Quake|p1a: Naganadel\n|-supereffective|p1a: Naganadel\n|-damage|p1a: Naganadel|0 fnt\n|-boost|p2a: Krookodile|spd|1\n|faint|p1a: Naganadel\n|-ability|p2a: Krookodile|Moxie|boost\n|-boost|p2a: Krookodile|atk|1\n|\n|-weather|SunnyDay|[upkeep]\n|upkeep\n|c|\u2606TYLERMATAFUKIN1|bad dynamax\n|\n|t:|1683800773\n|switch|p1a: Delibird|Delibird, M|252/252\n|turn|11\n|\n|t:|1683800784\n|move|p1a: Delibird|Rapid Spin|p2a: Krookodile\n|-damage|p2a: Krookodile|482/552\n|-boost|p1a: Delibird|spe|1\n|-sideend|p1: Pxrmet|Sticky Web|[from] move: Rapid Spin|[of] p1a: Delibird\n|move|p2a: Krookodile|Max Rockfall|p1a: Delibird\n|-supereffective|p1a: Delibird\n|-damage|p1a: Delibird|0 fnt\n|-weather|Sandstorm\n|faint|p1a: Delibird\n|-ability|p2a: Krookodile|Moxie|boost\n|-boost|p2a: Krookodile|atk|1\n|\n|-weather|Sandstorm|[upkeep]\n|upkeep\n|inactive|Pxrmet has 120 seconds left.\n|\n|t:|1683800811\n|switch|p1a: Zapdos|Zapdos, L78|236/268\n|-ability|p1a: Zapdos|Pressure\n|turn|12\n|\n|t:|1683800817\n|move|p1a: Zapdos|Hurricane|p2a: Krookodile|[miss]\n|-miss|p1a: Zapdos|p2a: Krookodile\n|move|p2a: Krookodile|Max Rockfall|p1a: Zapdos\n|-supereffective|p1a: Zapdos\n|-damage|p1a: Zapdos|0 fnt\n|faint|p1a: Zapdos\n|-ability|p2a: Krookodile|Moxie|boost\n|-boost|p2a: Krookodile|atk|1\n|\n|-weather|Sandstorm|[upkeep]\n|upkeep\n|c|\u2606TYLERMATAFUKIN1|damn u dumb as hell\n|-message|Pxrmet forfeited.\n|\n|win|TYLERMATAFUKIN1\n|raw|Pxrmet's rating: 1189 &rarr; <strong>1172</strong><br />(-17 for losing)\n|raw|TYLERMATAFUKIN1's rating: 1310 &rarr; <strong>1323</strong><br />(+13 for winning)\n|l|\u2606Pxrmet\n", "inputlog": ">version bce759c5f189753f4322d11c9e5aa78bbe1b1bf9\n>start {\"formatid\":\"gen8randombattle\",\"seed\":[3684,47862,39539,59197],\"rated\":\"Rated battle\"}\n>player p1 {\"name\":\"Pxrmet\",\"avatar\":\"2\",\"rating\":1189,\"seed\":[57929,6548,45743,56893]}\n>player p2 {\"name\":\"TYLERMATAFUKIN1\",\"avatar\":\"giovanni\",\"rating\":1310,\"seed\":[18880,35448,23966,4389]}\n>p1 move stealthrock\n>p2 move bodypress\n>p1 move earthquake\n>p2 move bodypress\n>p2 switch 2\n>p1 switch 4\n>p2 move stickyweb\n>chat \u2606TYLERMATAFUKIN1|serotonin button incoming\n>p1 move discharge\n>p2 switch 4\n>p1 switch 5\n>p2 move stoneedge\n>p1 move knockoff\n>p2 switch 5\n>p1 move knockoff\n>p2 move megahorn\n>p1 switch 2\n>p2 switch 3\n>p1 move nastyplot\n>p2 move rapidspin\n>p1 move dracometeor dynamax\n>p2 move stealthrock\n>p2 switch 5\n>p1 move dracometeor dynamax\n>p2 move earthquake dynamax\n>chat \u2606TYLERMATAFUKIN1|bad dynamax\n>p1 switch 3\n>p1 move rapidspin\n>p2 move stoneedge dynamax\n>p1 switch 5\n>p1 move hurricane\n>p2 move stoneedge dynamax\n>chat \u2606TYLERMATAFUKIN1|damn u dumb as hell\n>forcelose p1", "uploadtime": 1683800822, "views": 8, "p1id": "pxrmet", "p2id": "tylermatafukin1", "formatid": "gen8randombattle", "rating": 1172, "private": 0, "password": ""}