{"id": "gen8randombattle-1865293961", "p1": "Boogie_Woogie_34", "p2": "ddy ash", "format": "[Gen 8] Random Battle", "log": "|j|\u2606Boogie_Woogie_34\n|j|\u2606ddy ash\n|t:|1684270017\n|gametype|singles\n|player|p1|Boogie_Woogie_34|veteran|1045\n|player|p2|ddy ash|102|1064\n|teamsize|p1|6\n|teamsize|p2|6\n|gen|8\n|tier|[Gen 8] Random Battle\n|rated|\n|rule|Species Clause: Limit one of each Pok\u00e9mon\n|rule|HP Percentage Mod: HP is shown in percentages\n|rule|Sleep Clause Mod: Limit one foe put to sleep\n|\n|t:|1684270017\n|start\n|switch|p1a: Flapple|Flapple, L84, M|255/255\n|switch|p2a: Lapras|Lapras, L86, F|363/363\n|turn|1\n|\n|t:|1684270037\n|move|p1a: Flapple|Grav Apple|p2a: Lapras\n|-supereffective|p2a: Lapras\n|-damage|p2a: Lapras|45/363\n|-unboost|p2a: Lapras|def|1\n|move|p2a: Lapras|Thunderbolt|p1a: Flapple\n|-resisted|p1a: Flapple\n|-damage|p1a: Flapple|225/255\n|\n|upkeep\n|turn|2\n|\n|t:|1684270046\n|move|p1a: Flapple|Grav Apple|p2a: Lapras\n|-supereffective|p2a: Lapras\n|-damage|p2a: Lapras|0 fnt\n|faint|p2a: Lapras\n|\n|upkeep\n|\n|t:|1684270052\n|switch|p2a: Slowking|Slowking-Galar, L84, F|297/297\n|turn|3\n|\n|t:|1684270063\n|move|p1a: Flapple|Sucker Punch|p2a: Slowking\n|-supereffective|p2a: Slowking\n|-damage|p2a: Slowking|109/297\n|move|p2a: Slowking|Fire Blast|p1a: Flapple\n|-damage|p1a: Flapple|103/255\n|\n|-heal|p2a: Slowking|127/297|[from] item: Black Sludge\n|upkeep\n|turn|4\n|\n|t:|1684270074\n|move|p1a: Flapple|Sucker Punch|p2a: Slowking\n|-supereffective|p2a: Slowking\n|-damage|p2a: Slowking|0 fnt\n|faint|p2a: Slowking\n|\n|upkeep\n|\n|t:|1684270078\n|switch|p2a: Flapple|Flapple, L84, M|255/255\n|turn|5\n|\n|t:|1684270083\n|move|p1a: Flapple|Outrage|p2a: Flapple\n|-supereffective|p2a: Flapple\n|-damage|p2a: Flapple|0 fnt\n|faint|p2a: Flapple\n|\n|upkeep\n|\n|t:|1684270089\n|switch|p2a: Escavalier|Escavalier, L84, F|255/255\n|turn|6\n|c|\u2606ddy ash|wtf\n|c|\u2606ddy ash|lmao\n|\n|t:|1684270094\n|move|p1a: Flapple|Outrage|p2a: Escavalier|[from]lockedmove\n|-resisted|p2a: Escavalier\n|-damage|p2a: Escavalier|159/255\n|-start|p1a: Flapple|confusion|[fatigue]\n|move|p2a: Escavalier|Megahorn|p1a: Flapple|[miss]\n|-miss|p2a: Escavalier|p1a: Flapple\n|\n|-heal|p2a: Escavalier|174/255|[from] item: Leftovers\n|upkeep\n|turn|7\n|c|\u2606Boogie_Woogie_34|LOL\n|\n|t:|1684270105\n|-activate|p1a: Flapple|confusion\n|-damage|p1a: Flapple|68/255|[from] confusion\n|move|p2a: Escavalier|Close Combat|p1a: Flapple\n|-damage|p1a: Flapple|0 fnt\n|-unboost|p2a: Escavalier|def|1\n|-unboost|p2a: Escavalier|spd|1\n|faint|p1a: Flapple\n|\n|-heal|p2a: Escavalier|189/255|[from] item: Leftovers\n|upkeep\n|c|\u2606ddy ash|fuck thank god\n|\n|t:|1684270120\n|switch|p1a: Regieleki|Regieleki, L78|253/253\n|turn|8\n|c|\u2606ddy ash|u play any other games\n|c|\u2606ddy ash|like cod\n|c|\u2606Boogie_Woogie_34|yea why\n|c|\u2606ddy ash|cold war\n|c|\u2606ddy ash|?\n|\n|t:|1684270135\n|move|p1a: Regieleki|Thunderbolt|p2a: Escavalier\n|-damage|p2a: Escavalier|5/255\n|move|p2a: Escavalier|Close Combat|p1a: Regieleki\n|-damage|p1a: Regieleki|78/253\n|-unboost|p2a: Escavalier|def|1\n|-unboost|p2a: Escavalier|spd|1\n|\n|-heal|p2a: Escavalier|20/255|[from] item: Leftovers\n|upkeep\n|turn|9\n|c|\u2606ddy ash|u play cod cold war\n|c|\u2606Boogie_Woogie_34|ye i do\n|\n|t:|1684270155\n|move|p1a: Regieleki|Volt Switch|p2a: Escavalier\n|-damage|p2a: Escavalier|0 fnt\n|faint|p2a: Escavalier\n|c|\u2606ddy ash|u tryna playy\n|c|\u2606ddy ash|lol\n|c|\u2606ddy ash|u got snap\n|c|\u2606ddy ash|im just bored lol im a sniper play on cw i stream too lol\n|c|\u2606Boogie_Woogie_34|oh ok\n|c|\u2606ddy ash|you got snapchat tho\n|c|\u2606ddy ash|or discord\n|c|\u2606Boogie_Woogie_34|im currently in school so uhh\n|c|\u2606ddy ash|same lol\n|\n|t:|1684270230\n|switch|p1a: Sylveon|Sylveon, L84, M|297/297|[from] Volt Switch\n|\n|upkeep\n|c|\u2606ddy ash|im on the bus\n|c|\u2606ddy ash|just add my snap rq\n|c|\u2606Boogie_Woogie_34|oh are ya cool\n|c|\u2606ddy ash|ashtoniscool936\n|c|\u2606Boogie_Woogie_34|i dont have snapchat\n|c|\u2606ddy ash|discord\n|\n|t:|1684270258\n|switch|p2a: Pincurchin|Pincurchin, L88, M|228/228\n|-fieldstart|move: Electric Terrain|[from] ability: Electric Surge|[of] p2a: Pincurchin\n|turn|10\n|c|\u2606ddy ash|?\n|c|\u2606Boogie_Woogie_34|or disc\n|c|\u2606ddy ash|what u gor\n|c|\u2606Boogie_Woogie_34|i really dont use them\n|c|\u2606Boogie_Woogie_34|i guess i got youtube lol\n|c|\u2606ddy ash|fine when i get to my house off the bus imma text u on this game k\n|c|\u2606ddy ash|ill text u my cw username k'\n|\n|t:|1684270320\n|move|p1a: Sylveon|Calm Mind|p1a: Sylveon\n|-boost|p1a: Sylveon|spa|1\n|-boost|p1a: Sylveon|spd|1\n|move|p2a: Pincurchin|Scald|p1a: Sylveon\n|-damage|p1a: Sylveon|267/297\n|\n|-heal|p1a: Sylveon|285/297|[from] item: Leftovers\n|upkeep\n|turn|11\n|c|\u2606Boogie_Woogie_34|uhh this is a loaner computer\n|c|\u2606ddy ash|same 4 me lol\n|c|\u2606ddy ash|i cAN BRING IT HOME\n|c|\u2606Boogie_Woogie_34|i cant bring it home\n|c|\u2606ddy ash|well do u have a phone\n|\n|t:|1684270367\n|move|p1a: Sylveon|Psyshock|p2a: Pincurchin\n|-crit|p2a: Pincurchin\n|-damage|p2a: Pincurchin|93/228\n|move|p2a: Pincurchin|Rising Voltage|p1a: Sylveon\n|-hint|Rising Voltage's BP doubled on grounded target.\n|-damage|p1a: Sylveon|182/297\n|\n|-heal|p1a: Sylveon|200/297|[from] item: Leftovers\n|upkeep\n|turn|12\n|c|\u2606Boogie_Woogie_34|yes but i dont really know who you are\n|c|\u2606ddy ash|u got a phone number im boutta get ff\n|c|\u2606ddy ash|off\n|c|\u2606ddy ash|lol\n|c|\u2606ddy ash|we r just playing cw lmao\n|c|\u2606ddy ash|just text my email on yr phone when u get home\n|c|\u2606ddy ash|its\n|c|\u2606ddy ash|zobristashton13@gmail.com\n|c|\u2606ddy ash|write it down on a piece of paper\n|c|\u2606ddy ash|k gotta go\n|c|\u2606ddy ash|see ya\n|c|\u2606ddy ash|on cw i hope lol\n|c|\u2606Boogie_Woogie_34|ok\n|\n|t:|1684270545\n|move|p1a: Sylveon|Psyshock|p2a: Pincurchin\n|-damage|p2a: Pincurchin|7/228\n|move|p2a: Pincurchin|Rising Voltage|p1a: Sylveon\n|-hint|Rising Voltage's BP doubled on grounded target.\n|-damage|p1a: Sylveon|104/297\n|\n|-heal|p1a: Sylveon|122/297|[from] item: Leftovers\n|upkeep\n|turn|13\n|l|\u2606ddy ash\n|player|p2|\n|inactive|Battle timer is ON: inactive players will automatically lose when time's up. (requested by Boogie_Woogie_34)\n|inactive|ddy ash has 30 seconds to reconnect!\n|inactive|ddy ash has 20 seconds to reconnect!\n|inactive|ddy ash has 15 seconds to reconnect!\n|inactive|ddy ash has 10 seconds to reconnect!\n|inactive|ddy ash has 5 seconds to reconnect!\n|-message|ddy ash lost due to inactivity.\n|\n|win|Boogie_Woogie_34\n|raw|Boogie_Woogie_34's rating: 1045 &rarr; <strong>1080</strong><br />(+35 for winning)\n|raw|ddy ash's rating: 1064 &rarr; <strong>1043</strong><br />(-21 for losing)\n", "inputlog": ">version a86fbaffe903c4a7274c53376b849908390bb49d\n>start {\"formatid\":\"gen8randombattle\",\"seed\":[24372,43239,5882,19624],\"rated\":\"Rated battle\"}\n>player p1 {\"name\":\"Boogie_Woogie_34\",\"avatar\":\"veteran\",\"rating\":1045,\"seed\":[63823,53719,17581,36619]}\n>player p2 {\"name\":\"ddy ash\",\"avatar\":\"102\",\"rating\":1064,\"seed\":[20958,20732,63234,32977]}\n>p1 move gravapple\n>p2 move thunderbolt\n>p1 move gravapple\n>p2 move thunderbolt\n>p2 switch 4\n>p1 move suckerpunch\n>p2 move fireblast\n>p1 move suckerpunch\n>p2 move psyshock\n>p2 switch 5\n>p1 move outrage\n>p2 move gravapple\n>p2 switch 6\n>chat \u2606ddy ash|wtf\n>chat \u2606ddy ash|lmao\n>p1 move outrage\n>p2 move megahorn\n>chat \u2606Boogie_Woogie_34|LOL\n>p1 move suckerpunch\n>p2 move closecombat\n>chat \u2606ddy ash|fuck thank god\n>p1 switch 5\n>chat \u2606ddy ash|u play any other games\n>chat \u2606ddy ash|like cod\n>chat \u2606Boogie_Woogie_34|yea why\n>chat \u2606ddy ash|cold war\n>chat \u2606ddy ash|?\n>p1 move thunderbolt\n>p2 move closecombat\n>chat \u2606ddy ash|u play cod cold war\n>chat \u2606Boogie_Woogie_34|ye i do \n>p1 move voltswitch\n>p2 move ironhead\n>chat \u2606ddy ash|u tryna playy\n>chat \u2606ddy ash|lol\n>chat \u2606ddy ash|u got snap\n>chat \u2606ddy ash|im just bored lol im a sniper play on cw i stream too lol\n>chat \u2606Boogie_Woogie_34|oh ok\n>chat \u2606ddy ash|you got snapchat tho\n>chat \u2606ddy ash|or discord\n>chat \u2606Boogie_Woogie_34|im currently in school so uhh\n>chat \u2606ddy ash|same lol\n>p1 switch 2\n>chat \u2606ddy ash|im on the bus\n>chat \u2606ddy ash|just add my snap rq\n>chat \u2606Boogie_Woogie_34|oh are ya cool\n>chat \u2606ddy ash|ashtoniscool936\n>chat \u2606Boogie_Woogie_34|i dont have snapchat\n>chat \u2606ddy ash|discord\n>p2 switch 3\n>chat \u2606ddy ash|?\n>chat \u2606Boogie_Woogie_34|or disc\n>chat \u2606ddy ash|what u gor\n>chat \u2606Boogie_Woogie_34|i really dont use them\n>chat \u2606Boogie_Woogie_34|i guess i got youtube lol\n>chat \u2606ddy ash|fine when i get to my house off the bus imma text u on this game k\n>chat \u2606ddy ash|ill text u my cw username k'\n>p1 move calmmind\n>p2 move scald\n>chat \u2606Boogie_Woogie_34|uhh this is a loaner computer\n>chat \u2606ddy ash|same 4 me lol\n>chat \u2606ddy ash|i cAN BRING IT HOME\n>chat \u2606Boogie_Woogie_34|i cant bring it home\n>chat \u2606ddy ash|well do u have a phone\n>p1 move psyshock\n>p2 move risingvoltage\n>chat \u2606Boogie_Woogie_34|yes but i dont really know who you are\n>chat \u2606ddy ash|u got a phone number im boutta get ff\n>chat \u2606ddy ash|off\n>chat \u2606ddy ash|lol\n>chat \u2606ddy ash|we r just playing cw lmao\n>chat \u2606ddy ash|just text my email on yr phone when u get home\n>chat \u2606ddy ash|its\n>chat \u2606ddy ash|zobristashton13@gmail.com\n>chat \u2606ddy ash|write it down on a piece of paper\n>chat \u2606ddy ash|k gotta go \n>chat \u2606ddy ash|see ya \n>chat \u2606ddy ash|on cw i hope lol\n>chat \u2606Boogie_Woogie_34|ok\n>p1 move psyshock\n>p2 move risingvoltage\n>forcelose p2", "uploadtime": 1684270524, "views": 5, "p1id": "boogiewoogie34", "p2id": "ddyash", "formatid": "gen8randombattle", "rating": 1043, "private": 0, "password": ""}