{"id": "gen8randombattle-1865585628", "p1": "qwrderdefrf", "p2": "MNIHNBN8843", "format": "[Gen 8] Random Battle", "log": "|j|\u2606qwrderdefrf\n|j|\u2606MNIHNBN8843\n|t:|1684313380\n|gametype|singles\n|player|p1|qwrderdefrf|harlequin|1044\n|player|p2|MNIHNBN8843|169|1000\n|teamsize|p1|6\n|teamsize|p2|6\n|gen|8\n|tier|[Gen 8] Random Battle\n|rated|\n|rule|Species Clause: Limit one of each Pok\u00e9mon\n|rule|HP Percentage Mod: HP is shown in percentages\n|rule|Sleep Clause Mod: Limit one foe put to sleep\n|\n|t:|1684313380\n|start\n|switch|p1a: Politoed|Politoed, L86, F|295/295\n|switch|p2a: Omastar|Omastar, L82, M|249/249\n|-weather|RainDance|[from] ability: Drizzle|[of] p1a: Politoed\n|turn|1\n|inactive|Battle timer is ON: inactive players will automatically lose when time's up. (requested by MNIHNBN8843)\n|\n|t:|1684313388\n|switch|p2a: Melmetal|Melmetal, L74|322/322\n|move|p1a: Politoed|Scald|p2a: Melmetal\n|-damage|p2a: Melmetal|133/322\n|\n|-weather|RainDance|[upkeep]\n|upkeep\n|turn|2\n|-message|MNIHNBN8843 forfeited.\n|\n|win|qwrderdefrf\n|raw|qwrderdefrf's rating: 1044 &rarr; <strong>1073</strong><br />(+29 for winning)\n|raw|MNIHNBN8843's rating: 1000 &rarr; <strong>1000</strong><br />(+0 for losing)\n|l|\u2606MNIHNBN8843\n", "inputlog": ">version 3f967b429d9dd76d8eb692efdd7dfe9038092d20\n>start {\"formatid\":\"gen8randombattle\",\"seed\":[19489,6228,26781,62730],\"rated\":\"Rated battle\"}\n>player p1 {\"name\":\"qwrderdefrf\",\"avatar\":\"harlequin\",\"rating\":1044,\"seed\":[59043,41648,44056,14762]}\n>player p2 {\"name\":\"MNIHNBN8843\",\"avatar\":\"169\",\"rating\":1000,\"seed\":[58777,10613,54123,25329]}\n>p1 move scald\n>p2 switch 2\n>forcelose p2", "uploadtime": 1684313398, "views": 7, "p1id": "qwrderdefrf", "p2id": "mnihnbn8843", "formatid": "gen8randombattle", "rating": 1000, "private": 0, "password": ""}