{"id": "gen8randombattle-1865434265", "p1": "WYadielxD", "p2": "shaonxlr8", "format": "[Gen 8] Random Battle", "log": "|j|\u203dWYadielxD\n|j|\u2606shaonxlr8\n|t:|1684287721\n|gametype|singles\n|player|p1|WYadielxD|102|1171\n|player|p2|shaonxlr8|norman|1129\n|teamsize|p1|6\n|teamsize|p2|6\n|gen|8\n|tier|[Gen 8] Random Battle\n|rated|\n|rule|Species Clause: Limit one of each Pok\u00e9mon\n|rule|HP Percentage Mod: HP is shown in percentages\n|rule|Sleep Clause Mod: Limit one foe put to sleep\n|\n|t:|1684287721\n|start\n|switch|p1a: Doublade|Doublade, L82, M|231/231\n|switch|p2a: Ferrothorn|Ferrothorn, L78, F|244/244\n|turn|1\n|inactive|Battle timer is ON: inactive players will automatically lose when time's up. (requested by shaonxlr8)\n|\n|t:|1684287728\n|move|p1a: Doublade|Swords Dance|p1a: Doublade\n|-boost|p1a: Doublade|atk|2\n|move|p2a: Ferrothorn|Stealth Rock|p1a: Doublade\n|-sidestart|p1: WYadielxD|move: Stealth Rock\n|\n|upkeep\n|turn|2\n|\n|t:|1684287735\n|move|p1a: Doublade|Swords Dance|p1a: Doublade\n|-boost|p1a: Doublade|atk|2\n|move|p2a: Ferrothorn|Leech Seed|p1a: Doublade\n|-start|p1a: Doublade|move: Leech Seed\n|\n|-damage|p1a: Doublade|203/231|[from] Leech Seed|[of] p2a: Ferrothorn\n|upkeep\n|turn|3\n|\n|t:|1684287749\n|move|p2a: Ferrothorn|Protect|p2a: Ferrothorn\n|-singleturn|p2a: Ferrothorn|Protect\n|move|p1a: Doublade|Swords Dance|p1a: Doublade\n|-boost|p1a: Doublade|atk|2\n|\n|-damage|p1a: Doublade|175/231|[from] Leech Seed|[of] p2a: Ferrothorn\n|upkeep\n|turn|4\n|\n|t:|1684287756\n|move|p2a: Ferrothorn|Protect||[still]\n|-fail|p2a: Ferrothorn\n|move|p1a: Doublade|Close Combat|p2a: Ferrothorn\n|-supereffective|p2a: Ferrothorn\n|-damage|p2a: Ferrothorn|0 fnt\n|-unboost|p1a: Doublade|def|1\n|-unboost|p1a: Doublade|spd|1\n|-damage|p1a: Doublade|147/231|[from] ability: Iron Barbs|[of] p2a: Ferrothorn\n|faint|p2a: Ferrothorn\n|\n|upkeep\n|\n|t:|1684287781\n|switch|p2a: Klinklang|Klinklang, L84|238/238\n|turn|5\n|\n|t:|1684287791\n|move|p1a: Doublade|Shadow Sneak|p2a: Klinklang\n|-damage|p2a: Klinklang|105/238\n|move|p2a: Klinklang|Substitute|p2a: Klinklang\n|-start|p2a: Klinklang|Substitute\n|-damage|p2a: Klinklang|46/238\n|\n|-heal|p2a: Klinklang|60/238|[from] item: Leftovers\n|-damage|p1a: Doublade|119/231|[from] Leech Seed|[of] p2a: Klinklang\n|-heal|p2a: Klinklang|88/238|[silent]\n|upkeep\n|turn|6\n|l|\u203dWYadielxD\n|inactive|WYadielxD disconnected and has a minute to reconnect!\n|player|p1|\n|j|\u203dWYadielxD\n|inactive|WYadielxD reconnected and has 130 seconds left.\n|player|p1|WYadielxD|102\n|n|\u203dWYadielxD|wyadielxd\n|\n|t:|1684287814\n|move|p1a: Doublade|Shadow Sneak|p2a: Klinklang\n|-end|p2a: Klinklang|Substitute\n|move|p2a: Klinklang|Shift Gear|p2a: Klinklang\n|-boost|p2a: Klinklang|spe|2\n|-boost|p2a: Klinklang|atk|1\n|\n|-heal|p2a: Klinklang|102/238|[from] item: Leftovers\n|-damage|p1a: Doublade|91/231|[from] Leech Seed|[of] p2a: Klinklang\n|-heal|p2a: Klinklang|130/238|[silent]\n|upkeep\n|turn|7\n|\n|t:|1684287822\n|move|p1a: Doublade|Shadow Sneak|p2a: Klinklang\n|-damage|p2a: Klinklang|0 fnt\n|faint|p2a: Klinklang\n|\n|upkeep\n|\n|t:|1684287826\n|switch|p2a: Noctowl|Noctowl, L88, M|319/319\n|turn|8\n|\n|t:|1684287833\n|move|p2a: Noctowl|Nasty Plot|p2a: Noctowl\n|-boost|p2a: Noctowl|spa|2\n|move|p1a: Doublade|Iron Head|p2a: Noctowl\n|-damage|p2a: Noctowl|0 fnt\n|faint|p2a: Noctowl\n|\n|upkeep\n|\n|t:|1684287840\n|switch|p2a: Raichu|Raichu-Alola, L84, M|238/238\n|turn|9\n|\n|t:|1684287843\n|move|p1a: Doublade|Shadow Sneak|p2a: Raichu\n|-supereffective|p2a: Raichu\n|-damage|p2a: Raichu|0 fnt\n|faint|p2a: Raichu\n|\n|upkeep\n|\n|t:|1684287848\n|switch|p2a: Zarude|Zarude, L78|292/292\n|turn|10\n|\n|t:|1684287853\n|move|p2a: Zarude|Bulk Up|p2a: Zarude\n|-boost|p2a: Zarude|atk|1\n|-boost|p2a: Zarude|def|1\n|move|p1a: Doublade|Close Combat|p2a: Zarude\n|-supereffective|p2a: Zarude\n|-damage|p2a: Zarude|0 fnt\n|-unboost|p1a: Doublade|def|1\n|-unboost|p1a: Doublade|spd|1\n|faint|p2a: Zarude\n|\n|upkeep\n|\n|t:|1684287862\n|switch|p2a: Sandaconda|Sandaconda, L84, M|258/258\n|turn|11\n|\n|t:|1684287866\n|move|p2a: Sandaconda|Coil|p2a: Sandaconda\n|-boost|p2a: Sandaconda|atk|1\n|-boost|p2a: Sandaconda|def|1\n|-boost|p2a: Sandaconda|accuracy|1\n|move|p1a: Doublade|Iron Head|p2a: Sandaconda\n|-damage|p2a: Sandaconda|89/258\n|\n|-heal|p2a: Sandaconda|105/258|[from] item: Leftovers\n|-damage|p1a: Doublade|63/231|[from] Leech Seed|[of] p2a: Sandaconda\n|-heal|p2a: Sandaconda|133/258|[silent]\n|upkeep\n|turn|12\n|\n|t:|1684287874\n|move|p2a: Sandaconda|Coil|p2a: Sandaconda\n|-boost|p2a: Sandaconda|atk|1\n|-boost|p2a: Sandaconda|def|1\n|-boost|p2a: Sandaconda|accuracy|1\n|move|p1a: Doublade|Close Combat|p2a: Sandaconda\n|-damage|p2a: Sandaconda|9/258\n|-unboost|p1a: Doublade|def|1\n|-unboost|p1a: Doublade|spd|1\n|\n|-heal|p2a: Sandaconda|25/258|[from] item: Leftovers\n|-damage|p1a: Doublade|35/231|[from] Leech Seed|[of] p2a: Sandaconda\n|-heal|p2a: Sandaconda|53/258|[silent]\n|upkeep\n|turn|13\n|\n|t:|1684287887\n|move|p1a: Doublade|Shadow Sneak|p2a: Sandaconda\n|-damage|p2a: Sandaconda|0 fnt\n|faint|p2a: Sandaconda\n|\n|win|WYadielxD\n|raw|WYadielxD's rating: 1171 &rarr; <strong>1193</strong><br />(+22 for winning)\n|raw|shaonxlr8's rating: 1129 &rarr; <strong>1107</strong><br />(-22 for losing)\n", "inputlog": ">version 3f967b429d9dd76d8eb692efdd7dfe9038092d20\n>start {\"formatid\":\"gen8randombattle\",\"seed\":[41103,58963,39257,43149],\"rated\":\"Rated battle\"}\n>player p1 {\"name\":\"WYadielxD\",\"avatar\":\"102\",\"rating\":1171,\"seed\":[33039,16584,29906,3292]}\n>player p2 {\"name\":\"shaonxlr8\",\"avatar\":\"norman\",\"rating\":1129,\"seed\":[32506,47200,54669,35803]}\n>p1 move swordsdance\n>p2 move stealthrock\n>p1 move swordsdance\n>p2 move leechseed\n>p1 move swordsdance\n>p2 move protect\n>p1 move closecombat\n>p2 move protect\n>p2 switch 2\n>p1 move shadowsneak\n>p2 move substitute\n>p1 move shadowsneak\n>p2 move shiftgear\n>p1 move shadowsneak\n>p2 move substitute\n>p2 switch 4\n>p1 move ironhead\n>p2 move nastyplot\n>p2 switch 6\n>p1 move shadowsneak\n>p2 move nastyplot\n>p2 switch 3\n>p1 move closecombat\n>p2 move bulkup\n>p2 switch 5\n>p1 move ironhead\n>p2 move coil\n>p1 move closecombat\n>p2 move coil\n>p1 move shadowsneak\n>p2 move rest", "uploadtime": 1684287892, "views": 5, "p1id": "wyadielxd", "p2id": "shaonxlr8", "formatid": "gen8randombattle", "rating": 1107, "private": 0, "password": ""}