{"id": "gen8randombattle-1873772584", "p1": "werfwefrsw", "p2": "slakish", "format": "[Gen 8] Random Battle", "log": "|j|\u2606werfwefrsw\n|j|\u2606slakish\n|t:|1685418074\n|gametype|singles\n|player|p1|werfwefrsw|harlequin|1000\n|player|p2|slakish|170|1053\n|teamsize|p1|6\n|teamsize|p2|6\n|gen|8\n|tier|[Gen 8] Random Battle\n|rated|\n|rule|Species Clause: Limit one of each Pok\u00e9mon\n|rule|HP Percentage Mod: HP is shown in percentages\n|rule|Sleep Clause Mod: Limit one foe put to sleep\n|\n|t:|1685418074\n|start\n|switch|p1a: Hatterene|Hatterene, L86, F|238/238\n|switch|p2a: Seismitoad|Seismitoad, L84, M|314/314\n|turn|1\n|\n|t:|1685418115\n|move|p2a: Seismitoad|Rain Dance|p2a: Seismitoad\n|-weather|RainDance\n|move|p1a: Hatterene|Psychic|p2a: Seismitoad\n|-damage|p2a: Seismitoad|95/314\n|\n|-weather|RainDance|[upkeep]\n|upkeep\n|turn|2\n|\n|t:|1685418129\n|move|p2a: Seismitoad|Liquidation|p1a: Hatterene\n|-damage|p1a: Hatterene|63/238\n|-damage|p2a: Seismitoad|64/314|[from] item: Life Orb\n|move|p1a: Hatterene|Psychic|p2a: Seismitoad\n|-damage|p2a: Seismitoad|0 fnt\n|faint|p2a: Seismitoad\n|\n|-weather|RainDance|[upkeep]\n|upkeep\n|\n|t:|1685418140\n|switch|p2a: Zapdos|Zapdos, L78|268/268\n|turn|3\n|\n|t:|1685418145\n|move|p2a: Zapdos|U-turn|p1a: Hatterene\n|-damage|p1a: Hatterene|23/238\n|\n|t:|1685418151\n|switch|p2a: Torkoal|Torkoal, L86, M|261/261|[from] U-turn\n|-weather|SunnyDay|[from] ability: Drought|[of] p2a: Torkoal\n|move|p1a: Hatterene|Psychic|p2a: Torkoal\n|-damage|p2a: Torkoal|38/261\n|\n|-weather|SunnyDay|[upkeep]\n|upkeep\n|turn|4\n|-message|slakish forfeited.\n|\n|win|werfwefrsw\n|raw|werfwefrsw's rating: 1000 &rarr; <strong>1046</strong><br />(+46 for winning)\n|raw|slakish's rating: 1053 &rarr; <strong>1032</strong><br />(-21 for losing)\n|l|\u2606slakish\n", "inputlog": ">version 6fec31d5a0d4498a06105aa188c9906bc0b6bf95\n>start {\"formatid\":\"gen8randombattle\",\"seed\":[54722,19267,33176,22183],\"rated\":\"Rated battle\"}\n>player p1 {\"name\":\"werfwefrsw\",\"avatar\":\"harlequin\",\"rating\":1000,\"seed\":[32314,11872,54846,62151]}\n>player p2 {\"name\":\"slakish\",\"avatar\":\"170\",\"rating\":1053,\"seed\":[26677,4983,8287,37833]}\n>p1 move psychic\n>p2 move raindance\n>p1 move psychic\n>p2 move liquidation\n>p2 switch 2\n>p1 move psychic\n>p2 move uturn\n>p2 switch 6\n>forcelose p2", "uploadtime": 1685418159, "views": 4, "p1id": "werfwefrsw", "p2id": "slakish", "formatid": "gen8randombattle", "rating": 1032, "private": 0, "password": ""}