{"id": "gen8randombattle-1681589720", "p1": "Separation", "p2": "Accadere \u2601", "format": "[Gen 8] Random Battle", "log": "|j|\u2606Separation\n|j|\u2606Accadere \u2601@!\n|t:|1665333554\n|gametype|singles\n|player|p1|Separation|#wcorichina|2427\n|player|p2|Accadere \u2601|touristf2|2405\n|teamsize|p1|6\n|teamsize|p2|6\n|gen|8\n|tier|[Gen 8] Random Battle\n|rated|\n|rule|Species Clause: Limit one of each Pok\u00e9mon\n|rule|HP Percentage Mod: HP is shown in percentages\n|rule|Sleep Clause Mod: Limit one foe put to sleep\n|\n|t:|1665333554\n|start\n|switch|p1a: Drampa|Drampa, L86, F|274/274\n|switch|p2a: Dragapult|Dragapult, L78, M|265/265\n|turn|1\n|inactive|Battle timer is ON: inactive players will automatically lose when time's up. (requested by Accadere \u2601)\n|\n|t:|1665333566\n|switch|p1a: Ninetales|Ninetales-Alola, L79, F|245/245\n|-weather|Hail|[from] ability: Snow Warning|[of] p1a: Ninetales\n|move|p2a: Dragapult|U-turn|p1a: Ninetales\n|-resisted|p1a: Ninetales\n|-crit|p1a: Ninetales\n|-damage|p1a: Ninetales|197/245\n|\n|t:|1665333569\n|switch|p2a: Sandslash|Sandslash-Alola, L86, M|269/269\n|\n|-weather|Hail|[upkeep]\n|upkeep\n|turn|2\n|\n|t:|1665333578\n|switch|p1a: Drampa|Drampa, L86, F|274/274\n|move|p2a: Sandslash|Knock Off|p1a: Drampa\n|-damage|p1a: Drampa|180/274\n|-enditem|p1a: Drampa|Leftovers|[from] move: Knock Off|[of] p2a: Sandslash\n|-damage|p2a: Sandslash|243/269|[from] item: Life Orb\n|\n|-weather|Hail|[upkeep]\n|-damage|p1a: Drampa|163/274|[from] Hail\n|upkeep\n|turn|3\n|\n|t:|1665333583\n|move|p2a: Sandslash|Triple Axel|p1a: Drampa\n|-supereffective|p1a: Drampa\n|-damage|p1a: Drampa|106/274\n|-supereffective|p1a: Drampa\n|-damage|p1a: Drampa|0 fnt\n|faint|p1a: Drampa\n|-hitcount|p1: Drampa|2\n|-damage|p2a: Sandslash|217/269|[from] item: Life Orb\n|\n|-weather|Hail|[upkeep]\n|upkeep\n|\n|t:|1665333588\n|switch|p1a: Marshadow|Marshadow, L70|242/242\n|turn|4\n|\n|t:|1665333592\n|switch|p2a: Vileplume|Vileplume, L84, M|263/263\n|move|p1a: Marshadow|Close Combat|p2a: Vileplume\n|-resisted|p2a: Vileplume\n|-damage|p2a: Vileplume|193/263\n|-unboost|p1a: Marshadow|def|1\n|-unboost|p1a: Marshadow|spd|1\n|-status|p1a: Marshadow|slp|[from] ability: Effect Spore|[of] p2a: Vileplume\n|-damage|p1a: Marshadow|218/242 slp|[from] item: Life Orb\n|\n|-weather|Hail|[upkeep]\n|-damage|p1a: Marshadow|203/242 slp|[from] Hail\n|-damage|p2a: Vileplume|177/263|[from] Hail\n|-heal|p2a: Vileplume|193/263|[from] item: Black Sludge\n|upkeep\n|turn|5\n|\n|t:|1665333596\n|switch|p1a: Nihilego|Nihilego, L79|302/302\n|move|p2a: Vileplume|Sludge Bomb|p1a: Nihilego\n|-resisted|p1a: Nihilego\n|-damage|p1a: Nihilego|281/302\n|\n|-weather|none\n|-heal|p1a: Nihilego|299/302|[from] item: Black Sludge\n|-heal|p2a: Vileplume|209/263|[from] item: Black Sludge\n|upkeep\n|turn|6\n|\n|t:|1665333601\n|move|p1a: Nihilego|Stealth Rock|p2a: Vileplume\n|-sidestart|p2: Accadere \u2601|move: Stealth Rock\n|move|p2a: Vileplume|Sleep Powder|p1a: Nihilego\n|-message|Sleep Clause Mod activated.\n|\n|-heal|p1a: Nihilego|302/302|[from] item: Black Sludge\n|-heal|p2a: Vileplume|225/263|[from] item: Black Sludge\n|upkeep\n|turn|7\n|j| MiniMazeltof\n|j| teres bahji\n|\n|t:|1665333608\n|move|p1a: Nihilego|Sludge Wave|p2a: Vileplume\n|-damage|p2a: Vileplume|110/263\n|move|p2a: Vileplume|Sleep Powder|p1a: Nihilego|[miss]\n|-miss|p2a: Vileplume|p1a: Nihilego\n|\n|-heal|p2a: Vileplume|126/263|[from] item: Black Sludge\n|upkeep\n|turn|8\n|\n|t:|1665333623\n|switch|p2a: Shedinja|Shedinja, L88|1/1\n|move|p1a: Nihilego|Sludge Wave|p2a: Shedinja\n|-immune|p2a: Shedinja|[from] ability: Wonder Guard\n|\n|upkeep\n|turn|9\n|\n|t:|1665333632\n|switch|p1a: Ninetales|Ninetales-Alola, L79, F|197/245\n|-weather|Hail|[from] ability: Snow Warning|[of] p1a: Ninetales\n|move|p2a: Shedinja|Poltergeist|p1a: Ninetales\n|-activate|p1a: Ninetales|move: Poltergeist|Light Clay\n|-damage|p1a: Ninetales|53/245\n|\n|-weather|Hail|[upkeep]\n|-damage|p2a: Shedinja|0 fnt|[from] Hail\n|faint|p2a: Shedinja\n|upkeep\n|\n|t:|1665333641\n|switch|p2a: Dragapult|Dragapult, L78, M|265/265\n|-damage|p2a: Dragapult|232/265|[from] Stealth Rock\n|turn|10\n|\n|t:|1665333645\n|switch|p1a: Nihilego|Nihilego, L79|302/302\n|move|p2a: Dragapult|Shadow Ball|p1a: Nihilego\n|-damage|p1a: Nihilego|215/302\n|\n|-weather|Hail|[upkeep]\n|-damage|p2a: Dragapult|216/265|[from] Hail\n|-damage|p1a: Nihilego|197/302|[from] Hail\n|-heal|p1a: Nihilego|215/302|[from] item: Black Sludge\n|upkeep\n|turn|11\n|\n|t:|1665333648\n|move|p2a: Dragapult|Shadow Ball|p1a: Nihilego\n|-damage|p1a: Nihilego|128/302\n|move|p1a: Nihilego|Sludge Wave|p2a: Dragapult\n|-resisted|p2a: Dragapult\n|-damage|p2a: Dragapult|154/265\n|\n|-weather|Hail|[upkeep]\n|-damage|p2a: Dragapult|138/265|[from] Hail\n|-damage|p1a: Nihilego|110/302|[from] Hail\n|-heal|p1a: Nihilego|128/302|[from] item: Black Sludge\n|upkeep\n|turn|12\n|\n|t:|1665333656\n|move|p2a: Dragapult|Shadow Ball|p1a: Nihilego\n|-damage|p1a: Nihilego|40/302\n|move|p1a: Nihilego|Sludge Wave|p2a: Dragapult\n|-resisted|p2a: Dragapult\n|-damage|p2a: Dragapult|75/265\n|\n|-weather|Hail|[upkeep]\n|-damage|p2a: Dragapult|59/265|[from] Hail\n|-damage|p1a: Nihilego|22/302|[from] Hail\n|-heal|p1a: Nihilego|40/302|[from] item: Black Sludge\n|upkeep\n|turn|13\n|\n|t:|1665333660\n|switch|p1a: Marshadow|Marshadow, L70|203/242 slp\n|move|p2a: Dragapult|Shadow Ball|p1a: Marshadow\n|-supereffective|p1a: Marshadow\n|-damage|p1a: Marshadow|0 fnt\n|faint|p1a: Marshadow\n|\n|-weather|none\n|upkeep\n|\n|t:|1665333662\n|switch|p1a: Ditto|Ditto, L76|198/198\n|-transform|p1a: Ditto|p2a: Dragapult|[from] ability: Imposter\n|turn|14\n|\n|t:|1665333664\n|switch|p2a: Guzzlord|Guzzlord, L84|512/512\n|-damage|p2a: Guzzlord|448/512|[from] Stealth Rock\n|move|p1a: Ditto|Shadow Ball|p2a: Guzzlord\n|-resisted|p2a: Guzzlord\n|-damage|p2a: Guzzlord|415/512\n|-unboost|p2a: Guzzlord|spd|1\n|\n|upkeep\n|turn|15\n|\n|t:|1665333674\n|switch|p1a: Bellossom|Bellossom, L82, M|257/257\n|move|p2a: Guzzlord|Knock Off|p1a: Bellossom\n|-damage|p1a: Bellossom|146/257\n|-enditem|p1a: Bellossom|Leftovers|[from] move: Knock Off|[of] p2a: Guzzlord\n|\n|upkeep\n|turn|16\n|\n|t:|1665333682\n|switch|p2a: Vileplume|Vileplume, L84, M|126/263\n|-damage|p2a: Vileplume|94/263|[from] Stealth Rock\n|move|p1a: Bellossom|Moonblast|p2a: Vileplume\n|-resisted|p2a: Vileplume\n|-damage|p2a: Vileplume|65/263\n|\n|-heal|p2a: Vileplume|81/263|[from] item: Black Sludge\n|upkeep\n|turn|17\n|\n|t:|1665333687\n|switch|p1a: Ninetales|Ninetales-Alola, L79, F|53/245\n|-weather|Hail|[from] ability: Snow Warning|[of] p1a: Ninetales\n|move|p2a: Vileplume|Strength Sap|p1a: Ninetales\n|-unboost|p1a: Ninetales|atk|1\n|-heal|p2a: Vileplume|191/263\n|\n|-weather|Hail|[upkeep]\n|-damage|p2a: Vileplume|175/263|[from] Hail\n|-heal|p2a: Vileplume|191/263|[from] item: Black Sludge\n|upkeep\n|turn|18\n|\n|t:|1665333691\n|move|p1a: Ninetales|Aurora Veil|p1a: Ninetales\n|-sidestart|p1: Separation|move: Aurora Veil\n|move|p2a: Vileplume|Sludge Bomb|p1a: Ninetales\n|-supereffective|p1a: Ninetales\n|-damage|p1a: Ninetales|0 fnt\n|faint|p1a: Ninetales\n|\n|-weather|Hail|[upkeep]\n|-damage|p2a: Vileplume|175/263|[from] Hail\n|-heal|p2a: Vileplume|191/263|[from] item: Black Sludge\n|upkeep\n|\n|t:|1665333696\n|switch|p1a: Nihilego|Nihilego, L79|40/302\n|turn|19\n|\n|t:|1665333699\n|move|p1a: Nihilego|Sludge Wave|p2a: Vileplume\n|-damage|p2a: Vileplume|83/263\n|move|p2a: Vileplume|Sleep Powder|p1a: Nihilego|[miss]\n|-miss|p2a: Vileplume|p1a: Nihilego\n|\n|-weather|Hail|[upkeep]\n|-damage|p1a: Nihilego|22/302|[from] Hail\n|-damage|p2a: Vileplume|67/263|[from] Hail\n|-heal|p1a: Nihilego|40/302|[from] item: Black Sludge\n|-heal|p2a: Vileplume|83/263|[from] item: Black Sludge\n|upkeep\n|turn|20\n|\n|t:|1665333704\n|switch|p2a: Sandslash|Sandslash-Alola, L86, M|217/269\n|-damage|p2a: Sandslash|184/269|[from] Stealth Rock\n|move|p1a: Nihilego|Sludge Wave|p2a: Sandslash\n|-immune|p2a: Sandslash\n|\n|-weather|Hail|[upkeep]\n|-damage|p1a: Nihilego|22/302|[from] Hail\n|-heal|p1a: Nihilego|40/302|[from] item: Black Sludge\n|upkeep\n|turn|21\n|\n|t:|1665333708\n|move|p2a: Sandslash|Knock Off|p1a: Nihilego\n|-damage|p1a: Nihilego|0 fnt\n|-enditem|p1a: Nihilego|Black Sludge|[from] move: Knock Off|[of] p2a: Sandslash\n|faint|p1a: Nihilego\n|-damage|p2a: Sandslash|158/269|[from] item: Life Orb\n|\n|-weather|none\n|upkeep\n|\n|t:|1665333713\n|switch|p1a: Ditto|Ditto, L76|198/198\n|-transform|p1a: Ditto|p2a: Sandslash|[from] ability: Imposter\n|turn|22\n|\n|t:|1665333718\n|move|p1a: Ditto|Iron Head|p2a: Sandslash\n|-damage|p2a: Sandslash|95/269\n|cant|p2a: Sandslash|flinch\n|\n|upkeep\n|turn|23\n|\n|t:|1665333722\n|move|p1a: Ditto|Iron Head|p2a: Sandslash\n|-damage|p2a: Sandslash|26/269\n|cant|p2a: Sandslash|flinch\n|\n|upkeep\n|turn|24\n|\n|t:|1665333725\n|move|p1a: Ditto|Iron Head|p2a: Sandslash\n|-damage|p2a: Sandslash|0 fnt\n|faint|p2a: Sandslash\n|\n|upkeep\n|\n|t:|1665333731\n|switch|p2a: Dragapult|Dragapult, L78, M|59/265\n|-damage|p2a: Dragapult|26/265|[from] Stealth Rock\n|turn|25\n|\n|t:|1665333736\n|-start|p1a: Ditto|Dynamax|\n|-heal|p1a: Ditto|396/396|[silent]\n|move|p2a: Dragapult|Fire Blast|p1a: Ditto\n|-supereffective|p1a: Ditto\n|-damage|p1a: Ditto|0 fnt\n|faint|p1a: Ditto\n|\n|-sideend|p1: Separation|move: Aurora Veil\n|upkeep\n|-message|Separation forfeited.\n|\n|win|Accadere \u2601\n|raw|Separation's rating: 2427 &rarr; <strong>2406</strong><br />(-21 for losing)\n|raw|Accadere \u2601's rating: 2405 &rarr; <strong>2426</strong><br />(+21 for winning)\n|l|\u2606Separation\n|l| MiniMazeltof\n|l| teres bahji\n||Ladder isn't responding, score probably updated but might not have (Request timeout).\n", "inputlog": ">version 32f46a6ad649acfea1118f353a8397cce22409d0\n>start {\"formatid\":\"gen8randombattle\",\"seed\":[22118,63674,51128,31791],\"rated\":\"Rated battle\"}\n>player p1 {\"name\":\"Separation\",\"avatar\":\"#wcorichina\",\"rating\":2427,\"seed\":[61493,31485,46871,41591]}\n>player p2 {\"name\":\"Accadere \u2601\",\"avatar\":\"touristf2\",\"rating\":2405,\"seed\":[48128,29505,45960,44090]}\n>p1 switch 6\n>p2 move uturn\n>p2 switch 4\n>p1 switch 6\n>p2 move knockoff\n>p1 move dracometeor\n>p2 move tripleaxel\n>p1 switch 4\n>p1 move closecombat\n>p2 switch 5\n>p1 switch 3\n>p2 move sludgebomb\n>p1 move stealthrock\n>p2 move sleeppowder\n>p1 move sludgewave\n>p2 move sleeppowder\n>p1 move sludgewave\n>p2 switch 2\n>p1 switch 6\n>p2 move poltergeist\n>p2 switch 4\n>p1 switch 6\n>p2 move shadowball\n>p1 move sludgewave\n>p2 move shadowball\n>p1 move sludgewave\n>p2 move shadowball\n>p1 switch 3\n>p2 move shadowball\n>p1 switch 2\n>p1 move shadowball\n>p2 switch 3\n>p1 switch 5\n>p2 move knockoff\n>p1 move moonblast\n>p2 switch 2\n>p1 switch 6\n>p2 move strengthsap\n>p1 move auroraveil\n>p2 move sludgebomb\n>p1 switch 3\n>p1 move sludgewave\n>p2 move sleeppowder\n>p1 move sludgewave\n>p2 switch 5\n>p1 move toxicspikes\n>p2 move knockoff\n>p1 switch 5\n>p1 move ironhead\n>p2 move knockoff\n>p1 move ironhead\n>p2 move knockoff\n>p1 move ironhead\n>p2 move knockoff\n>p2 switch 3\n>p1 move tripleaxel dynamax\n>p2 move fireblast\n>forcelose p1", "uploadtime": 1665333758, "views": 21, "p1id": "separation", "p2id": "accadere", "formatid": "gen8randombattle", "rating": 2406, "private": 0, "password": null}