{"id": "gen8randombattle-1871940430", "p1": "RobiJ", "p2": "battlebob69", "format": "[Gen 8] Random Battle", "log": "|j|\u2606RobiJ\n|j|\u2606battlebob69\n|t:|1685150178\n|gametype|singles\n|player|p1|RobiJ|flannery|1100\n|player|p2|battlebob69|boarder|1080\n|teamsize|p1|6\n|teamsize|p2|6\n|gen|8\n|tier|[Gen 8] Random Battle\n|rated|\n|rule|Species Clause: Limit one of each Pok\u00e9mon\n|rule|HP Percentage Mod: HP is shown in percentages\n|rule|Sleep Clause Mod: Limit one foe put to sleep\n|\n|t:|1685150178\n|start\n|switch|p1a: Ribombee|Ribombee, L82, F|233/233\n|switch|p2a: Beheeyem|Beheeyem, L86, F|269/269\n|turn|1\n|inactive|Battle timer is ON: inactive players will automatically lose when time's up. (requested by RobiJ)\n|inactive|battlebob69 also wants the timer to be on.\n|\n|t:|1685150199\n|move|p1a: Ribombee|Sticky Web|p2a: Beheeyem\n|-sidestart|p2: battlebob69|move: Sticky Web\n|move|p2a: Beheeyem|Trick|p1a: Ribombee\n|-activate|p2a: Beheeyem|move: Trick|[of] p1a: Ribombee\n|-item|p1a: Ribombee|Choice Specs|[from] move: Trick\n|-item|p2a: Beheeyem|Focus Sash|[from] move: Trick\n|\n|upkeep\n|turn|2\n|inactive|battlebob69 has 120 seconds left.\n|\n|t:|1685150232\n|move|p1a: Ribombee|U-turn|p2a: Beheeyem\n|-supereffective|p2a: Beheeyem\n|-damage|p2a: Beheeyem|161/269\n|\n|t:|1685150235\n|switch|p1a: Tyranitar|Tyranitar, L78, F|284/284|[from] U-turn\n|-weather|Sandstorm|[from] ability: Sand Stream|[of] p1a: Tyranitar\n|move|p2a: Beheeyem|Thunderbolt|p1a: Tyranitar\n|-damage|p1a: Tyranitar|211/284\n|\n|-weather|Sandstorm|[upkeep]\n|-damage|p2a: Beheeyem|145/269|[from] Sandstorm\n|upkeep\n|turn|3\n|\n|t:|1685150245\n|move|p1a: Tyranitar|Crunch|p2a: Beheeyem\n|-supereffective|p2a: Beheeyem\n|-damage|p2a: Beheeyem|0 fnt\n|faint|p2a: Beheeyem\n|\n|-weather|Sandstorm|[upkeep]\n|upkeep\n|\n|t:|1685150250\n|switch|p2a: Cofagrigus|Cofagrigus, L86, F|240/240\n|-activate|p2a: Cofagrigus|move: Sticky Web\n|-unboost|p2a: Cofagrigus|spe|1\n|turn|4\n|-message|battlebob69 forfeited.\n|\n|win|RobiJ\n|raw|RobiJ's rating: 1100 &rarr; <strong>1124</strong><br />(+24 for winning)\n|raw|battlebob69's rating: 1080 &rarr; <strong>1059</strong><br />(-21 for losing)\n|l|\u2606battlebob69\n", "inputlog": ">version 61c68e60481ef09071210320730fc448fef50368\n>start {\"formatid\":\"gen8randombattle\",\"seed\":[49479,63767,35174,46476],\"rated\":\"Rated battle\"}\n>player p1 {\"name\":\"RobiJ\",\"avatar\":\"flannery\",\"rating\":1100,\"seed\":[14820,39423,27501,20741]}\n>player p2 {\"name\":\"battlebob69\",\"avatar\":\"boarder\",\"rating\":1080,\"seed\":[47008,40681,10734,64650]}\n>p1 move stickyweb\n>p2 move trick\n>p1 move uturn\n>p2 move thunderbolt\n>p1 switch 2\n>p1 move crunch\n>p2 move thunderbolt\n>p2 switch 3\n>forcelose p2", "uploadtime": 1685150263, "views": 6, "p1id": "robij", "p2id": "battlebob69", "formatid": "gen8randombattle", "rating": 1059, "private": 0, "password": ""}