{"id": "gen8randombattle-1871943683", "p1": "jjlaro", "p2": "rampagale12", "format": "[Gen 8] Random Battle", "log": "|j|\u2606jjlaro\n|j|\u2606rampagale12\n|t:|1685150646\n|gametype|singles\n|player|p1|jjlaro|hugh|\n|player|p2|rampagale12|101|\n|teamsize|p1|6\n|teamsize|p2|6\n|gen|8\n|tier|[Gen 8] Random Battle\n|rule|Species Clause: Limit one of each Pok\u00e9mon\n|rule|HP Percentage Mod: HP is shown in percentages\n|rule|Sleep Clause Mod: Limit one foe put to sleep\n|\n|t:|1685150646\n|start\n|switch|p1a: Thundurus|Thundurus, L80, M|258/258\n|switch|p2a: Nidoqueen|Nidoqueen, L84, F|288/288\n|turn|1\n|\n|t:|1685150654\n|move|p1a: Thundurus|Grass Knot|p2a: Nidoqueen\n|-damage|p2a: Nidoqueen|224/288\n|move|p2a: Nidoqueen|Sludge Wave|p1a: Thundurus\n|-damage|p1a: Thundurus|112/258\n|\n|upkeep\n|turn|2\n|\n|t:|1685150668\n|move|p1a: Thundurus|Knock Off|p2a: Nidoqueen\n|-damage|p2a: Nidoqueen|146/288\n|-enditem|p2a: Nidoqueen|Life Orb|[from] move: Knock Off|[of] p1a: Thundurus\n|move|p2a: Nidoqueen|Sludge Wave|p1a: Thundurus\n|-damage|p1a: Thundurus|0 fnt\n|faint|p1a: Thundurus\n|\n|upkeep\n|\n|t:|1685150681\n|switch|p1a: Necrozma|Necrozma-Dusk-Mane, L67|241/241\n|turn|3\n|\n|t:|1685150687\n|move|p2a: Nidoqueen|Sludge Wave|p1a: Necrozma\n|-immune|p1a: Necrozma\n|move|p1a: Necrozma|Sunsteel Strike|p2a: Nidoqueen\n|-crit|p2a: Nidoqueen\n|-damage|p2a: Nidoqueen|0 fnt\n|faint|p2a: Nidoqueen\n|\n|upkeep\n|\n|t:|1685150692\n|switch|p2a: Palkia|Palkia, L74|255/255\n|-ability|p2a: Palkia|Pressure\n|turn|4\n|\n|t:|1685150702\n|-start|p2a: Palkia|Dynamax|\n|-heal|p2a: Palkia|510/510|[silent]\n|move|p2a: Palkia|Max Flare|p1a: Necrozma\n|-supereffective|p1a: Necrozma\n|-damage|p1a: Necrozma|57/241\n|-weather|SunnyDay\n|-enditem|p1a: Necrozma|Weakness Policy\n|-boost|p1a: Necrozma|atk|2|[from] item: Weakness Policy\n|-boost|p1a: Necrozma|spa|2|[from] item: Weakness Policy\n|move|p1a: Necrozma|Earthquake|p2a: Palkia\n|-damage|p2a: Palkia|379/510\n|\n|-weather|SunnyDay|[upkeep]\n|upkeep\n|turn|5\n|\n|t:|1685150725\n|-start|p1a: Necrozma|Dynamax|\n|-heal|p1a: Necrozma|114/482|[silent]\n|move|p2a: Palkia|Max Flare|p1a: Necrozma\n|-supereffective|p1a: Necrozma\n|-damage|p1a: Necrozma|0 fnt\n|faint|p1a: Necrozma\n|\n|-weather|SunnyDay|[upkeep]\n|upkeep\n|\n|t:|1685150744\n|switch|p1a: Palossand|Palossand, L86, M|286/286\n|turn|6\n|\n|t:|1685150751\n|move|p2a: Palkia|Max Geyser|p1a: Palossand\n|-supereffective|p1a: Palossand\n|-crit|p1a: Palossand\n|-damage|p1a: Palossand|0 fnt\n|-weather|RainDance\n|faint|p1a: Palossand\n|\n|-weather|RainDance|[upkeep]\n|upkeep\n|\n|t:|1685150758\n|switch|p1a: Vaporeon|Vaporeon, L84, M|356/356\n|-end|p2a: Palkia|Dynamax\n|-heal|p2a: Palkia|190/255|[silent]\n|turn|7\n|\n|t:|1685150767\n|move|p2a: Palkia|Draco Meteor|p1a: Vaporeon\n|-crit|p1a: Vaporeon\n|-damage|p1a: Vaporeon|82/356\n|-unboost|p2a: Palkia|spa|2\n|move|p1a: Vaporeon|Scald|p2a: Palkia\n|-resisted|p2a: Palkia\n|-crit|p2a: Palkia\n|-damage|p2a: Palkia|141/255\n|-status|p2a: Palkia|brn\n|\n|-weather|RainDance|[upkeep]\n|-heal|p1a: Vaporeon|104/356|[from] item: Leftovers\n|-damage|p2a: Palkia|126/255 brn|[from] brn\n|upkeep\n|turn|8\n|\n|t:|1685150781\n|move|p2a: Palkia|Draco Meteor|p1a: Vaporeon\n|-damage|p1a: Vaporeon|13/356\n|-unboost|p2a: Palkia|spa|2\n|move|p1a: Vaporeon|Wish|p1a: Vaporeon\n|\n|-weather|RainDance|[upkeep]\n|-heal|p1a: Vaporeon|35/356|[from] item: Leftovers\n|-damage|p2a: Palkia|111/255 brn|[from] brn\n|upkeep\n|turn|9\n|\n|t:|1685150790\n|move|p2a: Palkia|Fire Blast|p1a: Vaporeon\n|-resisted|p1a: Vaporeon\n|-damage|p1a: Vaporeon|28/356\n|move|p1a: Vaporeon|Toxic||[still]\n|-fail|p1a: Vaporeon\n|\n|-weather|RainDance|[upkeep]\n|-heal|p1a: Vaporeon|206/356|[from] move: Wish|[wisher] Vaporeon\n|-heal|p1a: Vaporeon|228/356|[from] item: Leftovers\n|-damage|p2a: Palkia|96/255 brn|[from] brn\n|upkeep\n|turn|10\n|\n|t:|1685150801\n|move|p2a: Palkia|Draco Meteor|p1a: Vaporeon\n|-damage|p1a: Vaporeon|174/356\n|-unboost|p2a: Palkia|spa|2\n|move|p1a: Vaporeon|Wish|p1a: Vaporeon\n|\n|-weather|none\n|-heal|p1a: Vaporeon|196/356|[from] item: Leftovers\n|-damage|p2a: Palkia|81/255 brn|[from] brn\n|upkeep\n|turn|11\n|\n|t:|1685150811\n|switch|p2a: Latios|Latios, L78, M|253/253\n|move|p1a: Vaporeon|Toxic|p2a: Latios\n|-status|p2a: Latios|tox\n|\n|-heal|p1a: Vaporeon|356/356|[from] move: Wish|[wisher] Vaporeon\n|-damage|p2a: Latios|238/253 tox|[from] psn\n|upkeep\n|turn|12\n|\n|t:|1685150821\n|move|p2a: Latios|Psyshock|p1a: Vaporeon\n|-damage|p1a: Vaporeon|211/356\n|move|p1a: Vaporeon|Scald|p2a: Latios\n|-resisted|p2a: Latios\n|-damage|p2a: Latios|197/253 tox\n|\n|-heal|p1a: Vaporeon|233/356|[from] item: Leftovers\n|-damage|p2a: Latios|167/253 tox|[from] psn\n|upkeep\n|turn|13\n|\n|t:|1685150830\n|move|p1a: Vaporeon|Protect|p1a: Vaporeon\n|-singleturn|p1a: Vaporeon|Protect\n|move|p2a: Latios|Psyshock|p1a: Vaporeon\n|-activate|p1a: Vaporeon|move: Protect\n|\n|-heal|p1a: Vaporeon|255/356|[from] item: Leftovers\n|-damage|p2a: Latios|122/253 tox|[from] psn\n|upkeep\n|turn|14\n|\n|t:|1685150839\n|move|p1a: Vaporeon|Protect|p1a: Vaporeon\n|-singleturn|p1a: Vaporeon|Protect\n|move|p2a: Latios|Calm Mind|p2a: Latios\n|-boost|p2a: Latios|spa|1\n|-boost|p2a: Latios|spd|1\n|\n|-heal|p1a: Vaporeon|277/356|[from] item: Leftovers\n|-damage|p2a: Latios|62/253 tox|[from] psn\n|upkeep\n|turn|15\n|\n|t:|1685150848\n|move|p2a: Latios|Psyshock|p1a: Vaporeon\n|-damage|p1a: Vaporeon|72/356\n|move|p1a: Vaporeon|Scald|p2a: Latios\n|-resisted|p2a: Latios\n|-damage|p2a: Latios|34/253 tox\n|\n|-heal|p1a: Vaporeon|94/356|[from] item: Leftovers\n|-damage|p2a: Latios|0 fnt|[from] psn\n|faint|p2a: Latios\n|upkeep\n|\n|t:|1685150855\n|switch|p2a: Weezing|Weezing-Galar, L86, M|252/252\n|-ability|p2a: Weezing|Neutralizing Gas\n|turn|16\n|\n|t:|1685150863\n|move|p1a: Vaporeon|Wish|p1a: Vaporeon\n|move|p2a: Weezing|Strange Steam|p1a: Vaporeon\n|-damage|p1a: Vaporeon|12/356\n|\n|-heal|p1a: Vaporeon|34/356|[from] item: Leftovers\n|upkeep\n|turn|17\n|\n|t:|1685150870\n|move|p1a: Vaporeon|Scald|p2a: Weezing\n|-damage|p2a: Weezing|150/252\n|-status|p2a: Weezing|brn\n|move|p2a: Weezing|Strange Steam|p1a: Vaporeon\n|-damage|p1a: Vaporeon|0 fnt\n|faint|p1a: Vaporeon\n|\n|-heal|p2a: Weezing|165/252 brn|[from] item: Black Sludge\n|-damage|p2a: Weezing|150/252 brn|[from] brn\n|upkeep\n|\n|t:|1685150882\n|switch|p1a: Zamazenta|Zamazenta, L73|255/255\n|turn|18\n|\n|t:|1685150889\n|move|p1a: Zamazenta|Close Combat|p2a: Weezing\n|-resisted|p2a: Weezing\n|-damage|p2a: Weezing|117/252 brn\n|-unboost|p1a: Zamazenta|def|1\n|-unboost|p1a: Zamazenta|spd|1\n|move|p2a: Weezing|Strange Steam|p1a: Zamazenta\n|-supereffective|p1a: Zamazenta\n|-damage|p1a: Zamazenta|0 fnt\n|faint|p1a: Zamazenta\n|\n|-heal|p2a: Weezing|132/252 brn|[from] item: Black Sludge\n|-damage|p2a: Weezing|117/252 brn|[from] brn\n|upkeep\n|\n|t:|1685150901\n|switch|p1a: Sharpedo|Sharpedo, L82, F|249/249\n|turn|19\n|\n|t:|1685150906\n|move|p1a: Sharpedo|Hydro Pump|p2a: Weezing\n|-damage|p2a: Weezing|0 fnt\n|faint|p2a: Weezing\n|-end|p2a: Weezing|ability: Neutralizing Gas\n|-damage|p1a: Sharpedo|225/249|[from] item: Life Orb\n|\n|-ability|p1a: Sharpedo|Speed Boost|boost\n|-boost|p1a: Sharpedo|spe|1\n|upkeep\n|\n|t:|1685150912\n|switch|p2a: Ninetales|Ninetales, L82, F|254/254\n|-weather|SunnyDay|[from] ability: Drought|[of] p2a: Ninetales\n|turn|20\n|\n|t:|1685150917\n|move|p1a: Sharpedo|Hydro Pump|p2a: Ninetales\n|-supereffective|p2a: Ninetales\n|-damage|p2a: Ninetales|134/254\n|-damage|p1a: Sharpedo|201/249|[from] item: Life Orb\n|move|p2a: Ninetales|Solar Beam||[still]\n|-prepare|p2a: Ninetales|Solar Beam\n|-anim|p2a: Ninetales|Solar Beam|p1a: Sharpedo\n|-supereffective|p1a: Sharpedo\n|-damage|p1a: Sharpedo|0 fnt\n|faint|p1a: Sharpedo\n|\n|win|rampagale12\n|l|\u2606jjlaro\n", "inputlog": ">version 61c68e60481ef09071210320730fc448fef50368\n>start {\"formatid\":\"gen8randombattle\",\"seed\":[28042,21003,52823,35508]}\n>player p1 {\"name\":\"jjlaro\",\"avatar\":\"hugh\",\"rating\":0,\"seed\":[47444,36710,34456,22235]}\n>player p2 {\"name\":\"rampagale12\",\"avatar\":\"101\",\"rating\":0,\"seed\":[13825,5070,62473,38888]}\n>p1 move grassknot\n>p2 move sludgewave\n>p1 move knockoff\n>p2 move sludgewave\n>p1 switch 2\n>p1 move sunsteelstrike\n>p2 move sludgewave\n>p2 switch 3\n>p1 move earthquake\n>p2 move fireblast dynamax\n>p1 move sunsteelstrike dynamax\n>p2 move fireblast dynamax\n>p1 switch 6\n>p1 move toxic\n>p2 move hydropump dynamax\n>p1 switch 4\n>p1 move scald\n>p2 move dracometeor\n>p1 move wish\n>p2 move dracometeor\n>p1 move toxic\n>p2 move fireblast\n>p1 move wish\n>p2 move dracometeor\n>p1 move toxic\n>p2 switch 6\n>p1 move scald\n>p2 move psyshock\n>p1 move protect\n>p2 move psyshock\n>p1 move protect\n>p2 move calmmind\n>p1 move scald\n>p2 move psyshock\n>p2 switch 4\n>p1 move wish\n>p2 move strangesteam\n>p1 move scald\n>p2 move strangesteam\n>p1 switch 3\n>p1 move closecombat\n>p2 move strangesteam\n>p1 switch 5\n>p1 move hydropump\n>p2 move strangesteam\n>p2 switch 2\n>p1 move hydropump\n>p2 move solarbeam", "uploadtime": 1685152237, "views": 6, "p1id": "jjlaro", "p2id": "rampagale12", "formatid": "gen8randombattle", "rating": 0, "private": 0, "password": ""}