{"id": "gen8randombattle-1872565566", "p1": "miseryx", "p2": "Sauelsuesor", "format": "[Gen 8] Random Battle", "log": "|j|\u2606miseryx\n|j|\u2606Sauelsuesor\n|t:|1685244698\n|gametype|singles\n|player|p1|miseryx|gamer-gen3|\n|player|p2|Sauelsuesor|lance-lgpe|\n|teamsize|p1|6\n|teamsize|p2|6\n|gen|8\n|tier|[Gen 8] Random Battle\n|rated|Tournament battle\n|rule|Species Clause: Limit one of each Pok\u00e9mon\n|rule|HP Percentage Mod: HP is shown in percentages\n|rule|Sleep Clause Mod: Limit one foe put to sleep\n|\n|t:|1685244698\n|start\n|switch|p1a: Cryogonal|Cryogonal, L86|278/278\n|switch|p2a: Ninetales|Ninetales, L82, F|254/254\n|-weather|SunnyDay|[from] ability: Drought|[of] p2a: Ninetales\n|turn|1\n|inactive|Battle timer is ON: inactive players will automatically lose when time's up. (requested by Sauelsuesor)\n|c|\u2606miseryx|this is a lead matchup and a half\n|c|\u2606Sauelsuesor|sorry\n|\n|t:|1685244720\n|switch|p1a: Suicune|Suicune, L80|291/291\n|-ability|p1a: Suicune|Pressure\n|move|p2a: Ninetales|Nasty Plot|p2a: Ninetales\n|-boost|p2a: Ninetales|spa|2\n|\n|-weather|SunnyDay|[upkeep]\n|upkeep\n|turn|2\n|j| Dodger01\n|\n|t:|1685244729\n|switch|p1a: Buzzwole|Buzzwole, L77|291/291\n|move|p2a: Ninetales|Solar Beam||[still]\n|-prepare|p2a: Ninetales|Solar Beam\n|-anim|p2a: Ninetales|Solar Beam|p1a: Buzzwole\n|-resisted|p1a: Buzzwole\n|-damage|p1a: Buzzwole|190/291\n|\n|-weather|SunnyDay|[upkeep]\n|upkeep\n|turn|3\n|\n|t:|1685244737\n|move|p1a: Buzzwole|Stone Edge|p2a: Ninetales|[miss]\n|-miss|p1a: Buzzwole|p2a: Ninetales\n|move|p2a: Ninetales|Scorching Sands|p1a: Buzzwole\n|-resisted|p1a: Buzzwole\n|-damage|p1a: Buzzwole|128/291\n|-status|p1a: Buzzwole|brn\n|\n|-weather|SunnyDay|[upkeep]\n|-damage|p1a: Buzzwole|110/291 brn|[from] brn\n|upkeep\n|turn|4\n|c|\u2606miseryx|brooooooooooooooooooooooooooooooooooooooooooooooooo\n|\n|t:|1685244744\n|move|p1a: Buzzwole|Stone Edge|p2a: Ninetales\n|-supereffective|p2a: Ninetales\n|-damage|p2a: Ninetales|166/254\n|move|p2a: Ninetales|Fire Blast|p1a: Buzzwole|[miss]\n|-miss|p2a: Ninetales|p1a: Buzzwole\n|\n|-weather|SunnyDay|[upkeep]\n|-damage|p1a: Buzzwole|92/291 brn|[from] brn\n|upkeep\n|turn|5\n|\n|t:|1685244750\n|move|p1a: Buzzwole|Stone Edge|p2a: Ninetales\n|-supereffective|p2a: Ninetales\n|-damage|p2a: Ninetales|73/254\n|move|p2a: Ninetales|Fire Blast|p1a: Buzzwole|[miss]\n|-miss|p2a: Ninetales|p1a: Buzzwole\n|\n|-weather|none\n|-damage|p1a: Buzzwole|74/291 brn|[from] brn\n|upkeep\n|turn|6\n|c|\u2606miseryx|maybe tho\n|\n|t:|1685244757\n|move|p1a: Buzzwole|Stone Edge|p2a: Ninetales\n|-supereffective|p2a: Ninetales\n|-damage|p2a: Ninetales|0 fnt\n|faint|p2a: Ninetales\n|-ability|p1a: Buzzwole|Beast Boost|boost\n|-boost|p1a: Buzzwole|atk|1\n|\n|-damage|p1a: Buzzwole|56/291 brn|[from] brn\n|upkeep\n|c|\u2606Sauelsuesor|death by pebble tickle\n|c|\u2606miseryx|yay I lost my scarfer lol\n|\n|t:|1685244780\n|switch|p2a: Manectric|Manectric, L86, M|261/261\n|turn|7\n|\n|t:|1685244789\n|move|p2a: Manectric|Volt Switch|p1a: Buzzwole\n|-damage|p1a: Buzzwole|0 fnt\n|faint|p1a: Buzzwole\n|inactive|Sauelsuesor has 120 seconds left.\n|\n|t:|1685244834\n|switch|p2a: Ribombee|Ribombee, L82, F|233/233|[from] Volt Switch\n|\n|upkeep\n|\n|t:|1685244852\n|switch|p1a: Torkoal|Torkoal, L86, M|261/261\n|-weather|SunnyDay|[from] ability: Drought|[of] p1a: Torkoal\n|turn|8\n|\n|t:|1685244856\n|move|p2a: Ribombee|Sticky Web|p1a: Torkoal\n|-sidestart|p1: miseryx|move: Sticky Web\n|move|p1a: Torkoal|Stealth Rock|p2a: Ribombee\n|-sidestart|p2: Sauelsuesor|move: Stealth Rock\n|\n|-weather|SunnyDay|[upkeep]\n|upkeep\n|turn|9\n|\n|t:|1685244860\n|move|p2a: Ribombee|Stun Spore|p1a: Torkoal\n|-status|p1a: Torkoal|par\n|move|p1a: Torkoal|Lava Plume|p2a: Ribombee\n|-supereffective|p2a: Ribombee\n|-damage|p2a: Ribombee|0 fnt\n|faint|p2a: Ribombee\n|\n|-weather|SunnyDay|[upkeep]\n|upkeep\n|\n|t:|1685244868\n|switch|p2a: Keldeo|Keldeo-Resolute, L79|273/273\n|-damage|p2a: Keldeo|256/273|[from] Stealth Rock\n|turn|10\n|\n|t:|1685244872\n|move|p2a: Keldeo|Calm Mind|p2a: Keldeo\n|-boost|p2a: Keldeo|spa|1\n|-boost|p2a: Keldeo|spd|1\n|move|p1a: Torkoal|Solar Beam||[still]\n|-prepare|p1a: Torkoal|Solar Beam\n|-anim|p1a: Torkoal|Solar Beam|p2a: Keldeo\n|-supereffective|p2a: Keldeo\n|-damage|p2a: Keldeo|136/273\n|\n|-weather|SunnyDay|[upkeep]\n|upkeep\n|turn|11\n|\n|t:|1685244881\n|move|p2a: Keldeo|Scald|p1a: Torkoal\n|-supereffective|p1a: Torkoal\n|-crit|p1a: Torkoal\n|-damage|p1a: Torkoal|0 fnt\n|faint|p1a: Torkoal\n|-damage|p2a: Keldeo|109/273|[from] item: Life Orb\n|\n|-weather|SunnyDay|[upkeep]\n|upkeep\n|\n|t:|1685244885\n|switch|p1a: Cryogonal|Cryogonal, L86|278/278\n|turn|12\n|\n|t:|1685244906\n|move|p1a: Cryogonal|Rapid Spin|p2a: Keldeo\n|-damage|p2a: Keldeo|83/273\n|-boost|p1a: Cryogonal|spe|1\n|-sideend|p1: miseryx|Sticky Web|[from] move: Rapid Spin|[of] p1a: Cryogonal\n|move|p2a: Keldeo|Secret Sword|p1a: Cryogonal\n|-supereffective|p1a: Cryogonal\n|-damage|p1a: Cryogonal|0 fnt\n|faint|p1a: Cryogonal\n|-damage|p2a: Keldeo|56/273|[from] item: Life Orb\n|\n|-weather|none\n|upkeep\n|\n|t:|1685244916\n|switch|p1a: Krookodile|Krookodile, L78, M|276/276\n|turn|13\n|\n|t:|1685244926\n|move|p1a: Krookodile|Earthquake|p2a: Keldeo\n|-damage|p2a: Keldeo|0 fnt\n|faint|p2a: Keldeo\n|-ability|p1a: Krookodile|Moxie|boost\n|-boost|p1a: Krookodile|atk|1\n|\n|upkeep\n|\n|t:|1685244932\n|switch|p2a: Wailord|Wailord, L90, M|452/452\n|-damage|p2a: Wailord|396/452|[from] Stealth Rock\n|turn|14\n|\n|t:|1685244945\n|-start|p1a: Krookodile|Dynamax|\n|-heal|p1a: Krookodile|552/552|[silent]\n|move|p1a: Krookodile|Max Knuckle|p2a: Wailord\n|-damage|p2a: Wailord|255/452\n|-boost|p1a: Krookodile|atk|1\n|move|p2a: Wailord|Hydro Pump|p1a: Krookodile\n|-supereffective|p1a: Krookodile\n|-damage|p1a: Krookodile|40/552\n|\n|upkeep\n|turn|15\n|\n|t:|1685244957\n|move|p1a: Krookodile|Max Quake|p2a: Wailord\n|-damage|p2a: Wailord|0 fnt\n|-boost|p1a: Krookodile|spd|1\n|faint|p2a: Wailord\n|-ability|p1a: Krookodile|Moxie|boost\n|-boost|p1a: Krookodile|atk|1\n|\n|upkeep\n|c|\u2606miseryx|uh oh\n|\n|t:|1685244985\n|switch|p2a: Manectric|Manectric, L86, M|261/261\n|-damage|p2a: Manectric|229/261|[from] Stealth Rock\n|turn|16\n|\n|t:|1685244994\n|-end|p1a: Krookodile|Dynamax\n|-heal|p1a: Krookodile|20/276|[silent]\n|switch|p1a: Gyarados|Gyarados, L76, F|269/269\n|-start|p2a: Manectric|Dynamax|\n|-heal|p2a: Manectric|458/522|[silent]\n|move|p2a: Manectric|Max Flare|p1a: Gyarados\n|-resisted|p1a: Gyarados\n|-damage|p1a: Gyarados|218/269\n|-weather|SunnyDay\n|\n|-weather|SunnyDay|[upkeep]\n|upkeep\n|turn|17\n|\n|t:|1685245006\n|switch|p1a: Krookodile|Krookodile, L78, M|20/276\n|move|p2a: Manectric|Max Lightning|p1a: Krookodile\n|-immune|p1a: Krookodile\n|\n|-weather|SunnyDay|[upkeep]\n|upkeep\n|turn|18\n|\n|t:|1685245011\n|move|p1a: Krookodile|Earthquake|p2a: Manectric\n|-supereffective|p2a: Manectric\n|-damage|p2a: Manectric|164/522\n|move|p2a: Manectric|Max Flare|p1a: Krookodile\n|-damage|p1a: Krookodile|0 fnt\n|faint|p1a: Krookodile\n|\n|-weather|SunnyDay|[upkeep]\n|upkeep\n|\n|t:|1685245018\n|switch|p1a: Suicune|Suicune, L80|291/291\n|-ability|p1a: Suicune|Pressure\n|-end|p2a: Manectric|Dynamax\n|-heal|p2a: Manectric|82/261|[silent]\n|turn|19\n|\n|t:|1685245026\n|move|p2a: Manectric|Thunderbolt|p1a: Suicune\n|-supereffective|p1a: Suicune\n|-damage|p1a: Suicune|111/291\n|move|p1a: Suicune|Calm Mind|p1a: Suicune\n|-boost|p1a: Suicune|spa|1\n|-boost|p1a: Suicune|spd|1\n|\n|-weather|SunnyDay|[upkeep]\n|-heal|p1a: Suicune|129/291|[from] item: Leftovers\n|upkeep\n|turn|20\n|c|\u2606Sauelsuesor|thats unfortunate\n|\n|t:|1685245038\n|move|p2a: Manectric|Thunderbolt|p1a: Suicune\n|-supereffective|p1a: Suicune\n|-damage|p1a: Suicune|7/291\n|move|p1a: Suicune|Rest|p1a: Suicune\n|-status|p1a: Suicune|slp|[from] move: Rest\n|-heal|p1a: Suicune|291/291 slp|[silent]\n|\n|-weather|none\n|upkeep\n|turn|21\n|\n|t:|1685245042\n|move|p2a: Manectric|Thunderbolt|p1a: Suicune\n|-supereffective|p1a: Suicune\n|-damage|p1a: Suicune|159/291 slp\n|cant|p1a: Suicune|slp\n|move|p1a: Suicune|Sleep Talk|p1a: Suicune\n|move|p1a: Suicune|Scald|p2a: Manectric|[from]move: Sleep Talk\n|-damage|p2a: Manectric|0 fnt\n|faint|p2a: Manectric\n|\n|-heal|p1a: Suicune|177/291 slp|[from] item: Leftovers\n|upkeep\n|\n|t:|1685245044\n|switch|p2a: Talonflame|Talonflame, L81, F|259/259\n|turn|22\n|\n|t:|1685245054\n|move|p2a: Talonflame|Swords Dance|p2a: Talonflame\n|-boost|p2a: Talonflame|atk|2\n|cant|p1a: Suicune|slp\n|move|p1a: Suicune|Sleep Talk|p1a: Suicune\n|move|p1a: Suicune|Rest||[from]move: Sleep Talk|[still]\n|-fail|p1a: Suicune\n|\n|-heal|p1a: Suicune|195/291 slp|[from] item: Leftovers\n|upkeep\n|turn|23\n|\n|t:|1685245068\n|move|p2a: Talonflame|Brave Bird|p1a: Suicune\n|-damage|p1a: Suicune|8/291 slp\n|-damage|p2a: Talonflame|197/259|[from] Recoil\n|-curestatus|p1a: Suicune|slp|[msg]\n|move|p1a: Suicune|Scald|p2a: Talonflame\n|-supereffective|p2a: Talonflame\n|-damage|p2a: Talonflame|0 fnt\n|faint|p2a: Talonflame\n|\n|win|miseryx\n|n|\u2606miseryx|miseryx\n|n|\u2606Sauelsuesor|sauelsuesor\n|n| Dodger01|dodger01\n|l|\u2606Sauelsuesor\n|c|\u2606miseryx|gg\n|l|\u2606miseryx\n", "inputlog": ">version d74822bbc74c095aa312053f7034baee3068d99e\n>start {\"formatid\":\"gen8randombattle\",\"seed\":[50056,64572,64801,56356],\"rated\":\"Tournament battle\"}\n>player p1 {\"name\":\"miseryx\",\"avatar\":\"gamer-gen3\",\"rating\":0,\"seed\":[7474,458,25461,55225]}\n>player p2 {\"name\":\"Sauelsuesor\",\"avatar\":\"lance-lgpe\",\"rating\":0,\"seed\":[35410,60530,9673,62176]}\n>chat \u2606miseryx|this is a lead matchup and a half\n>chat \u2606Sauelsuesor|sorry\n>p1 switch 4\n>p2 move nastyplot\n>p1 switch 5\n>p2 move solarbeam\n>p1 move stoneedge\n>p2 move scorchingsands\n>chat \u2606miseryx|brooooooooooooooooooooooooooooooooooooooooooooooooo\n>p1 move stoneedge\n>p2 move fireblast\n>p1 move stoneedge\n>p2 move fireblast\n>chat \u2606miseryx|maybe tho\n>p1 move stoneedge\n>p2 move scorchingsands\n>chat \u2606Sauelsuesor|death by pebble tickle\n>chat \u2606miseryx|yay I lost my scarfer lol\n>p2 switch 2\n>p1 move stoneedge\n>p2 move voltswitch\n>p2 switch 4\n>p1 switch 2\n>p1 move stealthrock\n>p2 move stickyweb\n>p1 move lavaplume\n>p2 move stunspore\n>p2 switch 5\n>p1 move solarbeam\n>p2 move calmmind\n>p1 move earthquake\n>p2 move scald\n>p1 switch 4\n>p1 move rapidspin\n>p2 move secretsword\n>p1 switch 6\n>p1 move earthquake\n>p2 move secretsword\n>p2 switch 6\n>p1 move closecombat dynamax\n>p2 move hydropump\n>p1 move earthquake dynamax\n>p2 move hydropump\n>chat \u2606miseryx|uh oh \n>p2 switch 4\n>p1 switch 3\n>p2 move flamethrower dynamax\n>p1 switch 3\n>p2 move thunderbolt dynamax\n>p1 move earthquake\n>p2 move flamethrower dynamax\n>p1 switch 5\n>p1 move calmmind\n>p2 move thunderbolt\n>chat \u2606Sauelsuesor|thats unfortunate\n>p1 move rest\n>p2 move thunderbolt\n>p1 move sleeptalk\n>p2 move thunderbolt\n>p2 switch 3\n>p1 move sleeptalk\n>p2 move swordsdance\n>p1 move scald\n>p2 move bravebird", "uploadtime": 1685245078, "views": 3, "p1id": "miseryx", "p2id": "sauelsuesor", "formatid": "gen8randombattle", "rating": 0, "private": 0, "password": ""}