{"id": "gen8randombattle-1865547135", "p1": "KuroMegaCharletX", "p2": "Iamsleep", "format": "[Gen 8] Random Battle", "log": "|j|\u2606KuroMegaCharletX\n|j|\u2606Iamsleep\n|t:|1684306580\n|gametype|singles\n|player|p1|KuroMegaCharletX|red|\n|player|p2|Iamsleep|caitlin|\n|teamsize|p1|6\n|teamsize|p2|6\n|gen|8\n|tier|[Gen 8] Random Battle\n|rule|Species Clause: Limit one of each Pok\u00e9mon\n|rule|HP Percentage Mod: HP is shown in percentages\n|rule|Sleep Clause Mod: Limit one foe put to sleep\n|\n|t:|1684306580\n|start\n|switch|p1a: Dunsparce|Dunsparce, L90, M|326/326\n|switch|p2a: Glalie|Glalie, L80, F|259/259\n|turn|1\n|c|\u2606Iamsleep|gl hf buddy\n|\n|t:|1684306609\n|switch|p1a: Aerodactyl|Aerodactyl, L82, M|265/265\n|-ability|p1a: Aerodactyl|Unnerve\n|move|p2a: Glalie|Substitute|p2a: Glalie\n|-start|p2a: Glalie|Substitute\n|-damage|p2a: Glalie|195/259\n|\n|-heal|p2a: Glalie|211/259|[from] item: Leftovers\n|-ability|p2a: Glalie|Moody|boost\n|-boost|p2a: Glalie|def|2\n|-unboost|p2a: Glalie|spd|1\n|upkeep\n|turn|2\n|\n|t:|1684306621\n|move|p2a: Glalie|Protect|p2a: Glalie\n|-singleturn|p2a: Glalie|Protect\n|move|p1a: Aerodactyl|Hone Claws|p1a: Aerodactyl\n|-boost|p1a: Aerodactyl|atk|1\n|-boost|p1a: Aerodactyl|accuracy|1\n|\n|-heal|p2a: Glalie|227/259|[from] item: Leftovers\n|-ability|p2a: Glalie|Moody|boost\n|-boost|p2a: Glalie|spa|2\n|-unboost|p2a: Glalie|spe|1\n|upkeep\n|turn|3\n|\n|t:|1684306632\n|move|p1a: Aerodactyl|Hone Claws|p1a: Aerodactyl\n|-boost|p1a: Aerodactyl|atk|1\n|-boost|p1a: Aerodactyl|accuracy|1\n|move|p2a: Glalie|Freeze-Dry|p1a: Aerodactyl\n|-supereffective|p1a: Aerodactyl\n|-damage|p1a: Aerodactyl|1/265\n|\n|-heal|p2a: Glalie|243/259|[from] item: Leftovers\n|-ability|p2a: Glalie|Moody|boost\n|-boost|p2a: Glalie|spd|2\n|-unboost|p2a: Glalie|spa|1\n|upkeep\n|turn|4\n|\n|t:|1684306644\n|move|p2a: Glalie|Protect|p2a: Glalie\n|-singleturn|p2a: Glalie|Protect\n|move|p1a: Aerodactyl|Dual Wingbeat|p2a: Glalie\n|-activate|p2a: Glalie|move: Protect\n|\n|-heal|p2a: Glalie|259/259|[from] item: Leftovers\n|-ability|p2a: Glalie|Moody|boost\n|-boost|p2a: Glalie|spa|2\n|-unboost|p2a: Glalie|spd|1\n|upkeep\n|turn|5\n|\n|t:|1684306659\n|move|p1a: Aerodactyl|Dual Wingbeat|p2a: Glalie\n|-activate|p2a: Glalie|move: Substitute|[damage]\n|-end|p2a: Glalie|Substitute\n|-hitcount|p2a: Glalie|2\n|move|p2a: Glalie|Freeze-Dry|p1a: Aerodactyl\n|-supereffective|p1a: Aerodactyl\n|-damage|p1a: Aerodactyl|0 fnt\n|faint|p1a: Aerodactyl\n|\n|-ability|p2a: Glalie|Moody|boost\n|-boost|p2a: Glalie|spa|2\n|-unboost|p2a: Glalie|atk|1\n|upkeep\n|\n|t:|1684306680\n|switch|p1a: Sharpedo|Sharpedo, L82, F|249/249\n|turn|6\n|\n|t:|1684306688\n|move|p2a: Glalie|Protect|p2a: Glalie\n|-singleturn|p2a: Glalie|Protect\n|move|p1a: Sharpedo|Close Combat|p2a: Glalie\n|-activate|p2a: Glalie|move: Protect\n|\n|-ability|p1a: Sharpedo|Speed Boost|boost\n|-boost|p1a: Sharpedo|spe|1\n|-ability|p2a: Glalie|Moody|boost\n|-boost|p2a: Glalie|spe|2\n|-unboost|p2a: Glalie|def|1\n|upkeep\n|turn|7\n|\n|t:|1684306697\n|move|p1a: Sharpedo|Close Combat|p2a: Glalie\n|-supereffective|p2a: Glalie\n|-damage|p2a: Glalie|77/259\n|-unboost|p1a: Sharpedo|def|1\n|-unboost|p1a: Sharpedo|spd|1\n|-damage|p1a: Sharpedo|225/249|[from] item: Life Orb\n|move|p2a: Glalie|Freeze-Dry|p1a: Sharpedo\n|-supereffective|p1a: Sharpedo\n|-damage|p1a: Sharpedo|0 fnt\n|faint|p1a: Sharpedo\n|\n|-heal|p2a: Glalie|93/259|[from] item: Leftovers\n|-ability|p2a: Glalie|Moody|boost\n|-boost|p2a: Glalie|spa|1\n|-unboost|p2a: Glalie|spe|1\n|upkeep\n|\n|t:|1684306726\n|switch|p1a: Dunsparce|Dunsparce, L90, M|326/326\n|turn|8\n|\n|t:|1684306741\n|move|p2a: Glalie|Substitute|p2a: Glalie\n|-start|p2a: Glalie|Substitute\n|-damage|p2a: Glalie|29/259\n|move|p1a: Dunsparce|Earthquake|p2a: Glalie\n|-activate|p2a: Glalie|move: Substitute|[damage]\n|\n|-heal|p2a: Glalie|45/259|[from] item: Leftovers\n|-ability|p2a: Glalie|Moody|boost\n|-boost|p2a: Glalie|spd|2\n|-unboost|p2a: Glalie|def|1\n|upkeep\n|turn|9\n|\n|t:|1684306748\n|move|p2a: Glalie|Protect|p2a: Glalie\n|-singleturn|p2a: Glalie|Protect\n|move|p1a: Dunsparce|Body Slam|p2a: Glalie\n|-activate|p2a: Glalie|move: Protect\n|\n|-heal|p2a: Glalie|61/259|[from] item: Leftovers\n|-ability|p2a: Glalie|Moody|boost\n|-boost|p2a: Glalie|spe|2\n|-unboost|p2a: Glalie|atk|1\n|upkeep\n|turn|10\n|\n|t:|1684306759\n|move|p2a: Glalie|Freeze-Dry|p1a: Dunsparce\n|-damage|p1a: Dunsparce|37/326\n|move|p1a: Dunsparce|Body Slam|p2a: Glalie\n|-end|p2a: Glalie|Substitute\n|\n|-heal|p2a: Glalie|77/259|[from] item: Leftovers\n|-heal|p1a: Dunsparce|57/326|[from] item: Leftovers\n|-ability|p2a: Glalie|Moody|boost\n|-boost|p2a: Glalie|atk|2\n|-unboost|p2a: Glalie|spa|1\n|upkeep\n|turn|11\n|\n|t:|1684306769\n|move|p2a: Glalie|Substitute|p2a: Glalie\n|-start|p2a: Glalie|Substitute\n|-damage|p2a: Glalie|13/259\n|move|p1a: Dunsparce|Roost|p1a: Dunsparce\n|-heal|p1a: Dunsparce|220/326\n|-singleturn|p1a: Dunsparce|move: Roost\n|\n|-heal|p2a: Glalie|29/259|[from] item: Leftovers\n|-heal|p1a: Dunsparce|240/326|[from] item: Leftovers\n|-ability|p2a: Glalie|Moody|boost\n|-boost|p2a: Glalie|spd|2\n|-unboost|p2a: Glalie|atk|1\n|upkeep\n|turn|12\n|\n|t:|1684306779\n|move|p2a: Glalie|Freeze-Dry|p1a: Dunsparce\n|-damage|p1a: Dunsparce|0 fnt\n|faint|p1a: Dunsparce\n|\n|-heal|p2a: Glalie|45/259|[from] item: Leftovers\n|-ability|p2a: Glalie|Moody|boost\n|-boost|p2a: Glalie|atk|2\n|-unboost|p2a: Glalie|spe|1\n|upkeep\n|\n|t:|1684306789\n|switch|p1a: Thundurus|Thundurus-Therian, L80, M|258/258\n|turn|13\n|c|\u2606Iamsleep|And this, is why moody is banned in regular metagames\n|\n|t:|1684306797\n|move|p1a: Thundurus|Grass Knot|p2a: Glalie\n|-activate|p2a: Glalie|move: Substitute|[damage]\n|move|p2a: Glalie|Freeze-Dry|p1a: Thundurus\n|-supereffective|p1a: Thundurus\n|-damage|p1a: Thundurus|0 fnt\n|faint|p1a: Thundurus\n|\n|-heal|p2a: Glalie|61/259|[from] item: Leftovers\n|-ability|p2a: Glalie|Moody|boost\n|-boost|p2a: Glalie|def|2\n|-unboost|p2a: Glalie|atk|1\n|upkeep\n|\n|t:|1684306800\n|switch|p1a: Comfey|Comfey, L86, F|228/228\n|turn|14\n|\n|t:|1684306810\n|move|p2a: Glalie|Freeze-Dry|p1a: Comfey\n|-crit|p1a: Comfey\n|-damage|p1a: Comfey|0 fnt\n|faint|p1a: Comfey\n|\n|-heal|p2a: Glalie|77/259|[from] item: Leftovers\n|-ability|p2a: Glalie|Moody|boost\n|-boost|p2a: Glalie|spe|2\n|-unboost|p2a: Glalie|spd|1\n|upkeep\n|\n|t:|1684306813\n|switch|p1a: Latias|Latias, L80, F|259/259\n|turn|15\n|\n|t:|1684306816\n|move|p2a: Glalie|Freeze-Dry|p1a: Latias\n|-supereffective|p1a: Latias\n|-damage|p1a: Latias|0 fnt\n|faint|p1a: Latias\n|\n|win|Iamsleep\n|c|\u2606Iamsleep|gg\n|l|\u2606KuroMegaCharletX\n", "inputlog": ">version 3f967b429d9dd76d8eb692efdd7dfe9038092d20\n>start {\"formatid\":\"gen8randombattle\",\"seed\":[45847,36899,39637,44106]}\n>player p1 {\"name\":\"KuroMegaCharletX\",\"avatar\":\"red\",\"rating\":0,\"seed\":[41531,13981,52590,23003]}\n>player p2 {\"name\":\"Iamsleep\",\"avatar\":\"caitlin\",\"rating\":0,\"seed\":[13869,14449,51375,40843]}\n>chat \u2606Iamsleep|gl hf buddy\n>p1 switch 3\n>p2 move substitute\n>p1 move honeclaws\n>p2 move protect\n>p1 move honeclaws\n>p2 move freezedry\n>p1 move dualwingbeat\n>p2 move protect\n>p1 move dualwingbeat\n>p2 move freezedry\n>p1 switch 2\n>p1 move closecombat\n>p2 move protect\n>p1 move closecombat\n>p2 move freezedry\n>p1 switch 3\n>p1 move earthquake\n>p2 move substitute\n>p1 move bodyslam\n>p2 move protect\n>p1 move bodyslam\n>p2 move freezedry\n>p1 move roost\n>p2 move substitute\n>p1 move roost\n>p2 move freezedry\n>p1 switch 5\n>chat \u2606Iamsleep|And this, is why moody is banned in regular metagames\n>p1 move grassknot\n>p2 move freezedry\n>p1 switch 4\n>p1 move calmmind\n>p2 move freezedry\n>p1 switch 6\n>p1 move dracometeor\n>p2 move freezedry", "uploadtime": 1684306824, "views": 4, "p1id": "kuromegacharletx", "p2id": "iamsleep", "formatid": "gen8randombattle", "rating": 0, "private": 0, "password": ""}