{"id": "gen8randombattle-1871835659", "p1": "XYZ15", "p2": "Lord Rekkuza", "format": "[Gen 8] Random Battle", "log": "|j|\u2606XYZ15\n|j|\u2606Lord Rekkuza\n|t:|1685135793\n|gametype|singles\n|player|p1|XYZ15|rei|\n|player|p2|Lord Rekkuza|lance-masters|\n|teamsize|p1|6\n|teamsize|p2|6\n|gen|8\n|tier|[Gen 8] Random Battle\n|rule|Species Clause: Limit one of each Pok\u00e9mon\n|rule|HP Percentage Mod: HP is shown in percentages\n|rule|Sleep Clause Mod: Limit one foe put to sleep\n|\n|t:|1685135793\n|start\n|switch|p1a: Tornadus|Tornadus, L80, M|258/258\n|switch|p2a: Morpeko|Morpeko, L86, F|240/240\n|turn|1\n|inactive|Battle timer is ON: inactive players will automatically lose when time's up. (requested by Lord Rekkuza)\n|inactive|Lord Rekkuza has 270 seconds left.\n|\n|t:|1685135837\n|switch|p1a: Stakataka|Stakataka, L80|229/229\n|move|p2a: Morpeko|Parting Shot|p1a: Stakataka\n|-unboost|p1a: Stakataka|atk|1\n|-unboost|p1a: Stakataka|spa|1\n|inactive|Lord Rekkuza has 270 seconds left.\n|\n|t:|1685135885\n|switch|p2a: Palossand|Palossand, L86, F|286/286|[from] Parting Shot\n|\n|upkeep\n|turn|2\n|inactive|XYZ15 has 270 seconds left.\n|\n|t:|1685135923\n|switch|p1a: Araquanid|Araquanid, L80, M|240/240\n|move|p2a: Palossand|Toxic|p1a: Araquanid\n|-status|p1a: Araquanid|tox\n|\n|-damage|p1a: Araquanid|225/240 tox|[from] psn\n|upkeep\n|turn|3\n|inactive|Lord Rekkuza has 240 seconds left.\n|\n|t:|1685135967\n|switch|p2a: Torkoal|Torkoal, L86, F|261/261\n|-weather|SunnyDay|[from] ability: Drought|[of] p2a: Torkoal\n|move|p1a: Araquanid|Toxic|p2a: Torkoal\n|-status|p2a: Torkoal|tox\n|\n|-weather|SunnyDay|[upkeep]\n|-damage|p1a: Araquanid|195/240 tox|[from] psn\n|-damage|p2a: Torkoal|245/261 tox|[from] psn\n|upkeep\n|turn|4\n|inactive|XYZ15 has 270 seconds left.\n|\n|t:|1685135995\n|move|p2a: Torkoal|Lava Plume|p1a: Araquanid\n|-damage|p1a: Araquanid|146/240 tox\n|move|p1a: Araquanid|Mirror Coat|p2a: Torkoal\n|-damage|p2a: Torkoal|147/261 tox\n|\n|-weather|SunnyDay|[upkeep]\n|-damage|p1a: Araquanid|101/240 tox|[from] psn\n|-damage|p2a: Torkoal|115/261 tox|[from] psn\n|upkeep\n|turn|5\n|\n|t:|1685136003\n|switch|p1a: Tornadus|Tornadus, L80, M|258/258\n|move|p2a: Torkoal|Earthquake|p1a: Tornadus\n|-immune|p1a: Tornadus\n|\n|-weather|SunnyDay|[upkeep]\n|-damage|p2a: Torkoal|67/261 tox|[from] psn\n|upkeep\n|turn|6\n|inactive|XYZ15 has 270 seconds left.\n|\n|t:|1685136010\n|switch|p2a: Slowking|Slowking, L86, F|304/304\n|move|p1a: Tornadus|Heat Wave|p2a: Slowking\n|-resisted|p2a: Slowking\n|-damage|p2a: Slowking|254/304\n|\n|-weather|SunnyDay|[upkeep]\n|-heal|p2a: Slowking|273/304|[from] item: Leftovers\n|upkeep\n|turn|7\n|inactive|Lord Rekkuza has 240 seconds left.\n|\n|t:|1685136024\n|move|p1a: Tornadus|Nasty Plot|p1a: Tornadus\n|-boost|p1a: Tornadus|spa|2\n|move|p2a: Slowking|Psyshock|p1a: Tornadus\n|-damage|p1a: Tornadus|141/258\n|\n|-weather|none\n|-heal|p2a: Slowking|292/304|[from] item: Leftovers\n|upkeep\n|turn|8\n|inactive|Lord Rekkuza has 240 seconds left.\n|inactive|Lord Rekkuza has 210 seconds left.\n|\n|t:|1685136086\n|move|p1a: Tornadus|Grass Knot|p2a: Slowking\n|-supereffective|p2a: Slowking\n|-damage|p2a: Slowking|90/304\n|move|p2a: Slowking|Scald|p1a: Tornadus\n|-damage|p1a: Tornadus|44/258\n|-status|p1a: Tornadus|brn\n|\n|-heal|p2a: Slowking|109/304|[from] item: Leftovers\n|-damage|p1a: Tornadus|28/258 brn|[from] brn\n|upkeep\n|turn|9\n|\n|t:|1685136104\n|switch|p2a: Torkoal|Torkoal, L86, F|67/261 tox\n|-weather|SunnyDay|[from] ability: Drought|[of] p2a: Torkoal\n|move|p1a: Tornadus|Grass Knot|p2a: Torkoal\n|-resisted|p2a: Torkoal\n|-damage|p2a: Torkoal|0 fnt\n|faint|p2a: Torkoal\n|\n|-weather|SunnyDay|[upkeep]\n|-damage|p1a: Tornadus|12/258 brn|[from] brn\n|upkeep\n|inactive|Lord Rekkuza has 180 seconds left.\n|\n|t:|1685136121\n|switch|p2a: Meowstic|Meowstic-F, L86, F|268/268\n|turn|10\n|inactive|Lord Rekkuza has 180 seconds left.\n|inactive|XYZ15 has 270 seconds left.\n|\n|t:|1685136148\n|switch|p1a: Stakataka|Stakataka, L80|229/229\n|move|p2a: Meowstic|Shadow Ball|p1a: Stakataka\n|-damage|p1a: Stakataka|158/229\n|-damage|p2a: Meowstic|242/268|[from] item: Life Orb\n|\n|-weather|SunnyDay|[upkeep]\n|upkeep\n|turn|11\n|\n|t:|1685136157\n|switch|p2a: Palossand|Palossand, L86, F|286/286\n|move|p1a: Stakataka|Gyro Ball|p2a: Palossand\n|-damage|p2a: Palossand|124/286\n|\n|-weather|SunnyDay|[upkeep]\n|-heal|p2a: Palossand|141/286|[from] item: Leftovers\n|upkeep\n|turn|12\n|\n|t:|1685136163\n|switch|p1a: Articuno|Articuno, L84|288/288\n|-ability|p1a: Articuno|Pressure\n|move|p2a: Palossand|Earth Power|p1a: Articuno\n|-immune|p1a: Articuno\n|\n|-weather|SunnyDay|[upkeep]\n|-heal|p2a: Palossand|158/286|[from] item: Leftovers\n|upkeep\n|turn|13\n|inactive|Lord Rekkuza has 180 seconds left.\n|\n|t:|1685136191\n|switch|p2a: Morpeko|Morpeko, L86, F|240/240\n|move|p1a: Articuno|Freeze-Dry|p2a: Morpeko\n|-damage|p2a: Morpeko|140/240\n|\n|-weather|none\n|-formechange|p2a: Morpeko|Morpeko-Hangry||[from] ability: Hunger Switch\n|upkeep\n|turn|14\n|inactive|Lord Rekkuza has 180 seconds left.\n|\n|t:|1685136207\n|switch|p1a: Rotom|Rotom-Mow, L86|226/226\n|move|p2a: Morpeko|Aura Wheel|p1a: Rotom\n|-damage|p1a: Rotom|73/226\n|-boost|p2a: Morpeko|spe|1\n|\n|-heal|p1a: Rotom|87/226|[from] item: Leftovers\n|-formechange|p2a: Morpeko|Morpeko||[from] ability: Hunger Switch\n|upkeep\n|turn|15\n|inactive|Lord Rekkuza has 180 seconds left.\n|inactive|Lord Rekkuza has 150 seconds left.\n|\n|t:|1685136254\n|switch|p2a: Slowking|Slowking, L86, F|210/304\n|move|p1a: Rotom|Leaf Storm|p2a: Slowking|[miss]\n|-miss|p1a: Rotom|p2a: Slowking\n|\n|-heal|p1a: Rotom|101/226|[from] item: Leftovers\n|-heal|p2a: Slowking|229/304|[from] item: Leftovers\n|upkeep\n|turn|16\n|\n|t:|1685136263\n|move|p1a: Rotom|Thunderbolt|p2a: Slowking\n|-supereffective|p2a: Slowking\n|-damage|p2a: Slowking|43/304\n|move|p2a: Slowking|Psyshock|p1a: Rotom\n|-crit|p1a: Rotom\n|-damage|p1a: Rotom|0 fnt\n|faint|p1a: Rotom\n|\n|-heal|p2a: Slowking|62/304|[from] item: Leftovers\n|upkeep\n|\n|t:|1685136268\n|switch|p1a: Heracross|Heracross, L82, M|265/265\n|turn|17\n|inactive|Lord Rekkuza has 150 seconds left.\n|\n|t:|1685136297\n|move|p1a: Heracross|Knock Off|p2a: Slowking\n|-supereffective|p2a: Slowking\n|-damage|p2a: Slowking|0 fnt\n|-enditem|p2a: Slowking|Leftovers|[from] move: Knock Off|[of] p1a: Heracross\n|faint|p2a: Slowking\n|\n|-status|p1a: Heracross|brn|[from] item: Flame Orb\n|upkeep\n|inactive|Lord Rekkuza has 120 seconds left.\n|inactive|Lord Rekkuza has 90 seconds left.\n|\n|t:|1685136366\n|switch|p2a: Meowstic|Meowstic-F, L86, F|242/268\n|turn|18\n|\n|t:|1685136386\n|switch|p1a: Stakataka|Stakataka, L80|158/229\n|-start|p2a: Meowstic|Dynamax|\n|-heal|p2a: Meowstic|484/536|[silent]\n|move|p2a: Meowstic|Max Mindstorm|p1a: Stakataka\n|-resisted|p1a: Stakataka\n|-damage|p1a: Stakataka|84/229\n|-fieldstart|move: Psychic Terrain\n|-damage|p2a: Meowstic|458/536|[from] item: Life Orb\n|\n|upkeep\n|turn|19\n|\n|t:|1685136397\n|move|p2a: Meowstic|Max Phantasm|p1a: Stakataka\n|-damage|p1a: Stakataka|0 fnt\n|faint|p1a: Stakataka\n|-damage|p2a: Meowstic|432/536|[from] item: Life Orb\n|\n|upkeep\n|\n|t:|1685136407\n|switch|p1a: Articuno|Articuno, L84|288/288\n|-ability|p1a: Articuno|Pressure\n|turn|20\n|\n|t:|1685136414\n|move|p2a: Meowstic|Max Mindstorm|p1a: Articuno\n|-damage|p1a: Articuno|127/288\n|-damage|p2a: Meowstic|406/536|[from] item: Life Orb\n|move|p1a: Articuno|Toxic|p2a: Meowstic\n|-status|p2a: Meowstic|tox\n|\n|-damage|p2a: Meowstic|390/536 tox|[from] psn\n|upkeep\n|-end|p2a: Meowstic|Dynamax\n|-heal|p2a: Meowstic|195/268 tox|[silent]\n|turn|21\n|\n|t:|1685136435\n|move|p2a: Meowstic|Psychic|p1a: Articuno\n|-damage|p1a: Articuno|5/288\n|-damage|p2a: Meowstic|169/268 tox|[from] item: Life Orb\n|move|p1a: Articuno|Roost|p1a: Articuno\n|-heal|p1a: Articuno|149/288\n|-singleturn|p1a: Articuno|move: Roost\n|\n|-damage|p2a: Meowstic|137/268 tox|[from] psn\n|upkeep\n|turn|22\n|\n|t:|1685136441\n|switch|p2a: Morpeko|Morpeko, L86, F|140/240\n|move|p1a: Articuno|Roost|p1a: Articuno\n|-heal|p1a: Articuno|288/288\n|-singleturn|p1a: Articuno|move: Roost\n|\n|-fieldend|move: Psychic Terrain\n|-formechange|p2a: Morpeko|Morpeko-Hangry||[from] ability: Hunger Switch\n|upkeep\n|turn|23\n|\n|t:|1685136458\n|move|p2a: Morpeko|Aura Wheel|p1a: Articuno\n|-damage|p1a: Articuno|129/288\n|-boost|p2a: Morpeko|spe|1\n|move|p1a: Articuno|Toxic|p2a: Morpeko\n|-status|p2a: Morpeko|tox\n|\n|-damage|p2a: Morpeko|125/240 tox|[from] psn\n|-formechange|p2a: Morpeko|Morpeko||[from] ability: Hunger Switch\n|upkeep\n|turn|24\n|\n|t:|1685136479\n|-start|p1a: Articuno|Dynamax|\n|-heal|p1a: Articuno|258/576|[silent]\n|move|p1a: Articuno|Max Guard|p1a: Articuno\n|-singleturn|p1a: Articuno|Max Guard\n|move|p2a: Morpeko|Aura Wheel|p1a: Articuno\n|-activate|p1a: Articuno|move: Max Guard\n|\n|-damage|p2a: Morpeko|95/240 tox|[from] psn\n|-formechange|p2a: Morpeko|Morpeko-Hangry||[from] ability: Hunger Switch\n|upkeep\n|turn|25\n|inactive|Lord Rekkuza has 90 seconds left.\n|\n|t:|1685136509\n|switch|p2a: Palossand|Palossand, L86, F|158/286\n|move|p1a: Articuno|Max Hailstorm|p2a: Palossand\n|-supereffective|p2a: Palossand\n|-damage|p2a: Palossand|0 fnt\n|-weather|Hail\n|faint|p2a: Palossand\n|\n|-weather|Hail|[upkeep]\n|upkeep\n|\n|t:|1685136522\n|switch|p2a: Urshifu|Urshifu, L76, M|277/277\n|turn|26\n|inactive|XYZ15 has 270 seconds left.\n|\n|t:|1685136559\n|-end|p1a: Articuno|Dynamax\n|-heal|p1a: Articuno|129/288|[silent]\n|switch|p1a: Heracross|Heracross, L82, M|265/265 brn\n|move|p2a: Urshifu|Wicked Blow|p1a: Heracross\n|-resisted|p1a: Heracross\n|-crit|p1a: Heracross\n|-damage|p1a: Heracross|195/265 brn\n|\n|-weather|Hail|[upkeep]\n|-damage|p2a: Urshifu|260/277|[from] Hail\n|-damage|p1a: Heracross|179/265 brn|[from] Hail\n|-heal|p2a: Urshifu|277/277|[from] item: Leftovers\n|-damage|p1a: Heracross|163/265 brn|[from] brn\n|upkeep\n|turn|27\n|inactive|XYZ15 has 270 seconds left.\n|inactive|Lord Rekkuza has 90 seconds left.\n|inactive|Lord Rekkuza has 60 seconds left.\n|inactive|Lord Rekkuza has 30 seconds left.\n|inactive|Lord Rekkuza has 20 seconds left.\n|inactive|Lord Rekkuza has 15 seconds left.\n|inactive|Lord Rekkuza has 10 seconds left.\n|inactive|Lord Rekkuza has 5 seconds left.\n|\n|t:|1685136651\n|move|p2a: Urshifu|Substitute|p2a: Urshifu\n|-start|p2a: Urshifu|Substitute\n|-damage|p2a: Urshifu|208/277\n|move|p1a: Heracross|Close Combat|p2a: Urshifu\n|-supereffective|p2a: Urshifu\n|-end|p2a: Urshifu|Substitute\n|-unboost|p1a: Heracross|def|1\n|-unboost|p1a: Heracross|spd|1\n|\n|-weather|Hail|[upkeep]\n|-damage|p2a: Urshifu|191/277|[from] Hail\n|-damage|p1a: Heracross|147/265 brn|[from] Hail\n|-heal|p2a: Urshifu|208/277|[from] item: Leftovers\n|-damage|p1a: Heracross|131/265 brn|[from] brn\n|upkeep\n|turn|28\n|inactive|Lord Rekkuza has 15 seconds left this turn.\n|inactive|Lord Rekkuza has 10 seconds left.\n|\n|t:|1685136665\n|switch|p1a: Tornadus|Tornadus, L80, M|12/258 brn\n|move|p2a: Urshifu|Substitute|p2a: Urshifu\n|-start|p2a: Urshifu|Substitute\n|-damage|p2a: Urshifu|139/277\n|\n|-weather|Hail|[upkeep]\n|-damage|p1a: Tornadus|0 fnt|[from] Hail\n|-damage|p2a: Urshifu|122/277|[from] Hail\n|faint|p1a: Tornadus\n|-heal|p2a: Urshifu|139/277|[from] item: Leftovers\n|upkeep\n|inactive|Lord Rekkuza has 15 seconds left this turn.\n|\n|t:|1685136670\n|switch|p1a: Heracross|Heracross, L82, M|131/265 brn\n|turn|29\n|inactive|Lord Rekkuza has 25 seconds left this turn.\n|inactive|Lord Rekkuza has 20 seconds left.\n|inactive|Lord Rekkuza has 15 seconds left.\n|\n|t:|1685136684\n|move|p2a: Urshifu|Bulk Up|p2a: Urshifu\n|-boost|p2a: Urshifu|atk|1\n|-boost|p2a: Urshifu|def|1\n|move|p1a: Heracross|Facade|p2a: Urshifu\n|-end|p2a: Urshifu|Substitute\n|\n|-weather|none\n|-heal|p2a: Urshifu|156/277|[from] item: Leftovers\n|-damage|p1a: Heracross|115/265 brn|[from] brn\n|upkeep\n|turn|30\n|inactive|Lord Rekkuza has 25 seconds left this turn.\n|inactive|Lord Rekkuza has 20 seconds left.\n|inactive|Lord Rekkuza has 15 seconds left.\n|inactive|Lord Rekkuza has 10 seconds left.\n|inactive|Lord Rekkuza has 5 seconds left.\n|\n|t:|1685136706\n|move|p2a: Urshifu|Wicked Blow|p1a: Heracross\n|-resisted|p1a: Heracross\n|-crit|p1a: Heracross\n|-damage|p1a: Heracross|0 fnt\n|faint|p1a: Heracross\n|\n|-heal|p2a: Urshifu|173/277|[from] item: Leftovers\n|upkeep\n|inactive|Lord Rekkuza has 10 seconds left this turn.\n|\n|t:|1685136713\n|switch|p1a: Araquanid|Araquanid, L80, M|101/240 tox\n|turn|31\n|inactive|Lord Rekkuza has 20 seconds left this turn.\n|\n|t:|1685136717\n|move|p2a: Urshifu|Wicked Blow|p1a: Araquanid\n|-crit|p1a: Araquanid\n|-damage|p1a: Araquanid|0 fnt\n|faint|p1a: Araquanid\n|\n|-heal|p2a: Urshifu|190/277|[from] item: Leftovers\n|upkeep\n|inactive|Lord Rekkuza has 25 seconds left this turn.\n|\n|t:|1685136719\n|switch|p1a: Articuno|Articuno, L84|129/288\n|-ability|p1a: Articuno|Pressure\n|turn|32\n|\n|t:|1685136722\n|move|p2a: Urshifu|Wicked Blow|p1a: Articuno\n|-crit|p1a: Articuno\n|-damage|p1a: Articuno|0 fnt\n|faint|p1a: Articuno\n|\n|win|Lord Rekkuza\n|c|\u2606XYZ15|gg\n|c|\u2606Lord Rekkuza|gg\n|c|\u2606XYZ15|1-1\n", "inputlog": ">version 61c68e60481ef09071210320730fc448fef50368\n>start {\"formatid\":\"gen8randombattle\",\"seed\":[37722,23759,15716,45839]}\n>player p1 {\"name\":\"XYZ15\",\"avatar\":\"rei\",\"rating\":0,\"seed\":[56923,48877,16100,19698]}\n>player p2 {\"name\":\"Lord Rekkuza\",\"avatar\":\"lance-masters\",\"rating\":0,\"seed\":[13195,32803,35493,35940]}\n>p1 switch 6\n>p2 move partingshot\n>p2 switch 3\n>p1 switch 3\n>p2 move toxic\n>p1 move toxic\n>p2 switch 5\n>p1 move mirrorcoat\n>p2 move lavaplume\n>p1 switch 6\n>p2 move earthquake\n>p1 move heatwave\n>p2 switch 4\n>p1 move nastyplot\n>p2 move psyshock\n>p1 move grassknot\n>p2 move scald\n>p1 move grassknot\n>p2 switch 4\n>p2 switch 2\n>p1 switch 3\n>p2 move shadowball\n>p1 move gyroball\n>p2 switch 5\n>p1 switch 2\n>p2 move earthpower\n>p1 move freezedry\n>p2 switch 3\n>p1 switch 5\n>p2 move aurawheel\n>p1 move leafstorm\n>p2 switch 4\n>p1 move thunderbolt\n>p2 move psyshock\n>p1 switch 4\n>p1 move knockoff\n>p2 move psyshock\n>p2 switch 5\n>p1 switch 2\n>p2 move psychic dynamax\n>p1 move gyroball\n>p2 move shadowball dynamax\n>p1 switch 5\n>p1 move toxic\n>p2 move psychic dynamax\n>p1 move roost\n>p2 move psychic\n>p1 move roost\n>p2 switch 4\n>p1 move toxic\n>p2 move aurawheel\n>p1 move healbell dynamax\n>p2 move aurawheel\n>p1 move freezedry dynamax\n>p2 switch 3\n>p2 switch 6\n>p1 switch 2\n>p2 move wickedblow\n>p1 move closecombat\n>p2 move substitute\n>p1 switch 3\n>p2 move substitute\n>p1 switch 3\n>p1 move facade\n>p2 move bulkup\n>p1 move facade\n>p2 move wickedblow\n>p1 switch 6\n>p1 move stickyweb\n>p2 move wickedblow\n>p1 switch 2\n>p1 move roost\n>p2 move wickedblow", "uploadtime": 1685136729, "views": 10, "p1id": "xyz15", "p2id": "lordrekkuza", "formatid": "gen8randombattle", "rating": 0, "private": 0, "password": ""}