{"id": "gen8randombattle-1872901859", "p1": "flyingworkshop", "p2": "Mark scarberry", "format": "[Gen 8] Random Battle", "log": "|j|\u2606flyingworkshop\n|j|\u2606Mark scarberry\n|t:|1685298755\n|gametype|singles\n|player|p1|flyingworkshop|dawn|1126\n|player|p2|Mark scarberry|1|1107\n|teamsize|p1|6\n|teamsize|p2|6\n|gen|8\n|tier|[Gen 8] Random Battle\n|rated|\n|rule|Species Clause: Limit one of each Pok\u00e9mon\n|rule|HP Percentage Mod: HP is shown in percentages\n|rule|Sleep Clause Mod: Limit one foe put to sleep\n|\n|t:|1685298755\n|start\n|switch|p1a: Turtonator|Turtonator, L84, M|238/238\n|switch|p2a: Mudsdale|Mudsdale, L82, M|298/298\n|turn|1\n|\n|t:|1685298766\n|switch|p1a: Moltres|Moltres, L80|275/275\n|move|p2a: Mudsdale|Earthquake|p1a: Moltres\n|-immune|p1a: Moltres\n|\n|upkeep\n|turn|2\n|inactive|Battle timer is ON: inactive players will automatically lose when time's up. (requested by flyingworkshop)\n|\n|t:|1685298775\n|-start|p2a: Mudsdale|Dynamax|\n|-heal|p2a: Mudsdale|596/596|[silent]\n|move|p1a: Moltres|Fire Blast|p2a: Mudsdale\n|-damage|p2a: Mudsdale|452/596\n|-ability|p2a: Mudsdale|Stamina|boost\n|-boost|p2a: Mudsdale|def|1\n|move|p2a: Mudsdale|Max Rockfall|p1a: Moltres\n|-supereffective|p1a: Moltres\n|-damage|p1a: Moltres|0 fnt\n|-weather|Sandstorm\n|faint|p1a: Moltres\n|\n|-weather|Sandstorm|[upkeep]\n|upkeep\n|\n|t:|1685298786\n|switch|p1a: Golduck|Golduck, L86, M|278/278\n|turn|3\n|\n|t:|1685298798\n|move|p1a: Golduck|Scald|p2a: Mudsdale\n|-supereffective|p2a: Mudsdale\n|-damage|p2a: Mudsdale|218/596\n|-ability|p2a: Mudsdale|Stamina|boost\n|-boost|p2a: Mudsdale|def|1\n|-damage|p1a: Golduck|251/278|[from] item: Life Orb\n|move|p2a: Mudsdale|Max Quake|p1a: Golduck\n|-damage|p1a: Golduck|74/278\n|-boost|p2a: Mudsdale|spd|1\n|\n|-weather|Sandstorm|[upkeep]\n|-damage|p1a: Golduck|57/278|[from] Sandstorm\n|upkeep\n|turn|4\n|\n|t:|1685298810\n|move|p1a: Golduck|Scald|p2a: Mudsdale\n|-supereffective|p2a: Mudsdale\n|-damage|p2a: Mudsdale|70/596\n|-ability|p2a: Mudsdale|Stamina|boost\n|-boost|p2a: Mudsdale|def|1\n|-damage|p1a: Golduck|30/278|[from] item: Life Orb\n|move|p2a: Mudsdale|Max Quake|p1a: Golduck\n|-damage|p1a: Golduck|0 fnt\n|-boost|p2a: Mudsdale|spd|1\n|faint|p1a: Golduck\n|\n|-weather|Sandstorm|[upkeep]\n|upkeep\n|\n|t:|1685298831\n|switch|p1a: Turtonator|Turtonator, L84, M|238/238\n|-end|p2a: Mudsdale|Dynamax\n|-heal|p2a: Mudsdale|35/298|[silent]\n|turn|5\n|\n|t:|1685298839\n|move|p1a: Turtonator|Draco Meteor|p2a: Mudsdale\n|-damage|p2a: Mudsdale|0 fnt\n|-unboost|p1a: Turtonator|spa|2\n|faint|p2a: Mudsdale\n|\n|-weather|Sandstorm|[upkeep]\n|-damage|p1a: Turtonator|224/238|[from] Sandstorm\n|upkeep\n|\n|t:|1685298852\n|switch|p2a: Golurk|Golurk, L82|280/280\n|turn|6\n|\n|t:|1685298863\n|move|p2a: Golurk|Earthquake|p1a: Turtonator\n|-supereffective|p1a: Turtonator\n|-damage|p1a: Turtonator|0 fnt\n|faint|p1a: Turtonator\n|\n|-weather|none\n|upkeep\n|\n|t:|1685298867\n|switch|p1a: Landorus|Landorus, L76, M|260/260\n|turn|7\n|\n|t:|1685298882\n|switch|p2a: Pangoro|Pangoro, L84, F|297/297\n|move|p1a: Landorus|Stealth Rock|p2a: Pangoro\n|-sidestart|p2: Mark scarberry|move: Stealth Rock\n|\n|upkeep\n|turn|8\n|\n|t:|1685298892\n|-start|p1a: Landorus|Dynamax|\n|-heal|p1a: Landorus|520/520|[silent]\n|move|p1a: Landorus|Max Knuckle|p2a: Pangoro\n|-supereffective|p2a: Pangoro\n|-damage|p2a: Pangoro|99/297\n|-boost|p1a: Landorus|atk|1\n|-damage|p1a: Landorus|494/520|[from] item: Life Orb\n|move|p2a: Pangoro|Ice Punch|p1a: Landorus\n|-supereffective|p1a: Landorus\n|-damage|p1a: Landorus|42/520\n|\n|upkeep\n|turn|9\n|\n|t:|1685298905\n|move|p1a: Landorus|Max Knuckle|p2a: Pangoro\n|-supereffective|p2a: Pangoro\n|-damage|p2a: Pangoro|0 fnt\n|-boost|p1a: Landorus|atk|1\n|faint|p2a: Pangoro\n|-damage|p1a: Landorus|16/520|[from] item: Life Orb\n|\n|upkeep\n|\n|t:|1685298916\n|switch|p2a: Golurk|Golurk, L82|280/280\n|-damage|p2a: Golurk|263/280|[from] Stealth Rock\n|turn|10\n|\n|t:|1685298924\n|move|p1a: Landorus|Max Darkness|p2a: Golurk\n|-supereffective|p2a: Golurk\n|-damage|p2a: Golurk|0 fnt\n|faint|p2a: Golurk\n|-damage|p1a: Landorus|0 fnt|[from] item: Life Orb\n|faint|p1a: Landorus\n|\n|upkeep\n|\n|t:|1685298935\n|switch|p1a: Aromatisse|Aromatisse, L88, F|321/321\n|switch|p2a: Qwilfish|Qwilfish, L84, F|246/246\n|-damage|p2a: Qwilfish|216/246|[from] Stealth Rock\n|-ability|p2a: Qwilfish|Intimidate|boost\n|-unboost|p1a: Aromatisse|atk|1\n|turn|11\n|\n|t:|1685298944\n|switch|p1a: Sudowoodo|Sudowoodo, L87, F|264/264\n|move|p2a: Qwilfish|Thunder Wave|p1a: Sudowoodo\n|-status|p1a: Sudowoodo|par\n|\n|-heal|p2a: Qwilfish|231/246|[from] item: Black Sludge\n|upkeep\n|turn|12\n|\n|t:|1685298954\n|move|p2a: Qwilfish|Waterfall|p1a: Sudowoodo\n|-supereffective|p1a: Sudowoodo\n|-damage|p1a: Sudowoodo|142/264 par\n|cant|p1a: Sudowoodo|par\n|\n|-heal|p2a: Qwilfish|246/246|[from] item: Black Sludge\n|upkeep\n|turn|13\n|\n|t:|1685298962\n|move|p2a: Qwilfish|Waterfall|p1a: Sudowoodo\n|-supereffective|p1a: Sudowoodo\n|-damage|p1a: Sudowoodo|10/264 par\n|cant|p1a: Sudowoodo|par\n|\n|upkeep\n|turn|14\n|\n|t:|1685298970\n|move|p2a: Qwilfish|Waterfall|p1a: Sudowoodo\n|-supereffective|p1a: Sudowoodo\n|-damage|p1a: Sudowoodo|0 fnt\n|faint|p1a: Sudowoodo\n|\n|upkeep\n|\n|t:|1685298972\n|switch|p1a: Aromatisse|Aromatisse, L88, F|321/321\n|turn|15\n|\n|t:|1685298977\n|move|p2a: Qwilfish|Waterfall|p1a: Aromatisse\n|-damage|p1a: Aromatisse|231/321\n|cant|p1a: Aromatisse|flinch\n|\n|-heal|p1a: Aromatisse|251/321|[from] item: Leftovers\n|upkeep\n|turn|16\n|\n|t:|1685298985\n|move|p2a: Qwilfish|Waterfall|p1a: Aromatisse\n|-damage|p1a: Aromatisse|161/321\n|move|p1a: Aromatisse|Moonblast|p2a: Qwilfish\n|-resisted|p2a: Qwilfish\n|-damage|p2a: Qwilfish|165/246\n|\n|-heal|p2a: Qwilfish|180/246|[from] item: Black Sludge\n|-heal|p1a: Aromatisse|181/321|[from] item: Leftovers\n|upkeep\n|turn|17\n|\n|t:|1685298995\n|move|p2a: Qwilfish|Waterfall|p1a: Aromatisse\n|-damage|p1a: Aromatisse|85/321\n|move|p1a: Aromatisse|Wish|p1a: Aromatisse\n|\n|-heal|p2a: Qwilfish|195/246|[from] item: Black Sludge\n|-heal|p1a: Aromatisse|105/321|[from] item: Leftovers\n|upkeep\n|turn|18\n|\n|t:|1685299003\n|move|p1a: Aromatisse|Protect|p1a: Aromatisse\n|-singleturn|p1a: Aromatisse|Protect\n|move|p2a: Qwilfish|Waterfall|p1a: Aromatisse\n|-activate|p1a: Aromatisse|move: Protect\n|\n|-heal|p1a: Aromatisse|265/321|[from] move: Wish|[wisher] Aromatisse\n|-heal|p2a: Qwilfish|210/246|[from] item: Black Sludge\n|-heal|p1a: Aromatisse|285/321|[from] item: Leftovers\n|upkeep\n|turn|19\n|\n|t:|1685299021\n|move|p2a: Qwilfish|Thunder Wave|p1a: Aromatisse\n|-status|p1a: Aromatisse|par\n|cant|p1a: Aromatisse|par\n|\n|-heal|p2a: Qwilfish|225/246|[from] item: Black Sludge\n|-heal|p1a: Aromatisse|305/321 par|[from] item: Leftovers\n|upkeep\n|turn|20\n|\n|t:|1685299030\n|move|p2a: Qwilfish|Waterfall|p1a: Aromatisse\n|-damage|p1a: Aromatisse|206/321 par\n|move|p1a: Aromatisse|Moonblast|p2a: Qwilfish\n|-resisted|p2a: Qwilfish\n|-damage|p2a: Qwilfish|143/246\n|\n|-heal|p2a: Qwilfish|158/246|[from] item: Black Sludge\n|-heal|p1a: Aromatisse|226/321 par|[from] item: Leftovers\n|upkeep\n|turn|21\n|\n|t:|1685299040\n|move|p2a: Qwilfish|Waterfall|p1a: Aromatisse\n|-damage|p1a: Aromatisse|130/321 par\n|move|p1a: Aromatisse|Moonblast|p2a: Qwilfish\n|-resisted|p2a: Qwilfish\n|-damage|p2a: Qwilfish|83/246\n|\n|-heal|p2a: Qwilfish|98/246|[from] item: Black Sludge\n|-heal|p1a: Aromatisse|150/321 par|[from] item: Leftovers\n|upkeep\n|turn|22\n|\n|t:|1685299054\n|move|p2a: Qwilfish|Waterfall|p1a: Aromatisse\n|-damage|p1a: Aromatisse|60/321 par\n|move|p1a: Aromatisse|Wish|p1a: Aromatisse\n|\n|-heal|p2a: Qwilfish|113/246|[from] item: Black Sludge\n|-heal|p1a: Aromatisse|80/321 par|[from] item: Leftovers\n|upkeep\n|turn|23\n|\n|t:|1685299062\n|move|p1a: Aromatisse|Protect|p1a: Aromatisse\n|-singleturn|p1a: Aromatisse|Protect\n|move|p2a: Qwilfish|Waterfall|p1a: Aromatisse\n|-activate|p1a: Aromatisse|move: Protect\n|\n|-heal|p1a: Aromatisse|240/321 par|[from] move: Wish|[wisher] Aromatisse\n|-heal|p2a: Qwilfish|128/246|[from] item: Black Sludge\n|-heal|p1a: Aromatisse|260/321 par|[from] item: Leftovers\n|upkeep\n|turn|24\n|\n|t:|1685299079\n|move|p2a: Qwilfish|Waterfall|p1a: Aromatisse\n|-damage|p1a: Aromatisse|169/321 par\n|cant|p1a: Aromatisse|flinch\n|\n|-heal|p2a: Qwilfish|143/246|[from] item: Black Sludge\n|-heal|p1a: Aromatisse|189/321 par|[from] item: Leftovers\n|upkeep\n|turn|25\n|\n|t:|1685299088\n|move|p2a: Qwilfish|Waterfall|p1a: Aromatisse\n|-crit|p1a: Aromatisse\n|-damage|p1a: Aromatisse|48/321 par\n|cant|p1a: Aromatisse|par\n|\n|-heal|p2a: Qwilfish|158/246|[from] item: Black Sludge\n|-heal|p1a: Aromatisse|68/321 par|[from] item: Leftovers\n|upkeep\n|turn|26\n|\n|t:|1685299097\n|move|p1a: Aromatisse|Protect|p1a: Aromatisse\n|-singleturn|p1a: Aromatisse|Protect\n|move|p2a: Qwilfish|Waterfall|p1a: Aromatisse\n|-activate|p1a: Aromatisse|move: Protect\n|\n|-heal|p2a: Qwilfish|173/246|[from] item: Black Sludge\n|-heal|p1a: Aromatisse|88/321 par|[from] item: Leftovers\n|upkeep\n|turn|27\n|\n|t:|1685299106\n|move|p2a: Qwilfish|Waterfall|p1a: Aromatisse\n|-damage|p1a: Aromatisse|0 fnt\n|faint|p1a: Aromatisse\n|\n|win|Mark scarberry\n|raw|flyingworkshop's rating: 1126 &rarr; <strong>1100</strong><br />(-26 for losing)\n|raw|Mark scarberry's rating: 1107 &rarr; <strong>1133</strong><br />(+26 for winning)\n|l|\u2606Mark scarberry\n", "inputlog": ">version d74822bbc74c095aa312053f7034baee3068d99e\n>start {\"formatid\":\"gen8randombattle\",\"seed\":[24188,47660,20754,60510],\"rated\":\"Rated battle\"}\n>player p1 {\"name\":\"flyingworkshop\",\"avatar\":\"dawn\",\"rating\":1126,\"seed\":[34353,52766,27834,2419]}\n>player p2 {\"name\":\"Mark scarberry\",\"avatar\":\"1\",\"rating\":1107,\"seed\":[25711,17589,41632,50069]}\n>p1 switch 2\n>p2 move earthquake\n>p1 move fireblast\n>p2 move rockslide dynamax\n>p1 switch 4\n>p1 move scald\n>p2 move earthquake dynamax\n>p1 move scald\n>p2 move earthquake dynamax\n>p1 switch 2\n>p1 move dracometeor\n>p2 move earthquake\n>p2 switch 4\n>p1 move willowisp\n>p2 move earthquake\n>p1 switch 3\n>p1 move stealthrock\n>p2 switch 5\n>p1 move focusblast dynamax\n>p2 move icepunch\n>p1 move focusblast dynamax\n>p2 move icepunch\n>p2 switch 5\n>p1 move knockoff dynamax\n>p2 move dynamicpunch\n>p1 switch 5\n>p2 switch 2\n>p1 switch 6\n>p2 move thunderwave\n>p1 move headsmash\n>p2 move waterfall\n>p1 move earthquake\n>p2 move waterfall\n>p1 move earthquake\n>p2 move waterfall\n>p1 switch 6\n>p1 move moonblast\n>p2 move waterfall\n>p1 move moonblast\n>p2 move waterfall\n>p1 move wish\n>p2 move waterfall\n>p1 move protect\n>p2 move waterfall\n>p1 move toxic\n>p2 move thunderwave\n>p1 move moonblast\n>p2 move waterfall\n>p1 move moonblast\n>p2 move waterfall\n>p1 move wish\n>p2 move waterfall\n>p1 move protect\n>p2 move waterfall\n>p1 move moonblast\n>p2 move waterfall\n>p1 move wish\n>p2 move waterfall\n>p1 move protect\n>p2 move waterfall\n>p1 move wish\n>p2 move waterfall", "uploadtime": 1685299112, "views": 2, "p1id": "flyingworkshop", "p2id": "markscarberry", "formatid": "gen8randombattle", "rating": 1100, "private": 0, "password": ""}