{"id": "gen8randombattle-1871816562", "p1": "balloonflavors", "p2": "gareeb adani", "format": "[Gen 8] Random Battle", "log": "|j|\u2606balloonflavors\n|j|\u2606gareeb adani\n|t:|1685133521\n|gametype|singles\n|player|p1|balloonflavors|169|1348\n|player|p2|gareeb adani|2|1532\n|teamsize|p1|6\n|teamsize|p2|6\n|gen|8\n|tier|[Gen 8] Random Battle\n|rated|\n|rule|Species Clause: Limit one of each Pok\u00e9mon\n|rule|HP Percentage Mod: HP is shown in percentages\n|rule|Sleep Clause Mod: Limit one foe put to sleep\n|\n|t:|1685133521\n|start\n|switch|p1a: Persian|Persian, L88, F|258/258\n|switch|p2a: Latias|Latias, L80, F|259/259\n|turn|1\n|inactive|Battle timer is ON: inactive players will automatically lose when time's up. (requested by gareeb adani)\n|\n|t:|1685133538\n|switch|p2a: Hippowdon|Hippowdon, L80, F|304/304\n|-weather|Sandstorm|[from] ability: Sand Stream|[of] p2a: Hippowdon\n|move|p1a: Persian|Play Rough|p2a: Hippowdon\n|-damage|p2a: Hippowdon|237/304\n|\n|-weather|Sandstorm|[upkeep]\n|-damage|p1a: Persian|242/258|[from] Sandstorm\n|-heal|p2a: Hippowdon|256/304|[from] item: Leftovers\n|upkeep\n|turn|2\n|\n|t:|1685133556\n|switch|p1a: Gourgeist|Gourgeist-Large, L84, M|263/263\n|-item|p2a: Hippowdon|Leftovers|[from] ability: Frisk|[of] p1a: Gourgeist|[identify]\n|move|p2a: Hippowdon|Stealth Rock|p1a: Gourgeist\n|-sidestart|p1: balloonflavors|move: Stealth Rock\n|\n|-weather|Sandstorm|[upkeep]\n|-damage|p1a: Gourgeist|247/263|[from] Sandstorm\n|-heal|p1a: Gourgeist|263/263|[from] item: Leftovers\n|-heal|p2a: Hippowdon|275/304|[from] item: Leftovers\n|upkeep\n|turn|3\n|\n|t:|1685133585\n|switch|p2a: Umbreon|Umbreon, L82, M|290/290\n|move|p1a: Gourgeist|Will-O-Wisp|p2a: Umbreon|[miss]\n|-miss|p1a: Gourgeist|p2a: Umbreon\n|\n|-weather|Sandstorm|[upkeep]\n|-damage|p1a: Gourgeist|247/263|[from] Sandstorm\n|-damage|p2a: Umbreon|272/290|[from] Sandstorm\n|-heal|p1a: Gourgeist|263/263|[from] item: Leftovers\n|-heal|p2a: Umbreon|290/290|[from] item: Leftovers\n|upkeep\n|turn|4\n|\n|t:|1685133603\n|switch|p1a: Garbodor|Garbodor, L87, F|281/281\n|-damage|p1a: Garbodor|246/281|[from] Stealth Rock\n|move|p2a: Umbreon|Foul Play|p1a: Garbodor\n|-damage|p1a: Garbodor|140/281\n|\n|-weather|Sandstorm|[upkeep]\n|-damage|p1a: Garbodor|123/281|[from] Sandstorm\n|-damage|p2a: Umbreon|272/290|[from] Sandstorm\n|-heal|p1a: Garbodor|140/281|[from] item: Black Sludge\n|-heal|p2a: Umbreon|290/290|[from] item: Leftovers\n|upkeep\n|turn|5\n|inactive|gareeb adani has 120 seconds left.\n|inactive|gareeb adani has 90 seconds left.\n|\n|t:|1685133669\n|move|p1a: Garbodor|Toxic Spikes|p2a: Umbreon\n|-sidestart|p2: gareeb adani|move: Toxic Spikes\n|move|p2a: Umbreon|Foul Play|p1a: Garbodor\n|-damage|p1a: Garbodor|47/281\n|\n|-weather|none\n|-heal|p1a: Garbodor|64/281|[from] item: Black Sludge\n|upkeep\n|turn|6\n|\n|t:|1685133678\n|move|p1a: Garbodor|Pain Split|p2a: Umbreon\n|-sethp|p2a: Umbreon|177/290|[from] move: Pain Split|[silent]\n|-sethp|p1a: Garbodor|177/281|[from] move: Pain Split\n|move|p2a: Umbreon|Foul Play|p1a: Garbodor\n|-damage|p1a: Garbodor|66/281\n|\n|-heal|p1a: Garbodor|83/281|[from] item: Black Sludge\n|-heal|p2a: Umbreon|195/290|[from] item: Leftovers\n|upkeep\n|turn|7\n|inactive|gareeb adani has 90 seconds left.\n|inactive|gareeb adani has 60 seconds left.\n|\n|t:|1685133722\n|move|p1a: Garbodor|Pain Split|p2a: Umbreon\n|-sethp|p2a: Umbreon|139/290|[from] move: Pain Split|[silent]\n|-sethp|p1a: Garbodor|139/281|[from] move: Pain Split\n|move|p2a: Umbreon|Foul Play|p1a: Garbodor\n|-damage|p1a: Garbodor|40/281\n|\n|-heal|p1a: Garbodor|57/281|[from] item: Black Sludge\n|-heal|p2a: Umbreon|157/290|[from] item: Leftovers\n|upkeep\n|turn|8\n|\n|t:|1685133748\n|move|p1a: Garbodor|Toxic Spikes|p2a: Umbreon\n|-sidestart|p2: gareeb adani|move: Toxic Spikes\n|move|p2a: Umbreon|Foul Play|p1a: Garbodor\n|-damage|p1a: Garbodor|0 fnt\n|-damage|p2a: Umbreon|85/290|[from] ability: Aftermath|[of] p1a: Garbodor\n|faint|p1a: Garbodor\n|\n|-heal|p2a: Umbreon|103/290|[from] item: Leftovers\n|upkeep\n|inactive|balloonflavors has 120 seconds left.\n|\n|t:|1685133764\n|switch|p1a: Persian|Persian, L88, F|242/258\n|-damage|p1a: Persian|210/258|[from] Stealth Rock\n|turn|9\n|\n|t:|1685133783\n|move|p2a: Umbreon|Protect|p2a: Umbreon\n|-singleturn|p2a: Umbreon|Protect\n|move|p1a: Persian|Play Rough|p2a: Umbreon\n|-activate|p2a: Umbreon|move: Protect\n|\n|-heal|p2a: Umbreon|121/290|[from] item: Leftovers\n|upkeep\n|turn|10\n|\n|t:|1685133790\n|switch|p2a: Hippowdon|Hippowdon, L80, F|275/304\n|-status|p2a: Hippowdon|tox\n|-weather|Sandstorm|[from] ability: Sand Stream|[of] p2a: Hippowdon\n|move|p1a: Persian|Play Rough|p2a: Hippowdon\n|-damage|p2a: Hippowdon|210/304 tox\n|\n|-weather|Sandstorm|[upkeep]\n|-damage|p1a: Persian|194/258|[from] Sandstorm\n|-heal|p2a: Hippowdon|229/304 tox|[from] item: Leftovers\n|-damage|p2a: Hippowdon|210/304 tox|[from] psn\n|upkeep\n|turn|11\n|\n|t:|1685133807\n|switch|p1a: Gourgeist|Gourgeist-Large, L84, M|263/263\n|-damage|p1a: Gourgeist|231/263|[from] Stealth Rock\n|-item|p2a: Hippowdon|Leftovers|[from] ability: Frisk|[of] p1a: Gourgeist|[identify]\n|move|p2a: Hippowdon|Stone Edge|p1a: Gourgeist\n|-damage|p1a: Gourgeist|179/263\n|\n|-weather|Sandstorm|[upkeep]\n|-damage|p1a: Gourgeist|163/263|[from] Sandstorm\n|-heal|p1a: Gourgeist|179/263|[from] item: Leftovers\n|-heal|p2a: Hippowdon|229/304 tox|[from] item: Leftovers\n|-damage|p2a: Hippowdon|191/304 tox|[from] psn\n|upkeep\n|turn|12\n|\n|t:|1685133822\n|switch|p2a: Umbreon|Umbreon, L82, M|121/290\n|-status|p2a: Umbreon|tox\n|move|p1a: Gourgeist|Synthesis|p1a: Gourgeist\n|-heal|p1a: Gourgeist|245/263\n|\n|-weather|Sandstorm|[upkeep]\n|-damage|p1a: Gourgeist|229/263|[from] Sandstorm\n|-damage|p2a: Umbreon|103/290 tox|[from] Sandstorm\n|-heal|p1a: Gourgeist|245/263|[from] item: Leftovers\n|-heal|p2a: Umbreon|121/290 tox|[from] item: Leftovers\n|-damage|p2a: Umbreon|103/290 tox|[from] psn\n|upkeep\n|turn|13\n|inactive|balloonflavors has 120 seconds left.\n|inactive|gareeb adani has 60 seconds left.\n|inactive|gareeb adani has 30 seconds left.\n|\n|t:|1685133882\n|switch|p1a: Toxapex|Toxapex, L82, F|216/216\n|-damage|p1a: Toxapex|189/216|[from] Stealth Rock\n|move|p2a: Umbreon|Wish|p2a: Umbreon\n|\n|-weather|Sandstorm|[upkeep]\n|-damage|p2a: Umbreon|85/290 tox|[from] Sandstorm\n|-damage|p1a: Toxapex|176/216|[from] Sandstorm\n|-heal|p2a: Umbreon|103/290 tox|[from] item: Leftovers\n|-heal|p1a: Toxapex|189/216|[from] item: Black Sludge\n|-damage|p2a: Umbreon|67/290 tox|[from] psn\n|upkeep\n|turn|14\n|inactive|balloonflavors has 120 seconds left.\n|\n|t:|1685133895\n|switch|p2a: Latias|Latias, L80, F|259/259\n|move|p1a: Toxapex|Scald|p2a: Latias\n|-resisted|p2a: Latias\n|-crit|p2a: Latias\n|-damage|p2a: Latias|230/259\n|\n|-weather|none\n|-heal|p2a: Latias|259/259|[from] move: Wish|[wisher] Umbreon\n|-heal|p1a: Toxapex|202/216|[from] item: Black Sludge\n|upkeep\n|turn|15\n|inactive|balloonflavors has 120 seconds left.\n|inactive|gareeb adani has 30 seconds left.\n|inactive|gareeb adani has 20 seconds left.\n|\n|t:|1685133924\n|move|p2a: Latias|Psychic|p1a: Toxapex\n|-supereffective|p1a: Toxapex\n|-damage|p1a: Toxapex|74/216\n|move|p1a: Toxapex|Toxic|p2a: Latias\n|-status|p2a: Latias|tox\n|\n|-heal|p1a: Toxapex|87/216|[from] item: Black Sludge\n|-damage|p2a: Latias|243/259 tox|[from] psn\n|upkeep\n|turn|16\n|inactive|gareeb adani has 30 seconds left this turn.\n|inactive|balloonflavors has 120 seconds left.\n|\n|t:|1685133935\n|move|p1a: Toxapex|Baneful Bunker|p1a: Toxapex\n|-singleturn|p1a: Toxapex|move: Protect\n|move|p2a: Latias|Psychic|p1a: Toxapex\n|-activate|p1a: Toxapex|move: Protect\n|\n|-heal|p2a: Latias|259/259 tox|[from] item: Leftovers\n|-heal|p1a: Toxapex|100/216|[from] item: Black Sludge\n|-damage|p2a: Latias|227/259 tox|[from] psn\n|upkeep\n|turn|17\n|inactive|balloonflavors has 120 seconds left.\n|inactive|gareeb adani has 30 seconds left.\n|\n|t:|1685133951\n|switch|p1a: Mantine|Mantine, L86, F|286/286\n|move|p2a: Latias|Psychic|p1a: Mantine\n|-damage|p1a: Mantine|216/286\n|\n|-heal|p2a: Latias|243/259 tox|[from] item: Leftovers\n|-damage|p2a: Latias|195/259 tox|[from] psn\n|upkeep\n|turn|18\n|inactive|balloonflavors has 120 seconds left.\n|inactive|gareeb adani has 30 seconds left.\n|\n|t:|1685133960\n|switch|p2a: Umbreon|Umbreon, L82, M|67/290 tox\n|move|p1a: Mantine|Roost|p1a: Mantine\n|-heal|p1a: Mantine|286/286\n|-singleturn|p1a: Mantine|move: Roost\n|\n|-heal|p2a: Umbreon|85/290 tox|[from] item: Leftovers\n|-damage|p2a: Umbreon|67/290 tox|[from] psn\n|upkeep\n|turn|19\n|inactive|gareeb adani has 30 seconds left.\n|inactive|gareeb adani has 20 seconds left.\n|\n|t:|1685133982\n|move|p1a: Mantine|Scald|p2a: Umbreon\n|-damage|p2a: Umbreon|9/290 tox\n|move|p2a: Umbreon|Wish|p2a: Umbreon\n|\n|-heal|p2a: Umbreon|27/290 tox|[from] item: Leftovers\n|-damage|p2a: Umbreon|0 fnt|[from] psn\n|faint|p2a: Umbreon\n|upkeep\n|inactive|gareeb adani has 25 seconds left this turn.\n|inactive|gareeb adani has 20 seconds left.\n|\n|t:|1685133992\n|switch|p2a: Mew|Mew, L80|291/291\n|-status|p2a: Mew|tox\n|-enditem|p2a: Mew|Lum Berry|[eat]\n|-curestatus|p2a: Mew|tox|[msg]\n|turn|20\n|inactive|gareeb adani has 30 seconds left this turn.\n|\n|t:|1685133999\n|move|p2a: Mew|Dragon Dance|p2a: Mew\n|-boost|p2a: Mew|atk|1\n|-boost|p2a: Mew|spe|1\n|move|p1a: Mantine|Toxic|p2a: Mew\n|-status|p2a: Mew|tox\n|-activate|p2a: Mew|ability: Synchronize\n|-status|p1a: Mantine|tox\n|\n|-damage|p2a: Mew|273/291 tox|[from] psn\n|-damage|p1a: Mantine|269/286 tox|[from] psn\n|upkeep\n|turn|21\n|\n|t:|1685134010\n|move|p2a: Mew|Dragon Dance|p2a: Mew\n|-boost|p2a: Mew|atk|1\n|-boost|p2a: Mew|spe|1\n|move|p1a: Mantine|Scald|p2a: Mew\n|-damage|p2a: Mew|201/291 tox\n|\n|-damage|p2a: Mew|165/291 tox|[from] psn\n|-damage|p1a: Mantine|235/286 tox|[from] psn\n|upkeep\n|turn|22\n|\n|t:|1685134018\n|-start|p2a: Mew|Dynamax|\n|-heal|p2a: Mew|330/582 tox|[silent]\n|move|p2a: Mew|Max Mindstorm|p1a: Mantine\n|-damage|p1a: Mantine|0 fnt\n|-fieldstart|move: Psychic Terrain\n|faint|p1a: Mantine\n|\n|-damage|p2a: Mew|276/582 tox|[from] psn\n|upkeep\n|\n|t:|1685134031\n|switch|p1a: Gourgeist|Gourgeist-Large, L84, M|245/263\n|-damage|p1a: Gourgeist|213/263|[from] Stealth Rock\n|turn|23\n|\n|t:|1685134038\n|move|p1a: Gourgeist|Shadow Sneak|p2a: Mew\n|-activate|p2a: Mew|move: Psychic Terrain\n|move|p2a: Mew|Max Flare|p1a: Gourgeist\n|-supereffective|p1a: Gourgeist\n|-damage|p1a: Gourgeist|0 fnt\n|-weather|SunnyDay\n|faint|p1a: Gourgeist\n|\n|-weather|SunnyDay|[upkeep]\n|-damage|p2a: Mew|204/582 tox|[from] psn\n|upkeep\n|\n|t:|1685134051\n|switch|p1a: Toxapex|Toxapex, L82, F|172/216\n|-damage|p1a: Toxapex|145/216|[from] Stealth Rock\n|turn|24\n|inactive|gareeb adani has 60 seconds left.\n|\n|t:|1685134058\n|move|p1a: Toxapex|Baneful Bunker|p1a: Toxapex\n|-singleturn|p1a: Toxapex|move: Protect\n|move|p2a: Mew|Max Mindstorm|p1a: Toxapex\n|-supereffective|p1a: Toxapex\n|-zbroken|p1a: Toxapex\n|-damage|p1a: Toxapex|43/216\n|\n|-weather|SunnyDay|[upkeep]\n|-heal|p1a: Toxapex|56/216|[from] item: Black Sludge\n|-damage|p2a: Mew|114/582 tox|[from] psn\n|upkeep\n|-end|p2a: Mew|Dynamax\n|-heal|p2a: Mew|57/291 tox|[silent]\n|turn|25\n|\n|t:|1685134074\n|move|p1a: Toxapex|Baneful Bunker|p1a: Toxapex\n|-singleturn|p1a: Toxapex|move: Protect\n|move|p2a: Mew|Psychic Fangs|p1a: Toxapex\n|-activate|p1a: Toxapex|move: Protect\n|\n|-weather|SunnyDay|[upkeep]\n|-heal|p1a: Toxapex|69/216|[from] item: Black Sludge\n|-damage|p2a: Mew|0 fnt|[from] psn\n|faint|p2a: Mew\n|upkeep\n|inactive|gareeb adani has 60 seconds left.\n|inactive|gareeb adani has 30 seconds left.\n|inactive|gareeb adani has 20 seconds left.\n|inactive|gareeb adani has 15 seconds left.\n|\n|t:|1685134135\n|switch|p2a: Latias|Latias, L80, F|195/259 tox\n|turn|26\n|inactive|gareeb adani has 25 seconds left this turn.\n|\n|t:|1685134142\n|move|p2a: Latias|Psychic|p1a: Toxapex\n|-supereffective|p1a: Toxapex\n|-damage|p1a: Toxapex|0 fnt\n|faint|p1a: Toxapex\n|\n|-weather|SunnyDay|[upkeep]\n|-heal|p2a: Latias|211/259 tox|[from] item: Leftovers\n|-damage|p2a: Latias|195/259 tox|[from] psn\n|-fieldend|move: Psychic Terrain\n|upkeep\n|inactive|gareeb adani has 30 seconds left this turn.\n|\n|t:|1685134164\n|switch|p1a: Persian|Persian, L88, F|194/258\n|-damage|p1a: Persian|162/258|[from] Stealth Rock\n|turn|27\n|\n|t:|1685134172\n|switch|p2a: Hippowdon|Hippowdon, L80, F|191/304 tox\n|-weather|Sandstorm|[from] ability: Sand Stream|[of] p2a: Hippowdon\n|move|p1a: Persian|Play Rough|p2a: Hippowdon\n|-damage|p2a: Hippowdon|121/304 tox\n|\n|-weather|Sandstorm|[upkeep]\n|-damage|p1a: Persian|146/258|[from] Sandstorm\n|-heal|p2a: Hippowdon|140/304 tox|[from] item: Leftovers\n|-damage|p2a: Hippowdon|121/304 tox|[from] psn\n|upkeep\n|turn|28\n|\n|t:|1685134190\n|-start|p1a: Persian|Dynamax|\n|-heal|p1a: Persian|292/516|[silent]\n|move|p1a: Persian|Max Starfall|p2a: Hippowdon\n|-damage|p2a: Hippowdon|56/304 tox\n|-fieldstart|move: Misty Terrain\n|move|p2a: Hippowdon|Earthquake|p1a: Persian\n|-damage|p1a: Persian|163/516\n|\n|-weather|Sandstorm|[upkeep]\n|-damage|p1a: Persian|147/516|[from] Sandstorm\n|-heal|p2a: Hippowdon|75/304 tox|[from] item: Leftovers\n|-damage|p2a: Hippowdon|37/304 tox|[from] psn\n|upkeep\n|turn|29\n|\n|t:|1685134206\n|move|p1a: Persian|Max Flutterby|p2a: Hippowdon\n|-damage|p2a: Hippowdon|0 fnt\n|faint|p2a: Hippowdon\n|\n|-weather|Sandstorm|[upkeep]\n|-damage|p1a: Persian|131/516|[from] Sandstorm\n|upkeep\n|inactive|gareeb adani has 30 seconds left.\n|\n|t:|1685134239\n|switch|p2a: Mimikyu|Mimikyu, L76, M|209/209\n|turn|30\n|\n|t:|1685134250\n|move|p1a: Persian|Max Starfall|p2a: Mimikyu\n|-activate|p2a: Mimikyu|ability: Disguise\n|-damage|p2a: Mimikyu|209/209\n|detailschange|p2a: Mimikyu|Mimikyu-Busted, L76, M\n|-damage|p2a: Mimikyu|183/209|[from] pokemon: Mimikyu-Busted\n|move|p2a: Mimikyu|Play Rough|p1a: Persian\n|-damage|p1a: Persian|9/516\n|-damage|p2a: Mimikyu|163/209|[from] item: Life Orb\n|\n|-weather|Sandstorm|[upkeep]\n|-damage|p1a: Persian|0 fnt|[from] Sandstorm\n|-damage|p2a: Mimikyu|150/209|[from] Sandstorm\n|faint|p1a: Persian\n|upkeep\n|\n|t:|1685134262\n|switch|p1a: Entei|Entei, L78|307/307\n|-damage|p1a: Entei|231/307|[from] Stealth Rock\n|turn|31\n|\n|t:|1685134276\n|move|p1a: Entei|Stone Edge|p2a: Mimikyu\n|-damage|p2a: Mimikyu|26/209\n|move|p2a: Mimikyu|Shadow Claw|p1a: Entei\n|-damage|p1a: Entei|152/307\n|-damage|p2a: Mimikyu|6/209|[from] item: Life Orb\n|\n|-weather|none\n|upkeep\n|turn|32\n|\n|t:|1685134285\n|move|p2a: Mimikyu|Shadow Sneak|p1a: Entei\n|-damage|p1a: Entei|100/307\n|-damage|p2a: Mimikyu|0 fnt|[from] item: Life Orb\n|faint|p2a: Mimikyu\n|move|p1a: Entei|Stone Edge|p2: Mimikyu|[notarget]\n|-fail|p1a: Entei\n|\n|-fieldend|Misty Terrain\n|upkeep\n|\n|t:|1685134286\n|switch|p2a: Latias|Latias, L80, F|195/259 tox\n|turn|33\n|\n|t:|1685134293\n|move|p2a: Latias|Psychic|p1a: Entei\n|-damage|p1a: Entei|0 fnt\n|faint|p1a: Entei\n|\n|win|gareeb adani\n|raw|balloonflavors's rating: 1348 &rarr; <strong>1337</strong><br />(-11 for losing)\n|raw|gareeb adani's rating: 1506 &rarr; <strong>1517</strong><br />(+11 for winning)\n", "inputlog": ">version 61c68e60481ef09071210320730fc448fef50368\n>start {\"formatid\":\"gen8randombattle\",\"seed\":[11330,61684,850,64237],\"rated\":\"Rated battle\"}\n>player p1 {\"name\":\"balloonflavors\",\"avatar\":\"169\",\"rating\":1348,\"seed\":[25180,40006,30194,49311]}\n>player p2 {\"name\":\"gareeb adani\",\"avatar\":\"2\",\"rating\":1532,\"seed\":[48950,56848,39170,36840]}\n>p1 move playrough\n>p2 switch 5\n>p1 switch 4\n>p2 move stealthrock\n>p1 move willowisp\n>p2 switch 6\n>p1 switch 3\n>p2 move foulplay\n>p1 move toxicspikes\n>p2 move foulplay\n>p1 move painsplit\n>p2 move foulplay\n>p1 move painsplit\n>p2 move foulplay\n>p1 move toxicspikes\n>p2 move foulplay\n>p1 switch 4\n>p1 move playrough\n>p2 move protect\n>p1 move playrough\n>p2 switch 6\n>p1 switch 3\n>p2 move stoneedge\n>p1 move synthesis\n>p2 switch 6\n>p1 switch 6\n>p2 move wish\n>p1 move scald\n>p2 switch 5\n>p1 move toxic\n>p2 move psychic\n>p1 move banefulbunker\n>p2 move psychic\n>p1 switch 5\n>p2 move psychic\n>p1 move roost\n>p2 switch 5\n>p1 move scald\n>p2 move wish\n>p2 switch 2\n>p1 move toxic\n>p2 move dragondance\n>p1 move scald\n>p2 move dragondance\n>p1 move scald\n>p2 move psychicfangs dynamax\n>p1 switch 6\n>p1 move shadowsneak\n>p2 move flareblitz dynamax\n>p1 switch 5\n>p1 move banefulbunker\n>p2 move psychicfangs dynamax\n>p1 move banefulbunker\n>p2 move psychicfangs\n>p2 switch 5\n>p1 move recover\n>p2 move psychic\n>p1 switch 3\n>p1 move playrough\n>p2 switch 6\n>p1 move playrough dynamax\n>p2 move earthquake\n>p1 move uturn dynamax\n>p2 move earthquake\n>p2 switch 4\n>p1 move playrough dynamax\n>p2 move playrough\n>p1 switch 2\n>p1 move stoneedge\n>p2 move shadowclaw\n>p1 move stoneedge\n>p2 move shadowsneak\n>p2 switch 6\n>p1 move stoneedge\n>p2 move psychic", "uploadtime": 1685134295, "views": 3, "p1id": "balloonflavors", "p2id": "gareebadani", "formatid": "gen8randombattle", "rating": 1337, "private": 0, "password": ""}