{"id": "gen8randombattle-1872680486", "p1": "FarBocko", "p2": "TheAlien290", "format": "[Gen 8] Random Battle", "log": "|j|\u2606FarBocko\n|j|\u2606TheAlien290\n|t:|1685266893\n|gametype|singles\n|player|p1|FarBocko|265|\n|player|p2|TheAlien290|1|\n|teamsize|p1|6\n|teamsize|p2|6\n|gen|8\n|tier|[Gen 8] Random Battle\n|rule|Species Clause: Limit one of each Pok\u00e9mon\n|rule|HP Percentage Mod: HP is shown in percentages\n|rule|Sleep Clause Mod: Limit one foe put to sleep\n|\n|t:|1685266893\n|start\n|switch|p1a: Avalugg|Avalugg, L86, M|303/303\n|switch|p2a: Runerigus|Runerigus, L84, F|235/235\n|turn|1\n|\n|t:|1685266914\n|switch|p2a: Perrserker|Perrserker, L86, F|261/261\n|move|p1a: Avalugg|Curse|p1a: Avalugg\n|-unboost|p1a: Avalugg|spe|1\n|-boost|p1a: Avalugg|atk|1\n|-boost|p1a: Avalugg|def|1\n|\n|upkeep\n|turn|2\n|\n|t:|1685266932\n|move|p2a: Perrserker|Iron Head|p1a: Avalugg\n|-supereffective|p1a: Avalugg\n|-damage|p1a: Avalugg|135/303\n|move|p1a: Avalugg|Body Press|p2a: Perrserker\n|-supereffective|p2a: Perrserker\n|-damage|p2a: Perrserker|0 fnt\n|faint|p2a: Perrserker\n|\n|-heal|p1a: Avalugg|153/303|[from] item: Leftovers\n|upkeep\n|\n|t:|1685266940\n|switch|p2a: Bisharp|Bisharp, L80, F|235/235\n|turn|3\n|\n|t:|1685266950\n|move|p2a: Bisharp|Iron Head|p1a: Avalugg\n|-supereffective|p1a: Avalugg\n|-damage|p1a: Avalugg|67/303\n|-damage|p2a: Bisharp|212/235|[from] item: Life Orb\n|move|p1a: Avalugg|Body Press|p2a: Bisharp\n|-supereffective|p2a: Bisharp\n|-damage|p2a: Bisharp|0 fnt\n|faint|p2a: Bisharp\n|\n|-heal|p1a: Avalugg|85/303|[from] item: Leftovers\n|upkeep\n|\n|t:|1685266970\n|switch|p2a: Politoed|Politoed, L86, F|295/295\n|-weather|RainDance|[from] ability: Drizzle|[of] p2a: Politoed\n|turn|4\n|\n|t:|1685266978\n|move|p2a: Politoed|Scald|p1a: Avalugg\n|-damage|p1a: Avalugg|0 fnt\n|faint|p1a: Avalugg\n|\n|-weather|RainDance|[upkeep]\n|upkeep\n|\n|t:|1685266991\n|switch|p1a: Regigigas|Regigigas, L82|315/315\n|-start|p1a: Regigigas|ability: Slow Start\n|turn|5\n|\n|t:|1685267004\n|move|p2a: Politoed|Toxic|p1a: Regigigas\n|-status|p1a: Regigigas|tox\n|move|p1a: Regigigas|Substitute|p1a: Regigigas\n|-start|p1a: Regigigas|Substitute\n|-damage|p1a: Regigigas|237/315 tox\n|\n|-weather|RainDance|[upkeep]\n|-heal|p1a: Regigigas|256/315 tox|[from] item: Leftovers\n|-damage|p1a: Regigigas|237/315 tox|[from] psn\n|upkeep\n|turn|6\n|\n|t:|1685267018\n|move|p1a: Regigigas|Protect|p1a: Regigigas\n|-singleturn|p1a: Regigigas|Protect\n|move|p2a: Politoed|Scald|p1a: Regigigas\n|-activate|p1a: Regigigas|move: Protect\n|\n|-weather|RainDance|[upkeep]\n|-heal|p1a: Regigigas|256/315 tox|[from] item: Leftovers\n|-damage|p1a: Regigigas|218/315 tox|[from] psn\n|upkeep\n|turn|7\n|\n|t:|1685267033\n|move|p2a: Politoed|Scald|p1a: Regigigas\n|-end|p1a: Regigigas|Substitute\n|move|p1a: Regigigas|Body Slam|p2a: Politoed\n|-damage|p2a: Politoed|223/295\n|\n|-weather|RainDance|[upkeep]\n|-heal|p2a: Politoed|241/295|[from] item: Leftovers\n|-heal|p1a: Regigigas|237/315 tox|[from] item: Leftovers\n|-damage|p1a: Regigigas|180/315 tox|[from] psn\n|upkeep\n|turn|8\n|\n|t:|1685267047\n|move|p1a: Regigigas|Protect|p1a: Regigigas\n|-singleturn|p1a: Regigigas|Protect\n|move|p2a: Politoed|Scald|p1a: Regigigas\n|-activate|p1a: Regigigas|move: Protect\n|\n|-weather|none\n|-heal|p2a: Politoed|259/295|[from] item: Leftovers\n|-heal|p1a: Regigigas|199/315 tox|[from] item: Leftovers\n|-damage|p1a: Regigigas|123/315 tox|[from] psn\n|upkeep\n|turn|9\n|\n|t:|1685267060\n|move|p2a: Politoed|Scald|p1a: Regigigas\n|-damage|p1a: Regigigas|54/315 tox\n|move|p1a: Regigigas|Body Slam|p2a: Politoed\n|-damage|p2a: Politoed|192/295\n|-status|p2a: Politoed|par\n|\n|-heal|p1a: Regigigas|73/315 tox|[from] item: Leftovers\n|-heal|p2a: Politoed|210/295 par|[from] item: Leftovers\n|-damage|p1a: Regigigas|0 fnt|[from] psn\n|faint|p1a: Regigigas\n|-end|p1a: Regigigas|Slow Start|[silent]\n|upkeep\n|\n|t:|1685267081\n|switch|p1a: Amoonguss|Amoonguss, L84, M|329/329\n|turn|10\n|\n|t:|1685267104\n|move|p1a: Amoonguss|Spore||[still]\n|-fail|p1a: Amoonguss\n|move|p2a: Politoed|Ice Beam|p1a: Amoonguss\n|-supereffective|p1a: Amoonguss\n|-damage|p1a: Amoonguss|203/329\n|\n|-heal|p1a: Amoonguss|223/329|[from] item: Black Sludge\n|-heal|p2a: Politoed|228/295 par|[from] item: Leftovers\n|upkeep\n|turn|11\n|\n|t:|1685267114\n|move|p1a: Amoonguss|Giga Drain|p2a: Politoed\n|-supereffective|p2a: Politoed\n|-damage|p2a: Politoed|106/295 par\n|-heal|p1a: Amoonguss|284/329|[from] drain|[of] p2a: Politoed\n|move|p2a: Politoed|Ice Beam|p1a: Amoonguss\n|-supereffective|p1a: Amoonguss\n|-damage|p1a: Amoonguss|148/329\n|\n|-heal|p1a: Amoonguss|168/329|[from] item: Black Sludge\n|-heal|p2a: Politoed|124/295 par|[from] item: Leftovers\n|upkeep\n|turn|12\n|\n|t:|1685267127\n|move|p2a: Politoed|Protect|p2a: Politoed\n|-singleturn|p2a: Politoed|Protect\n|move|p1a: Amoonguss|Giga Drain|p2a: Politoed\n|-activate|p2a: Politoed|move: Protect\n|\n|-heal|p1a: Amoonguss|188/329|[from] item: Black Sludge\n|-heal|p2a: Politoed|142/295 par|[from] item: Leftovers\n|upkeep\n|turn|13\n|\n|t:|1685267137\n|move|p1a: Amoonguss|Giga Drain|p2a: Politoed\n|-supereffective|p2a: Politoed\n|-damage|p2a: Politoed|20/295 par\n|-heal|p1a: Amoonguss|249/329|[from] drain|[of] p2a: Politoed\n|move|p2a: Politoed|Ice Beam|p1a: Amoonguss\n|-supereffective|p1a: Amoonguss\n|-damage|p1a: Amoonguss|111/329\n|-status|p1a: Amoonguss|frz\n|\n|-heal|p1a: Amoonguss|131/329 frz|[from] item: Black Sludge\n|-heal|p2a: Politoed|38/295 par|[from] item: Leftovers\n|upkeep\n|turn|14\n|\n|t:|1685267151\n|-curestatus|p1a: Amoonguss|frz|[msg]\n|move|p1a: Amoonguss|Giga Drain|p2a: Politoed\n|-supereffective|p2a: Politoed\n|-damage|p2a: Politoed|0 fnt\n|-heal|p1a: Amoonguss|150/329|[from] drain|[of] p2a: Politoed\n|faint|p2a: Politoed\n|\n|-heal|p1a: Amoonguss|170/329|[from] item: Black Sludge\n|upkeep\n|\n|t:|1685267157\n|switch|p2a: Kyurem|Kyurem-White, L74|307/307\n|-ability|p2a: Kyurem|Turboblaze\n|turn|15\n|\n|t:|1685267171\n|switch|p1a: Silvally|Silvally-Steel, L84|297/297\n|move|p2a: Kyurem|Freeze-Dry|p1a: Silvally\n|-resisted|p1a: Silvally\n|-damage|p1a: Silvally|235/297\n|\n|upkeep\n|turn|16\n|\n|t:|1685267200\n|switch|p2a: Groudon|Groudon, L73|266/266\n|-weather|SunnyDay|[from] ability: Drought|[of] p2a: Groudon\n|move|p1a: Silvally|Multi-Attack|p2a: Groudon\n|-damage|p2a: Groudon|167/266\n|\n|-weather|SunnyDay|[upkeep]\n|-heal|p2a: Groudon|183/266|[from] item: Leftovers\n|upkeep\n|turn|17\n|\n|t:|1685267224\n|switch|p1a: Keldeo|Keldeo-Resolute, L79|273/273\n|move|p2a: Groudon|Precipice Blades|p1a: Keldeo\n|-damage|p1a: Keldeo|137/273\n|\n|-weather|SunnyDay|[upkeep]\n|-heal|p2a: Groudon|199/266|[from] item: Leftovers\n|upkeep\n|turn|18\n|\n|t:|1685267244\n|switch|p2a: Kyurem|Kyurem-White, L74|307/307\n|-ability|p2a: Kyurem|Turboblaze\n|move|p1a: Keldeo|Scald|p2a: Kyurem\n|-resisted|p2a: Kyurem\n|-damage|p2a: Kyurem|274/307\n|\n|-weather|SunnyDay|[upkeep]\n|upkeep\n|turn|19\n|\n|t:|1685267258\n|switch|p1a: Zygarde|Zygarde-10%, L82|223/223\n|-ability|p1a: Zygarde|Aura Break\n|move|p2a: Kyurem|Freeze-Dry|p1a: Zygarde\n|-supereffective|p1a: Zygarde\n|-damage|p1a: Zygarde|0 fnt\n|faint|p1a: Zygarde\n|\n|-weather|SunnyDay|[upkeep]\n|upkeep\n|\n|t:|1685267270\n|switch|p1a: Silvally|Silvally-Steel, L84|235/297\n|turn|20\n|\n|t:|1685267286\n|switch|p2a: Runerigus|Runerigus, L84, F|235/235\n|move|p1a: Silvally|Multi-Attack|p2a: Runerigus\n|-damage|p2a: Runerigus|154/235\n|\n|-weather|none\n|-heal|p2a: Runerigus|168/235|[from] item: Leftovers\n|upkeep\n|turn|21\n|\n|t:|1685267300\n|move|p1a: Silvally|Multi-Attack|p2a: Runerigus\n|-damage|p2a: Runerigus|83/235\n|move|p2a: Runerigus|Will-O-Wisp|p1a: Silvally\n|-status|p1a: Silvally|brn\n|\n|-heal|p2a: Runerigus|97/235|[from] item: Leftovers\n|-damage|p1a: Silvally|217/297 brn|[from] brn\n|upkeep\n|turn|22\n|\n|t:|1685267312\n|move|p1a: Silvally|Multi-Attack|p2a: Runerigus\n|-damage|p2a: Runerigus|57/235\n|move|p2a: Runerigus|Earthquake|p1a: Silvally\n|-supereffective|p1a: Silvally\n|-damage|p1a: Silvally|13/297 brn\n|\n|-heal|p2a: Runerigus|71/235|[from] item: Leftovers\n|-damage|p1a: Silvally|0 fnt|[from] brn\n|faint|p1a: Silvally\n|upkeep\n|\n|t:|1685267324\n|switch|p1a: Amoonguss|Amoonguss, L84, M|279/329\n|turn|23\n|\n|t:|1685267339\n|move|p1a: Amoonguss|Spore|p2a: Runerigus\n|-status|p2a: Runerigus|slp|[from] move: Spore\n|cant|p2a: Runerigus|slp\n|\n|-heal|p2a: Runerigus|85/235 slp|[from] item: Leftovers\n|-heal|p1a: Amoonguss|299/329|[from] item: Black Sludge\n|upkeep\n|turn|24\n|\n|t:|1685267356\n|switch|p2a: Kyurem|Kyurem-White, L74|274/307\n|-ability|p2a: Kyurem|Turboblaze\n|move|p1a: Amoonguss|Giga Drain|p2a: Kyurem\n|-resisted|p2a: Kyurem\n|-damage|p2a: Kyurem|235/307\n|-heal|p1a: Amoonguss|319/329|[from] drain|[of] p2a: Kyurem\n|\n|-heal|p1a: Amoonguss|329/329|[from] item: Black Sludge\n|upkeep\n|turn|25\n|\n|t:|1685267372\n|move|p2a: Kyurem|Freeze-Dry|p1a: Amoonguss\n|-supereffective|p1a: Amoonguss\n|-damage|p1a: Amoonguss|23/329\n|move|p1a: Amoonguss|Spore|p2a: Kyurem\n|-message|Sleep Clause Mod activated.\n|-hint|Sleep Clause Mod prevents players from putting more than one of their opponent's Pok\u00e9mon to sleep at a time\n|\n|-heal|p1a: Amoonguss|43/329|[from] item: Black Sludge\n|upkeep\n|turn|26\n|\n|t:|1685267394\n|move|p2a: Kyurem|Freeze-Dry|p1a: Amoonguss\n|-supereffective|p1a: Amoonguss\n|-damage|p1a: Amoonguss|0 fnt\n|faint|p1a: Amoonguss\n|\n|upkeep\n|\n|t:|1685267405\n|switch|p1a: Keldeo|Keldeo-Resolute, L79|137/273\n|turn|27\n|\n|t:|1685267418\n|move|p1a: Keldeo|Secret Sword|p2a: Kyurem\n|-supereffective|p2a: Kyurem\n|-damage|p2a: Kyurem|0 fnt\n|faint|p2a: Kyurem\n|\n|upkeep\n|\n|t:|1685267422\n|switch|p2a: Runerigus|Runerigus, L84, F|85/235 slp\n|turn|28\n|\n|t:|1685267431\n|-start|p1a: Keldeo|Dynamax|\n|-heal|p1a: Keldeo|274/546|[silent]\n|move|p1a: Keldeo|Max Geyser|p2a: Runerigus\n|-supereffective|p2a: Runerigus\n|-damage|p2a: Runerigus|0 fnt\n|-weather|RainDance\n|faint|p2a: Runerigus\n|\n|-weather|RainDance|[upkeep]\n|upkeep\n|\n|t:|1685267440\n|switch|p2a: Groudon|Groudon, L73|199/266\n|-weather|SunnyDay|[from] ability: Drought|[of] p2a: Groudon\n|turn|29\n|\n|t:|1685267448\n|-start|p2a: Groudon|Dynamax|\n|-heal|p2a: Groudon|398/532|[silent]\n|move|p1a: Keldeo|Max Geyser|p2a: Groudon\n|-supereffective|p2a: Groudon\n|-damage|p2a: Groudon|224/532\n|-weather|RainDance\n|move|p2a: Groudon|Max Quake|p1a: Keldeo\n|-damage|p1a: Keldeo|105/546\n|-boost|p2a: Groudon|spd|1\n|\n|-weather|RainDance|[upkeep]\n|-heal|p2a: Groudon|240/532|[from] item: Leftovers\n|upkeep\n|turn|30\n|\n|t:|1685267465\n|move|p1a: Keldeo|Max Geyser|p2a: Groudon\n|-supereffective|p2a: Groudon\n|-damage|p2a: Groudon|0 fnt\n|faint|p2a: Groudon\n|\n|win|FarBocko\n", "inputlog": ">version d74822bbc74c095aa312053f7034baee3068d99e\n>start {\"formatid\":\"gen8randombattle\",\"seed\":[12835,60214,24861,20318]}\n>player p1 {\"name\":\"FarBocko\",\"avatar\":\"265\",\"rating\":0,\"seed\":[20411,43999,28558,12016]}\n>player p2 {\"name\":\"TheAlien290\",\"avatar\":\"1\",\"rating\":0,\"seed\":[55521,27076,38093,39156]}\n>p1 move curse\n>p2 switch 5\n>p1 move bodypress\n>p2 move ironhead\n>p2 switch 2\n>p1 move bodypress\n>p2 move ironhead\n>p2 switch 4\n>p1 move recover\n>p2 move scald\n>p1 switch 2\n>p1 move substitute\n>p2 move toxic\n>p1 move protect\n>p2 move scald\n>p1 move bodyslam\n>p2 move scald\n>p1 move protect\n>p2 move scald\n>p1 move bodyslam\n>p2 move scald\n>p1 switch 6\n>p1 move spore\n>p2 move icebeam\n>p1 move gigadrain\n>p2 move icebeam\n>p1 move gigadrain\n>p2 move protect\n>p1 move gigadrain\n>p2 move icebeam\n>p1 move gigadrain\n>p2 move icebeam\n>p2 switch 6\n>p1 switch 3\n>p2 move freezedry\n>p1 move multiattack\n>p2 switch 3\n>p1 switch 5\n>p2 move precipiceblades\n>p1 move scald\n>p2 switch 3\n>p1 switch 4\n>p2 move freezedry\n>p1 switch 5\n>p1 move multiattack\n>p2 switch 5\n>p1 move multiattack\n>p2 move willowisp\n>p1 move multiattack\n>p2 move earthquake\n>p1 switch 3\n>p1 move spore\n>p2 move poltergeist\n>p1 move gigadrain\n>p2 switch 5\n>p1 move spore\n>p2 move freezedry\n>p1 move sludgebomb\n>p2 move freezedry\n>p1 switch 4\n>p1 move secretsword\n>p2 move freezedry\n>p2 switch 5\n>p1 move scald dynamax\n>p2 move willowisp\n>p2 switch 3\n>p1 move hydropump dynamax\n>p2 move precipiceblades dynamax\n>p1 move hydropump dynamax\n>p2 move precipiceblades dynamax", "uploadtime": 1685267472, "views": 3, "p1id": "farbocko", "p2id": "thealien290", "formatid": "gen8randombattle", "rating": 0, "private": 0, "password": ""}