{"id": "gen8randombattle-1861598999", "p1": "cheng555666", "p2": "Caldel", "format": "[Gen 8] Random Battle", "log": "|j|\u2606cheng555666\n|j|\u2606Caldel\n|t:|1683779076\n|gametype|singles\n|player|p1|cheng555666|nate|1170\n|player|p2|Caldel|rosa|1297\n|teamsize|p1|6\n|teamsize|p2|6\n|gen|8\n|tier|[Gen 8] Random Battle\n|rated|\n|rule|Species Clause: Limit one of each Pok\u00e9mon\n|rule|HP Percentage Mod: HP is shown in percentages\n|rule|Sleep Clause Mod: Limit one foe put to sleep\n|\n|t:|1683779076\n|start\n|switch|p1a: Lanturn|Lanturn, L86, F|355/355\n|switch|p2a: Palkia|Palkia, L74|255/255\n|-ability|p2a: Palkia|Pressure\n|turn|1\n|inactive|Battle timer is ON: inactive players will automatically lose when time's up. (requested by Caldel)\n|\n|t:|1683779096\n|switch|p2a: Heliolisk|Heliolisk, L82, M|236/236\n|move|p1a: Lanturn|Volt Switch|p2a: Heliolisk\n|-resisted|p2a: Heliolisk\n|-damage|p2a: Heliolisk|203/236\n|\n|t:|1683779106\n|switch|p1a: Reuniclus|Reuniclus, L84, M|322/322|[from] Volt Switch\n|\n|upkeep\n|turn|2\n|\n|t:|1683779117\n|move|p2a: Heliolisk|Glare|p1a: Reuniclus\n|-status|p1a: Reuniclus|par\n|move|p1a: Reuniclus|Focus Blast|p2a: Heliolisk\n|-supereffective|p2a: Heliolisk\n|-damage|p2a: Heliolisk|0 fnt\n|faint|p2a: Heliolisk\n|\n|upkeep\n|\n|t:|1683779140\n|switch|p2a: Armaldo|Armaldo, L86, M|269/269\n|turn|3\n|\n|t:|1683779149\n|move|p2a: Armaldo|Swords Dance|p2a: Armaldo\n|-boost|p2a: Armaldo|atk|2\n|move|p1a: Reuniclus|Focus Blast|p2a: Armaldo\n|-damage|p2a: Armaldo|129/269\n|\n|upkeep\n|turn|4\n|\n|t:|1683779165\n|move|p2a: Armaldo|Stone Edge|p1a: Reuniclus\n|-damage|p1a: Reuniclus|9/322 par\n|move|p1a: Reuniclus|Focus Blast|p2a: Armaldo\n|-damage|p2a: Armaldo|0 fnt\n|faint|p2a: Armaldo\n|\n|upkeep\n|\n|t:|1683779176\n|switch|p2a: Zacian|Zacian-Crowned, L62|218/218\n|-ability|p2a: Zacian|Intrepid Sword|boost\n|-boost|p2a: Zacian|atk|1\n|turn|5\n|\n|t:|1683779187\n|move|p2a: Zacian|Psychic Fangs|p1a: Reuniclus\n|-resisted|p1a: Reuniclus\n|-damage|p1a: Reuniclus|0 fnt\n|faint|p1a: Reuniclus\n|\n|upkeep\n|\n|t:|1683779199\n|switch|p1a: Indeedee|Indeedee, L83, M|235/235\n|-fieldstart|move: Psychic Terrain|[from] ability: Psychic Surge|[of] p1a: Indeedee\n|turn|6\n|\n|t:|1683779218\n|-start|p1a: Indeedee|Dynamax|\n|-heal|p1a: Indeedee|470/470|[silent]\n|move|p2a: Zacian|Swords Dance|p2a: Zacian\n|-boost|p2a: Zacian|atk|2\n|move|p1a: Indeedee|Max Flare|p2a: Zacian\n|-supereffective|p2a: Zacian\n|-damage|p2a: Zacian|0 fnt\n|-weather|SunnyDay\n|faint|p2a: Zacian\n|-damage|p1a: Indeedee|447/470|[from] item: Life Orb\n|\n|-weather|SunnyDay|[upkeep]\n|upkeep\n|inactive|Caldel has 120 seconds left.\n|\n|t:|1683779230\n|switch|p2a: Ribombee|Ribombee, L82, M|233/233\n|turn|7\n|\n|t:|1683779235\n|switch|p2a: Palkia|Palkia, L74|255/255\n|-ability|p2a: Palkia|Pressure\n|move|p1a: Indeedee|Max Flare|p2a: Palkia\n|-resisted|p2a: Palkia\n|-damage|p2a: Palkia|215/255\n|-damage|p1a: Indeedee|424/470|[from] item: Life Orb\n|\n|-weather|SunnyDay|[upkeep]\n|upkeep\n|turn|8\n|inactive|Caldel has 120 seconds left.\n|\n|t:|1683779251\n|move|p1a: Indeedee|Max Mindstorm|p2a: Palkia\n|-damage|p2a: Palkia|16/255\n|-damage|p1a: Indeedee|401/470|[from] item: Life Orb\n|move|p2a: Palkia|Thunder Wave|p1a: Indeedee\n|-status|p1a: Indeedee|par\n|\n|-weather|SunnyDay|[upkeep]\n|upkeep\n|-end|p1a: Indeedee|Dynamax\n|-heal|p1a: Indeedee|201/235 par|[silent]\n|turn|9\n|inactive|Caldel has 120 seconds left.\n|\n|t:|1683779271\n|-start|p2a: Palkia|Dynamax|\n|-heal|p2a: Palkia|32/510|[silent]\n|move|p2a: Palkia|Max Geyser|p1a: Indeedee\n|-damage|p1a: Indeedee|116/235 par\n|-weather|RainDance\n|move|p1a: Indeedee|Expanding Force|p2a: Palkia\n|-damage|p2a: Palkia|0 fnt\n|faint|p2a: Palkia\n|-damage|p1a: Indeedee|93/235 par|[from] item: Life Orb\n|\n|-weather|RainDance|[upkeep]\n|upkeep\n|\n|t:|1683779282\n|switch|p2a: Ribombee|Ribombee, L82, M|233/233\n|turn|10\n|\n|t:|1683779290\n|move|p2a: Ribombee|U-turn|p1a: Indeedee\n|-supereffective|p1a: Indeedee\n|-damage|p1a: Indeedee|0 fnt\n|faint|p1a: Indeedee\n|\n|t:|1683779294\n|switch|p2a: Dragalge|Dragalge, L86, M|252/252|[from] U-turn\n|\n|-weather|RainDance|[upkeep]\n|-fieldend|move: Psychic Terrain\n|upkeep\n|\n|t:|1683779308\n|switch|p1a: Seaking|Seaking, L88, F|284/284\n|turn|11\n|\n|t:|1683779313\n|move|p1a: Seaking|Swords Dance|p1a: Seaking\n|-boost|p1a: Seaking|atk|2\n|move|p2a: Dragalge|Toxic Spikes|p1a: Seaking\n|-sidestart|p1: cheng555666|move: Toxic Spikes\n|\n|-weather|RainDance|[upkeep]\n|upkeep\n|turn|12\n|\n|t:|1683779324\n|move|p1a: Seaking|Waterfall|p2a: Dragalge\n|-resisted|p2a: Dragalge\n|-damage|p2a: Dragalge|96/252\n|-damage|p1a: Seaking|256/284|[from] item: Life Orb\n|cant|p2a: Dragalge|flinch\n|\n|-weather|RainDance|[upkeep]\n|-heal|p2a: Dragalge|111/252|[from] item: Black Sludge\n|upkeep\n|turn|13\n|\n|t:|1683779334\n|move|p1a: Seaking|Waterfall|p2a: Dragalge\n|-resisted|p2a: Dragalge\n|-damage|p2a: Dragalge|0 fnt\n|faint|p2a: Dragalge\n|-damage|p1a: Seaking|228/284|[from] item: Life Orb\n|\n|-weather|none\n|upkeep\n|-message|Caldel forfeited.\n|\n|win|cheng555666\n|raw|cheng555666's rating: 1170 &rarr; <strong>1204</strong><br />(+34 for winning)\n|raw|Caldel's rating: 1297 &rarr; <strong>1263</strong><br />(-34 for losing)\n|l|\u2606Caldel\n", "inputlog": ">version bce759c5f189753f4322d11c9e5aa78bbe1b1bf9\n>start {\"formatid\":\"gen8randombattle\",\"seed\":[36089,60226,65232,38544],\"rated\":\"Rated battle\"}\n>player p1 {\"name\":\"cheng555666\",\"avatar\":\"nate\",\"rating\":1170,\"seed\":[20261,31057,11399,8876]}\n>player p2 {\"name\":\"Caldel\",\"avatar\":\"rosa\",\"rating\":1297,\"seed\":[43482,18652,45275,64069]}\n>p1 move voltswitch\n>p2 switch 5\n>p1 switch 4\n>p1 move focusblast\n>p2 move glare\n>p2 switch 2\n>p1 move focusblast\n>p2 move swordsdance\n>p1 move focusblast\n>p2 move stoneedge\n>p2 switch 3\n>p1 move focusblast\n>p2 move psychicfangs\n>p1 switch 6\n>p1 move mysticalfire dynamax\n>p2 move swordsdance\n>p2 switch 6\n>p1 move mysticalfire dynamax\n>p2 switch 5\n>p1 move expandingforce dynamax\n>p2 move thunderwave\n>p1 move expandingforce\n>p2 move hydropump dynamax\n>p2 switch 5\n>p1 move mysticalfire\n>p2 move uturn\n>p2 switch 4\n>p1 switch 2\n>p1 move swordsdance\n>p2 move toxicspikes\n>p1 move waterfall\n>p2 move toxicspikes\n>p1 move waterfall\n>p2 move toxicspikes\n>forcelose p2", "uploadtime": 1683779346, "views": 8, "p1id": "cheng555666", "p2id": "caldel", "formatid": "gen8randombattle", "rating": 1204, "private": 0, "password": ""}