{"id": "gen8randombattle-1865533419", "p1": "Mjtruce", "p2": "LordSenju91", "format": "[Gen 8] Random Battle", "log": "|j|\u2606Mjtruce\n|j|\u2606LordSenju91\n|t:|1684303994\n|gametype|singles\n|player|p1|Mjtruce|266|\n|player|p2|LordSenju91|drayden|\n|teamsize|p1|6\n|teamsize|p2|6\n|gen|8\n|tier|[Gen 8] Random Battle\n|rule|Species Clause: Limit one of each Pok\u00e9mon\n|rule|HP Percentage Mod: HP is shown in percentages\n|rule|Sleep Clause Mod: Limit one foe put to sleep\n|\n|t:|1684303994\n|start\n|switch|p1a: Krookodile|Krookodile, L78, F|276/276\n|switch|p2a: Xerneas|Xerneas, L67|280/280\n|-ability|p1a: Krookodile|Intimidate|boost\n|-unboost|p2a: Xerneas|atk|1\n|-ability|p2a: Xerneas|Fairy Aura\n|turn|1\n|\n|t:|1684304023\n|move|p1a: Krookodile|Knock Off|p2a: Xerneas\n|-resisted|p2a: Xerneas\n|-damage|p2a: Xerneas|220/280\n|-enditem|p2a: Xerneas|Power Herb|[from] move: Knock Off|[of] p1a: Krookodile\n|move|p2a: Xerneas|Geomancy||[still]\n|-prepare|p2a: Xerneas|Geomancy\n|\n|upkeep\n|turn|2\n|\n|t:|1684304068\n|switch|p1a: Ditto|Ditto, L76|198/198\n|-transform|p1a: Ditto|p2a: Xerneas|[from] ability: Imposter\n|-ability|p1a: Ditto|Fairy Aura\n|move|p2a: Xerneas|Geomancy|p2a: Xerneas|[from]lockedmove\n|-boost|p2a: Xerneas|spa|2\n|-boost|p2a: Xerneas|spd|2\n|-boost|p2a: Xerneas|spe|2\n|\n|upkeep\n|turn|3\n|\n|t:|1684304093\n|move|p2a: Xerneas|Moonblast|p1a: Ditto\n|-damage|p1a: Ditto|0 fnt\n|faint|p1a: Ditto\n|\n|upkeep\n|\n|t:|1684304099\n|switch|p1a: Tapu Fini|Tapu Fini, L78|237/237\n|-fieldstart|move: Misty Terrain|[from] ability: Misty Surge|[of] p1a: Tapu Fini\n|turn|4\n|\n|t:|1684304116\n|move|p2a: Xerneas|Moonblast|p1a: Tapu Fini\n|-damage|p1a: Tapu Fini|54/237\n|-unboost|p1a: Tapu Fini|spa|1\n|move|p1a: Tapu Fini|Defog|p2a: Xerneas\n|-unboost|p2a: Xerneas|evasion|1\n|-fieldend|Misty Terrain\n|\n|-heal|p1a: Tapu Fini|68/237|[from] item: Leftovers\n|upkeep\n|turn|5\n|\n|t:|1684304137\n|switch|p1a: Shiinotic|Shiinotic, L86, M|243/243\n|move|p2a: Xerneas|Moonblast|p1a: Shiinotic\n|-damage|p1a: Shiinotic|63/243\n|-unboost|p1a: Shiinotic|spa|1\n|\n|-heal|p1a: Shiinotic|78/243|[from] item: Leftovers\n|upkeep\n|turn|6\n|\n|t:|1684304151\n|move|p2a: Xerneas|Moonblast|p1a: Shiinotic\n|-damage|p1a: Shiinotic|0 fnt\n|faint|p1a: Shiinotic\n|\n|upkeep\n|\n|t:|1684304157\n|switch|p1a: Blastoise|Blastoise, L82, M|264/264\n|turn|7\n|\n|t:|1684304163\n|-start|p2a: Xerneas|Dynamax|\n|-heal|p2a: Xerneas|440/560|[silent]\n|move|p2a: Xerneas|Max Starfall|p1a: Blastoise\n|-damage|p1a: Blastoise|0 fnt\n|-fieldstart|move: Misty Terrain\n|faint|p1a: Blastoise\n|\n|upkeep\n|-message|Mjtruce forfeited.\n|\n|win|LordSenju91\n|l|\u2606Mjtruce\n", "inputlog": ">version 3f967b429d9dd76d8eb692efdd7dfe9038092d20\n>start {\"formatid\":\"gen8randombattle\",\"seed\":[13692,53153,29850,47929]}\n>player p1 {\"name\":\"Mjtruce\",\"avatar\":\"266\",\"rating\":0,\"seed\":[42543,35292,39323,48247]}\n>player p2 {\"name\":\"LordSenju91\",\"avatar\":\"drayden\",\"rating\":0,\"seed\":[56093,99,6767,20335]}\n>p1 move knockoff\n>p2 move geomancy\n>p1 switch 6\n>p2 move geomancy\n>p1 move geomancy\n>p2 move moonblast\n>p1 switch 4\n>p1 move defog\n>p2 move moonblast\n>p1 switch 2\n>p2 move moonblast\n>p1 move strengthsap\n>p2 move moonblast\n>p1 switch 5\n>p1 move toxic\n>p2 move moonblast dynamax\n>forcelose p1", "uploadtime": 1684304197, "views": 6, "p1id": "mjtruce", "p2id": "lordsenju91", "formatid": "gen8randombattle", "rating": 0, "private": 0, "password": ""}