{"id": "gen8randombattle-1873605322", "p1": "Leon420CoolShit", "p2": "bug toucher 69", "format": "[Gen 8] Random Battle", "log": "|j|\u2606Leon420CoolShit\n|j|\u2606bug toucher 69\n|t:|1685395518\n|gametype|singles\n|player|p1|Leon420CoolShit|blaine|1390\n|player|p2|bug toucher 69|hiker-gen4|1432\n|teamsize|p1|6\n|teamsize|p2|6\n|gen|8\n|tier|[Gen 8] Random Battle\n|rated|\n|rule|Species Clause: Limit one of each Pok\u00e9mon\n|rule|HP Percentage Mod: HP is shown in percentages\n|rule|Sleep Clause Mod: Limit one foe put to sleep\n|\n|t:|1685395518\n|start\n|switch|p1a: Dugtrio|Dugtrio-Alola, L82, F|192/192\n|switch|p2a: Bronzong|Bronzong, L83|247/247\n|turn|1\n|inactive|Battle timer is ON: inactive players will automatically lose when time's up. (requested by Leon420CoolShit)\n|\n|t:|1685395535\n|switch|p1a: Slowbro|Slowbro-Galar, L86, M|304/304\n|move|p2a: Bronzong|Stealth Rock|p1a: Slowbro\n|-sidestart|p1: Leon420CoolShit|move: Stealth Rock\n|\n|upkeep\n|turn|2\n|\n|t:|1685395541\n|move|p2a: Bronzong|Protect|p2a: Bronzong\n|-singleturn|p2a: Bronzong|Protect\n|move|p1a: Slowbro|Trick|p2a: Bronzong\n|-activate|p2a: Bronzong|move: Protect\n|\n|upkeep\n|turn|3\n|\n|t:|1685395553\n|switch|p2a: Calyrex|Calyrex, L88|319/319\n|-ability|p2a: Calyrex|Unnerve\n|move|p1a: Slowbro|Trick|p2a: Calyrex\n|-activate|p1a: Slowbro|move: Trick|[of] p2a: Calyrex\n|-item|p2a: Calyrex|Choice Specs|[from] move: Trick\n|-item|p1a: Slowbro|Leftovers|[from] move: Trick\n|\n|upkeep\n|turn|4\n|\n|t:|1685395562\n|switch|p1a: Zarude|Zarude-Dada, L78|292/292\n|-damage|p1a: Zarude|256/292|[from] Stealth Rock\n|move|p2a: Calyrex|Psyshock|p1a: Zarude\n|-immune|p1a: Zarude\n|\n|-heal|p1a: Zarude|274/292|[from] item: Leftovers\n|upkeep\n|turn|5\n|\n|t:|1685395569\n|switch|p2a: Machamp|Machamp, L82, M|282/282\n|move|p1a: Zarude|Darkest Lariat|p2a: Machamp\n|-resisted|p2a: Machamp\n|-damage|p2a: Machamp|229/282\n|\n|-heal|p1a: Zarude|292/292|[from] item: Leftovers\n|-status|p2a: Machamp|brn|[from] item: Flame Orb\n|upkeep\n|turn|6\n|\n|t:|1685395574\n|switch|p1a: Gourgeist|Gourgeist-Small, L84, M|230/230\n|-damage|p1a: Gourgeist|202/230|[from] Stealth Rock\n|-item|p2a: Machamp|Flame Orb|[from] ability: Frisk|[of] p1a: Gourgeist|[identify]\n|move|p2a: Machamp|Knock Off|p1a: Gourgeist\n|-supereffective|p1a: Gourgeist\n|-damage|p1a: Gourgeist|6/230\n|-enditem|p1a: Gourgeist|Leftovers|[from] move: Knock Off|[of] p2a: Machamp\n|\n|-damage|p2a: Machamp|212/282 brn|[from] brn\n|upkeep\n|turn|7\n|\n|t:|1685395582\n|move|p2a: Machamp|Bullet Punch|p1a: Gourgeist\n|-damage|p1a: Gourgeist|0 fnt\n|faint|p1a: Gourgeist\n|\n|-damage|p2a: Machamp|195/282 brn|[from] brn\n|upkeep\n|\n|t:|1685395594\n|switch|p1a: Slowbro|Slowbro-Galar, L86, M|304/304\n|-damage|p1a: Slowbro|266/304|[from] Stealth Rock\n|turn|8\n|\n|t:|1685395600\n|move|p2a: Machamp|Knock Off|p1a: Slowbro\n|-supereffective|p1a: Slowbro\n|-damage|p1a: Slowbro|52/304\n|-enditem|p1a: Slowbro|Leftovers|[from] move: Knock Off|[of] p2a: Machamp\n|move|p1a: Slowbro|Psychic|p2a: Machamp\n|-supereffective|p2a: Machamp\n|-damage|p2a: Machamp|0 fnt\n|faint|p2a: Machamp\n|\n|upkeep\n|\n|t:|1685395626\n|switch|p2a: Bronzong|Bronzong, L83|247/247\n|turn|9\n|\n|t:|1685395637\n|move|p2a: Bronzong|Iron Head|p1a: Slowbro\n|-damage|p1a: Slowbro|0 fnt\n|faint|p1a: Slowbro\n|\n|upkeep\n|\n|t:|1685395640\n|switch|p1a: Darmanitan|Darmanitan, L80, F|299/299\n|-damage|p1a: Darmanitan|225/299|[from] Stealth Rock\n|turn|10\n|\n|t:|1685395644\n|-start|p1a: Darmanitan|Dynamax|\n|-heal|p1a: Darmanitan|450/598|[silent]\n|move|p2a: Bronzong|Protect|p2a: Bronzong\n|-singleturn|p2a: Bronzong|Protect\n|move|p1a: Darmanitan|Max Flare|p2a: Bronzong\n|-supereffective|p2a: Bronzong\n|-zbroken|p2a: Bronzong\n|-damage|p2a: Bronzong|141/247\n|-weather|SunnyDay\n|-damage|p1a: Darmanitan|421/598|[from] item: Life Orb\n|\n|-weather|SunnyDay|[upkeep]\n|-heal|p2a: Bronzong|156/247|[from] item: Leftovers\n|upkeep\n|turn|11\n|\n|t:|1685395652\n|switch|p2a: Calyrex|Calyrex, L88|319/319\n|-ability|p2a: Calyrex|Unnerve\n|move|p1a: Darmanitan|Max Flare|p2a: Calyrex\n|-supereffective|p2a: Calyrex\n|-crit|p2a: Calyrex\n|-damage|p2a: Calyrex|0 fnt\n|faint|p2a: Calyrex\n|-damage|p1a: Darmanitan|392/598|[from] item: Life Orb\n|\n|-weather|SunnyDay|[upkeep]\n|upkeep\n|\n|t:|1685395654\n|switch|p2a: Bronzong|Bronzong, L83|156/247\n|turn|12\n|\n|t:|1685395657\n|switch|p2a: Corsola|Corsola, L93, M|272/272\n|move|p1a: Darmanitan|Max Flare|p2a: Corsola\n|-resisted|p2a: Corsola\n|-damage|p2a: Corsola|194/272\n|-damage|p1a: Darmanitan|363/598|[from] item: Life Orb\n|\n|-weather|SunnyDay|[upkeep]\n|upkeep\n|-end|p1a: Darmanitan|Dynamax\n|-heal|p1a: Darmanitan|182/299|[silent]\n|turn|13\n|\n|t:|1685395663\n|switch|p2a: Bronzong|Bronzong, L83|156/247\n|move|p1a: Darmanitan|Earthquake|p2a: Bronzong\n|-immune|p2a: Bronzong|[from] ability: Levitate\n|\n|-weather|SunnyDay|[upkeep]\n|-heal|p2a: Bronzong|171/247|[from] item: Leftovers\n|upkeep\n|turn|14\n|\n|t:|1685395665\n|move|p2a: Bronzong|Protect|p2a: Bronzong\n|-singleturn|p2a: Bronzong|Protect\n|move|p1a: Darmanitan|U-turn|p2a: Bronzong\n|-activate|p2a: Bronzong|move: Protect\n|\n|-weather|none\n|-heal|p2a: Bronzong|186/247|[from] item: Leftovers\n|upkeep\n|turn|15\n|\n|t:|1685395668\n|switch|p2a: Corsola|Corsola, L93, M|272/272\n|move|p1a: Darmanitan|U-turn|p2a: Corsola\n|-damage|p2a: Corsola|208/272\n|-damage|p1a: Darmanitan|133/299|[from] item: Rocky Helmet|[of] p2a: Corsola\n|-damage|p1a: Darmanitan|104/299|[from] item: Life Orb\n|\n|t:|1685395675\n|switch|p1a: Zarude|Zarude-Dada, L78|292/292|[from] U-turn\n|-damage|p1a: Zarude|256/292|[from] Stealth Rock\n|\n|-heal|p1a: Zarude|274/292|[from] item: Leftovers\n|upkeep\n|turn|16\n|\n|t:|1685395684\n|move|p1a: Zarude|Bulk Up|p1a: Zarude\n|-boost|p1a: Zarude|atk|1\n|-boost|p1a: Zarude|def|1\n|move|p2a: Corsola|Toxic|p1a: Zarude|[miss]\n|-miss|p2a: Corsola|p1a: Zarude\n|\n|-heal|p1a: Zarude|292/292|[from] item: Leftovers\n|upkeep\n|turn|17\n|\n|t:|1685395694\n|move|p1a: Zarude|Power Whip|p2a: Corsola|[miss]\n|-miss|p1a: Zarude|p2a: Corsola\n|move|p2a: Corsola|Toxic|p1a: Zarude\n|-status|p1a: Zarude|tox\n|\n|-damage|p1a: Zarude|274/292 tox|[from] psn\n|upkeep\n|turn|18\n|\n|t:|1685395697\n|switch|p2a: Bronzong|Bronzong, L83|186/247\n|move|p1a: Zarude|Power Whip|p2a: Bronzong\n|-resisted|p2a: Bronzong\n|-damage|p2a: Bronzong|99/247\n|\n|-heal|p1a: Zarude|292/292 tox|[from] item: Leftovers\n|-heal|p2a: Bronzong|114/247|[from] item: Leftovers\n|-damage|p1a: Zarude|256/292 tox|[from] psn\n|upkeep\n|turn|19\n|\n|t:|1685395702\n|move|p1a: Zarude|Bulk Up|p1a: Zarude\n|-boost|p1a: Zarude|atk|1\n|-boost|p1a: Zarude|def|1\n|move|p2a: Bronzong|Iron Head|p1a: Zarude\n|-damage|p1a: Zarude|220/292 tox\n|\n|-heal|p1a: Zarude|238/292 tox|[from] item: Leftovers\n|-heal|p2a: Bronzong|129/247|[from] item: Leftovers\n|-damage|p1a: Zarude|184/292 tox|[from] psn\n|upkeep\n|turn|20\n|\n|t:|1685395706\n|move|p2a: Bronzong|Protect|p2a: Bronzong\n|-singleturn|p2a: Bronzong|Protect\n|move|p1a: Zarude|Darkest Lariat|p2a: Bronzong\n|-activate|p2a: Bronzong|move: Protect\n|\n|-heal|p1a: Zarude|202/292 tox|[from] item: Leftovers\n|-heal|p2a: Bronzong|144/247|[from] item: Leftovers\n|-damage|p1a: Zarude|130/292 tox|[from] psn\n|upkeep\n|turn|21\n|\n|t:|1685395720\n|move|p1a: Zarude|Close Combat|p2a: Bronzong\n|-damage|p2a: Bronzong|8/247\n|-unboost|p1a: Zarude|def|1\n|-unboost|p1a: Zarude|spd|1\n|move|p2a: Bronzong|Iron Head|p1a: Zarude\n|-damage|p1a: Zarude|78/292 tox\n|\n|-heal|p1a: Zarude|96/292 tox|[from] item: Leftovers\n|-heal|p2a: Bronzong|23/247|[from] item: Leftovers\n|-damage|p1a: Zarude|6/292 tox|[from] psn\n|upkeep\n|turn|22\n|\n|t:|1685395726\n|switch|p1a: Type: Null|Type: Null, L86|304/304\n|-damage|p1a: Type: Null|266/304|[from] Stealth Rock\n|move|p2a: Bronzong|Protect||[still]\n|-fail|p2a: Bronzong\n|\n|-heal|p2a: Bronzong|38/247|[from] item: Leftovers\n|upkeep\n|turn|23\n|\n|t:|1685395737\n|switch|p2a: Cradily|Cradily, L86, F|288/288\n|move|p1a: Type: Null|Swords Dance|p1a: Type: Null\n|-boost|p1a: Type: Null|atk|2\n|\n|upkeep\n|turn|24\n|\n|t:|1685395741\n|move|p1a: Type: Null|Swords Dance|p1a: Type: Null\n|-boost|p1a: Type: Null|atk|2\n|move|p2a: Cradily|Swords Dance|p2a: Cradily\n|-boost|p2a: Cradily|atk|2\n|\n|upkeep\n|turn|25\n|\n|t:|1685395745\n|move|p1a: Type: Null|Crush Claw|p2a: Cradily\n|-resisted|p2a: Cradily\n|-damage|p2a: Cradily|171/288\n|-unboost|p2a: Cradily|def|1\n|move|p2a: Cradily|Swords Dance|p2a: Cradily\n|-boost|p2a: Cradily|atk|2\n|\n|-heal|p2a: Cradily|189/288|[from] item: Leftovers\n|upkeep\n|turn|26\n|\n|t:|1685395750\n|-start|p2a: Cradily|Dynamax|\n|-heal|p2a: Cradily|378/576|[silent]\n|move|p1a: Type: Null|Crush Claw|p2a: Cradily\n|-resisted|p2a: Cradily\n|-crit|p2a: Cradily\n|-damage|p2a: Cradily|119/576\n|move|p2a: Cradily|Max Overgrowth|p1a: Type: Null\n|-damage|p1a: Type: Null|4/304\n|-fieldstart|move: Grassy Terrain\n|\n|-heal|p1a: Type: Null|23/304|[from] Grassy Terrain\n|-heal|p2a: Cradily|137/576|[from] Grassy Terrain\n|-heal|p2a: Cradily|155/576|[from] item: Leftovers\n|upkeep\n|turn|27\n|\n|t:|1685395756\n|move|p2a: Cradily|Max Guard|p2a: Cradily\n|-singleturn|p2a: Cradily|Max Guard\n|move|p1a: Type: Null|Crush Claw|p2a: Cradily\n|-activate|p2a: Cradily|move: Max Guard\n|\n|-heal|p1a: Type: Null|42/304|[from] Grassy Terrain\n|-heal|p2a: Cradily|173/576|[from] Grassy Terrain\n|-heal|p2a: Cradily|191/576|[from] item: Leftovers\n|upkeep\n|turn|28\n|\n|t:|1685395758\n|move|p1a: Type: Null|Crush Claw|p2a: Cradily\n|-resisted|p2a: Cradily\n|-damage|p2a: Cradily|22/576\n|move|p2a: Cradily|Max Overgrowth|p1a: Type: Null\n|-damage|p1a: Type: Null|0 fnt\n|faint|p1a: Type: Null\n|\n|-heal|p2a: Cradily|40/576|[from] Grassy Terrain\n|-heal|p2a: Cradily|58/576|[from] item: Leftovers\n|upkeep\n|\n|t:|1685395765\n|switch|p1a: Zarude|Zarude-Dada, L78|6/292 tox\n|-damage|p1a: Zarude|0 fnt|[from] Stealth Rock\n|faint|p1a: Zarude\n|\n|t:|1685395768\n|switch|p1a: Darmanitan|Darmanitan, L80, F|104/299\n|-damage|p1a: Darmanitan|30/299|[from] Stealth Rock\n|-end|p2a: Cradily|Dynamax\n|-heal|p2a: Cradily|29/288|[silent]\n|turn|29\n|\n|t:|1685395774\n|switch|p2a: Bronzong|Bronzong, L83|38/247\n|move|p1a: Darmanitan|U-turn|p2a: Bronzong\n|-damage|p2a: Bronzong|0 fnt\n|faint|p2a: Bronzong\n|-damage|p1a: Darmanitan|1/299|[from] item: Life Orb\n|\n|t:|1685395780\n|switch|p1a: Dugtrio|Dugtrio-Alola, L82, F|192/192|[from] U-turn\n|-damage|p1a: Dugtrio|186/192|[from] Stealth Rock\n|\n|-heal|p1a: Dugtrio|192/192|[from] Grassy Terrain\n|upkeep\n|\n|t:|1685395783\n|switch|p2a: Cradily|Cradily, L86, F|29/288\n|turn|30\n|\n|t:|1685395787\n|move|p1a: Dugtrio|Iron Head|p2a: Cradily\n|-supereffective|p2a: Cradily\n|-damage|p2a: Cradily|0 fnt\n|faint|p2a: Cradily\n|\n|-fieldend|move: Grassy Terrain\n|upkeep\n|\n|t:|1685395790\n|switch|p2a: Corsola|Corsola, L93, M|272/272\n|turn|31\n|\n|t:|1685395793\n|move|p1a: Dugtrio|Iron Head|p2a: Corsola\n|-damage|p2a: Corsola|206/272\n|-damage|p1a: Dugtrio|160/192|[from] item: Rocky Helmet|[of] p2a: Corsola\n|move|p2a: Corsola|Scald|p1a: Dugtrio\n|-supereffective|p1a: Dugtrio\n|-damage|p1a: Dugtrio|0 fnt\n|faint|p1a: Dugtrio\n|\n|upkeep\n|c|\u2606bug toucher 69|Ggs\n|-message|Leon420CoolShit forfeited.\n|\n|win|bug toucher 69\n|raw|Leon420CoolShit's rating: 1390 &rarr; <strong>1372</strong><br />(-18 for losing)\n|raw|bug toucher 69's rating: 1432 &rarr; <strong>1450</strong><br />(+18 for winning)\n|l|\u2606Leon420CoolShit\n", "inputlog": ">version 6fec31d5a0d4498a06105aa188c9906bc0b6bf95\n>start {\"formatid\":\"gen8randombattle\",\"seed\":[9157,51830,44823,30090],\"rated\":\"Rated battle\"}\n>player p1 {\"name\":\"Leon420CoolShit\",\"avatar\":\"blaine\",\"rating\":1390,\"seed\":[25635,5406,62439,63139]}\n>player p2 {\"name\":\"bug toucher 69\",\"avatar\":\"hiker-gen4\",\"rating\":1432,\"seed\":[9441,36495,29313,10110]}\n>p1 switch 3\n>p2 move stealthrock\n>p1 move trick\n>p2 move protect\n>p1 move trick\n>p2 switch 3\n>p1 switch 4\n>p2 move psyshock\n>p1 move darkestlariat\n>p2 switch 6\n>p1 switch 2\n>p2 move knockoff\n>p1 move leechseed\n>p2 move bulletpunch\n>p1 switch 4\n>p1 move psychic\n>p2 move knockoff\n>p2 switch 3\n>p1 move flamethrower\n>p2 move ironhead\n>p1 switch 5\n>p1 move flareblitz dynamax\n>p2 move protect\n>p1 move flareblitz dynamax\n>p2 switch 6\n>p2 switch 6\n>p1 move flareblitz dynamax\n>p2 switch 5\n>p1 move earthquake\n>p2 switch 5\n>p1 move uturn\n>p2 move protect\n>p1 move uturn\n>p2 switch 5\n>p1 switch 2\n>p1 move bulkup\n>p2 move toxic\n>p1 move powerwhip\n>p2 move toxic\n>p1 move powerwhip\n>p2 switch 5\n>p1 move bulkup\n>p2 move ironhead\n>p1 move darkestlariat\n>p2 move protect\n>p1 move closecombat\n>p2 move ironhead\n>p1 switch 6\n>p2 move protect\n>p1 move swordsdance\n>p2 switch 2\n>p1 move swordsdance\n>p2 move swordsdance\n>p1 move crushclaw\n>p2 move swordsdance\n>p1 move crushclaw\n>p2 move powerwhip dynamax\n>p1 move crushclaw\n>p2 move swordsdance dynamax\n>p1 move crushclaw\n>p2 move powerwhip dynamax\n>p1 switch 6\n>p1 switch 2\n>p1 move uturn\n>p2 switch 2\n>p1 switch 3\n>p2 switch 2\n>p1 move ironhead\n>p2 move recover\n>p2 switch 5\n>p1 move ironhead\n>p2 move scald\n>chat \u2606bug toucher 69|Ggs\n>forcelose p1", "uploadtime": 1685395816, "views": 7, "p1id": "leon420coolshit", "p2id": "bugtoucher69", "formatid": "gen8randombattle", "rating": 1372, "private": 0, "password": ""}