{"id": "gen8randombattle-1873018813", "p1": "MushroomButPokemon", "p2": "KeanuVGC", "format": "[Gen 8] Random Battle", "log": "|j|\u2606MushroomButPokemon\n|j|\u2606KeanuVGC\n|t:|1685313058\n|gametype|singles\n|player|p1|MushroomButPokemon|2|\n|player|p2|KeanuVGC|serena-masters3|\n|teamsize|p1|6\n|teamsize|p2|6\n|gen|8\n|tier|[Gen 8] Random Battle\n|rule|Species Clause: Limit one of each Pok\u00e9mon\n|rule|HP Percentage Mod: HP is shown in percentages\n|rule|Sleep Clause Mod: Limit one foe put to sleep\n|\n|t:|1685313058\n|start\n|switch|p1a: Arcanine|Arcanine, L82, F|282/282\n|switch|p2a: Pyukumuku|Pyukumuku, L84, F|230/230\n|-ability|p1a: Arcanine|Intimidate|boost\n|-unboost|p2a: Pyukumuku|atk|1\n|turn|1\n|inactive|Battle timer is ON: inactive players will automatically lose when time's up. (requested by KeanuVGC)\n|c|\u2606KeanuVGC|glhf\n|\n|t:|1685313082\n|move|p1a: Arcanine|Wild Charge|p2a: Pyukumuku\n|-supereffective|p2a: Pyukumuku\n|-damage|p2a: Pyukumuku|134/230\n|-damage|p1a: Arcanine|258/282|[from] Recoil\n|move|p2a: Pyukumuku|Toxic|p1a: Arcanine\n|-status|p1a: Arcanine|tox\n|\n|-heal|p2a: Pyukumuku|148/230|[from] item: Leftovers\n|-damage|p1a: Arcanine|241/282 tox|[from] psn\n|upkeep\n|turn|2\n|\n|t:|1685313088\n|switch|p1a: Regieleki|Regieleki, L78|253/253\n|move|p2a: Pyukumuku|Recover|p2a: Pyukumuku\n|-heal|p2a: Pyukumuku|230/230\n|\n|upkeep\n|turn|3\n|\n|t:|1685313107\n|switch|p2a: Golurk|Golurk, L82|280/280\n|move|p1a: Regieleki|Thunderbolt|p2a: Golurk\n|-immune|p2a: Golurk\n|\n|upkeep\n|turn|4\n|\n|t:|1685313121\n|switch|p1a: Hawlucha|Hawlucha, L80, M|256/256\n|move|p2a: Golurk|Rock Polish|p2a: Golurk\n|-boost|p2a: Golurk|spe|2\n|\n|upkeep\n|turn|5\n|\n|t:|1685313129\n|move|p2a: Golurk|Stone Edge|p1a: Hawlucha\n|-damage|p1a: Hawlucha|130/256\n|-damage|p2a: Golurk|252/280|[from] item: Life Orb\n|move|p1a: Hawlucha|Throat Chop|p2a: Golurk\n|-supereffective|p2a: Golurk\n|-damage|p2a: Golurk|142/280\n|-start|p2a: Golurk|Throat Chop|[silent]\n|\n|upkeep\n|turn|6\n|\n|t:|1685313145\n|-start|p1a: Hawlucha|Dynamax|\n|-heal|p1a: Hawlucha|260/512|[silent]\n|move|p2a: Golurk|Poltergeist|p1a: Hawlucha\n|-activate|p1a: Hawlucha|move: Poltergeist|White Herb\n|-damage|p1a: Hawlucha|53/512\n|-damage|p2a: Golurk|114/280|[from] item: Life Orb\n|move|p1a: Hawlucha|Max Darkness|p2a: Golurk\n|-supereffective|p2a: Golurk\n|-damage|p2a: Golurk|0 fnt\n|faint|p2a: Golurk\n|\n|upkeep\n|inactive|KeanuVGC has 270 seconds left.\n|\n|t:|1685313169\n|switch|p2a: Pyukumuku|Pyukumuku, L84, F|230/230\n|turn|7\n|\n|t:|1685313174\n|move|p1a: Hawlucha|Max Airstream|p2a: Pyukumuku\n|-damage|p2a: Pyukumuku|133/230\n|-boost|p1a: Hawlucha|spe|1\n|move|p2a: Pyukumuku|Counter|p1a: Hawlucha\n|-damage|p1a: Hawlucha|0 fnt\n|faint|p1a: Hawlucha\n|\n|-heal|p2a: Pyukumuku|147/230|[from] item: Leftovers\n|upkeep\n|\n|t:|1685313176\n|switch|p1a: Regieleki|Regieleki, L78|253/253\n|turn|8\n|\n|t:|1685313189\n|switch|p2a: Coalossal|Coalossal, L87, M|333/333\n|move|p1a: Regieleki|Thunderbolt|p2a: Coalossal\n|-damage|p2a: Coalossal|183/333\n|\n|upkeep\n|turn|9\n|\n|t:|1685313194\n|move|p1a: Regieleki|Volt Switch|p2a: Coalossal\n|-damage|p2a: Coalossal|60/333\n|\n|t:|1685313203\n|switch|p1a: Arcanine|Arcanine, L82, F|241/282 tox|[from] Volt Switch\n|-ability|p1a: Arcanine|Intimidate|boost\n|-unboost|p2a: Coalossal|atk|1\n|move|p2a: Coalossal|Stealth Rock|p1a: Arcanine\n|-sidestart|p1: MushroomButPokemon|move: Stealth Rock\n|\n|-damage|p1a: Arcanine|224/282 tox|[from] psn\n|upkeep\n|turn|10\n|\n|t:|1685313209\n|move|p1a: Arcanine|Wild Charge|p2a: Coalossal\n|-damage|p2a: Coalossal|12/333\n|-damage|p1a: Arcanine|212/282 tox|[from] Recoil\n|move|p2a: Coalossal|Stone Edge|p1a: Arcanine\n|-supereffective|p1a: Arcanine\n|-damage|p1a: Arcanine|72/282 tox\n|\n|-damage|p1a: Arcanine|38/282 tox|[from] psn\n|upkeep\n|turn|11\n|\n|t:|1685313214\n|move|p1a: Arcanine|Wild Charge|p2a: Coalossal\n|-crit|p2a: Coalossal\n|-damage|p2a: Coalossal|0 fnt\n|faint|p2a: Coalossal\n|-damage|p1a: Arcanine|35/282 tox|[from] Recoil\n|\n|-damage|p1a: Arcanine|0 fnt|[from] psn\n|faint|p1a: Arcanine\n|upkeep\n|\n|t:|1685313237\n|switch|p1a: Regieleki|Regieleki, L78|253/253\n|switch|p2a: Noivern|Noivern, L82, M|274/274\n|-damage|p1a: Regieleki|222/253|[from] Stealth Rock\n|turn|12\n|\n|t:|1685313245\n|move|p1a: Regieleki|Volt Switch|p2a: Noivern\n|-damage|p2a: Noivern|154/274\n|\n|t:|1685313248\n|switch|p1a: Froslass|Froslass, L84, F|255/255|[from] Volt Switch\n|-damage|p1a: Froslass|192/255|[from] Stealth Rock\n|move|p2a: Noivern|Draco Meteor|p1a: Froslass\n|-damage|p1a: Froslass|0 fnt\n|-unboost|p2a: Noivern|spa|2\n|faint|p1a: Froslass\n|\n|upkeep\n|\n|t:|1685313254\n|switch|p1a: Coalossal|Coalossal, L87, F|333/333\n|turn|13\n|\n|t:|1685313258\n|switch|p2a: Pyukumuku|Pyukumuku, L84, F|147/230\n|move|p1a: Coalossal|Stone Edge|p2a: Pyukumuku|[miss]\n|-miss|p1a: Coalossal|p2a: Pyukumuku\n|\n|-heal|p2a: Pyukumuku|161/230|[from] item: Leftovers\n|upkeep\n|turn|14\n|\n|t:|1685313268\n|move|p1a: Coalossal|Rapid Spin|p2a: Pyukumuku\n|-damage|p2a: Pyukumuku|138/230\n|-boost|p1a: Coalossal|spe|1\n|-sideend|p1: MushroomButPokemon|Stealth Rock|[from] move: Rapid Spin|[of] p1a: Coalossal\n|move|p2a: Pyukumuku|Toxic|p1a: Coalossal\n|-status|p1a: Coalossal|tox\n|\n|-heal|p2a: Pyukumuku|152/230|[from] item: Leftovers\n|-damage|p1a: Coalossal|313/333 tox|[from] psn\n|upkeep\n|turn|15\n|\n|t:|1685313276\n|switch|p1a: Regieleki|Regieleki, L78|222/253\n|move|p2a: Pyukumuku|Counter||[still]\n|-fail|p2a: Pyukumuku\n|\n|-heal|p2a: Pyukumuku|166/230|[from] item: Leftovers\n|upkeep\n|turn|16\n|\n|t:|1685313288\n|move|p1a: Regieleki|Thunderbolt|p2a: Pyukumuku\n|-supereffective|p2a: Pyukumuku\n|-damage|p2a: Pyukumuku|0 fnt\n|faint|p2a: Pyukumuku\n|\n|upkeep\n|\n|t:|1685313293\n|switch|p2a: Virizion|Virizion, L82|283/283\n|turn|17\n|\n|t:|1685313322\n|move|p1a: Regieleki|Substitute|p1a: Regieleki\n|-start|p1a: Regieleki|Substitute\n|-damage|p1a: Regieleki|159/253\n|move|p2a: Virizion|Swords Dance|p2a: Virizion\n|-boost|p2a: Virizion|atk|2\n|\n|upkeep\n|turn|18\n|\n|t:|1685313335\n|move|p1a: Regieleki|Thunderbolt|p2a: Virizion\n|-resisted|p2a: Virizion\n|-damage|p2a: Virizion|220/283\n|move|p2a: Virizion|Leaf Blade|p1a: Regieleki\n|-end|p1a: Regieleki|Substitute\n|\n|upkeep\n|turn|19\n|\n|t:|1685313342\n|move|p1a: Regieleki|Explosion|p2a: Virizion\n|-damage|p2a: Virizion|28/283\n|faint|p1a: Regieleki\n|move|p2a: Virizion|Close Combat|p1: Regieleki|[notarget]\n|-fail|p2a: Virizion\n|\n|upkeep\n|\n|t:|1685313346\n|switch|p1a: Espeon|Espeon, L82, F|241/241\n|turn|20\n|\n|t:|1685313357\n|move|p1a: Espeon|Psychic|p2a: Virizion\n|-supereffective|p2a: Virizion\n|-damage|p2a: Virizion|0 fnt\n|faint|p2a: Virizion\n|-damage|p1a: Espeon|217/241|[from] item: Life Orb\n|\n|upkeep\n|inactive|KeanuVGC has 270 seconds left.\n|\n|t:|1685313379\n|switch|p2a: Noivern|Noivern, L82, M|154/274\n|turn|21\n|inactive|KeanuVGC has 270 seconds left.\n|\n|t:|1685313401\n|switch|p1a: Coalossal|Coalossal, L87, F|313/333 tox\n|move|p2a: Noivern|Draco Meteor|p1a: Coalossal\n|-damage|p1a: Coalossal|132/333 tox\n|-unboost|p2a: Noivern|spa|2\n|\n|-damage|p1a: Coalossal|112/333 tox|[from] psn\n|upkeep\n|turn|22\n|\n|t:|1685313412\n|switch|p2a: Kabutops|Kabutops, L82, F|233/233\n|move|p1a: Coalossal|Stone Edge|p2a: Kabutops|[miss]\n|-miss|p1a: Coalossal|p2a: Kabutops\n|\n|-damage|p1a: Coalossal|72/333 tox|[from] psn\n|upkeep\n|turn|23\n|\n|t:|1685313430\n|switch|p1a: Espeon|Espeon, L82, F|217/241\n|move|p2a: Kabutops|Liquidation|p1a: Espeon\n|-damage|p1a: Espeon|94/241\n|\n|upkeep\n|turn|24\n|\n|t:|1685313436\n|move|p1a: Espeon|Psychic|p2a: Kabutops\n|-damage|p2a: Kabutops|46/233\n|-damage|p1a: Espeon|70/241|[from] item: Life Orb\n|move|p2a: Kabutops|Liquidation|p1a: Espeon\n|-damage|p1a: Espeon|0 fnt\n|faint|p1a: Espeon\n|\n|upkeep\n|\n|t:|1685313438\n|switch|p1a: Coalossal|Coalossal, L87, F|72/333 tox\n|turn|25\n|c|\u2606KeanuVGC|gg\n|inactive|KeanuVGC has 270 seconds left.\n|\n|t:|1685313444\n|move|p2a: Kabutops|Liquidation|p1a: Coalossal\n|-supereffective|p1a: Coalossal\n|-damage|p1a: Coalossal|0 fnt\n|faint|p1a: Coalossal\n|\n|win|KeanuVGC\n|l|\u2606MushroomButPokemon\n", "inputlog": ">version d74822bbc74c095aa312053f7034baee3068d99e\n>start {\"formatid\":\"gen8randombattle\",\"seed\":[10825,29103,58404,48591]}\n>player p1 {\"name\":\"MushroomButPokemon\",\"avatar\":\"2\",\"rating\":0,\"seed\":[53339,33518,10119,9126]}\n>player p2 {\"name\":\"KeanuVGC\",\"avatar\":\"serena-masters3\",\"rating\":0,\"seed\":[37674,11832,1968,40989]}\n>chat \u2606KeanuVGC|glhf\n>p1 move wildcharge\n>p2 move toxic\n>p1 switch 2\n>p2 move recover\n>p1 move thunderbolt\n>p2 switch 6\n>p1 switch 4\n>p2 move rockpolish\n>p1 move throatchop\n>p2 move stoneedge\n>p1 move throatchop dynamax\n>p2 move poltergeist\n>p2 switch 6\n>p1 move bravebird dynamax\n>p2 move counter\n>p1 switch 4\n>p1 move thunderbolt\n>p2 switch 4\n>p1 move voltswitch\n>p2 move stealthrock\n>p1 switch 2\n>p1 move wildcharge\n>p2 move stoneedge\n>p1 move wildcharge\n>p2 move stoneedge\n>p1 switch 2\n>p2 switch 5\n>p1 move voltswitch\n>p2 move dracometeor\n>p1 switch 6\n>p1 switch 5\n>p1 move stoneedge\n>p2 switch 4\n>p1 move rapidspin\n>p2 move toxic\n>p1 switch 6\n>p2 move counter\n>p1 move thunderbolt\n>p2 move mirrorcoat\n>p2 switch 3\n>p1 move substitute\n>p2 move swordsdance\n>p1 move thunderbolt\n>p2 move leafblade\n>p1 move explosion\n>p2 move closecombat\n>p1 switch 3\n>p1 move psychic\n>p2 move leafblade\n>p2 switch 4\n>p1 switch 6\n>p2 move dracometeor\n>p1 move stoneedge\n>p2 switch 2\n>p1 switch 6\n>p2 move liquidation\n>p1 move psychic\n>p2 move liquidation\n>p1 switch 6\n>chat \u2606KeanuVGC|gg\n>p1 move overheat\n>p2 move liquidation", "uploadtime": 1685313453, "views": 13, "p1id": "mushroombutpokemon", "p2id": "keanuvgc", "formatid": "gen8randombattle", "rating": 0, "private": 0, "password": ""}