{"id": "gen8randombattle-1873190169", "p1": "Brendanpal", "p2": "Vigpo0000", "format": "[Gen 8] Random Battle", "log": "|j|\u2606Brendanpal\n|j|\u2606Vigpo0000\n|t:|1685339599\n|gametype|singles\n|player|p1|Brendanpal|266|1380\n|player|p2|Vigpo0000|101|1422\n|teamsize|p1|6\n|teamsize|p2|6\n|gen|8\n|tier|[Gen 8] Random Battle\n|rated|\n|rule|Species Clause: Limit one of each Pok\u00e9mon\n|rule|HP Percentage Mod: HP is shown in percentages\n|rule|Sleep Clause Mod: Limit one foe put to sleep\n|\n|t:|1685339599\n|start\n|switch|p1a: Milotic|Milotic, L82, F|290/290\n|switch|p2a: Dugtrio|Dugtrio-Alola, L82, M|192/192\n|turn|1\n|inactive|Battle timer is ON: inactive players will automatically lose when time's up. (requested by Brendanpal)\n|inactive|Vigpo0000 also wants the timer to be on.\n|\n|t:|1685339617\n|switch|p2a: Zeraora|Zeraora, L76|259/259\n|switch|p1a: Ribombee|Ribombee, L82, M|233/233\n|\n|upkeep\n|turn|2\n|\n|t:|1685339628\n|move|p2a: Zeraora|Plasma Fists|p1a: Ribombee\n|-damage|p1a: Ribombee|68/233\n|-fieldactivate|move: Ion Deluge\n|-hint|Normal-type moves become Electric-type after using Plasma Fists.\n|-damage|p2a: Zeraora|234/259|[from] item: Life Orb\n|move|p1a: Ribombee|Sticky Web|p2a: Zeraora\n|-sidestart|p2: Vigpo0000|move: Sticky Web\n|\n|upkeep\n|turn|3\n|\n|t:|1685339639\n|move|p2a: Zeraora|Plasma Fists|p1a: Ribombee\n|-damage|p1a: Ribombee|0 fnt\n|-fieldactivate|move: Ion Deluge\n|-hint|Normal-type moves become Electric-type after using Plasma Fists.\n|faint|p1a: Ribombee\n|-damage|p2a: Zeraora|209/259|[from] item: Life Orb\n|\n|upkeep\n|\n|t:|1685339664\n|switch|p1a: Volcarona|Volcarona, L76, F|254/254\n|turn|4\n|\n|t:|1685339669\n|move|p2a: Zeraora|Plasma Fists|p1a: Volcarona\n|-damage|p1a: Volcarona|90/254\n|-fieldactivate|move: Ion Deluge\n|-hint|Normal-type moves become Electric-type after using Plasma Fists.\n|-damage|p2a: Zeraora|184/259|[from] item: Life Orb\n|move|p1a: Volcarona|Quiver Dance|p1a: Volcarona\n|-boost|p1a: Volcarona|spa|1\n|-boost|p1a: Volcarona|spd|1\n|-boost|p1a: Volcarona|spe|1\n|\n|upkeep\n|turn|5\n|\n|t:|1685339680\n|move|p1a: Volcarona|Fire Blast|p2a: Zeraora\n|-damage|p2a: Zeraora|0 fnt\n|faint|p2a: Zeraora\n|\n|upkeep\n|\n|t:|1685339689\n|switch|p2a: Dugtrio|Dugtrio-Alola, L82, M|192/192\n|-activate|p2a: Dugtrio|move: Sticky Web\n|-unboost|p2a: Dugtrio|spe|1\n|turn|6\n|\n|t:|1685339694\n|move|p1a: Volcarona|Roost|p1a: Volcarona\n|-heal|p1a: Volcarona|217/254\n|-singleturn|p1a: Volcarona|move: Roost\n|move|p2a: Dugtrio|Stone Edge|p1a: Volcarona|[miss]\n|-miss|p2a: Dugtrio|p1a: Volcarona\n|\n|upkeep\n|turn|7\n|\n|t:|1685339701\n|move|p1a: Volcarona|Fire Blast|p2a: Dugtrio\n|-supereffective|p2a: Dugtrio\n|-enditem|p2a: Dugtrio|Focus Sash\n|-damage|p2a: Dugtrio|1/192\n|move|p2a: Dugtrio|Stone Edge|p1a: Volcarona\n|-supereffective|p1a: Volcarona\n|-damage|p1a: Volcarona|0 fnt\n|faint|p1a: Volcarona\n|\n|upkeep\n|\n|t:|1685339725\n|switch|p1a: Milotic|Milotic, L82, F|290/290\n|turn|8\n|\n|t:|1685339730\n|move|p1a: Milotic|Scald|p2a: Dugtrio\n|-supereffective|p2a: Dugtrio\n|-damage|p2a: Dugtrio|0 fnt\n|faint|p2a: Dugtrio\n|\n|upkeep\n|\n|t:|1685339748\n|switch|p2a: Tapu Lele|Tapu Lele, L79|240/240\n|-activate|p2a: Tapu Lele|move: Sticky Web\n|-unboost|p2a: Tapu Lele|spe|1\n|-fieldstart|move: Psychic Terrain|[from] ability: Psychic Surge|[of] p2a: Tapu Lele\n|turn|9\n|\n|t:|1685339757\n|move|p1a: Milotic|Toxic|p2a: Tapu Lele\n|-status|p2a: Tapu Lele|tox\n|move|p2a: Tapu Lele|Psychic|p1a: Milotic\n|-damage|p1a: Milotic|134/290\n|\n|-heal|p1a: Milotic|152/290|[from] item: Leftovers\n|-damage|p2a: Tapu Lele|225/240 tox|[from] psn\n|upkeep\n|turn|10\n|\n|t:|1685339774\n|switch|p1a: Slowking|Slowking, L86, M|304/304\n|move|p2a: Tapu Lele|Psychic|p1a: Slowking\n|-resisted|p1a: Slowking\n|-damage|p1a: Slowking|214/304\n|\n|-heal|p1a: Slowking|233/304|[from] item: Leftovers\n|-damage|p2a: Tapu Lele|195/240 tox|[from] psn\n|upkeep\n|turn|11\n|\n|t:|1685339788\n|switch|p2a: Obstagoon|Obstagoon, L80, M|280/280\n|-activate|p2a: Obstagoon|move: Sticky Web\n|-unboost|p2a: Obstagoon|spe|1\n|move|p1a: Slowking|Psyshock|p2a: Obstagoon\n|-immune|p2a: Obstagoon\n|\n|-heal|p1a: Slowking|252/304|[from] item: Leftovers\n|-status|p2a: Obstagoon|brn|[from] item: Flame Orb\n|upkeep\n|turn|12\n|\n|t:|1685339805\n|switch|p1a: Milotic|Milotic, L82, F|152/290\n|move|p2a: Obstagoon|Facade|p1a: Milotic\n|-damage|p1a: Milotic|0 fnt\n|faint|p1a: Milotic\n|\n|-damage|p2a: Obstagoon|263/280 brn|[from] brn\n|upkeep\n|\n|t:|1685339818\n|switch|p1a: Braviary|Braviary, L82, M|298/298\n|turn|13\n|\n|t:|1685339824\n|move|p1a: Braviary|Close Combat|p2a: Obstagoon\n|-supereffective|p2a: Obstagoon\n|-damage|p2a: Obstagoon|0 fnt\n|-unboost|p1a: Braviary|def|1\n|-unboost|p1a: Braviary|spd|1\n|faint|p2a: Obstagoon\n|\n|-fieldend|move: Psychic Terrain\n|upkeep\n|\n|t:|1685339833\n|switch|p2a: Tapu Lele|Tapu Lele, L79|195/240 tox\n|-activate|p2a: Tapu Lele|move: Sticky Web\n|-unboost|p2a: Tapu Lele|spe|1\n|-fieldstart|move: Psychic Terrain|[from] ability: Psychic Surge|[of] p2a: Tapu Lele\n|turn|14\n|\n|t:|1685339840\n|switch|p1a: Slowking|Slowking, L86, M|304/304\n|move|p2a: Tapu Lele|Psychic|p1a: Slowking\n|-resisted|p1a: Slowking\n|-damage|p1a: Slowking|223/304\n|\n|-heal|p1a: Slowking|242/304|[from] item: Leftovers\n|-damage|p2a: Tapu Lele|180/240 tox|[from] psn\n|upkeep\n|turn|15\n|\n|t:|1685339851\n|switch|p2a: Liepard|Liepard, L86, M|250/250\n|-activate|p2a: Liepard|move: Sticky Web\n|-unboost|p2a: Liepard|spe|1\n|move|p1a: Slowking|Psyshock|p2a: Liepard\n|-immune|p2a: Liepard\n|\n|-heal|p1a: Slowking|261/304|[from] item: Leftovers\n|upkeep\n|turn|16\n|\n|t:|1685339863\n|switch|p1a: Braviary|Braviary, L82, M|298/298\n|move|p2a: Liepard|Knock Off|p1a: Braviary\n|-damage|p1a: Braviary|181/298\n|-enditem|p1a: Braviary|Heavy-Duty Boots|[from] move: Knock Off|[of] p2a: Liepard\n|\n|upkeep\n|turn|17\n|\n|t:|1685339873\n|switch|p2a: Tapu Lele|Tapu Lele, L79|180/240 tox\n|-activate|p2a: Tapu Lele|move: Sticky Web\n|-unboost|p2a: Tapu Lele|spe|1\n|move|p1a: Braviary|Close Combat|p2a: Tapu Lele\n|-resisted|p2a: Tapu Lele\n|-damage|p2a: Tapu Lele|151/240 tox\n|-unboost|p1a: Braviary|def|1\n|-unboost|p1a: Braviary|spd|1\n|\n|-damage|p2a: Tapu Lele|136/240 tox|[from] psn\n|upkeep\n|turn|18\n|\n|t:|1685339886\n|switch|p1a: Slowking|Slowking, L86, M|304/304\n|move|p2a: Tapu Lele|Shadow Ball|p1a: Slowking\n|-supereffective|p1a: Slowking\n|-damage|p1a: Slowking|158/304\n|\n|-heal|p1a: Slowking|177/304|[from] item: Leftovers\n|-damage|p2a: Tapu Lele|106/240 tox|[from] psn\n|-fieldend|move: Psychic Terrain\n|upkeep\n|turn|19\n|\n|t:|1685339896\n|move|p2a: Tapu Lele|Shadow Ball|p1a: Slowking\n|-supereffective|p1a: Slowking\n|-damage|p1a: Slowking|29/304\n|move|p1a: Slowking|Scald|p2a: Tapu Lele\n|-damage|p2a: Tapu Lele|31/240 tox\n|\n|-heal|p1a: Slowking|48/304|[from] item: Leftovers\n|-damage|p2a: Tapu Lele|0 fnt|[from] psn\n|faint|p2a: Tapu Lele\n|upkeep\n|\n|t:|1685339912\n|switch|p2a: Liepard|Liepard, L86, M|250/250\n|-activate|p2a: Liepard|move: Sticky Web\n|-unboost|p2a: Liepard|spe|1\n|turn|20\n|\n|t:|1685339918\n|switch|p1a: Braviary|Braviary, L82, M|181/298\n|move|p2a: Liepard|Knock Off|p1a: Braviary\n|-damage|p1a: Braviary|96/298\n|\n|upkeep\n|turn|21\n|\n|t:|1685339930\n|-start|p2a: Liepard|Dynamax|\n|-heal|p2a: Liepard|500/500|[silent]\n|move|p1a: Braviary|Roost|p1a: Braviary\n|-heal|p1a: Braviary|245/298\n|-singleturn|p1a: Braviary|move: Roost\n|move|p2a: Liepard|Max Starfall|p1a: Braviary\n|-damage|p1a: Braviary|150/298\n|-fieldstart|move: Misty Terrain\n|\n|upkeep\n|turn|22\n|\n|t:|1685339943\n|move|p1a: Braviary|Close Combat|p2a: Liepard\n|-supereffective|p2a: Liepard\n|-damage|p2a: Liepard|230/500\n|-unboost|p1a: Braviary|def|1\n|-unboost|p1a: Braviary|spd|1\n|move|p2a: Liepard|Max Darkness|p1a: Braviary\n|-damage|p1a: Braviary|0 fnt\n|faint|p1a: Braviary\n|\n|-heal|p2a: Liepard|245/500|[from] item: Leftovers\n|upkeep\n|\n|t:|1685339959\n|switch|p1a: Marshadow|Marshadow, L70|242/242\n|turn|23\n|\n|t:|1685339968\n|move|p1a: Marshadow|Close Combat|p2a: Liepard\n|-supereffective|p2a: Liepard\n|-damage|p2a: Liepard|0 fnt\n|-unboost|p1a: Marshadow|def|1\n|-unboost|p1a: Marshadow|spd|1\n|faint|p2a: Liepard\n|-damage|p1a: Marshadow|218/242|[from] item: Life Orb\n|\n|upkeep\n|\n|t:|1685339977\n|switch|p2a: Centiskorch|Centiskorch, L84, F|305/305\n|turn|24\n|\n|t:|1685339981\n|switch|p1a: Slowking|Slowking, L86, M|149/304\n|move|p2a: Centiskorch|Knock Off|p1a: Slowking\n|-supereffective|p1a: Slowking\n|-damage|p1a: Slowking|0 fnt\n|-enditem|p1a: Slowking|Leftovers|[from] move: Knock Off|[of] p2a: Centiskorch\n|faint|p1a: Slowking\n|\n|upkeep\n|\n|t:|1685339986\n|switch|p1a: Marshadow|Marshadow, L70|218/242\n|turn|25\n|\n|t:|1685339996\n|-start|p1a: Marshadow|Dynamax|\n|-heal|p1a: Marshadow|436/484|[silent]\n|move|p1a: Marshadow|Max Phantasm|p2a: Centiskorch\n|-damage|p2a: Centiskorch|114/305\n|-unboost|p2a: Centiskorch|def|1\n|-damage|p1a: Marshadow|412/484|[from] item: Life Orb\n|move|p2a: Centiskorch|Knock Off|p1a: Marshadow\n|-damage|p1a: Marshadow|311/484\n|-enditem|p1a: Marshadow|Life Orb|[from] move: Knock Off|[of] p2a: Centiskorch\n|\n|-fieldend|Misty Terrain\n|upkeep\n|turn|26\n|\n|t:|1685340012\n|move|p1a: Marshadow|Max Phantasm|p2a: Centiskorch\n|-damage|p2a: Centiskorch|0 fnt\n|faint|p2a: Centiskorch\n|\n|win|Brendanpal\n|raw|Brendanpal's rating: 1380 &rarr; <strong>1402</strong><br />(+22 for winning)\n|raw|Vigpo0000's rating: 1422 &rarr; <strong>1400</strong><br />(-22 for losing)\n", "inputlog": ">version 6fec31d5a0d4498a06105aa188c9906bc0b6bf95\n>start {\"formatid\":\"gen8randombattle\",\"seed\":[22908,58995,52669,25408],\"rated\":\"Rated battle\"}\n>player p1 {\"name\":\"Brendanpal\",\"avatar\":\"266\",\"rating\":1380,\"seed\":[50104,20305,45974,6867]}\n>player p2 {\"name\":\"Vigpo0000\",\"avatar\":\"101\",\"rating\":1422,\"seed\":[20517,33851,47141,39643]}\n>p1 switch 4\n>p2 switch 3\n>p1 move stickyweb\n>p2 move plasmafists\n>p1 move stunspore\n>p2 move plasmafists\n>p1 switch 2\n>p1 move quiverdance\n>p2 move plasmafists\n>p1 move fireblast\n>p2 move plasmafists\n>p2 switch 3\n>p1 move roost\n>p2 move stoneedge\n>p1 move fireblast\n>p2 move stoneedge\n>p1 switch 4\n>p1 move scald\n>p2 move stealthrock\n>p2 switch 2\n>p1 move toxic\n>p2 move psychic\n>p1 switch 5\n>p2 move psychic\n>p1 move psyshock\n>p2 switch 6\n>p1 switch 5\n>p2 move facade\n>p1 switch 6\n>p1 move closecombat\n>p2 move facade\n>p2 switch 6\n>p1 switch 5\n>p2 move psychic\n>p1 move psyshock\n>p2 switch 4\n>p1 switch 5\n>p2 move knockoff\n>p1 move closecombat\n>p2 switch 4\n>p1 switch 5\n>p2 move shadowball\n>p1 move scald\n>p2 move shadowball\n>p2 switch 4\n>p1 switch 5\n>p2 move knockoff\n>p1 move roost\n>p2 move playrough dynamax\n>p1 move closecombat\n>p2 move knockoff dynamax\n>p1 switch 3\n>p1 move closecombat\n>p2 move playrough dynamax\n>p2 switch 5\n>p1 switch 5\n>p2 move knockoff\n>p1 switch 5\n>p1 move spectralthief dynamax\n>p2 move knockoff\n>p1 move spectralthief dynamax\n>p2 move firelash", "uploadtime": 1685340020, "views": 2, "p1id": "brendanpal", "p2id": "vigpo0000", "formatid": "gen8randombattle", "rating": 1400, "private": 0, "password": ""}