{"id": "gen8randombattle-1872763274", "p1": "chivalroustot", "p2": "e56h5eh5eh65eh", "format": "[Gen 8] Random Battle", "log": "|j|\u2606chivalroustot\n|j|\u203de56h5eh5eh65eh\n|t:|1685281328\n|gametype|singles\n|player|p1|chivalroustot|169|1163\n|player|p2|e56h5eh5eh65eh|101|1049\n|teamsize|p1|6\n|teamsize|p2|6\n|gen|8\n|tier|[Gen 8] Random Battle\n|rated|\n|rule|Species Clause: Limit one of each Pok\u00e9mon\n|rule|HP Percentage Mod: HP is shown in percentages\n|rule|Sleep Clause Mod: Limit one foe put to sleep\n|\n|t:|1685281328\n|start\n|switch|p1a: Qwilfish|Qwilfish, L84, M|246/246\n|switch|p2a: Eldegoss|Eldegoss, L90, M|254/254\n|-ability|p1a: Qwilfish|Intimidate|boost\n|-unboost|p2a: Eldegoss|atk|1\n|turn|1\n|l|\u2606chivalroustot\n|player|p1|\n|\n|t:|1685281392\n|switch|p1a: Togekiss|Togekiss, L80, M|267/267\n|switch|p2a: Marowak|Marowak, L86, M|243/243\n|\n|upkeep\n|turn|2\n|j|\u2606chivalroustot\n|player|p1|chivalroustot|169\n|inactive|Battle timer is ON: inactive players will automatically lose when time's up. (requested by e56h5eh5eh65eh)\n|\n|t:|1685281430\n|move|p1a: Togekiss|Air Slash|p2a: Marowak\n|-damage|p2a: Marowak|156/243\n|cant|p2a: Marowak|flinch\n|\n|upkeep\n|turn|3\n|inactive|chivalroustot has 120 seconds left.\n|\n|t:|1685281463\n|move|p1a: Togekiss|Air Slash|p2a: Marowak\n|-damage|p2a: Marowak|63/243\n|cant|p2a: Marowak|flinch\n|\n|upkeep\n|turn|4\n|\n|t:|1685281475\n|move|p1a: Togekiss|Air Slash|p2a: Marowak\n|-damage|p2a: Marowak|0 fnt\n|faint|p2a: Marowak\n|\n|upkeep\n|\n|t:|1685281480\n|switch|p2a: Ninetales|Ninetales-Alola, L79, M|245/245\n|-weather|Hail|[from] ability: Snow Warning|[of] p2a: Ninetales\n|turn|5\n|\n|t:|1685281491\n|switch|p1a: Qwilfish|Qwilfish, L84, M|246/246\n|-ability|p1a: Qwilfish|Intimidate|boost\n|-unboost|p2a: Ninetales|atk|1\n|move|p2a: Ninetales|Aurora Veil|p2a: Ninetales\n|-sidestart|p2: e56h5eh5eh65eh|move: Aurora Veil\n|\n|-weather|Hail|[upkeep]\n|-damage|p1a: Qwilfish|231/246|[from] Hail\n|upkeep\n|turn|6\n|\n|t:|1685281513\n|move|p2a: Ninetales|Freeze-Dry|p1a: Qwilfish\n|-supereffective|p1a: Qwilfish\n|-damage|p1a: Qwilfish|63/246\n|move|p1a: Qwilfish|Thunder Wave|p2a: Ninetales\n|-status|p2a: Ninetales|par\n|\n|-weather|Hail|[upkeep]\n|-damage|p1a: Qwilfish|48/246|[from] Hail\n|upkeep\n|turn|7\n|\n|t:|1685281526\n|switch|p2a: Octillery|Octillery, L86, F|269/269\n|move|p1a: Qwilfish|Waterfall|p2a: Octillery\n|-resisted|p2a: Octillery\n|-damage|p2a: Octillery|244/269\n|\n|-weather|Hail|[upkeep]\n|-damage|p1a: Qwilfish|33/246|[from] Hail\n|-damage|p2a: Octillery|228/269|[from] Hail\n|-heal|p2a: Octillery|244/269|[from] item: Leftovers\n|-ability|p2a: Octillery|Moody|boost\n|-boost|p2a: Octillery|spd|2\n|-unboost|p2a: Octillery|atk|1\n|upkeep\n|turn|8\n|\n|t:|1685281543\n|move|p1a: Qwilfish|Destiny Bond|p1a: Qwilfish\n|-singlemove|p1a: Qwilfish|Destiny Bond\n|move|p2a: Octillery|Ice Beam|p1a: Qwilfish\n|-resisted|p1a: Qwilfish\n|-damage|p1a: Qwilfish|0 fnt\n|faint|p1a: Qwilfish\n|-activate|p1a: Qwilfish|move: Destiny Bond\n|faint|p2a: Octillery\n|\n|-weather|Hail|[upkeep]\n|upkeep\n|\n|t:|1685281553\n|switch|p1a: Frosmoth|Frosmoth, L82, M|249/249\n|switch|p2a: Pelipper|Pelipper, L86, M|243/243\n|-weather|RainDance|[from] ability: Drizzle|[of] p2a: Pelipper\n|turn|9\n|-message|e56h5eh5eh65eh forfeited.\n|\n|win|chivalroustot\n|raw|chivalroustot's rating: 1163 &rarr; <strong>1180</strong><br />(+17 for winning)\n|raw|e56h5eh5eh65eh's rating: 1049 &rarr; <strong>1037</strong><br />(-12 for losing)\n|l|\u203de56h5eh5eh65eh\n", "inputlog": ">version d74822bbc74c095aa312053f7034baee3068d99e\n>start {\"formatid\":\"gen8randombattle\",\"seed\":[63313,38207,15285,187],\"rated\":\"Rated battle\"}\n>player p1 {\"name\":\"chivalroustot\",\"avatar\":\"169\",\"rating\":1163,\"seed\":[50610,20776,6980,34016]}\n>player p2 {\"name\":\"e56h5eh5eh65eh\",\"avatar\":\"101\",\"rating\":1049,\"seed\":[35142,46856,31228,22361]}\n>p1 switch 2\n>p2 switch 4\n>p1 move airslash\n>p2 move stoneedge\n>p1 move airslash\n>p2 move stoneedge\n>p1 move airslash\n>p2 move stealthrock\n>p2 switch 6\n>p1 switch 2\n>p2 move auroraveil\n>p1 move thunderwave\n>p2 move freezedry\n>p1 move waterfall\n>p2 switch 2\n>p1 move destinybond\n>p2 move icebeam\n>p1 switch 3\n>p2 switch 5\n>forcelose p2", "uploadtime": 1685281568, "views": 3, "p1id": "chivalroustot", "p2id": "e56h5eh5eh65eh", "formatid": "gen8randombattle", "rating": 1037, "private": 0, "password": ""}