{"id": "gen8randombattle-1861722624", "p1": "Abhisek3434", "p2": "hjdhd", "format": "[Gen 8] Random Battle", "log": "|j|\u2606Abhisek3434\n|j|\u2606hjdhd\n|t:|1683800118\n|gametype|singles\n|player|p1|Abhisek3434|hilbert-wonderlauncher|1000\n|player|p2|hjdhd|1|1006\n|teamsize|p1|6\n|teamsize|p2|6\n|gen|8\n|tier|[Gen 8] Random Battle\n|rated|\n|rule|Species Clause: Limit one of each Pok\u00e9mon\n|rule|HP Percentage Mod: HP is shown in percentages\n|rule|Sleep Clause Mod: Limit one foe put to sleep\n|\n|t:|1683800118\n|start\n|switch|p1a: Steelix|Steelix, L84, F|263/263\n|switch|p2a: Skuntank|Skuntank, L85, F|314/314\n|turn|1\n|\n|t:|1683800129\n|switch|p2a: Crawdaunt|Crawdaunt, L84, F|243/243\n|move|p1a: Steelix|Earthquake|p2a: Crawdaunt\n|-damage|p2a: Crawdaunt|146/243\n|\n|upkeep\n|turn|2\n|\n|t:|1683800146\n|switch|p1a: Urshifu|Urshifu-Rapid-Strike, L78, F|284/284\n|move|p2a: Crawdaunt|Aqua Jet|p1a: Urshifu\n|-resisted|p1a: Urshifu\n|-damage|p1a: Urshifu|239/284\n|\n|-heal|p1a: Urshifu|256/284|[from] item: Leftovers\n|upkeep\n|turn|3\n|c|\u2606Abhisek3434|Jaldi khel gandu\n|n|\u203dAbhisek3434|abhisek3434\n|c|&|/log Abhisek3434 was locked from talking by Artemis. (\u2606Abhisek3434: Jaldi khel gandu)\n|c|&|/raw <small>This action was done automatically. Want to learn more about the AI? <a href=\"https://www.smogon.com/forums/threads/3570628/#post-9056769\">Visit the information thread</a>.</small>\n|\n|t:|1683800173\n|switch|p2a: Rotom|Rotom-Mow, L86|226/226\n|move|p1a: Urshifu|Drain Punch|p2a: Rotom\n|-damage|p2a: Rotom|148/226\n|-heal|p1a: Urshifu|284/284|[from] drain|[of] p2a: Rotom\n|\n|-heal|p2a: Rotom|162/226|[from] item: Leftovers\n|upkeep\n|turn|4\n|\n|t:|1683800206\n|switch|p1a: Torkoal|Torkoal, L86, F|261/261\n|-weather|SunnyDay|[from] ability: Drought|[of] p1a: Torkoal\n|move|p2a: Rotom|Thunderbolt|p1a: Torkoal\n|-damage|p1a: Torkoal|137/261\n|\n|-weather|SunnyDay|[upkeep]\n|-heal|p2a: Rotom|176/226|[from] item: Leftovers\n|upkeep\n|turn|5\n|\n|t:|1683800227\n|switch|p2a: Crawdaunt|Crawdaunt, L84, F|146/243\n|move|p1a: Torkoal|Lava Plume|p2a: Crawdaunt\n|-resisted|p2a: Crawdaunt\n|-damage|p2a: Crawdaunt|66/243\n|\n|-weather|SunnyDay|[upkeep]\n|upkeep\n|turn|6\n|\n|t:|1683800241\n|move|p2a: Crawdaunt|Aqua Jet|p1a: Torkoal\n|-supereffective|p1a: Torkoal\n|-damage|p1a: Torkoal|69/261\n|move|p1a: Torkoal|Rapid Spin|p2a: Crawdaunt\n|-damage|p2a: Crawdaunt|29/243\n|-boost|p1a: Torkoal|spe|1\n|\n|-weather|SunnyDay|[upkeep]\n|upkeep\n|turn|7\n|\n|t:|1683800253\n|move|p2a: Crawdaunt|Aqua Jet|p1a: Torkoal\n|-supereffective|p1a: Torkoal\n|-damage|p1a: Torkoal|5/261\n|move|p1a: Torkoal|Lava Plume|p2a: Crawdaunt\n|-resisted|p2a: Crawdaunt\n|-damage|p2a: Crawdaunt|0 fnt\n|faint|p2a: Crawdaunt\n|\n|-weather|SunnyDay|[upkeep]\n|upkeep\n|\n|t:|1683800264\n|switch|p2a: Skuntank|Skuntank, L85, F|314/314\n|turn|8\n|\n|t:|1683800271\n|move|p2a: Skuntank|Crunch|p1a: Torkoal\n|-damage|p1a: Torkoal|0 fnt\n|faint|p1a: Torkoal\n|\n|-weather|none\n|upkeep\n|\n|t:|1683800277\n|switch|p1a: Steelix|Steelix, L84, F|263/263\n|turn|9\n|\n|t:|1683800286\n|switch|p2a: Sandslash|Sandslash, L86, F|269/269\n|move|p1a: Steelix|Earthquake|p2a: Sandslash\n|-damage|p2a: Sandslash|190/269\n|\n|-heal|p2a: Sandslash|206/269|[from] item: Leftovers\n|upkeep\n|turn|10\n|\n|t:|1683800335\n|switch|p1a: Urshifu|Urshifu-Rapid-Strike, L78, F|284/284\n|move|p2a: Sandslash|Rapid Spin|p1a: Urshifu\n|-damage|p1a: Urshifu|247/284\n|-boost|p2a: Sandslash|spe|1\n|\n|-heal|p2a: Sandslash|222/269|[from] item: Leftovers\n|-heal|p1a: Urshifu|264/284|[from] item: Leftovers\n|upkeep\n|turn|11\n|\n|t:|1683800352\n|move|p2a: Sandslash|Earthquake|p1a: Urshifu\n|-damage|p1a: Urshifu|149/284\n|move|p1a: Urshifu|Bulk Up|p1a: Urshifu\n|-boost|p1a: Urshifu|atk|1\n|-boost|p1a: Urshifu|def|1\n|\n|-heal|p2a: Sandslash|238/269|[from] item: Leftovers\n|-heal|p1a: Urshifu|166/284|[from] item: Leftovers\n|upkeep\n|turn|12\n|\n|t:|1683800366\n|move|p2a: Sandslash|Toxic|p1a: Urshifu\n|-status|p1a: Urshifu|tox\n|move|p1a: Urshifu|Surging Strikes|p2a: Sandslash\n|-supereffective|p2a: Sandslash\n|-crit|p2a: Sandslash\n|-damage|p2a: Sandslash|136/269\n|-supereffective|p2a: Sandslash\n|-crit|p2a: Sandslash\n|-damage|p2a: Sandslash|32/269\n|-supereffective|p2a: Sandslash\n|-crit|p2a: Sandslash\n|-damage|p2a: Sandslash|0 fnt\n|faint|p2a: Sandslash\n|-hitcount|p2: Sandslash|3\n|\n|-heal|p1a: Urshifu|183/284 tox|[from] item: Leftovers\n|-damage|p1a: Urshifu|166/284 tox|[from] psn\n|upkeep\n|\n|t:|1683800374\n|switch|p2a: Bronzong|Bronzong, L83|247/247\n|turn|13\n|l|\u2606hjdhd\n|player|p2|\n|inactive|Battle timer is ON: inactive players will automatically lose when time's up. (requested by Abhisek3434)\n|inactive|hjdhd has 30 seconds to reconnect!\n|inactive|hjdhd has 20 seconds to reconnect!\n|inactive|hjdhd has 15 seconds to reconnect!\n|inactive|hjdhd has 10 seconds to reconnect!\n|inactive|hjdhd has 5 seconds to reconnect!\n|-message|hjdhd lost due to inactivity.\n|\n|win|Abhisek3434\n|raw|Abhisek3434's rating: 1000 &rarr; <strong>1041</strong><br />(+41 for winning)\n|raw|hjdhd's rating: 1006 &rarr; <strong>1000</strong><br />(-6 for losing)\n", "inputlog": ">version bce759c5f189753f4322d11c9e5aa78bbe1b1bf9\n>start {\"formatid\":\"gen8randombattle\",\"seed\":[50249,43875,35166,39302],\"rated\":\"Rated battle\"}\n>player p1 {\"name\":\"Abhisek3434\",\"avatar\":\"hilbert-wonderlauncher\",\"rating\":1000,\"seed\":[13213,61138,45808,56536]}\n>player p2 {\"name\":\"hjdhd\",\"avatar\":\"1\",\"rating\":1006,\"seed\":[11219,47388,28267,24019]}\n>p1 move earthquake\n>p2 switch 5\n>p1 switch 2\n>p2 move aquajet\n>chat \u2606Abhisek3434|Jaldi khel gandu \n>p1 move drainpunch\n>p2 switch 2\n>p1 switch 3\n>p2 move thunderbolt\n>p1 move lavaplume\n>p2 switch 2\n>p1 move rapidspin\n>p2 move aquajet\n>p1 move lavaplume\n>p2 move aquajet\n>p2 switch 5\n>p1 move lavaplume\n>p2 move crunch\n>p1 switch 2\n>p1 move earthquake\n>p2 switch 3\n>p1 switch 3\n>p2 move rapidspin\n>p1 move bulkup\n>p2 move earthquake\n>p1 move surgingstrikes\n>p2 move toxic\n>p2 switch 6\n>forcelose p2", "uploadtime": 1683800169, "views": 4, "p1id": "abhisek3434", "p2id": "hjdhd", "formatid": "gen8randombattle", "rating": 1000, "private": 0, "password": ""}