{"id": "gen8randombattle-1861599588", "p1": "Shlokrules", "p2": "RKDudes", "format": "[Gen 8] Random Battle", "log": "|j|\u2606Shlokrules\n|j|\u2606RKDudes\n|t:|1683779173\n|gametype|singles\n|player|p1|Shlokrules|hugh|\n|player|p2|RKDudes|diantha-masters|\n|teamsize|p1|6\n|teamsize|p2|6\n|gen|8\n|tier|[Gen 8] Random Battle\n|rule|Species Clause: Limit one of each Pok\u00e9mon\n|rule|HP Percentage Mod: HP is shown in percentages\n|rule|Sleep Clause Mod: Limit one foe put to sleep\n|\n|t:|1683779173\n|start\n|switch|p1a: Slowking|Slowking-Galar, L84, M|297/297\n|switch|p2a: Seismitoad|Seismitoad, L84, F|314/314\n|turn|1\n|inactive|Battle timer is ON: inactive players will automatically lose when time's up. (requested by Shlokrules)\n|c|\u2606RKDudes|hi lol\n|\n|t:|1683779190\n|move|p2a: Seismitoad|Stealth Rock|p1a: Slowking\n|-sidestart|p1: Shlokrules|move: Stealth Rock\n|move|p1a: Slowking|Psyshock|p2a: Seismitoad\n|-damage|p2a: Seismitoad|212/314\n|\n|upkeep\n|turn|2\n|\n|t:|1683779210\n|move|p2a: Seismitoad|Earthquake|p1a: Slowking\n|-supereffective|p1a: Slowking\n|-damage|p1a: Slowking|0 fnt\n|faint|p1a: Slowking\n|-damage|p2a: Seismitoad|181/314|[from] item: Life Orb\n|\n|upkeep\n|\n|t:|1683779215\n|switch|p1a: Swampert|Swampert, L80, M|291/291\n|-damage|p1a: Swampert|273/291|[from] Stealth Rock\n|turn|3\n|\n|t:|1683779239\n|move|p2a: Seismitoad|Earthquake|p1a: Swampert\n|-damage|p1a: Swampert|129/291\n|-damage|p2a: Seismitoad|150/314|[from] item: Life Orb\n|move|p1a: Swampert|Earthquake|p2a: Seismitoad\n|-damage|p2a: Seismitoad|26/314\n|\n|-heal|p1a: Swampert|147/291|[from] item: Leftovers\n|upkeep\n|turn|4\n|\n|t:|1683779255\n|move|p2a: Seismitoad|Earthquake|p1a: Swampert\n|-damage|p1a: Swampert|13/291\n|-damage|p2a: Seismitoad|0 fnt|[from] item: Life Orb\n|faint|p2a: Seismitoad\n|move|p1a: Swampert|Earthquake|p2: Seismitoad|[notarget]\n|-fail|p1a: Swampert\n|\n|-heal|p1a: Swampert|31/291|[from] item: Leftovers\n|upkeep\n|\n|t:|1683779265\n|switch|p2a: Cinccino|Cinccino, L84, M|263/263\n|turn|5\n|\n|t:|1683779271\n|move|p1a: Swampert|Protect|p1a: Swampert\n|-singleturn|p1a: Swampert|Protect\n|move|p2a: Cinccino|U-turn|p1a: Swampert\n|-activate|p1a: Swampert|move: Protect\n|\n|-heal|p1a: Swampert|49/291|[from] item: Leftovers\n|upkeep\n|turn|6\n|\n|t:|1683779281\n|switch|p1a: Blaziken|Blaziken, L76, M|247/247\n|-damage|p1a: Blaziken|217/247|[from] Stealth Rock\n|move|p2a: Cinccino|U-turn|p1a: Blaziken\n|-resisted|p1a: Blaziken\n|-crit|p1a: Blaziken\n|-damage|p1a: Blaziken|183/247\n|\n|t:|1683779287\n|switch|p2a: Dragonite|Dragonite, L75, M|260/260|[from] U-turn\n|\n|upkeep\n|turn|7\n|\n|t:|1683779293\n|move|p1a: Blaziken|Close Combat|p2a: Dragonite\n|-resisted|p2a: Dragonite\n|-damage|p2a: Dragonite|217/260\n|-unboost|p1a: Blaziken|def|1\n|-unboost|p1a: Blaziken|spd|1\n|-damage|p1a: Blaziken|159/247|[from] item: Life Orb\n|move|p2a: Dragonite|Dragon Dance|p2a: Dragonite\n|-boost|p2a: Dragonite|atk|1\n|-boost|p2a: Dragonite|spe|1\n|\n|-ability|p1a: Blaziken|Speed Boost|boost\n|-boost|p1a: Blaziken|spe|1\n|upkeep\n|turn|8\n|\n|t:|1683779302\n|move|p1a: Blaziken|Stone Edge|p2a: Dragonite\n|-supereffective|p2a: Dragonite\n|-damage|p2a: Dragonite|43/260\n|-damage|p1a: Blaziken|135/247|[from] item: Life Orb\n|move|p2a: Dragonite|Dual Wingbeat|p1a: Blaziken\n|-supereffective|p1a: Blaziken\n|-damage|p1a: Blaziken|0 fnt\n|faint|p1a: Blaziken\n|-hitcount|p1: Blaziken|1\n|\n|upkeep\n|\n|t:|1683779311\n|switch|p1a: Beartic|Beartic, L86, M|304/304\n|turn|9\n|\n|t:|1683779320\n|move|p2a: Dragonite|Outrage|p1a: Beartic\n|-damage|p1a: Beartic|97/304\n|move|p1a: Beartic|Icicle Crash|p2a: Dragonite\n|-supereffective|p2a: Dragonite\n|-damage|p2a: Dragonite|0 fnt\n|faint|p2a: Dragonite\n|\n|upkeep\n|\n|t:|1683779327\n|switch|p2a: Cinccino|Cinccino, L84, M|263/263\n|turn|10\n|\n|t:|1683779336\n|move|p2a: Cinccino|Knock Off|p1a: Beartic\n|-damage|p1a: Beartic|0 fnt\n|-enditem|p1a: Beartic|Heavy-Duty Boots|[from] move: Knock Off|[of] p2a: Cinccino\n|faint|p1a: Beartic\n|\n|upkeep\n|\n|t:|1683779339\n|switch|p1a: Swampert|Swampert, L80, M|49/291\n|-damage|p1a: Swampert|31/291|[from] Stealth Rock\n|turn|11\n|\n|t:|1683779341\n|move|p2a: Cinccino|Knock Off|p1a: Swampert\n|-damage|p1a: Swampert|0 fnt\n|-enditem|p1a: Swampert|Leftovers|[from] move: Knock Off|[of] p2a: Cinccino\n|faint|p1a: Swampert\n|\n|upkeep\n|\n|t:|1683779344\n|switch|p1a: Hitmonlee|Hitmonlee, L84, M|221/221\n|-damage|p1a: Hitmonlee|208/221|[from] Stealth Rock\n|turn|12\n|\n|t:|1683779346\n|move|p2a: Cinccino|Knock Off|p1a: Hitmonlee\n|-resisted|p1a: Hitmonlee\n|-damage|p1a: Hitmonlee|141/221\n|-enditem|p1a: Hitmonlee|Choice Band|[from] move: Knock Off|[of] p2a: Cinccino\n|move|p1a: Hitmonlee|High Jump Kick|p2a: Cinccino\n|-supereffective|p2a: Cinccino\n|-damage|p2a: Cinccino|0 fnt\n|faint|p2a: Cinccino\n|\n|upkeep\n|\n|t:|1683779352\n|switch|p2a: Rapidash|Rapidash-Galar, L84, M|246/246\n|turn|13\n|\n|t:|1683779360\n|move|p2a: Rapidash|Swords Dance|p2a: Rapidash\n|-boost|p2a: Rapidash|atk|2\n|move|p1a: Hitmonlee|High Jump Kick|p2a: Rapidash\n|-resisted|p2a: Rapidash\n|-damage|p2a: Rapidash|194/246\n|\n|-heal|p2a: Rapidash|209/246|[from] item: Leftovers\n|upkeep\n|turn|14\n|\n|t:|1683779364\n|move|p2a: Rapidash|Play Rough|p1a: Hitmonlee\n|-supereffective|p1a: Hitmonlee\n|-damage|p1a: Hitmonlee|0 fnt\n|faint|p1a: Hitmonlee\n|\n|-heal|p2a: Rapidash|224/246|[from] item: Leftovers\n|upkeep\n|\n|t:|1683779368\n|switch|p1a: Frosmoth|Frosmoth, L82, M|249/249\n|turn|15\n|\n|t:|1683779374\n|move|p2a: Rapidash|Play Rough|p1a: Frosmoth\n|-crit|p1a: Frosmoth\n|-damage|p1a: Frosmoth|0 fnt\n|faint|p1a: Frosmoth\n|\n|win|RKDudes\n|l|\u2606Shlokrules\n|c|\u2606RKDudes|gg\n", "inputlog": ">version bce759c5f189753f4322d11c9e5aa78bbe1b1bf9\n>start {\"formatid\":\"gen8randombattle\",\"seed\":[55873,26335,29983,37972]}\n>player p1 {\"name\":\"Shlokrules\",\"avatar\":\"hugh\",\"rating\":0,\"seed\":[12211,1097,11071,51129]}\n>player p2 {\"name\":\"RKDudes\",\"avatar\":\"diantha-masters\",\"rating\":0,\"seed\":[29197,22125,60020,39820]}\n>chat \u2606RKDudes|hi lol\n>p1 move psyshock\n>p2 move stealthrock\n>p1 move sludgebomb\n>p2 move earthquake\n>p1 switch 2\n>p1 move earthquake\n>p2 move earthquake\n>p1 move earthquake\n>p2 move earthquake\n>p2 switch 4\n>p1 move protect\n>p2 move uturn\n>p1 switch 5\n>p2 move uturn\n>p2 switch 5\n>p1 move closecombat\n>p2 move dragondance\n>p1 move stoneedge\n>p2 move dualwingbeat\n>p1 switch 3\n>p1 move iciclecrash\n>p2 move outrage\n>p2 switch 5\n>p1 move stoneedge\n>p2 move knockoff\n>p1 switch 5\n>p1 move earthquake\n>p2 move knockoff\n>p1 switch 6\n>p1 move highjumpkick\n>p2 move knockoff\n>p2 switch 2\n>p1 move highjumpkick\n>p2 move swordsdance\n>p1 move poisonjab\n>p2 move playrough\n>p1 switch 4\n>p1 move bugbuzz\n>p2 move playrough", "uploadtime": 1683779382, "views": 9, "p1id": "shlokrules", "p2id": "rkdudes", "formatid": "gen8randombattle", "rating": 0, "private": 0, "password": ""}