{"id": "gen8randombattle-1872981070", "p1": "kaos'll", "p2": "gareeb adani", "format": "[Gen 8] Random Battle", "log": "|j|\u2606kaos'll\n|j|\u2606gareeb adani\n|t:|1685308238\n|gametype|singles\n|player|p1|kaos'll|hilda|1366\n|player|p2|gareeb adani|2|1523\n|teamsize|p1|6\n|teamsize|p2|6\n|gen|8\n|tier|[Gen 8] Random Battle\n|rated|\n|rule|Species Clause: Limit one of each Pok\u00e9mon\n|rule|HP Percentage Mod: HP is shown in percentages\n|rule|Sleep Clause Mod: Limit one foe put to sleep\n|\n|t:|1685308238\n|start\n|switch|p1a: Arctovish|Arctovish, L86|295/295\n|switch|p2a: Dhelmise|Dhelmise, L86|261/261\n|turn|1\n|inactive|Battle timer is ON: inactive players will automatically lose when time's up. (requested by gareeb adani)\n|\n|t:|1685308267\n|switch|p1a: Marowak|Marowak-Alola, L84, M|238/238\n|move|p2a: Dhelmise|Power Whip|p1a: Marowak\n|-resisted|p1a: Marowak\n|-damage|p1a: Marowak|135/238\n|\n|upkeep\n|turn|2\n|\n|t:|1685308290\n|switch|p2a: Grapploct|Grapploct, L86, M|278/278\n|move|p1a: Marowak|Poltergeist|p2a: Grapploct\n|-activate|p2a: Grapploct|move: Poltergeist|Life Orb\n|-damage|p2a: Grapploct|100/278\n|\n|upkeep\n|turn|3\n|\n|t:|1685308299\n|move|p2a: Grapploct|Sucker Punch|p1a: Marowak\n|-supereffective|p1a: Marowak\n|-damage|p1a: Marowak|8/238\n|-damage|p2a: Grapploct|73/278|[from] item: Life Orb\n|move|p1a: Marowak|Poltergeist|p2a: Grapploct|[miss]\n|-miss|p1a: Marowak|p2a: Grapploct\n|\n|upkeep\n|turn|4\n|\n|t:|1685308315\n|switch|p1a: Ditto|Ditto, L76|198/198\n|-transform|p1a: Ditto|p2a: Grapploct|[from] ability: Imposter\n|move|p2a: Grapploct|Drain Punch|p1a: Ditto\n|-damage|p1a: Ditto|85/198\n|-heal|p2a: Grapploct|130/278|[from] drain|[of] p1a: Ditto\n|-damage|p2a: Grapploct|103/278|[from] item: Life Orb\n|\n|upkeep\n|turn|5\n|\n|t:|1685308325\n|move|p1a: Ditto|Drain Punch|p2a: Grapploct\n|-damage|p2a: Grapploct|24/278\n|-heal|p1a: Ditto|125/198|[from] drain|[of] p2a: Grapploct\n|move|p2a: Grapploct|Drain Punch|p1a: Ditto\n|-damage|p1a: Ditto|0 fnt\n|-heal|p2a: Grapploct|87/278|[from] drain|[of] p1a: Ditto\n|faint|p1a: Ditto\n|-damage|p2a: Grapploct|60/278|[from] item: Life Orb\n|\n|upkeep\n|\n|t:|1685308338\n|switch|p1a: Marowak|Marowak-Alola, L84, M|8/238\n|turn|6\n|\n|t:|1685308342\n|move|p2a: Grapploct|Sucker Punch|p1a: Marowak\n|-supereffective|p1a: Marowak\n|-damage|p1a: Marowak|0 fnt\n|faint|p1a: Marowak\n|-damage|p2a: Grapploct|33/278|[from] item: Life Orb\n|\n|upkeep\n|inactive|kaos'll has 120 seconds left.\n|\n|t:|1685308370\n|switch|p1a: Stonjourner|Stonjourner, L88, M|319/319\n|turn|7\n|\n|t:|1685308374\n|move|p1a: Stonjourner|Earthquake|p2a: Grapploct\n|-damage|p2a: Grapploct|0 fnt\n|faint|p2a: Grapploct\n|-damage|p1a: Stonjourner|288/319|[from] item: Life Orb\n|\n|upkeep\n|\n|t:|1685308379\n|switch|p2a: Oranguru|Oranguru, L86, M|295/295\n|turn|8\n|\n|t:|1685308387\n|move|p1a: Stonjourner|Stone Edge|p2a: Oranguru\n|-damage|p2a: Oranguru|118/295\n|-damage|p1a: Stonjourner|257/319|[from] item: Life Orb\n|move|p2a: Oranguru|Focus Blast|p1a: Stonjourner\n|-supereffective|p1a: Stonjourner\n|-crit|p1a: Stonjourner\n|-damage|p1a: Stonjourner|0 fnt\n|faint|p1a: Stonjourner\n|\n|-heal|p2a: Oranguru|136/295|[from] item: Leftovers\n|upkeep\n|\n|t:|1685308401\n|switch|p1a: Arctovish|Arctovish, L86|295/295\n|turn|9\n|\n|t:|1685308407\n|move|p2a: Oranguru|Thunderbolt|p1a: Arctovish\n|-supereffective|p1a: Arctovish\n|-damage|p1a: Arctovish|209/295\n|-status|p1a: Arctovish|par\n|cant|p1a: Arctovish|par\n|\n|-heal|p2a: Oranguru|154/295|[from] item: Leftovers\n|upkeep\n|turn|10\n|\n|t:|1685308413\n|move|p2a: Oranguru|Nasty Plot|p2a: Oranguru\n|-boost|p2a: Oranguru|spa|2\n|cant|p1a: Arctovish|par\n|\n|-heal|p2a: Oranguru|172/295|[from] item: Leftovers\n|upkeep\n|turn|11\n|\n|t:|1685308417\n|move|p2a: Oranguru|Psychic|p1a: Arctovish\n|-damage|p1a: Arctovish|92/295 par\n|-unboost|p1a: Arctovish|spd|1\n|move|p1a: Arctovish|Fishious Rend|p2a: Oranguru\n|-damage|p2a: Oranguru|84/295\n|\n|-heal|p2a: Oranguru|102/295|[from] item: Leftovers\n|upkeep\n|turn|12\n|\n|t:|1685308423\n|move|p2a: Oranguru|Psychic|p1a: Arctovish\n|-damage|p1a: Arctovish|0 fnt\n|faint|p1a: Arctovish\n|\n|-heal|p2a: Oranguru|120/295|[from] item: Leftovers\n|upkeep\n|\n|t:|1685308427\n|switch|p1a: Dracovish|Dracovish, L80|275/275\n|turn|13\n|\n|t:|1685308437\n|move|p1a: Dracovish|Crunch|p2a: Oranguru\n|-supereffective|p2a: Oranguru\n|-damage|p2a: Oranguru|0 fnt\n|faint|p2a: Oranguru\n|\n|upkeep\n|\n|t:|1685308440\n|switch|p2a: Eiscue|Eiscue, L82, F|256/256\n|turn|14\n|\n|t:|1685308446\n|move|p1a: Dracovish|Crunch|p2a: Eiscue\n|-activate|p2a: Eiscue|ability: Ice Face\n|-damage|p2a: Eiscue|256/256\n|-unboost|p2a: Eiscue|def|1\n|detailschange|p2a: Eiscue|Eiscue-Noice, L82, F\n|move|p2a: Eiscue|Belly Drum|p2a: Eiscue\n|-damage|p2a: Eiscue|128/256\n|-setboost|p2a: Eiscue|atk|6|[from] move: Belly Drum\n|-enditem|p2a: Eiscue|Sitrus Berry|[eat]\n|-heal|p2a: Eiscue|192/256|[from] item: Sitrus Berry\n|\n|upkeep\n|turn|15\n|\n|t:|1685308459\n|-start|p2a: Eiscue|Dynamax|\n|-heal|p2a: Eiscue|384/512|[silent]\n|move|p2a: Eiscue|Max Hailstorm|p1a: Dracovish\n|-damage|p1a: Dracovish|0 fnt\n|-weather|Hail\n|-activate|p2a: Eiscue|ability: Ice Face\n|detailschange|p2a: Eiscue|Eiscue, L82, F\n|faint|p1a: Dracovish\n|\n|-weather|Hail|[upkeep]\n|upkeep\n|-message|kaos'll forfeited.\n|\n|win|gareeb adani\n|raw|kaos&apos;ll's rating: 1366 &rarr; <strong>1355</strong><br />(-11 for losing)\n|raw|gareeb adani's rating: 1535 &rarr; <strong>1546</strong><br />(+11 for winning)\n|l|\u2606kaos'll\n", "inputlog": ">version d74822bbc74c095aa312053f7034baee3068d99e\n>start {\"formatid\":\"gen8randombattle\",\"seed\":[4790,54770,57879,34363],\"rated\":\"Rated battle\"}\n>player p1 {\"name\":\"kaos'll\",\"avatar\":\"hilda\",\"rating\":1366,\"seed\":[20964,17974,64886,14758]}\n>player p2 {\"name\":\"gareeb adani\",\"avatar\":\"2\",\"rating\":1523,\"seed\":[6203,11658,38137,1479]}\n>p1 switch 6\n>p2 move powerwhip\n>p1 move poltergeist\n>p2 switch 3\n>p1 move poltergeist\n>p2 move suckerpunch\n>p1 switch 4\n>p2 move drainpunch\n>p1 move drainpunch\n>p2 move drainpunch\n>p1 switch 4\n>p1 move flamecharge\n>p2 move suckerpunch\n>p1 switch 5\n>p1 move earthquake\n>p2 move drainpunch\n>p2 switch 2\n>p1 move stoneedge\n>p2 move focusblast\n>p1 switch 6\n>p1 move fishiousrend\n>p2 move thunderbolt\n>p1 move fishiousrend\n>p2 move nastyplot\n>p1 move fishiousrend\n>p2 move psychic\n>p1 move fishiousrend\n>p2 move psychic\n>p1 switch 3\n>p1 move crunch\n>p2 move psychic\n>p2 switch 5\n>p1 move crunch\n>p2 move bellydrum\n>p1 move crunch\n>p2 move iciclecrash dynamax\n>forcelose p1", "uploadtime": 1685308469, "views": 4, "p1id": "kaosll", "p2id": "gareebadani", "formatid": "gen8randombattle", "rating": 1355, "private": 0, "password": ""}