{"id": "gen8randombattle-1563155341", "p1": "Appelsap", "p2": "Elxsa\u2740", "format": "[Gen 8] Random Battle", "log": "|j|\u2606Appelsap\n|j|\u2606Elxsa\u2740\n|t:|1651146786\n|gametype|singles\n|player|p1|Appelsap|1|2430\n|player|p2|Elxsa\u2740|elesa|2418\n|teamsize|p1|6\n|teamsize|p2|6\n|gen|8\n|tier|[Gen 8] Random Battle\n|rated|\n|rule|Species Clause: Limit one of each Pok\u00e9mon\n|rule|HP Percentage Mod: HP is shown in percentages\n|rule|Sleep Clause Mod: Limit one foe put to sleep\n|\n|t:|1651146786\n|start\n|switch|p1a: Xurkitree|Xurkitree, L76|251/251\n|switch|p2a: Stoutland|Stoutland, L86, M|286/286\n|-ability|p2a: Stoutland|Intimidate|boost\n|-unboost|p1a: Xurkitree|atk|1\n|turn|1\n|c|\u2606Appelsap|lets see if this mu is fairer\n|c|\u2606Elxsa\u2740|lol\n|\n|t:|1651146811\n|switch|p1a: Corsola|Corsola-Galar, L84, F|238/238\n|move|p2a: Stoutland|Facade|p1a: Corsola\n|-immune|p1a: Corsola\n|\n|upkeep\n|turn|2\n|\n|t:|1651146817\n|switch|p2a: Vikavolt|Vikavolt, L82, F|260/260\n|move|p1a: Corsola|Stealth Rock|p2a: Vikavolt\n|-sidestart|p2: Elxsa\u2740|move: Stealth Rock\n|\n|upkeep\n|turn|3\n|\n|t:|1651146822\n|switch|p1a: Galvantula|Galvantula, L82, F|249/249\n|move|p2a: Vikavolt|Sticky Web|p1a: Galvantula\n|-sidestart|p1: Appelsap|move: Sticky Web\n|\n|upkeep\n|turn|4\n|\n|t:|1651146828\n|move|p1a: Galvantula|Sticky Web|p2a: Vikavolt\n|-sidestart|p2: Elxsa\u2740|move: Sticky Web\n|move|p2a: Vikavolt|Bug Buzz|p1a: Galvantula\n|-damage|p1a: Galvantula|92/249\n|\n|upkeep\n|turn|5\n|\n|t:|1651146835\n|move|p1a: Galvantula|Bug Buzz|p2a: Vikavolt\n|-damage|p2a: Vikavolt|161/260\n|move|p2a: Vikavolt|Bug Buzz|p1a: Galvantula\n|-damage|p1a: Galvantula|0 fnt\n|faint|p1a: Galvantula\n|\n|upkeep\n|\n|t:|1651146838\n|switch|p1a: Excadrill|Excadrill, L78, M|300/300\n|-activate|p1a: Excadrill|move: Sticky Web\n|-unboost|p1a: Excadrill|spe|1\n|-ability|p1a: Excadrill|Mold Breaker\n|turn|6\n|\n|t:|1651146847\n|switch|p2a: Arcanine|Arcanine, L82, F|282/282\n|-ability|p2a: Arcanine|Intimidate|boost\n|-unboost|p1a: Excadrill|atk|1\n|move|p1a: Excadrill|Rapid Spin|p2a: Arcanine\n|-damage|p2a: Arcanine|254/282\n|-boost|p1a: Excadrill|spe|1\n|-sideend|p1: Appelsap|Sticky Web|[from] move: Rapid Spin|[of] p1a: Excadrill\n|\n|upkeep\n|turn|7\n|\n|t:|1651146858\n|switch|p1a: Rapidash|Rapidash-Galar, L84, M|246/246\n|move|p2a: Arcanine|Flare Blitz|p1a: Rapidash\n|-damage|p1a: Rapidash|96/246\n|-damage|p2a: Arcanine|204/282|[from] Recoil\n|\n|-heal|p1a: Rapidash|111/246|[from] item: Leftovers\n|upkeep\n|turn|8\n|\n|t:|1651146868\n|move|p1a: Rapidash|Morning Sun|p1a: Rapidash\n|-heal|p1a: Rapidash|234/246\n|move|p2a: Arcanine|Flare Blitz|p1a: Rapidash\n|-damage|p1a: Rapidash|72/246\n|-damage|p2a: Arcanine|151/282|[from] Recoil\n|\n|-heal|p1a: Rapidash|87/246|[from] item: Leftovers\n|upkeep\n|turn|9\n|\n|t:|1651146876\n|move|p1a: Rapidash|Morning Sun|p1a: Rapidash\n|-heal|p1a: Rapidash|210/246\n|move|p2a: Arcanine|Morning Sun|p2a: Arcanine\n|-heal|p2a: Arcanine|282/282\n|\n|-heal|p1a: Rapidash|225/246|[from] item: Leftovers\n|upkeep\n|turn|10\n|\n|t:|1651146888\n|move|p1a: Rapidash|Swords Dance|p1a: Rapidash\n|-boost|p1a: Rapidash|atk|2\n|move|p2a: Arcanine|Flare Blitz|p1a: Rapidash\n|-damage|p1a: Rapidash|66/246\n|-damage|p2a: Arcanine|230/282|[from] Recoil\n|\n|-heal|p1a: Rapidash|81/246|[from] item: Leftovers\n|upkeep\n|turn|11\n|\n|t:|1651146897\n|-start|p2a: Arcanine|Dynamax|\n|-heal|p2a: Arcanine|460/564|[silent]\n|move|p1a: Rapidash|Morning Sun|p1a: Rapidash\n|-heal|p1a: Rapidash|204/246\n|move|p2a: Arcanine|Max Flare|p1a: Rapidash\n|-damage|p1a: Rapidash|36/246\n|-weather|SunnyDay\n|\n|-weather|SunnyDay|[upkeep]\n|-heal|p1a: Rapidash|51/246|[from] item: Leftovers\n|upkeep\n|turn|12\n|j| KingZuko\n|\n|t:|1651146963\n|switch|p1a: Shiinotic|Shiinotic, L86, M|243/243\n|move|p2a: Arcanine|Max Flare|p1a: Shiinotic\n|-supereffective|p1a: Shiinotic\n|-damage|p1a: Shiinotic|0 fnt\n|faint|p1a: Shiinotic\n|\n|-weather|SunnyDay|[upkeep]\n|upkeep\n|\n|t:|1651146965\n|switch|p1a: Corsola|Corsola-Galar, L84, F|238/238\n|turn|13\n|\n|t:|1651146973\n|move|p2a: Arcanine|Max Guard|p2a: Arcanine\n|-singleturn|p2a: Arcanine|Max Guard\n|move|p1a: Corsola|Strength Sap|p2a: Arcanine\n|-activate|p2a: Arcanine|move: Max Guard\n|\n|-weather|SunnyDay|[upkeep]\n|-end|p2a: Arcanine|Dynamax\n|-heal|p2a: Arcanine|230/282|[silent]\n|upkeep\n|turn|14\n|\n|t:|1651146983\n|move|p2a: Arcanine|Toxic|p1a: Corsola\n|-status|p1a: Corsola|tox\n|move|p1a: Corsola|Strength Sap|p2a: Arcanine\n|-unboost|p2a: Arcanine|atk|1\n|\n|-weather|SunnyDay|[upkeep]\n|-damage|p1a: Corsola|224/238 tox|[from] psn\n|upkeep\n|turn|15\n|\n|t:|1651147005\n|switch|p1a: Xurkitree|Xurkitree, L76|251/251\n|move|p2a: Arcanine|Flare Blitz|p1a: Xurkitree\n|-damage|p1a: Xurkitree|92/251\n|-damage|p2a: Arcanine|178/282|[from] Recoil\n|\n|-weather|none\n|upkeep\n|turn|16\n|\n|t:|1651147013\n|move|p1a: Xurkitree|Thunderbolt|p2a: Arcanine\n|-damage|p2a: Arcanine|43/282\n|move|p2a: Arcanine|Morning Sun|p2a: Arcanine\n|-heal|p2a: Arcanine|184/282\n|\n|upkeep\n|turn|17\n|\n|t:|1651147018\n|move|p1a: Xurkitree|Thunderbolt|p2a: Arcanine\n|-damage|p2a: Arcanine|54/282\n|-status|p2a: Arcanine|par\n|move|p2a: Arcanine|Morning Sun|p2a: Arcanine\n|-heal|p2a: Arcanine|195/282 par\n|\n|upkeep\n|turn|18\n|\n|t:|1651147022\n|switch|p2a: Vikavolt|Vikavolt, L82, F|161/260\n|move|p1a: Xurkitree|Thunderbolt|p2a: Vikavolt\n|-resisted|p2a: Vikavolt\n|-damage|p2a: Vikavolt|92/260\n|\n|upkeep\n|turn|19\n|\n|t:|1651147027\n|switch|p1a: Excadrill|Excadrill, L78, M|300/300\n|-ability|p1a: Excadrill|Mold Breaker\n|move|p2a: Vikavolt|Roost|p2a: Vikavolt\n|-heal|p2a: Vikavolt|222/260\n|-singleturn|p2a: Vikavolt|move: Roost\n|\n|upkeep\n|turn|20\n|\n|t:|1651147043\n|switch|p2a: Suicune|Suicune, L80|291/291\n|-activate|p2a: Suicune|move: Sticky Web\n|-unboost|p2a: Suicune|spe|1\n|-damage|p2a: Suicune|255/291|[from] Stealth Rock\n|-ability|p2a: Suicune|Pressure\n|move|p1a: Excadrill|Earthquake|p2a: Suicune\n|-damage|p2a: Suicune|146/291\n|\n|-heal|p2a: Suicune|164/291|[from] item: Leftovers\n|upkeep\n|turn|21\n|\n|t:|1651147053\n|move|p1a: Excadrill|Earthquake|p2a: Suicune\n|-damage|p2a: Suicune|70/291\n|move|p2a: Suicune|Scald|p1a: Excadrill\n|-supereffective|p1a: Excadrill\n|-damage|p1a: Excadrill|166/300\n|-status|p1a: Excadrill|brn\n|\n|-heal|p2a: Suicune|88/291|[from] item: Leftovers\n|-damage|p1a: Excadrill|148/300 brn|[from] brn\n|upkeep\n|turn|22\n|\n|t:|1651147061\n|move|p1a: Excadrill|Earthquake|p2a: Suicune\n|-damage|p2a: Suicune|39/291\n|move|p2a: Suicune|Rest|p2a: Suicune\n|-status|p2a: Suicune|slp|[from] move: Rest\n|-heal|p2a: Suicune|291/291 slp|[silent]\n|\n|-damage|p1a: Excadrill|130/300 brn|[from] brn\n|upkeep\n|turn|23\n|\n|t:|1651147073\n|switch|p1a: Rapidash|Rapidash-Galar, L84, M|51/246\n|switch|p2a: Vikavolt|Vikavolt, L82, F|222/260\n|\n|-heal|p1a: Rapidash|66/246|[from] item: Leftovers\n|upkeep\n|turn|24\n|\n|t:|1651147078\n|move|p1a: Rapidash|Morning Sun|p1a: Rapidash\n|-heal|p1a: Rapidash|189/246\n|move|p2a: Vikavolt|Bug Buzz|p1a: Rapidash\n|-damage|p1a: Rapidash|54/246\n|\n|-heal|p1a: Rapidash|69/246|[from] item: Leftovers\n|upkeep\n|turn|25\n|\n|t:|1651147084\n|switch|p1a: Excadrill|Excadrill, L78, M|130/300 brn\n|-ability|p1a: Excadrill|Mold Breaker\n|move|p2a: Vikavolt|Bug Buzz|p1a: Excadrill\n|-resisted|p1a: Excadrill\n|-crit|p1a: Excadrill\n|-damage|p1a: Excadrill|43/300 brn\n|\n|-damage|p1a: Excadrill|25/300 brn|[from] brn\n|upkeep\n|turn|26\n|\n|t:|1651147091\n|move|p1a: Excadrill|Rock Slide|p2a: Vikavolt\n|-supereffective|p2a: Vikavolt\n|-damage|p2a: Vikavolt|166/260\n|move|p2a: Vikavolt|Roost|p2a: Vikavolt\n|-heal|p2a: Vikavolt|260/260\n|-singleturn|p2a: Vikavolt|move: Roost\n|\n|-damage|p1a: Excadrill|7/300 brn|[from] brn\n|upkeep\n|turn|27\n|\n|t:|1651147097\n|move|p1a: Excadrill|Earthquake|p2a: Vikavolt\n|-damage|p2a: Vikavolt|196/260\n|move|p2a: Vikavolt|Roost|p2a: Vikavolt\n|-heal|p2a: Vikavolt|260/260\n|-singleturn|p2a: Vikavolt|move: Roost\n|\n|-damage|p1a: Excadrill|0 fnt|[from] brn\n|faint|p1a: Excadrill\n|upkeep\n|c|\u2606Appelsap|that burn was very bad\n|\n|t:|1651147146\n|switch|p1a: Xurkitree|Xurkitree, L76|92/251\n|turn|28\n|\n|t:|1651147152\n|move|p1a: Xurkitree|Volt Switch|p2a: Vikavolt\n|-resisted|p2a: Vikavolt\n|-damage|p2a: Vikavolt|203/260\n|\n|t:|1651147155\n|switch|p1a: Corsola|Corsola-Galar, L84, F|224/238 tox\n|move|p2a: Vikavolt|Roost|p2a: Vikavolt\n|-heal|p2a: Vikavolt|260/260\n|-singleturn|p2a: Vikavolt|move: Roost\n|\n|-damage|p1a: Corsola|210/238 tox|[from] psn\n|upkeep\n|turn|29\n|\n|t:|1651147160\n|move|p2a: Vikavolt|Bug Buzz|p1a: Corsola\n|-resisted|p1a: Corsola\n|-damage|p1a: Corsola|175/238 tox\n|-start|p2a: Vikavolt|Disable|Bug Buzz|[from] ability: Cursed Body|[of] p1a: Corsola\n|move|p1a: Corsola|Night Shade|p2a: Vikavolt\n|-damage|p2a: Vikavolt|176/260\n|\n|-damage|p1a: Corsola|147/238 tox|[from] psn\n|upkeep\n|turn|30\n|\n|t:|1651147168\n|move|p2a: Vikavolt|Sticky Web|p1a: Corsola\n|-sidestart|p1: Appelsap|move: Sticky Web\n|move|p1a: Corsola|Night Shade|p2a: Vikavolt\n|-damage|p2a: Vikavolt|92/260\n|\n|-damage|p1a: Corsola|105/238 tox|[from] psn\n|upkeep\n|turn|31\n|\n|t:|1651147174\n|move|p2a: Vikavolt|Roost|p2a: Vikavolt\n|-heal|p2a: Vikavolt|222/260\n|-singleturn|p2a: Vikavolt|move: Roost\n|move|p1a: Corsola|Night Shade|p2a: Vikavolt\n|-damage|p2a: Vikavolt|138/260\n|\n|-damage|p1a: Corsola|49/238 tox|[from] psn\n|upkeep\n|turn|32\n|\n|t:|1651147179\n|move|p2a: Vikavolt|Roost|p2a: Vikavolt\n|-heal|p2a: Vikavolt|260/260\n|-singleturn|p2a: Vikavolt|move: Roost\n|move|p1a: Corsola|Night Shade|p2a: Vikavolt\n|-damage|p2a: Vikavolt|176/260\n|\n|-damage|p1a: Corsola|0 fnt|[from] psn\n|faint|p1a: Corsola\n|-end|p2a: Vikavolt|Disable\n|upkeep\n|\n|t:|1651147229\n|switch|p1a: Rapidash|Rapidash-Galar, L84, M|69/246\n|-activate|p1a: Rapidash|move: Sticky Web\n|-unboost|p1a: Rapidash|spe|1\n|turn|33\n|c|\u2606Elxsa\u2740|it was like the first scald burn i've got in ages that i needed\n|c|\u2606Elxsa\u2740|but yeah\n|\n|t:|1651147245\n|move|p1a: Rapidash|Play Rough|p2a: Vikavolt\n|-damage|p2a: Vikavolt|79/260\n|move|p2a: Vikavolt|Bug Buzz|p1a: Rapidash\n|-damage|p1a: Rapidash|0 fnt\n|faint|p1a: Rapidash\n|\n|upkeep\n|\n|t:|1651147249\n|switch|p1a: Xurkitree|Xurkitree, L76|92/251\n|-activate|p1a: Xurkitree|move: Sticky Web\n|-unboost|p1a: Xurkitree|spe|1\n|turn|34\n|\n|t:|1651147279\n|move|p1a: Xurkitree|Dazzling Gleam|p2a: Vikavolt\n|-damage|p2a: Vikavolt|0 fnt\n|faint|p2a: Vikavolt\n|-ability|p1a: Xurkitree|Beast Boost|boost\n|-boost|p1a: Xurkitree|spa|1\n|\n|upkeep\n|\n|t:|1651147284\n|switch|p2a: Arcanine|Arcanine, L82, F|195/282 par\n|-ability|p2a: Arcanine|Intimidate|boost\n|-unboost|p1a: Xurkitree|atk|1\n|turn|35\n|\n|t:|1651147290\n|-start|p1a: Xurkitree|Dynamax|\n|-heal|p1a: Xurkitree|184/502|[silent]\n|move|p1a: Xurkitree|Max Lightning|p2a: Arcanine\n|-damage|p2a: Arcanine|0 fnt\n|-fieldstart|move: Electric Terrain\n|faint|p2a: Arcanine\n|-ability|p1a: Xurkitree|Beast Boost|boost\n|-boost|p1a: Xurkitree|spa|1\n|\n|upkeep\n|\n|t:|1651147300\n|switch|p2a: Suicune|Suicune, L80|291/291 slp\n|-activate|p2a: Suicune|move: Sticky Web\n|-unboost|p2a: Suicune|spe|1\n|-damage|p2a: Suicune|255/291 slp|[from] Stealth Rock\n|-ability|p2a: Suicune|Pressure\n|turn|36\n|\n|t:|1651147306\n|cant|p2a: Suicune|slp\n|move|p2a: Suicune|Sleep Talk|p2a: Suicune\n|move|p2a: Suicune|Calm Mind|p2a: Suicune|[from]move: Sleep Talk\n|-boost|p2a: Suicune|spa|1\n|-boost|p2a: Suicune|spd|1\n|move|p1a: Xurkitree|Max Overgrowth|p2a: Suicune\n|-supereffective|p2a: Suicune\n|-damage|p2a: Suicune|0 fnt\n|-fieldstart|move: Grassy Terrain\n|faint|p2a: Suicune\n|-ability|p1a: Xurkitree|Beast Boost|boost\n|-boost|p1a: Xurkitree|spa|1\n|\n|-heal|p1a: Xurkitree|199/502|[from] Grassy Terrain\n|upkeep\n|\n|t:|1651147316\n|switch|p2a: Stoutland|Stoutland, L86, M|286/286\n|-damage|p2a: Stoutland|251/286|[from] Stealth Rock\n|-activate|p2a: Stoutland|move: Sticky Web\n|-unboost|p2a: Stoutland|spe|1\n|-ability|p2a: Stoutland|Intimidate|boost\n|-unboost|p1a: Xurkitree|atk|1\n|turn|37\n|\n|t:|1651147321\n|move|p2a: Stoutland|Crunch|p1a: Xurkitree\n|-damage|p1a: Xurkitree|107/502\n|move|p1a: Xurkitree|Max Overgrowth|p2a: Stoutland\n|-damage|p2a: Stoutland|0 fnt\n|faint|p2a: Stoutland\n|-ability|p1a: Xurkitree|Beast Boost|boost\n|-boost|p1a: Xurkitree|spa|1\n|\n|-heal|p1a: Xurkitree|122/502|[from] Grassy Terrain\n|-end|p1a: Xurkitree|Dynamax\n|-heal|p1a: Xurkitree|61/251|[silent]\n|upkeep\n|\n|t:|1651147326\n|switch|p2a: Regieleki|Regieleki, L78|253/253\n|-damage|p2a: Regieleki|222/253|[from] Stealth Rock\n|-activate|p2a: Regieleki|move: Sticky Web\n|-unboost|p2a: Regieleki|spe|1\n|turn|38\n|\n|t:|1651147330\n|move|p2a: Regieleki|Explosion|p1a: Xurkitree\n|-damage|p1a: Xurkitree|0 fnt\n|faint|p2a: Regieleki\n|faint|p1a: Xurkitree\n|\n|win|Elxsa\u2740\n|raw|Appelsap's rating: 2430 &rarr; <strong>2409</strong><br />(-21 for losing)\n|raw|Elxsa\u2740's rating: 2418 &rarr; <strong>2439</strong><br />(+21 for winning)\n|c|\u2606Elxsa\u2740|gg\n|c|\u2606Appelsap|gg\n|l|\u2606Appelsap\n|l|\u2606Elxsa\u2740\n||Ladder isn't responding, score probably updated but might not have (Request timeout).\n", "inputlog": ">version 0162639e2be10fee1f1935f037788d778e37d0f7\n>start {\"formatid\":\"gen8randombattle\",\"seed\":[64055,12902,60898,18982],\"rated\":\"Rated battle\"}\n>player p1 {\"name\":\"Appelsap\",\"avatar\":\"1\",\"rating\":2430,\"seed\":[1490,20321,33585,25259]}\n>player p2 {\"name\":\"Elxsa\u2740\",\"avatar\":\"elesa\",\"rating\":2418,\"seed\":[45547,56140,14370,25058]}\n>chat \u2606Appelsap|lets see if this mu is fairer\n>chat \u2606Elxsa\u2740|lol\n>p1 switch 6\n>p2 move facade\n>p1 move stealthrock\n>p2 switch 3\n>p1 switch 3\n>p2 move stickyweb\n>p1 move stickyweb\n>p2 move bugbuzz\n>p1 move bugbuzz\n>p2 move bugbuzz\n>p1 switch 5\n>p1 move rapidspin\n>p2 switch 5\n>p1 switch 4\n>p2 move flareblitz\n>p1 move morningsun\n>p2 move flareblitz\n>p1 move morningsun\n>p2 move morningsun\n>p1 move swordsdance\n>p2 move flareblitz\n>p1 move morningsun\n>p2 move flareblitz dynamax\n>p1 switch 2\n>p2 move flareblitz dynamax\n>p1 switch 3\n>p1 move strengthsap\n>p2 move toxic dynamax\n>p1 move strengthsap\n>p2 move toxic\n>p1 switch 6\n>p2 move flareblitz\n>p1 move thunderbolt\n>p2 move morningsun\n>p1 move thunderbolt\n>p2 move morningsun\n>p1 move thunderbolt\n>p2 switch 5\n>p1 switch 4\n>p2 move roost\n>p1 move earthquake\n>p2 switch 4\n>p1 move earthquake\n>p2 move scald\n>p1 move earthquake\n>p2 move rest\n>p1 switch 2\n>p2 switch 4\n>p1 move morningsun\n>p2 move bugbuzz\n>p1 switch 2\n>p2 move bugbuzz\n>p1 move rockslide\n>p2 move roost\n>p1 move earthquake\n>p2 move roost\n>chat \u2606Appelsap|that burn was very bad\n>p1 switch 4\n>p1 move voltswitch\n>p2 move roost\n>p1 switch 6\n>p1 move nightshade\n>p2 move bugbuzz\n>p1 move nightshade\n>p2 move stickyweb\n>p1 move nightshade\n>p2 move roost\n>p1 move nightshade\n>p2 move roost\n>p1 switch 2\n>chat \u2606Elxsa\u2740|it was like the first scald burn i've got in ages that i needed\n>chat \u2606Elxsa\u2740|but yeah\n>p1 move playrough\n>p2 move bugbuzz\n>p1 switch 6\n>p1 move dazzlinggleam\n>p2 move bugbuzz\n>p2 switch 5\n>p1 move thunderbolt dynamax\n>p2 move flareblitz\n>p2 switch 4\n>p1 move energyball dynamax\n>p2 move sleeptalk\n>p2 switch 3\n>p1 move energyball dynamax\n>p2 move crunch\n>p2 switch 2\n>p1 move dazzlinggleam\n>p2 move explosion", "uploadtime": 1651148287, "views": 22, "p1id": "appelsap", "p2id": "elxsa", "formatid": "gen8randombattle", "rating": 2409, "private": 0, "password": null}