{"id": "gen8randombattle-1873181649", "p1": "flyingworkshop", "p2": "jmuyygh", "format": "[Gen 8] Random Battle", "log": "|j|\u2606flyingworkshop\n|j|\u2606jmuyygh\n|t:|1685337990\n|gametype|singles\n|player|p1|flyingworkshop|dawn|1192\n|player|p2|jmuyygh|2|1090\n|teamsize|p1|6\n|teamsize|p2|6\n|gen|8\n|tier|[Gen 8] Random Battle\n|rated|\n|rule|Species Clause: Limit one of each Pok\u00e9mon\n|rule|HP Percentage Mod: HP is shown in percentages\n|rule|Sleep Clause Mod: Limit one foe put to sleep\n|\n|t:|1685337990\n|start\n|switch|p1a: Slowking|Slowking, L86, F|304/304\n|switch|p2a: Zapdos|Zapdos, L78|268/268\n|turn|1\n|inactive|Battle timer is ON: inactive players will automatically lose when time's up. (requested by flyingworkshop)\n|\n|t:|1685338005\n|switch|p1a: Dragalge|Dragalge, L86, F|252/252\n|move|p2a: Zapdos|Discharge|p1a: Dragalge\n|-resisted|p1a: Dragalge\n|-damage|p1a: Dragalge|221/252\n|\n|-heal|p1a: Dragalge|236/252|[from] item: Black Sludge\n|upkeep\n|turn|2\n|\n|t:|1685338020\n|move|p2a: Zapdos|Hurricane|p1a: Dragalge\n|-damage|p1a: Dragalge|134/252\n|-start|p1a: Dragalge|confusion\n|-activate|p1a: Dragalge|confusion\n|-damage|p1a: Dragalge|117/252|[from] confusion\n|\n|-heal|p1a: Dragalge|132/252|[from] item: Black Sludge\n|upkeep\n|turn|3\n|\n|t:|1685338030\n|switch|p1a: Aerodactyl|Aerodactyl, L82, F|265/265\n|-ability|p1a: Aerodactyl|Unnerve\n|move|p2a: Zapdos|Hurricane|p1a: Aerodactyl\n|-resisted|p1a: Aerodactyl\n|-damage|p1a: Aerodactyl|190/265\n|\n|upkeep\n|turn|4\n|\n|t:|1685338050\n|switch|p2a: Lopunny|Lopunny, L90, M|263/263\n|move|p1a: Aerodactyl|Stone Edge|p2a: Lopunny|[miss]\n|-miss|p1a: Aerodactyl|p2a: Lopunny\n|\n|-status|p2a: Lopunny|tox|[from] item: Toxic Orb\n|upkeep\n|turn|5\n|\n|t:|1685338061\n|switch|p1a: Slowking|Slowking, L86, F|304/304\n|move|p2a: Lopunny|Facade|p1a: Slowking\n|-damage|p1a: Slowking|156/304\n|\n|-heal|p1a: Slowking|175/304|[from] item: Leftovers\n|-damage|p2a: Lopunny|247/263 tox|[from] psn\n|upkeep\n|turn|6\n|\n|t:|1685338076\n|move|p2a: Lopunny|Facade|p1a: Slowking\n|-damage|p1a: Slowking|37/304\n|move|p1a: Slowking|Slack Off|p1a: Slowking\n|-heal|p1a: Slowking|189/304\n|\n|-heal|p1a: Slowking|208/304|[from] item: Leftovers\n|-damage|p2a: Lopunny|215/263 tox|[from] psn\n|upkeep\n|turn|7\n|\n|t:|1685338087\n|move|p2a: Lopunny|Switcheroo|p1a: Slowking\n|-activate|p2a: Lopunny|move: Trick|[of] p1a: Slowking\n|-item|p1a: Slowking|Toxic Orb|[from] move: Switcheroo\n|-item|p2a: Lopunny|Leftovers|[from] move: Switcheroo\n|move|p1a: Slowking|Slack Off|p1a: Slowking\n|-heal|p1a: Slowking|304/304\n|\n|-heal|p2a: Lopunny|231/263 tox|[from] item: Leftovers\n|-damage|p2a: Lopunny|183/263 tox|[from] psn\n|-status|p1a: Slowking|tox|[from] item: Toxic Orb\n|upkeep\n|turn|8\n|\n|t:|1685338098\n|move|p2a: Lopunny|Facade|p1a: Slowking\n|-damage|p1a: Slowking|145/304 tox\n|move|p1a: Slowking|Scald|p2a: Lopunny\n|-damage|p2a: Lopunny|104/263 tox\n|\n|-heal|p2a: Lopunny|120/263 tox|[from] item: Leftovers\n|-damage|p2a: Lopunny|56/263 tox|[from] psn\n|-damage|p1a: Slowking|126/304 tox|[from] psn\n|upkeep\n|turn|9\n|\n|t:|1685338111\n|move|p2a: Lopunny|Facade|p1a: Slowking\n|-damage|p1a: Slowking|0 fnt\n|faint|p1a: Slowking\n|\n|-heal|p2a: Lopunny|72/263 tox|[from] item: Leftovers\n|-damage|p2a: Lopunny|0 fnt|[from] psn\n|faint|p2a: Lopunny\n|upkeep\n|\n|t:|1685338135\n|switch|p2a: Sharpedo|Sharpedo, L82, M|249/249\n|switch|p1a: Aerodactyl|Aerodactyl, L82, F|190/265\n|-ability|p1a: Aerodactyl|Unnerve\n|turn|10\n|\n|t:|1685338153\n|switch|p1a: Appletun|Appletun, L90, F|344/344\n|move|p2a: Sharpedo|Hydro Pump|p1a: Appletun\n|-resisted|p1a: Appletun\n|-damage|p1a: Appletun|306/344\n|-damage|p2a: Sharpedo|225/249|[from] item: Life Orb\n|\n|-heal|p1a: Appletun|327/344|[from] item: Leftovers\n|-ability|p2a: Sharpedo|Speed Boost|boost\n|-boost|p2a: Sharpedo|spe|1\n|upkeep\n|turn|11\n|inactive|jmuyygh has 120 seconds left.\n|inactive|flyingworkshop has 120 seconds left.\n|\n|t:|1685338192\n|switch|p2a: Hatterene|Hatterene, L86, F|238/238\n|move|p1a: Appletun|Apple Acid|p2a: Hatterene\n|-damage|p2a: Hatterene|144/238\n|-unboost|p2a: Hatterene|spd|1\n|\n|-heal|p1a: Appletun|344/344|[from] item: Leftovers\n|-heal|p2a: Hatterene|158/238|[from] item: Leftovers\n|upkeep\n|turn|12\n|\n|t:|1685338207\n|move|p1a: Appletun|Apple Acid|p2a: Hatterene\n|-damage|p2a: Hatterene|17/238\n|-unboost|p2a: Hatterene|spd|1\n|move|p2a: Hatterene|Dazzling Gleam|p1a: Appletun\n|-supereffective|p1a: Appletun\n|-damage|p1a: Appletun|92/344\n|\n|-heal|p1a: Appletun|113/344|[from] item: Leftovers\n|-heal|p2a: Hatterene|31/238|[from] item: Leftovers\n|upkeep\n|turn|13\n|\n|t:|1685338220\n|move|p1a: Appletun|Apple Acid|p2a: Hatterene\n|-damage|p2a: Hatterene|0 fnt\n|faint|p2a: Hatterene\n|\n|-heal|p1a: Appletun|134/344|[from] item: Leftovers\n|upkeep\n|inactive|jmuyygh has 90 seconds left.\n|inactive|jmuyygh has 60 seconds left.\n|\n|t:|1685338275\n|switch|p2a: Zapdos|Zapdos, L78|268/268\n|turn|14\n|\n|t:|1685338298\n|move|p2a: Zapdos|Hurricane|p1a: Appletun\n|-supereffective|p1a: Appletun\n|-damage|p1a: Appletun|0 fnt\n|faint|p1a: Appletun\n|\n|upkeep\n|\n|t:|1685338301\n|switch|p1a: Aerodactyl|Aerodactyl, L82, F|190/265\n|-ability|p1a: Aerodactyl|Unnerve\n|turn|15\n|\n|t:|1685338313\n|switch|p2a: Bellossom|Bellossom, L82, M|257/257\n|move|p1a: Aerodactyl|Dual Wingbeat|p2a: Bellossom\n|-supereffective|p2a: Bellossom\n|-damage|p2a: Bellossom|135/257\n|-supereffective|p2a: Bellossom\n|-damage|p2a: Bellossom|7/257\n|-hitcount|p2a: Bellossom|2\n|\n|-heal|p2a: Bellossom|23/257|[from] item: Leftovers\n|upkeep\n|turn|16\n|\n|t:|1685338326\n|move|p1a: Aerodactyl|Dual Wingbeat|p2a: Bellossom\n|-supereffective|p2a: Bellossom\n|-damage|p2a: Bellossom|0 fnt\n|faint|p2a: Bellossom\n|-hitcount|p2: Bellossom|1\n|\n|upkeep\n|\n|t:|1685338333\n|switch|p2a: Sharpedo|Sharpedo, L82, M|225/249\n|turn|17\n|inactive|flyingworkshop has 120 seconds left.\n|\n|t:|1685338348\n|switch|p1a: Dragalge|Dragalge, L86, F|132/252\n|move|p2a: Sharpedo|Hydro Pump|p1a: Dragalge|[miss]\n|-miss|p2a: Sharpedo|p1a: Dragalge\n|\n|-heal|p1a: Dragalge|147/252|[from] item: Black Sludge\n|-ability|p2a: Sharpedo|Speed Boost|boost\n|-boost|p2a: Sharpedo|spe|1\n|upkeep\n|turn|18\n|inactive|flyingworkshop has 120 seconds left.\n|\n|t:|1685338360\n|move|p2a: Sharpedo|Hydro Pump|p1a: Dragalge\n|-resisted|p1a: Dragalge\n|-damage|p1a: Dragalge|92/252\n|-damage|p2a: Sharpedo|201/249|[from] item: Life Orb\n|move|p1a: Dragalge|Dragon Pulse|p2a: Sharpedo\n|-crit|p2a: Sharpedo\n|-damage|p2a: Sharpedo|0 fnt\n|faint|p2a: Sharpedo\n|\n|-heal|p1a: Dragalge|107/252|[from] item: Black Sludge\n|upkeep\n|\n|t:|1685338373\n|switch|p2a: Zapdos|Zapdos, L78|268/268\n|turn|19\n|\n|t:|1685338377\n|move|p2a: Zapdos|Hurricane|p1a: Dragalge|[miss]\n|-miss|p2a: Zapdos|p1a: Dragalge\n|move|p1a: Dragalge|Dragon Pulse|p2a: Zapdos\n|-damage|p2a: Zapdos|140/268\n|\n|-heal|p1a: Dragalge|122/252|[from] item: Black Sludge\n|upkeep\n|turn|20\n|inactive|jmuyygh has 90 seconds left.\n|\n|t:|1685338385\n|move|p2a: Zapdos|Hurricane|p1a: Dragalge\n|-damage|p1a: Dragalge|31/252\n|move|p1a: Dragalge|Dragon Pulse|p2a: Zapdos\n|-damage|p2a: Zapdos|2/268\n|\n|-heal|p1a: Dragalge|46/252|[from] item: Black Sludge\n|upkeep\n|turn|21\n|inactive|jmuyygh has 90 seconds left.\n|\n|t:|1685338397\n|move|p2a: Zapdos|Hurricane|p1a: Dragalge\n|-damage|p1a: Dragalge|0 fnt\n|faint|p1a: Dragalge\n|\n|upkeep\n|\n|t:|1685338402\n|switch|p1a: Aerodactyl|Aerodactyl, L82, F|190/265\n|-ability|p1a: Aerodactyl|Unnerve\n|turn|22\n|\n|t:|1685338411\n|move|p1a: Aerodactyl|Dual Wingbeat|p2a: Zapdos\n|-resisted|p2a: Zapdos\n|-damage|p2a: Zapdos|0 fnt\n|faint|p2a: Zapdos\n|-hitcount|p2: Zapdos|1\n|\n|upkeep\n|\n|t:|1685338417\n|switch|p2a: Mantine|Mantine, L86, F|286/286\n|turn|23\n|\n|t:|1685338426\n|-start|p2a: Mantine|Dynamax|\n|-heal|p2a: Mantine|572/572|[silent]\n|move|p1a: Aerodactyl|Dual Wingbeat|p2a: Mantine\n|-damage|p2a: Mantine|499/572\n|-damage|p2a: Mantine|430/572\n|-hitcount|p2a: Mantine|2\n|move|p2a: Mantine|Max Geyser|p1a: Aerodactyl\n|-supereffective|p1a: Aerodactyl\n|-damage|p1a: Aerodactyl|0 fnt\n|-weather|RainDance\n|faint|p1a: Aerodactyl\n|\n|-weather|RainDance|[upkeep]\n|-heal|p2a: Mantine|447/572|[from] item: Leftovers\n|upkeep\n|\n|t:|1685338455\n|switch|p1a: Escavalier|Escavalier, L84, M|255/255\n|turn|24\n|inactive|jmuyygh has 120 seconds left.\n|\n|t:|1685338461\n|move|p2a: Mantine|Max Airstream|p1a: Escavalier\n|-damage|p1a: Escavalier|129/255\n|-boost|p2a: Mantine|spe|1\n|move|p1a: Escavalier|Swords Dance|p1a: Escavalier\n|-boost|p1a: Escavalier|atk|2\n|\n|-weather|RainDance|[upkeep]\n|-heal|p2a: Mantine|464/572|[from] item: Leftovers\n|-heal|p1a: Escavalier|144/255|[from] item: Leftovers\n|upkeep\n|turn|25\n|inactive|jmuyygh has 120 seconds left.\n|\n|t:|1685338475\n|-start|p1a: Escavalier|Dynamax|\n|-heal|p1a: Escavalier|288/510|[silent]\n|move|p2a: Mantine|Max Geyser|p1a: Escavalier\n|-damage|p1a: Escavalier|119/510\n|move|p1a: Escavalier|Max Steelspike|p2a: Mantine\n|-resisted|p2a: Mantine\n|-damage|p2a: Mantine|251/572\n|-boost|p1a: Escavalier|def|1\n|\n|-weather|RainDance|[upkeep]\n|-heal|p2a: Mantine|268/572|[from] item: Leftovers\n|-heal|p1a: Escavalier|134/510|[from] item: Leftovers\n|upkeep\n|-end|p2a: Mantine|Dynamax\n|-heal|p2a: Mantine|134/286|[silent]\n|turn|26\n|inactive|jmuyygh has 120 seconds left.\n|\n|t:|1685338500\n|move|p2a: Mantine|Roost|p2a: Mantine\n|-heal|p2a: Mantine|277/286\n|-singleturn|p2a: Mantine|move: Roost\n|move|p1a: Escavalier|Max Flutterby|p2a: Mantine\n|-damage|p2a: Mantine|0 fnt\n|faint|p2a: Mantine\n|\n|win|flyingworkshop\n|raw|flyingworkshop's rating: 1192 &rarr; <strong>1210</strong><br />(+18 for winning)\n|raw|jmuyygh's rating: 1090 &rarr; <strong>1073</strong><br />(-17 for losing)\n|l|\u2606jmuyygh\n", "inputlog": ">version 6fec31d5a0d4498a06105aa188c9906bc0b6bf95\n>start {\"formatid\":\"gen8randombattle\",\"seed\":[65019,2807,25538,32964],\"rated\":\"Rated battle\"}\n>player p1 {\"name\":\"flyingworkshop\",\"avatar\":\"dawn\",\"rating\":1192,\"seed\":[41658,53884,46763,32370]}\n>player p2 {\"name\":\"jmuyygh\",\"avatar\":\"2\",\"rating\":1090,\"seed\":[2364,57187,62123,26533]}\n>p1 switch 4\n>p2 move discharge\n>p1 move sludgewave\n>p2 move hurricane\n>p1 switch 3\n>p2 move hurricane\n>p1 move stoneedge\n>p2 switch 4\n>p1 switch 4\n>p2 move facade\n>p1 move slackoff\n>p2 move facade\n>p1 move slackoff\n>p2 move switcheroo\n>p1 move scald\n>p2 move facade\n>p1 move slackoff\n>p2 move facade\n>p1 switch 4\n>p2 switch 6\n>p1 switch 5\n>p2 move hydropump\n>p1 move appleacid\n>p2 switch 3\n>p1 move appleacid\n>p2 move dazzlinggleam\n>p1 move appleacid\n>p2 move dazzlinggleam\n>p2 switch 4\n>p1 move recover\n>p2 move hurricane\n>p1 switch 5\n>p1 move dualwingbeat\n>p2 switch 5\n>p1 move dualwingbeat\n>p2 move sleeppowder\n>p2 switch 3\n>p1 switch 3\n>p2 move hydropump\n>p1 move dragonpulse\n>p2 move hydropump\n>p2 switch 5\n>p1 move dragonpulse\n>p2 move hurricane\n>p1 move dragonpulse\n>p2 move hurricane\n>p1 move dragonpulse\n>p2 move hurricane\n>p1 switch 3\n>p1 move dualwingbeat\n>p2 move discharge\n>p2 switch 2\n>p1 move dualwingbeat\n>p2 move scald dynamax\n>p1 switch 6\n>p1 move swordsdance\n>p2 move hurricane dynamax\n>p1 move ironhead dynamax\n>p2 move scald dynamax\n>p1 move megahorn dynamax\n>p2 move roost", "uploadtime": 1685338514, "views": 5, "p1id": "flyingworkshop", "p2id": "jmuyygh", "formatid": "gen8randombattle", "rating": 1073, "private": 0, "password": ""}