{"id": "gen8randombattle-1872137920", "p1": "D_Verv", "p2": "gareeb adani", "format": "[Gen 8] Random Battle", "log": "|j|\u2606D_Verv\n|j|\u2606gareeb adani\n|t:|1685186213\n|gametype|singles\n|player|p1|D_Verv|102|1356\n|player|p2|gareeb adani|170|1502\n|teamsize|p1|6\n|teamsize|p2|6\n|gen|8\n|tier|[Gen 8] Random Battle\n|rated|\n|rule|Species Clause: Limit one of each Pok\u00e9mon\n|rule|HP Percentage Mod: HP is shown in percentages\n|rule|Sleep Clause Mod: Limit one foe put to sleep\n|\n|t:|1685186213\n|start\n|switch|p1a: Uxie|Uxie, L82|257/257\n|switch|p2a: Tapu Koko|Tapu Koko, L78|237/237\n|-fieldstart|move: Electric Terrain|[from] ability: Electric Surge|[of] p2a: Tapu Koko\n|turn|1\n|inactive|Battle timer is ON: inactive players will automatically lose when time's up. (requested by gareeb adani)\n|\n|t:|1685186222\n|move|p2a: Tapu Koko|Calm Mind|p2a: Tapu Koko\n|-boost|p2a: Tapu Koko|spa|1\n|-boost|p2a: Tapu Koko|spd|1\n|move|p1a: Uxie|Yawn|p2a: Tapu Koko\n|-activate|p2a: Tapu Koko|move: Electric Terrain\n|\n|upkeep\n|turn|2\n|\n|t:|1685186230\n|move|p2a: Tapu Koko|Thunderbolt|p1a: Uxie\n|-damage|p1a: Uxie|130/257\n|move|p1a: Uxie|Stealth Rock|p2a: Tapu Koko\n|-sidestart|p2: gareeb adani|move: Stealth Rock\n|\n|-heal|p1a: Uxie|146/257|[from] item: Leftovers\n|upkeep\n|turn|3\n|\n|t:|1685186247\n|switch|p1a: Zeraora|Zeraora, L76|259/259\n|move|p2a: Tapu Koko|Thunderbolt|p1a: Zeraora\n|-immune|p1a: Zeraora|[from] ability: Volt Absorb\n|\n|upkeep\n|turn|4\n|\n|t:|1685186260\n|move|p1a: Zeraora|Plasma Fists|p2a: Tapu Koko\n|-resisted|p2a: Tapu Koko\n|-damage|p2a: Tapu Koko|127/237\n|-fieldactivate|move: Ion Deluge\n|-hint|Normal-type moves become Electric-type after using Plasma Fists.\n|move|p2a: Tapu Koko|Dazzling Gleam|p1a: Zeraora\n|-damage|p1a: Zeraora|141/259\n|\n|-heal|p2a: Tapu Koko|141/237|[from] item: Leftovers\n|upkeep\n|turn|5\n|\n|t:|1685186269\n|move|p1a: Zeraora|Plasma Fists|p2a: Tapu Koko\n|-resisted|p2a: Tapu Koko\n|-damage|p2a: Tapu Koko|45/237\n|-fieldactivate|move: Ion Deluge\n|-hint|Normal-type moves become Electric-type after using Plasma Fists.\n|move|p2a: Tapu Koko|Dazzling Gleam|p1a: Zeraora\n|-damage|p1a: Zeraora|9/259\n|\n|-heal|p2a: Tapu Koko|59/237|[from] item: Leftovers\n|-fieldend|move: Electric Terrain\n|upkeep\n|turn|6\n|\n|t:|1685186285\n|switch|p1a: Doublade|Doublade, L82, F|231/231\n|move|p2a: Tapu Koko|Dazzling Gleam|p1a: Doublade\n|-resisted|p1a: Doublade\n|-damage|p1a: Doublade|176/231\n|\n|-heal|p2a: Tapu Koko|73/237|[from] item: Leftovers\n|upkeep\n|turn|7\n|\n|t:|1685186294\n|switch|p2a: Thievul|Thievul, L86, F|261/261\n|-damage|p2a: Thievul|229/261|[from] Stealth Rock\n|move|p1a: Doublade|Shadow Sneak|p2a: Thievul\n|-resisted|p2a: Thievul\n|-damage|p2a: Thievul|202/261\n|\n|upkeep\n|turn|8\n|\n|t:|1685186302\n|move|p2a: Thievul|Dark Pulse|p1a: Doublade\n|-supereffective|p1a: Doublade\n|-damage|p1a: Doublade|0 fnt\n|faint|p1a: Doublade\n|-damage|p2a: Thievul|176/261|[from] item: Life Orb\n|\n|upkeep\n|\n|t:|1685186318\n|switch|p1a: Zeraora|Zeraora, L76|9/259\n|turn|9\n|\n|t:|1685186333\n|move|p1a: Zeraora|Close Combat|p2a: Thievul\n|-supereffective|p2a: Thievul\n|-damage|p2a: Thievul|0 fnt\n|-unboost|p1a: Zeraora|def|1\n|-unboost|p1a: Zeraora|spd|1\n|faint|p2a: Thievul\n|\n|upkeep\n|\n|t:|1685186336\n|switch|p2a: Slowking|Slowking-Galar, L84, F|297/297\n|-damage|p2a: Slowking|260/297|[from] Stealth Rock\n|turn|10\n|\n|t:|1685186350\n|switch|p1a: Goodra|Goodra, L82, M|282/282\n|move|p2a: Slowking|Sludge Bomb|p1a: Goodra\n|-damage|p1a: Goodra|207/282\n|-status|p1a: Goodra|psn\n|\n|-damage|p1a: Goodra|172/282 psn|[from] psn\n|upkeep\n|turn|11\n|\n|t:|1685186362\n|move|p1a: Goodra|Earthquake|p2a: Slowking\n|-supereffective|p2a: Slowking\n|-damage|p2a: Slowking|124/297\n|move|p2a: Slowking|Sludge Bomb|p1a: Goodra\n|-damage|p1a: Goodra|94/282 psn\n|\n|-damage|p1a: Goodra|59/282 psn|[from] psn\n|upkeep\n|turn|12\n|inactive|gareeb adani has 120 seconds left.\n|\n|t:|1685186405\n|switch|p2a: Flapple|Flapple, L84, M|255/255\n|-damage|p2a: Flapple|224/255|[from] Stealth Rock\n|move|p1a: Goodra|Earthquake|p2a: Flapple\n|-resisted|p2a: Flapple\n|-damage|p2a: Flapple|187/255\n|\n|-damage|p1a: Goodra|24/282 psn|[from] psn\n|upkeep\n|turn|13\n|\n|t:|1685186418\n|switch|p2a: Tapu Koko|Tapu Koko, L78|73/237\n|-damage|p2a: Tapu Koko|44/237|[from] Stealth Rock\n|-fieldstart|move: Electric Terrain|[from] ability: Electric Surge|[of] p2a: Tapu Koko\n|move|p1a: Goodra|Draco Meteor|p2a: Tapu Koko\n|-immune|p2a: Tapu Koko\n|\n|-heal|p2a: Tapu Koko|58/237|[from] item: Leftovers\n|-damage|p1a: Goodra|0 fnt|[from] psn\n|faint|p1a: Goodra\n|upkeep\n|inactive|D_Verv has 120 seconds left.\n|\n|t:|1685186447\n|switch|p1a: Groudon|Groudon, L73|266/266\n|-weather|SunnyDay|[from] ability: Drought|[of] p1a: Groudon\n|turn|14\n|inactive|D_Verv has 120 seconds left.\n|inactive|gareeb adani has 120 seconds left.\n|\n|t:|1685186478\n|move|p2a: Tapu Koko|Dazzling Gleam|p1a: Groudon\n|-damage|p1a: Groudon|190/266\n|move|p1a: Groudon|Heavy Slam|p2a: Tapu Koko\n|-damage|p2a: Tapu Koko|0 fnt\n|faint|p2a: Tapu Koko\n|\n|-weather|SunnyDay|[upkeep]\n|-heal|p1a: Groudon|206/266|[from] item: Leftovers\n|upkeep\n|\n|t:|1685186480\n|switch|p2a: Indeedee|Indeedee, L83, M|235/235\n|-damage|p2a: Indeedee|206/235|[from] Stealth Rock\n|-fieldstart|move: Psychic Terrain|[from] ability: Psychic Surge|[of] p2a: Indeedee\n|turn|15\n|\n|t:|1685186493\n|move|p2a: Indeedee|Expanding Force|p1a: Groudon\n|-crit|p1a: Groudon\n|-damage|p1a: Groudon|0 fnt\n|faint|p1a: Groudon\n|-damage|p2a: Indeedee|183/235|[from] item: Life Orb\n|\n|-weather|SunnyDay|[upkeep]\n|upkeep\n|inactive|D_Verv has 120 seconds left.\n|\n|t:|1685186509\n|switch|p1a: Zeraora|Zeraora, L76|9/259\n|turn|16\n|inactive|gareeb adani has 120 seconds left.\n|\n|t:|1685186548\n|move|p1a: Zeraora|Knock Off|p2a: Indeedee\n|-supereffective|p2a: Indeedee\n|-damage|p2a: Indeedee|0 fnt\n|-enditem|p2a: Indeedee|Life Orb|[from] move: Knock Off|[of] p1a: Zeraora\n|faint|p2a: Indeedee\n|\n|-weather|SunnyDay|[upkeep]\n|upkeep\n|\n|t:|1685186552\n|switch|p2a: Melmetal|Melmetal, L74|322/322\n|-damage|p2a: Melmetal|302/322|[from] Stealth Rock\n|turn|17\n|\n|t:|1685186559\n|switch|p1a: Uxie|Uxie, L82|146/257\n|move|p2a: Melmetal|Double Iron Bash|p1a: Uxie\n|-damage|p1a: Uxie|46/257\n|-damage|p1a: Uxie|0 fnt\n|faint|p1a: Uxie\n|-hitcount|p1: Uxie|2\n|\n|-weather|SunnyDay|[upkeep]\n|upkeep\n|\n|t:|1685186568\n|switch|p1a: Zeraora|Zeraora, L76|9/259\n|turn|18\n|inactive|gareeb adani has 120 seconds left.\n|\n|t:|1685186587\n|move|p1a: Zeraora|Close Combat|p2a: Melmetal\n|-supereffective|p2a: Melmetal\n|-damage|p2a: Melmetal|108/322\n|-unboost|p1a: Zeraora|def|1\n|-unboost|p1a: Zeraora|spd|1\n|move|p2a: Melmetal|Double Iron Bash|p1a: Zeraora\n|-resisted|p1a: Zeraora\n|-damage|p1a: Zeraora|0 fnt\n|faint|p1a: Zeraora\n|-hitcount|p1: Zeraora|1\n|\n|-weather|none\n|upkeep\n|\n|t:|1685186598\n|switch|p1a: Lycanroc|Lycanroc-Dusk, L80, F|251/251\n|turn|19\n|inactive|gareeb adani has 120 seconds left.\n|\n|t:|1685186609\n|-start|p1a: Lycanroc|Dynamax|\n|-heal|p1a: Lycanroc|502/502|[silent]\n|move|p1a: Lycanroc|Max Knuckle|p2a: Melmetal\n|-supereffective|p2a: Melmetal\n|-damage|p2a: Melmetal|0 fnt\n|-boost|p1a: Lycanroc|atk|1\n|faint|p2a: Melmetal\n|-damage|p1a: Lycanroc|477/502|[from] item: Life Orb\n|\n|-fieldend|move: Psychic Terrain\n|upkeep\n|inactive|gareeb adani has 120 seconds left.\n|\n|t:|1685186615\n|switch|p2a: Flapple|Flapple, L84, M|187/255\n|-damage|p2a: Flapple|156/255|[from] Stealth Rock\n|turn|20\n|\n|t:|1685186624\n|-start|p2a: Flapple|Dynamax|\n|-heal|p2a: Flapple|312/510|[silent]\n|move|p2a: Flapple|Max Guard|p2a: Flapple\n|-singleturn|p2a: Flapple|Max Guard\n|move|p1a: Lycanroc|Max Knuckle|p2a: Flapple\n|-activate|p2a: Flapple|move: Max Guard\n|\n|upkeep\n|turn|21\n|\n|t:|1685186637\n|move|p1a: Lycanroc|Max Knuckle|p2a: Flapple\n|-crit|p2a: Flapple\n|-damage|p2a: Flapple|88/510\n|-boost|p1a: Lycanroc|atk|1\n|-damage|p1a: Lycanroc|452/502|[from] item: Life Orb\n|move|p2a: Flapple|Max Overgrowth|p1a: Lycanroc\n|-supereffective|p1a: Lycanroc\n|-damage|p1a: Lycanroc|0 fnt\n|-fieldstart|move: Grassy Terrain\n|faint|p1a: Lycanroc\n|-damage|p2a: Flapple|63/510|[from] item: Life Orb\n|\n|win|gareeb adani\n|raw|D_Verv's rating: 1356 &rarr; <strong>1344</strong><br />(-12 for losing)\n|raw|gareeb adani's rating: 1513 &rarr; <strong>1525</strong><br />(+12 for winning)\n", "inputlog": ">version d74822bbc74c095aa312053f7034baee3068d99e\n>start {\"formatid\":\"gen8randombattle\",\"seed\":[40625,415,56594,33527],\"rated\":\"Rated battle\"}\n>player p1 {\"name\":\"D_Verv\",\"avatar\":\"102\",\"rating\":1356,\"seed\":[11285,40955,56249,30765]}\n>player p2 {\"name\":\"gareeb adani\",\"avatar\":\"170\",\"rating\":1502,\"seed\":[29112,45911,4427,10662]}\n>p1 move yawn\n>p2 move calmmind\n>p1 move stealthrock\n>p2 move thunderbolt\n>p1 switch 5\n>p2 move thunderbolt\n>p1 move plasmafists\n>p2 move dazzlinggleam\n>p1 move plasmafists\n>p2 move dazzlinggleam\n>p1 switch 4\n>p2 move dazzlinggleam\n>p1 move shadowsneak\n>p2 switch 6\n>p1 move closecombat\n>p2 move darkpulse\n>p1 switch 4\n>p1 move closecombat\n>p2 move darkpulse\n>p2 switch 3\n>p1 switch 6\n>p2 move sludgebomb\n>p1 move earthquake\n>p2 move sludgebomb\n>p1 move earthquake\n>p2 switch 5\n>p1 move dracometeor\n>p2 switch 6\n>p1 switch 2\n>p1 move heavyslam\n>p2 move dazzlinggleam\n>p2 switch 2\n>p1 move precipiceblades\n>p2 move expandingforce\n>p1 switch 6\n>p1 move knockoff\n>p2 move expandingforce\n>p2 switch 4\n>p1 switch 5\n>p2 move doubleironbash\n>p1 switch 5\n>p1 move closecombat\n>p2 move doubleironbash\n>p1 switch 3\n>p1 move closecombat dynamax\n>p2 move doubleironbash\n>p2 switch 6\n>p1 move closecombat dynamax\n>p2 move dragondance dynamax\n>p1 move closecombat dynamax\n>p2 move gravapple dynamax", "uploadtime": 1685186642, "views": 6, "p1id": "dverv", "p2id": "gareebadani", "formatid": "gen8randombattle", "rating": 1344, "private": 0, "password": ""}