{"id": "gen8randombattle-1873837234", "p1": "ibaiq8", "p2": "krokeinsanoV", "format": "[Gen 8] Random Battle", "log": "|j|\u2606ibaiq8\n|j|\u2606krokeinsanoV\n|t:|1685429722\n|gametype|singles\n|player|p1|ibaiq8|2|1069\n|player|p2|krokeinsanoV|170|1000\n|teamsize|p1|6\n|teamsize|p2|6\n|gen|8\n|tier|[Gen 8] Random Battle\n|rated|\n|rule|Species Clause: Limit one of each Pok\u00e9mon\n|rule|HP Percentage Mod: HP is shown in percentages\n|rule|Sleep Clause Mod: Limit one foe put to sleep\n|\n|t:|1685429722\n|start\n|switch|p1a: Linoone|Linoone, L84, F|268/268\n|switch|p2a: Thundurus|Thundurus, L80, M|258/258\n|turn|1\n|c|\u2606krokeinsanoV|hi\n|c|\u2606krokeinsanoV|im new xD\n|\n|t:|1685429757\n|move|p2a: Thundurus|Nasty Plot|p2a: Thundurus\n|-boost|p2a: Thundurus|spa|2\n|move|p1a: Linoone|Belly Drum|p1a: Linoone\n|-damage|p1a: Linoone|134/268\n|-setboost|p1a: Linoone|atk|6|[from] move: Belly Drum\n|-enditem|p1a: Linoone|Mago Berry|[eat]\n|-heal|p1a: Linoone|223/268|[from] item: Mago Berry\n|\n|upkeep\n|turn|2\n|\n|t:|1685429782\n|move|p1a: Linoone|Extreme Speed|p2a: Thundurus\n|-damage|p2a: Thundurus|0 fnt\n|faint|p2a: Thundurus\n|\n|upkeep\n|j| IwataniYukine\n|\n|t:|1685429827\n|switch|p2a: Sandslash|Sandslash-Alola, L86, M|269/269\n|turn|3\n|c| IwataniYukine|kroke nuv\n|\n|t:|1685429839\n|move|p1a: Linoone|Stomping Tantrum|p2a: Sandslash\n|-supereffective|p2a: Sandslash\n|-damage|p2a: Sandslash|27/269\n|move|p2a: Sandslash|Triple Axel|p1a: Linoone\n|-damage|p1a: Linoone|183/268\n|-damage|p1a: Linoone|100/268\n|-damage|p1a: Linoone|0 fnt\n|faint|p1a: Linoone\n|-hitcount|p1: Linoone|3\n|-damage|p2a: Sandslash|1/269|[from] item: Life Orb\n|\n|upkeep\n|c|\u2606krokeinsanoV|broooo\n|\n|t:|1685429868\n|switch|p1a: Thievul|Thievul, L86, M|261/261\n|turn|4\n|c|\u2606krokeinsanoV|q uso un puto atake q le kita 40 y le sube un x4 de atake y dps le regenera la vida :v\n|\n|t:|1685429884\n|switch|p2a: Urshifu|Urshifu-Rapid-Strike, L78, M|284/284\n|move|p1a: Thievul|Dark Pulse|p2a: Urshifu\n|-resisted|p2a: Urshifu\n|-damage|p2a: Urshifu|174/284\n|\n|-heal|p2a: Urshifu|191/284|[from] item: Leftovers\n|upkeep\n|turn|5\n|\n|t:|1685429913\n|move|p1a: Thievul|Grass Knot|p2a: Urshifu\n|-supereffective|p2a: Urshifu\n|-damage|p2a: Urshifu|0 fnt\n|faint|p2a: Urshifu\n|\n|upkeep\n|\n|t:|1685429921\n|switch|p2a: Heracross|Heracross, L82, F|265/265\n|turn|6\n|\n|t:|1685429942\n|move|p1a: Thievul|Psychic|p2a: Heracross\n|-supereffective|p2a: Heracross\n|-damage|p2a: Heracross|119/265\n|move|p2a: Heracross|Close Combat|p1a: Thievul\n|-supereffective|p1a: Thievul\n|-damage|p1a: Thievul|0 fnt\n|-unboost|p2a: Heracross|def|1\n|-unboost|p2a: Heracross|spd|1\n|faint|p1a: Thievul\n|\n|-status|p2a: Heracross|brn|[from] item: Flame Orb\n|upkeep\n|c|\u2606krokeinsanoV|ibaiq8 chupame el culo kbron\n|c|\u2606krokeinsanoV|vengaaaa\n|c|\u2606krokeinsanoV|a casa malo\n|\n|t:|1685429957\n|switch|p1a: Mew|Mew, L80|291/291\n|turn|7\n|c|\u2606krokeinsanoV|nuv\n|c|\u2606krokeinsanoV|nuv\n|c|\u2606krokeinsanoV|:v\n|\n|t:|1685429974\n|move|p1a: Mew|Psychic Fangs|p2a: Heracross\n|-supereffective|p2a: Heracross\n|-damage|p2a: Heracross|0 fnt\n|faint|p2a: Heracross\n|\n|upkeep\n|l|\u2606ibaiq8\n|player|p1|\n|\n|t:|1685429983\n|switch|p2a: Musharna|Musharna, L86, M|340/340\n|turn|8\n|j|\u2606ibaiq8\n|player|p1|ibaiq8|2\n|\n|t:|1685430009\n|move|p1a: Mew|Swords Dance|p1a: Mew\n|-boost|p1a: Mew|atk|2\n|move|p2a: Musharna|Calm Mind|p2a: Musharna\n|-boost|p2a: Musharna|spa|1\n|-boost|p2a: Musharna|spd|1\n|\n|upkeep\n|turn|9\n|\n|t:|1685430028\n|move|p1a: Mew|Swords Dance|p1a: Mew\n|-boost|p1a: Mew|atk|2\n|move|p2a: Musharna|Calm Mind|p2a: Musharna\n|-boost|p2a: Musharna|spa|1\n|-boost|p2a: Musharna|spd|1\n|\n|upkeep\n|turn|10\n|\n|t:|1685430044\n|move|p1a: Mew|Flare Blitz|p2a: Musharna\n|-damage|p2a: Musharna|112/340\n|-damage|p1a: Mew|216/291|[from] Recoil\n|move|p2a: Musharna|Calm Mind|p2a: Musharna\n|-boost|p2a: Musharna|spa|1\n|-boost|p2a: Musharna|spd|1\n|\n|-heal|p2a: Musharna|133/340|[from] item: Leftovers\n|upkeep\n|turn|11\n|\n|t:|1685430059\n|move|p1a: Mew|Brave Bird|p2a: Musharna\n|-damage|p2a: Musharna|0 fnt\n|faint|p2a: Musharna\n|-damage|p1a: Mew|172/291|[from] Recoil\n|\n|upkeep\n|-message|krokeinsanoV forfeited.\n|\n|win|ibaiq8\n|raw|ibaiq8's rating: 1069 &rarr; <strong>1093</strong><br />(+24 for winning)\n|raw|krokeinsanoV's rating: 1000 &rarr; <strong>1000</strong><br />(+0 for losing)\n", "inputlog": ">version 6fec31d5a0d4498a06105aa188c9906bc0b6bf95\n>start {\"formatid\":\"gen8randombattle\",\"seed\":[26265,42777,44375,39634],\"rated\":\"Rated battle\"}\n>player p1 {\"name\":\"ibaiq8\",\"avatar\":\"2\",\"rating\":1069,\"seed\":[993,21166,60880,11485]}\n>player p2 {\"name\":\"krokeinsanoV\",\"avatar\":\"170\",\"rating\":1000,\"seed\":[41399,33373,24308,17952]}\n>chat \u2606krokeinsanoV|hi\n>chat \u2606krokeinsanoV|im new xD\n>p1 move bellydrum\n>p2 move nastyplot\n>p1 move extremespeed\n>p2 move thunderbolt\n>p2 switch 3\n>chat  IwataniYukine|kroke nuv\n>p1 move stompingtantrum\n>p2 move tripleaxel\n>chat \u2606krokeinsanoV|broooo\n>p1 switch 2\n>chat \u2606krokeinsanoV|q uso un puto atake q le kita 40 y le sube un x4 de atake y dps le regenera la vida :v\n>p1 move darkpulse\n>p2 switch 2\n>p1 move grassknot\n>p2 move bulkup\n>p2 switch 5\n>p1 move psychic\n>p2 move closecombat\n>chat \u2606krokeinsanoV|ibaiq8 chupame el culo kbron\n>chat \u2606krokeinsanoV|vengaaaa\n>chat \u2606krokeinsanoV|a casa malo\n>p1 switch 5\n>chat \u2606krokeinsanoV|nuv\n>chat \u2606krokeinsanoV|nuv\n>chat \u2606krokeinsanoV|:v\n>p1 move psychicfangs\n>p2 move facade\n>p2 switch 4\n>p1 move swordsdance\n>p2 move calmmind\n>p1 move swordsdance\n>p2 move calmmind\n>p1 move flareblitz\n>p2 move calmmind\n>p1 move bravebird\n>p2 move moonblast\n>forcelose p2", "uploadtime": 1685429947, "views": 5, "p1id": "ibaiq8", "p2id": "krokeinsanov", "formatid": "gen8randombattle", "rating": 1000, "private": 0, "password": ""}