{"id": "gen8randombattle-1871929303", "p1": "we up", "p2": "FrootLoops007", "format": "[Gen 8] Random Battle", "log": "|j|\u2606we up\n|j|\u2606FrootLoops007\n|inactive|Battle timer is ON: inactive players will automatically lose when time's up.\n|t:|1685148532\n|gametype|singles\n|player|p1|we up|caitlin-masters|\n|player|p2|FrootLoops007|roughneck-gen4|\n|teamsize|p1|24\n|teamsize|p2|24\n|gen|8\n|tier|[Gen 8] Random Battle\n|rated|Tournament battle\n|rule|Species Clause: Limit one of each Pok\u00e9mon\n|rule|HP Percentage Mod: HP is shown in percentages\n|rule|Sleep Clause Mod: Limit one foe put to sleep\n|rule|Dynamax Clause: You cannot dynamax\n|clearpoke\n|poke|p1|Metagross, L84|\n|poke|p1|Maractus, L88, M|\n|poke|p1|Pheromosa, L76|\n|poke|p1|Nidoqueen, L84, F|\n|poke|p1|Spectrier, L76|\n|poke|p1|Blissey, L80, F|\n|poke|p1|Jynx, L88, F|\n|poke|p1|Lickilicky, L88, F|\n|poke|p1|Togekiss, L84, F|\n|poke|p1|Tentacruel, L84, M|\n|poke|p1|Swampert, L82, F|\n|poke|p1|Spiritomb, L88, F|\n|poke|p1|Gourgeist-*, L88, F|\n|poke|p1|Crobat, L84, M|\n|poke|p1|Palossand, L88, M|\n|poke|p1|Omastar, L87, F|\n|poke|p1|Salazzle, L86, F|\n|poke|p1|Araquanid, L87, M|\n|poke|p1|Rhyperior, L84, F|\n|poke|p1|Reuniclus, L87, M|\n|poke|p1|Morpeko, L88, M|\n|poke|p1|Absol, L88, F|\n|poke|p1|Zacian-*, L72|\n|poke|p1|Shedinja, L92|\n|poke|p2|Accelgor, L88, F|\n|poke|p2|Glaceon, L88, F|\n|poke|p2|Alakazam, L81, F|\n|poke|p2|Eternatus, L73|\n|poke|p2|Mesprit, L88|\n|poke|p2|Persian, L88, M|\n|poke|p2|Cramorant, L88, F|\n|poke|p2|Garbodor, L88, F|\n|poke|p2|Lapras, L88, F|\n|poke|p2|Metagross, L84|\n|poke|p2|Azelf, L82|\n|poke|p2|Vileplume, L86, M|\n|poke|p2|Garchomp, L80, M|\n|poke|p2|Slowbro-Galar, L83, M|\n|poke|p2|Scyther, L87, M|\n|poke|p2|Swoobat, L84, F|\n|poke|p2|Escavalier, L86, F|\n|poke|p2|Exploud, L86, M|\n|poke|p2|Azumarill, L82, M|\n|poke|p2|Oranguru, L88, M|\n|poke|p2|Flareon, L88, M|\n|poke|p2|Uxie, L88|\n|poke|p2|Salazzle, L86, F|\n|poke|p2|Kingler, L87, M|\n|teampreview|6\n|j|*Lady Monita\n|inactive|we up also wants the timer to be on.\n|inactive|we up has 120 seconds left.\n|inactive|FrootLoops007 has 120 seconds left.\n|j| Hiusi guy\n|j| Crown Oji\n|inactive|we up has 90 seconds left.\n|inactive|FrootLoops007 has 90 seconds left.\n|j| Mrdrainpunch\n|inactive|we up has 60 seconds left.\n|inactive|FrootLoops007 has 60 seconds left.\n|inactive|FrootLoops007 has 30 seconds left.\n|inactive|FrootLoops007 has 20 seconds left.\n|inactive|FrootLoops007 has 15 seconds left.\n|c|\u2606we up|im sorry in advance\n|inactive|FrootLoops007 has 10 seconds left.\n|inactive|FrootLoops007 has 5 seconds left.\n|\n|t:|1685148681\n|start\n|switch|p1a: Spiritomb|Spiritomb, L88, F|305/305\n|switch|p2a: Escavalier|Escavalier, L86, F|326/326\n|turn|1\n|\n|t:|1685148692\n|move|p1a: Spiritomb|Knock Off|p2a: Escavalier\n|-damage|p2a: Escavalier|194/326\n|-enditem|p2a: Escavalier|Leftovers|[from] move: Knock Off|[of] p1a: Spiritomb\n|move|p2a: Escavalier|Meteor Mash|p1a: Spiritomb\n|-immune|p1a: Spiritomb|[from] ability: Wonder Guard\n|\n|upkeep\n|turn|2\n|c| Hiusi guy|lmoa\n|l| Crown Oji\n|\n|t:|1685148703\n|move|p1a: Spiritomb|Earthquake|p2a: Escavalier\n|-damage|p2a: Escavalier|110/326\n|move|p2a: Escavalier|Thunder Punch|p1a: Spiritomb\n|-immune|p1a: Spiritomb|[from] ability: Wonder Guard\n|\n|upkeep\n|turn|3\n|c| Hiusi guy|unfort mu\n|l| Hiusi guy\n|\n|t:|1685148723\n|move|p1a: Spiritomb|Toxic|p2a: Escavalier\n|-immune|p2a: Escavalier\n|move|p2a: Escavalier|Thunder Punch|p1a: Spiritomb\n|-immune|p1a: Spiritomb|[from] ability: Wonder Guard\n|\n|upkeep\n|turn|4\n|\n|t:|1685148732\n|move|p1a: Spiritomb|Earthquake|p2a: Escavalier\n|-damage|p2a: Escavalier|23/326\n|move|p2a: Escavalier|Meteor Mash|p1a: Spiritomb\n|-immune|p1a: Spiritomb|[from] ability: Wonder Guard\n|\n|upkeep\n|turn|5\n|\n|t:|1685148739\n|move|p1a: Spiritomb|Earthquake|p2a: Escavalier\n|-damage|p2a: Escavalier|0 fnt\n|faint|p2a: Escavalier\n|\n|win|we up\n|n|\u2606we up|weup\n|n|\u2606FrootLoops007|frootloops007\n|n|*Lady Monita|ladymonita\n|n| Mrdrainpunch|mrdrainpunch\n", "inputlog": ">version 61c68e60481ef09071210320730fc448fef50368\n>start {\"formatid\":\"gen8randombattle@@@Chimera 1v1 Rule,Dynamax Clause,maxteamsize=24\",\"seed\":[32535,49326,64938,56580],\"rated\":\"Tournament battle\"}\n>player p1 {\"name\":\"we up\",\"avatar\":\"caitlin-masters\",\"rating\":0,\"seed\":[13155,63178,54005,37724]}\n>player p2 {\"name\":\"FrootLoops007\",\"avatar\":\"roughneck-gen4\",\"rating\":0,\"seed\":[50799,38593,31548,20932]}\n>chat \u2606we up|im sorry in advance\n>p1 team 12, 6, 24, 23, 11, 8\n>p2 team 17, 2, 19, 13, 4, 10\n>p1 move knockoff\n>p2 move meteormash\n>chat  Hiusi guy|lmoa\n>p1 move earthquake\n>p2 move thunderpunch\n>chat  Hiusi guy|unfort mu\n>p1 move toxic\n>p2 move thunderpunch\n>p1 move earthquake\n>p2 move meteormash\n>p1 move earthquake\n>p2 move meteormash", "uploadtime": 1685148740, "views": 6, "p1id": "weup", "p2id": "frootloops007", "formatid": "gen8randombattle", "rating": 0, "private": 0, "password": ""}