{"id": "gen8randombattle-1593920354", "p1": "Daiyilang \u272c", "p2": "dorapult", "format": "[Gen 8] Random Battle", "log": "|j|\u2606Daiyilang \u272c\n|j|\u2606dorapult\n|t:|1654939094\n|gametype|singles\n|player|p1|Daiyilang \u272c|2|2445\n|player|p2|dorapult|1|2491\n|teamsize|p1|6\n|teamsize|p2|6\n|gen|8\n|tier|[Gen 8] Random Battle\n|rated|\n|rule|Species Clause: Limit one of each Pok\u00e9mon\n|rule|HP Percentage Mod: HP is shown in percentages\n|rule|Sleep Clause Mod: Limit one foe put to sleep\n|\n|t:|1654939094\n|start\n|switch|p1a: Excadrill|Excadrill, L78, F|300/300\n|switch|p2a: Escavalier|Escavalier, L84, M|255/255\n|turn|1\n|inactive|Battle timer is ON: inactive players will automatically lose when time's up. (requested by Daiyilang \u272c)\n|c|\u2606dorapult|/log dorapult made this room public.\n|j| Fake Peralta\n|c|\u2606dorapult|hf\n|c|\u2606Daiyilang \u272c|u2\n|j| JJ09LIE\n|j| Comkys\n|inactive|Daiyilang \u272c has 120 seconds left.\n|inactive|dorapult has 120 seconds left.\n|c| JJ09LIE|2445 nice\n|\n|t:|1654939134\n|switch|p1a: Talonflame|Talonflame, L81, M|259/259\n|move|p2a: Escavalier|Megahorn|p1a: Talonflame\n|-resisted|p1a: Talonflame\n|-damage|p1a: Talonflame|210/259\n|\n|upkeep\n|turn|2\n|c| Comkys|damn 2445\n|c| Comkys|thats insane\n|c|\u2606Daiyilang \u272c|dora is much higher lol\n|\n|t:|1654939159\n|switch|p2a: Sudowoodo|Sudowoodo, L86, M|261/261\n|move|p1a: Talonflame|U-turn|p2a: Sudowoodo\n|-damage|p2a: Sudowoodo|227/261\n|\n|t:|1654939167\n|switch|p1a: Perrserker|Perrserker, L86, F|261/261\n|\n|-heal|p2a: Sudowoodo|243/261|[from] item: Leftovers\n|upkeep\n|turn|3\n|j| Mad_skilz3\n|j| Eichorrnia\u00aa\n|\n|t:|1654939179\n|switch|p2a: Golisopod|Golisopod, L84, F|263/263\n|move|p1a: Perrserker|Iron Head|p2a: Golisopod\n|-resisted|p2a: Golisopod\n|-damage|p2a: Golisopod|191/263\n|\n|upkeep\n|turn|4\n|\n|t:|1654939183\n|move|p1a: Perrserker|Iron Head|p2a: Golisopod\n|-resisted|p2a: Golisopod\n|-damage|p2a: Golisopod|111/263\n|-activate|p2a: Golisopod|ability: Emergency Exit\n|\n|t:|1654939186\n|switch|p2a: Volcanion|Volcanion, L80|259/259\n|\n|upkeep\n|turn|5\n|\n|t:|1654939191\n|switch|p1a: Milotic|Milotic, L82, M|290/290\n|move|p2a: Volcanion|Steam Eruption|p1a: Milotic\n|-resisted|p1a: Milotic\n|-damage|p1a: Milotic|233/290\n|-status|p1a: Milotic|brn\n|\n|-heal|p1a: Milotic|251/290 brn|[from] item: Leftovers\n|-damage|p1a: Milotic|233/290 brn|[from] brn\n|upkeep\n|turn|6\n|c| Comkys|its a 50 point diff  much higher..\n|\n|t:|1654939203\n|switch|p2a: Golisopod|Golisopod, L84, F|111/263\n|move|p1a: Milotic|Scald|p2a: Golisopod\n|-resisted|p2a: Golisopod\n|-damage|p2a: Golisopod|74/263\n|\n|-heal|p1a: Milotic|251/290 brn|[from] item: Leftovers\n|-damage|p1a: Milotic|233/290 brn|[from] brn\n|upkeep\n|turn|7\n|\n|t:|1654939213\n|move|p1a: Milotic|Scald|p2a: Golisopod\n|-resisted|p2a: Golisopod\n|-damage|p2a: Golisopod|30/263\n|move|p2a: Golisopod|Spikes|p1a: Milotic\n|-sidestart|p1: Daiyilang \u272c|Spikes\n|\n|-heal|p1a: Milotic|251/290 brn|[from] item: Leftovers\n|-damage|p1a: Milotic|233/290 brn|[from] brn\n|upkeep\n|turn|8\n|c| Comkys|anyway you should focus on the game\n|\n|t:|1654939225\n|switch|p2a: Volcanion|Volcanion, L80|259/259\n|move|p1a: Milotic|Scald|p2a: Volcanion\n|-immune|p2a: Volcanion|[from] ability: Water Absorb\n|\n|-heal|p1a: Milotic|251/290 brn|[from] item: Leftovers\n|-damage|p1a: Milotic|233/290 brn|[from] brn\n|upkeep\n|turn|9\n|\n|t:|1654939233\n|switch|p2a: Gengar|Gengar, L80, M|227/227\n|move|p1a: Milotic|Toxic|p2a: Gengar\n|-immune|p2a: Gengar\n|\n|-heal|p1a: Milotic|251/290 brn|[from] item: Leftovers\n|-damage|p1a: Milotic|233/290 brn|[from] brn\n|upkeep\n|turn|10\n|c| JJ09LIE|Dora match to no1\n|\n|t:|1654939244\n|move|p2a: Gengar|Nasty Plot|p2a: Gengar\n|-boost|p2a: Gengar|spa|2\n|move|p1a: Milotic|Scald|p2a: Gengar\n|-damage|p2a: Gengar|121/227\n|-status|p2a: Gengar|brn\n|\n|-heal|p1a: Milotic|251/290 brn|[from] item: Leftovers\n|-damage|p2a: Gengar|107/227 brn|[from] brn\n|-damage|p1a: Milotic|233/290 brn|[from] brn\n|upkeep\n|turn|11\n|c| JJ09LIE|ur typhlosion right\n|c|\u2606dorapult|yeah\n|inactive|Daiyilang \u272c has 120 seconds left.\n|c| Eichorrnia\u00aa|Rip doras mu\n|c| Eichorrnia\u00aa|Horrible\n|\n|t:|1654939291\n|switch|p1a: Lunatone|Lunatone, L86|295/295\n|move|p2a: Gengar|Sludge Wave|p1a: Lunatone\n|-resisted|p1a: Lunatone\n|-damage|p1a: Lunatone|143/295\n|-damage|p2a: Gengar|85/227 brn|[from] item: Life Orb\n|\n|-damage|p2a: Gengar|71/227 brn|[from] brn\n|upkeep\n|turn|12\n|c| JJ09LIE|Why not push on ur main\n|c| Comkys|yea the match up\n|\n|t:|1654939296\n|move|p2a: Gengar|Shadow Ball|p1a: Lunatone\n|-supereffective|p1a: Lunatone\n|-damage|p1a: Lunatone|0 fnt\n|faint|p1a: Lunatone\n|-damage|p2a: Gengar|49/227 brn|[from] item: Life Orb\n|\n|-damage|p2a: Gengar|35/227 brn|[from] brn\n|upkeep\n|\n|t:|1654939301\n|switch|p1a: Talonflame|Talonflame, L81, M|210/259\n|turn|13\n|j| ivehadenoughshit\n|c|\u2606dorapult|idk i like laddering anonymously\n|\n|t:|1654939326\n|switch|p2a: Sudowoodo|Sudowoodo, L86, M|243/261\n|move|p1a: Talonflame|Brave Bird|p2a: Sudowoodo\n|-resisted|p2a: Sudowoodo\n|-damage|p2a: Sudowoodo|204/261\n|-damage|p1a: Talonflame|197/259|[from] Recoil\n|\n|-heal|p2a: Sudowoodo|220/261|[from] item: Leftovers\n|upkeep\n|turn|14\n|\n|t:|1654939331\n|move|p1a: Talonflame|U-turn|p2a: Sudowoodo\n|-damage|p2a: Sudowoodo|186/261\n|\n|t:|1654939334\n|switch|p1a: Perrserker|Perrserker, L86, F|261/261\n|-damage|p1a: Perrserker|229/261|[from] Spikes\n|move|p2a: Sudowoodo|Stealth Rock|p1a: Perrserker\n|-sidestart|p1: Daiyilang \u272c|move: Stealth Rock\n|\n|-heal|p2a: Sudowoodo|202/261|[from] item: Leftovers\n|upkeep\n|turn|15\n|\n|t:|1654939344\n|switch|p2a: Volcanion|Volcanion, L80|259/259\n|move|p1a: Perrserker|U-turn|p2a: Volcanion\n|-resisted|p2a: Volcanion\n|-damage|p2a: Volcanion|224/259\n|\n|t:|1654939346\n|switch|p1a: Milotic|Milotic, L82, M|233/290 brn\n|-damage|p1a: Milotic|197/290 brn|[from] Spikes\n|-damage|p1a: Milotic|161/290 brn|[from] Stealth Rock\n|\n|-heal|p1a: Milotic|179/290 brn|[from] item: Leftovers\n|-damage|p1a: Milotic|161/290 brn|[from] brn\n|upkeep\n|turn|16\n|\n|t:|1654939357\n|switch|p2a: Escavalier|Escavalier, L84, M|255/255\n|move|p1a: Milotic|Recover|p1a: Milotic\n|-heal|p1a: Milotic|290/290 brn\n|\n|-damage|p1a: Milotic|272/290 brn|[from] brn\n|upkeep\n|turn|17\n|\n|t:|1654939363\n|switch|p1a: Talonflame|Talonflame, L81, M|197/259\n|move|p2a: Escavalier|Megahorn|p1a: Talonflame|[miss]\n|-miss|p2a: Escavalier|p1a: Talonflame\n|\n|upkeep\n|turn|18\n|\n|t:|1654939374\n|move|p1a: Talonflame|U-turn|p2a: Escavalier\n|-resisted|p2a: Escavalier\n|-damage|p2a: Escavalier|239/255\n|\n|t:|1654939375\n|switch|p1a: Perrserker|Perrserker, L86, F|229/261\n|-damage|p1a: Perrserker|197/261|[from] Spikes\n|-damage|p1a: Perrserker|181/261|[from] Stealth Rock\n|move|p2a: Escavalier|Megahorn|p1a: Perrserker\n|-resisted|p1a: Perrserker\n|-damage|p1a: Perrserker|111/261\n|\n|-heal|p2a: Escavalier|254/255|[from] item: Leftovers\n|upkeep\n|turn|19\n|l| Eichorrnia\u00aa\n|\n|t:|1654939387\n|switch|p2a: Volcanion|Volcanion, L80|224/259\n|move|p1a: Perrserker|Close Combat|p2a: Volcanion\n|-damage|p2a: Volcanion|107/259\n|-unboost|p1a: Perrserker|def|1\n|-unboost|p1a: Perrserker|spd|1\n|\n|upkeep\n|turn|20\n|c| Comkys|tbh i would aswell i dont want he attention tied to a main i want people to talk to me  FOR ME not bc i am goodat the game\n|\n|t:|1654939397\n|switch|p2a: Escavalier|Escavalier, L84, M|254/255\n|switch|p1a: Milotic|Milotic, L82, M|272/290 brn\n|-damage|p1a: Milotic|236/290 brn|[from] Spikes\n|-damage|p1a: Milotic|200/290 brn|[from] Stealth Rock\n|\n|-heal|p1a: Milotic|218/290 brn|[from] item: Leftovers\n|-heal|p2a: Escavalier|255/255|[from] item: Leftovers\n|-damage|p1a: Milotic|200/290 brn|[from] brn\n|upkeep\n|turn|21\n|j| Andy_Vick\n|\n|t:|1654939407\n|switch|p1a: Talonflame|Talonflame, L81, M|197/259\n|move|p2a: Escavalier|Megahorn|p1a: Talonflame\n|-resisted|p1a: Talonflame\n|-damage|p1a: Talonflame|147/259\n|\n|upkeep\n|turn|22\n|\n|t:|1654939411\n|switch|p2a: Sudowoodo|Sudowoodo, L86, M|202/261\n|move|p1a: Talonflame|U-turn|p2a: Sudowoodo\n|-damage|p2a: Sudowoodo|171/261\n|j| Exomu\n|\n|t:|1654939414\n|switch|p1a: Perrserker|Perrserker, L86, F|111/261\n|-damage|p1a: Perrserker|79/261|[from] Spikes\n|-damage|p1a: Perrserker|63/261|[from] Stealth Rock\n|\n|-heal|p2a: Sudowoodo|187/261|[from] item: Leftovers\n|upkeep\n|turn|23\n|\n|t:|1654939424\n|switch|p2a: Golisopod|Golisopod, L84, F|30/263\n|move|p1a: Perrserker|Iron Head|p2a: Golisopod\n|-resisted|p2a: Golisopod\n|-damage|p2a: Golisopod|0 fnt\n|faint|p2a: Golisopod\n|\n|upkeep\n|l| Exomu\n|\n|t:|1654939434\n|switch|p2a: Volcanion|Volcanion, L80|107/259\n|turn|24\n|\n|t:|1654939437\n|move|p2a: Volcanion|Steam Eruption|p1a: Perrserker\n|-damage|p1a: Perrserker|0 fnt\n|faint|p1a: Perrserker\n|\n|upkeep\n|\n|t:|1654939438\n|switch|p1a: Milotic|Milotic, L82, M|200/290 brn\n|-damage|p1a: Milotic|164/290 brn|[from] Spikes\n|-damage|p1a: Milotic|128/290 brn|[from] Stealth Rock\n|turn|25\n|\n|t:|1654939442\n|switch|p2a: Escavalier|Escavalier, L84, M|255/255\n|move|p1a: Milotic|Recover|p1a: Milotic\n|-heal|p1a: Milotic|273/290 brn\n|\n|-heal|p1a: Milotic|290/290 brn|[from] item: Leftovers\n|-damage|p1a: Milotic|272/290 brn|[from] brn\n|upkeep\n|turn|26\n|\n|t:|1654939447\n|move|p1a: Milotic|Scald|p2a: Escavalier\n|-damage|p2a: Escavalier|180/255\n|move|p2a: Escavalier|Megahorn|p1a: Milotic\n|-damage|p1a: Milotic|149/290 brn\n|\n|-heal|p1a: Milotic|167/290 brn|[from] item: Leftovers\n|-heal|p2a: Escavalier|195/255|[from] item: Leftovers\n|-damage|p1a: Milotic|149/290 brn|[from] brn\n|upkeep\n|turn|27\n|\n|t:|1654939454\n|move|p1a: Milotic|Recover|p1a: Milotic\n|-heal|p1a: Milotic|290/290 brn\n|move|p2a: Escavalier|Swords Dance|p2a: Escavalier\n|-boost|p2a: Escavalier|atk|2\n|\n|-heal|p2a: Escavalier|210/255|[from] item: Leftovers\n|-damage|p1a: Milotic|272/290 brn|[from] brn\n|upkeep\n|turn|28\n|\n|t:|1654939456\n|switch|p1a: Talonflame|Talonflame, L81, M|147/259\n|move|p2a: Escavalier|Megahorn|p1a: Talonflame|[miss]\n|-miss|p2a: Escavalier|p1a: Talonflame\n|\n|-heal|p2a: Escavalier|225/255|[from] item: Leftovers\n|upkeep\n|turn|29\n|\n|t:|1654939461\n|switch|p2a: Sudowoodo|Sudowoodo, L86, M|187/261\n|move|p1a: Talonflame|U-turn|p2a: Sudowoodo\n|-damage|p2a: Sudowoodo|153/261\n|c| JJ09LIE|Rip\n|\n|t:|1654939468\n|switch|p1a: Excadrill|Excadrill, L78, F|300/300\n|-damage|p1a: Excadrill|263/300|[from] Spikes\n|-damage|p1a: Excadrill|254/300|[from] Stealth Rock\n|\n|-heal|p2a: Sudowoodo|169/261|[from] item: Leftovers\n|upkeep\n|turn|30\n|\n|t:|1654939479\n|switch|p2a: Mienshao|Mienshao, L82, M|241/241\n|move|p1a: Excadrill|Earthquake|p2a: Mienshao\n|-damage|p2a: Mienshao|30/241\n|-damage|p1a: Excadrill|224/300|[from] item: Life Orb\n|\n|upkeep\n|turn|31\n|c| Comkys|rough match up but it can happen\n|inactive|Daiyilang \u272c has 120 seconds left.\n|\n|t:|1654939521\n|switch|p1a: Talonflame|Talonflame, L81, M|147/259\n|move|p2a: Mienshao|Close Combat|p1a: Talonflame\n|-resisted|p1a: Talonflame\n|-damage|p1a: Talonflame|63/259\n|-unboost|p2a: Mienshao|def|1\n|-unboost|p2a: Mienshao|spd|1\n|\n|upkeep\n|turn|32\n|\n|t:|1654939534\n|switch|p1a: Mew|Mew, L80|291/291\n|-damage|p1a: Mew|255/291|[from] Spikes\n|-damage|p1a: Mew|219/291|[from] Stealth Rock\n|move|p2a: Mienshao|Close Combat|p1a: Mew\n|-resisted|p1a: Mew\n|-damage|p1a: Mew|149/291\n|-unboost|p2a: Mienshao|def|1\n|-unboost|p2a: Mienshao|spd|1\n|\n|upkeep\n|turn|33\n|inactive|dorapult has 120 seconds left.\n|c| Comkys|mienshao is just chipin lol\n|c| JJ09LIE|At least mienshao looks good\n|c| Comkys|well it is doing helpful damage\n|inactive|dorapult has 90 seconds left.\n|j| futaba's clone\n|inactive|dorapult has 60 seconds left.\n|\n|t:|1654939620\n|switch|p2a: Escavalier|Escavalier, L84, M|225/255\n|move|p1a: Mew|Dragon Dance|p1a: Mew\n|-boost|p1a: Mew|atk|1\n|-boost|p1a: Mew|spe|1\n|\n|-heal|p2a: Escavalier|240/255|[from] item: Leftovers\n|upkeep\n|turn|34\n|inactive|dorapult has 60 seconds left.\n|inactive|Daiyilang \u272c has 120 seconds left.\n|\n|t:|1654939656\n|move|p1a: Mew|Flare Blitz|p2a: Escavalier\n|-supereffective|p2a: Escavalier\n|-damage|p2a: Escavalier|0 fnt\n|faint|p2a: Escavalier\n|-damage|p1a: Mew|70/291|[from] Recoil\n|\n|upkeep\n|\n|t:|1654939660\n|switch|p2a: Mienshao|Mienshao, L82, M|110/241\n|turn|35\n|\n|t:|1654939674\n|move|p2a: Mienshao|U-turn|p1a: Mew\n|-supereffective|p1a: Mew\n|-damage|p1a: Mew|0 fnt\n|faint|p1a: Mew\n|\n|t:|1654939678\n|switch|p2a: Volcanion|Volcanion, L80|107/259\n|\n|upkeep\n|inactive|Daiyilang \u272c has 120 seconds left.\n|j| Freedom of Light\n|l| Freedom of Light\n|j| Accidere\n|inactive|Daiyilang \u272c has 90 seconds left.\n|c| Comkys|i expected a gengar switch to deal with the mew so that mew would be switched out which dora switchs into mienshao tbh\n|c| Comkys|switches\n|inactive|Daiyilang \u272c has 60 seconds left.\n|c| Fake Peralta|Dragon danced\n|c|\u2606Daiyilang \u272c|do i risk it for no reason\n|c|\u2606Daiyilang \u272c|hmmm\n|c| Comkys|ur choice\n|c| JJ09LIE|Risk what\n|inactive|Daiyilang \u272c has 30 seconds left.\n|c| Fake Peralta|Bird\n|inactive|Daiyilang \u272c has 20 seconds left.\n|inactive|Daiyilang \u272c has 15 seconds left.\n|c|\u2606Daiyilang \u272c|lemme not\n|\n|t:|1654939797\n|switch|p1a: Milotic|Milotic, L82, M|272/290 brn\n|-damage|p1a: Milotic|236/290 brn|[from] Spikes\n|-damage|p1a: Milotic|200/290 brn|[from] Stealth Rock\n|turn|36\n|inactive|Daiyilang \u272c has 25 seconds left this turn.\n|c| Comkys|i was getting worried i was screaming MAKE A CHOICE\n|c| Comkys|15 secs\n|\n|t:|1654939819\n|switch|p2a: Gengar|Gengar, L80, M|35/227 brn\n|move|p1a: Milotic|Recover|p1a: Milotic\n|-heal|p1a: Milotic|290/290 brn\n|\n|-damage|p2a: Gengar|21/227 brn|[from] brn\n|-damage|p1a: Milotic|272/290 brn|[from] brn\n|upkeep\n|turn|37\n|c| Comkys|25\n|c| JJ09LIE|It never kills\n|\n|t:|1654939830\n|move|p2a: Gengar|Nasty Plot|p2a: Gengar\n|-boost|p2a: Gengar|spa|2\n|move|p1a: Milotic|Recover|p1a: Milotic\n|-heal|p1a: Milotic|290/290 brn\n|\n|-damage|p2a: Gengar|7/227 brn|[from] brn\n|-damage|p1a: Milotic|272/290 brn|[from] brn\n|upkeep\n|turn|38\n|c| JJ09LIE|o\n|j| Freedom of Light\n|inactive|dorapult has 30 seconds left.\n|c| Comkys|oof you predicted a shadow ball huh\n|inactive|dorapult has 20 seconds left.\n|inactive|dorapult has 15 seconds left.\n|c| Comkys|no protect?\n|\n|t:|1654939867\n|switch|p1a: Talonflame|Talonflame, L81, M|63/259\n|-start|p2a: Gengar|Dynamax|Gmax\n|-heal|p2a: Gengar|14/454 brn|[silent]\n|move|p2a: Gengar|G-Max Terror|p1a: Talonflame\n|-damage|p1a: Talonflame|0 fnt\n|faint|p1a: Talonflame\n|-damage|p2a: Gengar|0 fnt|[from] item: Life Orb\n|faint|p2a: Gengar\n|\n|upkeep\n|inactive|dorapult has 25 seconds left this turn.\n|c| JJ09LIE|no\n|c|\u2606dorapult|err\n|inactive|dorapult has 20 seconds left.\n|c| JJ09LIE|o no\n|inactive|dorapult has 15 seconds left.\n|inactive|Daiyilang \u272c has 30 seconds left.\n|inactive|dorapult has 10 seconds left.\n|c| Comkys|you will be misses talon and gengar\n|c|\u2606Daiyilang \u272c|phew\n|\n|t:|1654939891\n|switch|p1a: Milotic|Milotic, L82, M|272/290 brn\n|switch|p2a: Sudowoodo|Sudowoodo, L86, M|169/261\n|-damage|p1a: Milotic|236/290 brn|[from] Spikes\n|-damage|p1a: Milotic|200/290 brn|[from] Stealth Rock\n|turn|39\n|inactive|dorapult has 20 seconds left this turn.\n|c| Comkys|missed\n|\n|t:|1654939896\n|switch|p2a: Volcanion|Volcanion, L80|107/259\n|move|p1a: Milotic|Scald|p2a: Volcanion\n|-heal|p2a: Volcanion|171/259|[from] ability: Water Absorb|[of] p1a: Milotic\n|\n|-heal|p1a: Milotic|218/290 brn|[from] item: Leftovers\n|-damage|p1a: Milotic|200/290 brn|[from] brn\n|upkeep\n|turn|40\n|inactive|dorapult has 30 seconds left this turn.\n|\n|t:|1654939903\n|switch|p2a: Mienshao|Mienshao, L82, M|190/241\n|move|p1a: Milotic|Toxic|p2a: Mienshao\n|-status|p2a: Mienshao|tox\n|\n|-heal|p1a: Milotic|218/290 brn|[from] item: Leftovers\n|-damage|p2a: Mienshao|175/241 tox|[from] psn\n|-damage|p1a: Milotic|200/290 brn|[from] brn\n|upkeep\n|turn|41\n|c| Comkys|...\n|\n|t:|1654939908\n|move|p2a: Mienshao|Knock Off|p1a: Milotic\n|-damage|p1a: Milotic|145/290 brn\n|-enditem|p1a: Milotic|Leftovers|[from] move: Knock Off|[of] p2a: Mienshao\n|move|p1a: Milotic|Recover|p1a: Milotic\n|-heal|p1a: Milotic|290/290 brn\n|\n|-damage|p2a: Mienshao|145/241 tox|[from] psn\n|-damage|p1a: Milotic|272/290 brn|[from] brn\n|upkeep\n|turn|42\n|c| Comkys|did you forget?\n|c|\u2606Daiyilang \u272c|nope\n|inactive|Daiyilang \u272c has 60 seconds left.\n|\n|t:|1654939913\n|move|p2a: Mienshao|Knock Off|p1a: Milotic\n|-damage|p1a: Milotic|235/290 brn\n|move|p1a: Milotic|Toxic|p2a: Mienshao\n|-fail|p2a: Mienshao|tox\n|\n|-damage|p2a: Mienshao|100/241 tox|[from] psn\n|-damage|p1a: Milotic|217/290 brn|[from] brn\n|upkeep\n|turn|43\n|\n|t:|1654939915\n|switch|p2a: Volcanion|Volcanion, L80|171/259\n|move|p1a: Milotic|Toxic|p2a: Volcanion\n|-status|p2a: Volcanion|tox\n|\n|-damage|p2a: Volcanion|155/259 tox|[from] psn\n|-damage|p1a: Milotic|199/290 brn|[from] brn\n|upkeep\n|turn|44\n|\n|t:|1654939919\n|switch|p2a: Sudowoodo|Sudowoodo, L86, M|169/261\n|move|p1a: Milotic|Ice Beam|p2a: Sudowoodo\n|-damage|p2a: Sudowoodo|93/261\n|\n|-heal|p2a: Sudowoodo|109/261|[from] item: Leftovers\n|-damage|p1a: Milotic|181/290 brn|[from] brn\n|upkeep\n|turn|45\n|\n|t:|1654939928\n|switch|p2a: Volcanion|Volcanion, L80|155/259 tox\n|move|p1a: Milotic|Scald|p2a: Volcanion\n|-heal|p2a: Volcanion|219/259 tox|[from] ability: Water Absorb|[of] p1a: Milotic\n|\n|-damage|p2a: Volcanion|203/259 tox|[from] psn\n|-damage|p1a: Milotic|163/290 brn|[from] brn\n|upkeep\n|turn|46\n|\n|t:|1654939935\n|switch|p2a: Mienshao|Mienshao, L82, M|180/241 tox\n|move|p1a: Milotic|Recover|p1a: Milotic\n|-heal|p1a: Milotic|290/290 brn\n|\n|-damage|p2a: Mienshao|165/241 tox|[from] psn\n|-damage|p1a: Milotic|272/290 brn|[from] brn\n|upkeep\n|turn|47\n|c| Comkys|tbh the switch is kinda predictible so i was not gonna be suprised\n|\n|t:|1654939941\n|move|p2a: Mienshao|U-turn|p1a: Milotic\n|-damage|p1a: Milotic|226/290 brn\n|\n|t:|1654939942\n|switch|p2a: Volcanion|Volcanion, L80|203/259 tox\n|move|p1a: Milotic|Ice Beam|p2a: Volcanion\n|-resisted|p2a: Volcanion\n|-damage|p2a: Volcanion|187/259 tox\n|\n|-damage|p2a: Volcanion|171/259 tox|[from] psn\n|-damage|p1a: Milotic|208/290 brn|[from] brn\n|upkeep\n|turn|48\n|inactive|Daiyilang \u272c has 120 seconds left.\n|c| Comkys|.. twice now\n|c|\u2606Daiyilang \u272c|well i dont wanna get wood hammered in the face for no reason :c\n|\n|t:|1654939961\n|switch|p2a: Mienshao|Mienshao, L82, M|241/241 tox\n|move|p1a: Milotic|Ice Beam|p2a: Mienshao\n|-damage|p2a: Mienshao|160/241 tox\n|\n|-damage|p2a: Mienshao|145/241 tox|[from] psn\n|-damage|p1a: Milotic|190/290 brn|[from] brn\n|upkeep\n|turn|49\n|inactive|dorapult has 90 seconds left.\n|\n|t:|1654939971\n|switch|p2a: Sudowoodo|Sudowoodo, L86, M|109/261\n|move|p1a: Milotic|Recover|p1a: Milotic\n|-heal|p1a: Milotic|290/290 brn\n|\n|-heal|p2a: Sudowoodo|125/261|[from] item: Leftovers\n|-damage|p1a: Milotic|272/290 brn|[from] brn\n|upkeep\n|turn|50\n|inactive|dorapult has 90 seconds left.\n|\n|t:|1654939989\n|move|p1a: Milotic|Ice Beam|p2a: Sudowoodo\n|-damage|p2a: Sudowoodo|45/261\n|move|p2a: Sudowoodo|Wood Hammer|p1a: Milotic\n|-supereffective|p1a: Milotic\n|-damage|p1a: Milotic|134/290 brn\n|\n|-heal|p2a: Sudowoodo|61/261|[from] item: Leftovers\n|-damage|p1a: Milotic|116/290 brn|[from] brn\n|upkeep\n|turn|51\n|j| lucid dreamin\n|inactive|dorapult has 90 seconds left.\n|c| Mad_skilz3|Marvel scale milotic be putting in work\n|c| Comkys|yea but hes banking on you  using ice beam on a sudowudo switch\n|\n|t:|1654939999\n|move|p1a: Milotic|Ice Beam|p2a: Sudowoodo\n|-damage|p2a: Sudowoodo|0 fnt\n|faint|p2a: Sudowoodo\n|\n|-damage|p1a: Milotic|98/290 brn|[from] brn\n|upkeep\n|\n|t:|1654940002\n|switch|p2a: Mienshao|Mienshao, L82, M|225/241 tox\n|turn|52\n|inactive|dorapult has 90 seconds left.\n|c| Freedom of Light|surprise fake out\n|c| Fake Peralta|Banded\n|c| Fake Peralta|Ig\n|c| JJ09LIE|scarf doesn\u2019t have lel\n|c| Freedom of Light|ye\n|\n|t:|1654940041\n|-start|p1a: Milotic|Dynamax|\n|-heal|p1a: Milotic|196/580 brn|[silent]\n|move|p2a: Mienshao|Close Combat|p1a: Milotic\n|-damage|p1a: Milotic|96/580 brn\n|-unboost|p2a: Mienshao|def|1\n|-unboost|p2a: Mienshao|spd|1\n|move|p1a: Milotic|Max Geyser|p2a: Mienshao\n|-damage|p2a: Mienshao|0 fnt\n|-weather|RainDance\n|faint|p2a: Mienshao\n|\n|-weather|RainDance|[upkeep]\n|-damage|p1a: Milotic|78/580 brn|[from] brn\n|upkeep\n|c| Comkys|hm  rip\n|c| Freedom of Light|but dyna either way ig\n|\n|t:|1654940048\n|switch|p2a: Volcanion|Volcanion, L80|171/259 tox\n|turn|53\n|c|\u2606Daiyilang \u272c|dont be scarf\n|c|\u2606Daiyilang \u272c|plz\n|\n|t:|1654940054\n|move|p1a: Milotic|Max Guard|p1a: Milotic\n|-singleturn|p1a: Milotic|Max Guard\n|move|p2a: Volcanion|Steam Eruption|p1a: Milotic\n|-activate|p1a: Milotic|move: Max Guard\n|\n|-weather|RainDance|[upkeep]\n|-damage|p2a: Volcanion|155/259 tox|[from] psn\n|-damage|p1a: Milotic|60/580 brn|[from] brn\n|upkeep\n|turn|54\n|\n|t:|1654940058\n|move|p1a: Milotic|Max Guard||[still]\n|-fail|p1a: Milotic\n|move|p2a: Volcanion|Steam Eruption|p1a: Milotic\n|-resisted|p1a: Milotic\n|-damage|p1a: Milotic|0 fnt\n|faint|p1a: Milotic\n|\n|-weather|RainDance|[upkeep]\n|-damage|p2a: Volcanion|123/259 tox|[from] psn\n|upkeep\n|\n|t:|1654940059\n|switch|p1a: Excadrill|Excadrill, L78, F|224/300\n|-damage|p1a: Excadrill|187/300|[from] Spikes\n|-damage|p1a: Excadrill|178/300|[from] Stealth Rock\n|turn|55\n|c| Comkys|just tsall recover\n|\n|t:|1654940065\n|move|p2a: Volcanion|Steam Eruption|p1a: Excadrill|[miss]\n|-miss|p2a: Volcanion|p1a: Excadrill\n|move|p1a: Excadrill|Earthquake|p2a: Volcanion\n|-supereffective|p2a: Volcanion\n|-damage|p2a: Volcanion|0 fnt\n|faint|p2a: Volcanion\n|-damage|p1a: Excadrill|148/300|[from] item: Life Orb\n|\n|win|Daiyilang \u272c\n|raw|Daiyilang \u272c's rating: 2445 &rarr; <strong>2468</strong><br />(+23 for winning)\n|raw|dorapult's rating: 2491 &rarr; <strong>2468</strong><br />(-23 for losing)\n|c| JJ09LIE|Looks scarf\n|c| Comkys|oh right\n|c|\u2606dorapult|lol\n|c| JJ09LIE|oh my\n|c| Freedom of Light|ohhhh\n|c|\u2606Daiyilang \u272c|oh wow\n|c| JJ09LIE|No1\n|c| JJ09LIE|gone\n|l| Accidere\n|c| Comkys|lucky miss!!\n|c|\u2606Daiyilang \u272c|robbed\n|c| Comkys|damn\n|c|\u2606dorapult|it's alright\n|c|\u2606dorapult|gg\n|c|\u2606Daiyilang \u272c|gg\n|c| JJ09LIE|Sucksss\n|l|\u2606dorapult\n|c| Mad_skilz3|Rng hit again lol\n|l|\u2606Daiyilang \u272c\n|c| Comkys|gg\n|l| lucid dreamin\n|l| JJ09LIE\n|l| Comkys\n|c| Freedom of Light|MichaelderBeste2 is now 2nd beste\n||Ladder isn't responding, score probably updated but might not have (Request timeout).\n", "inputlog": ">version 670c2f5a4ee85e366483c1d6b048cac7bb7a651c\n>start {\"formatid\":\"gen8randombattle\",\"seed\":[18604,64412,24897,56838],\"rated\":\"Rated battle\"}\n>player p1 {\"name\":\"Daiyilang \u272c\",\"avatar\":\"2\",\"rating\":2445,\"seed\":[64260,53712,24064,25379]}\n>player p2 {\"name\":\"dorapult\",\"avatar\":\"1\",\"rating\":2491,\"seed\":[27571,1660,1729,59072]}\n>chat \u2606dorapult|hf\n>chat \u2606Daiyilang \u272c|u2\n>chat  JJ09LIE|2445 nice\n>p1 switch 2\n>p2 move megahorn\n>chat  Comkys|damn 2445\n>chat  Comkys|thats insane\n>chat \u2606Daiyilang \u272c|dora is much higher lol\n>p1 move uturn\n>p2 switch 4\n>p1 switch 4\n>p1 move ironhead\n>p2 switch 2\n>p1 move ironhead\n>p2 move spikes\n>p2 switch 6\n>p1 switch 3\n>p2 move steameruption\n>chat  Comkys|its a 50 point diff  much higher..\n>p1 move scald\n>p2 switch 6\n>p1 move scald\n>p2 move spikes\n>chat  Comkys|anyway you should focus on the game\n>p1 move scald\n>p2 switch 6\n>p1 move toxic\n>p2 switch 3\n>chat  JJ09LIE|Dora match to no1\n>p1 move scald\n>p2 move nastyplot\n>chat  JJ09LIE|ur typhlosion right\n>chat \u2606dorapult|yeah\n>chat  Eichorrnia\u00aa|Rip doras mu\n>chat  Eichorrnia\u00aa|Horrible\n>p1 switch 6\n>p2 move sludgewave\n>chat  JJ09LIE|Why not push on ur main\n>chat  Comkys|yea the match up\n>p1 move powergem\n>p2 move shadowball\n>p1 switch 4\n>chat \u2606dorapult|idk i like laddering anonymously  \n>p1 move bravebird\n>p2 switch 2\n>p1 move uturn\n>p2 move stealthrock\n>p1 switch 3\n>p1 move uturn\n>p2 switch 3\n>p1 switch 6\n>p1 move recover\n>p2 switch 4\n>p1 switch 3\n>p2 move megahorn\n>p1 move uturn\n>p2 move megahorn\n>p1 switch 6\n>p1 move closecombat\n>p2 switch 4\n>chat  Comkys|tbh i would aswell i dont want he attention tied to a main i want people to talk to me  FOR ME not bc i am goodat the game\n>p1 switch 3\n>p2 switch 4\n>p1 switch 6\n>p2 move megahorn\n>p1 move uturn\n>p2 switch 3\n>p1 switch 3\n>p1 move ironhead\n>p2 switch 6\n>p2 switch 4\n>p1 move ironhead\n>p2 move steameruption\n>p1 switch 6\n>p1 move recover\n>p2 switch 3\n>p1 move scald\n>p2 move megahorn\n>p1 move recover\n>p2 move swordsdance\n>p1 switch 3\n>p2 move megahorn\n>p1 move uturn\n>p2 switch 6\n>chat  JJ09LIE|Rip\n>p1 switch 2\n>p1 move earthquake\n>p2 switch 5\n>chat  Comkys|rough match up but it can happen\n>p1 switch 2\n>p2 move closecombat\n>p1 switch 5\n>p2 move closecombat\n>chat  Comkys|mienshao is just chipin lol\n>chat  JJ09LIE|At least mienshao looks good\n>chat  Comkys|well it is doing helpful damage\n>p1 move dragondance\n>p2 switch 6\n>p1 move flareblitz\n>p2 move megahorn\n>p2 switch 6\n>p1 move psychicfangs\n>p2 move uturn\n>p2 switch 3\n>chat  Comkys| i expected a gengar switch to deal with the mew so that mew would be switched out which dora switchs into mienshao tbh\n>chat  Comkys|switches\n>chat  Fake Peralta|Dragon danced\n>chat \u2606Daiyilang \u272c|do i risk it for no reason\n>chat \u2606Daiyilang \u272c|hmmm\n>chat  Comkys|ur choice\n>chat  JJ09LIE|Risk what\n>chat  Fake Peralta|Bird\n>chat \u2606Daiyilang \u272c|lemme not\n>p1 switch 3\n>chat  Comkys|i was getting worried i was screaming MAKE A CHOICE\n>chat  Comkys| 15 secs\n>p1 move recover\n>p2 switch 2\n>chat  Comkys|25\n>chat  JJ09LIE|It never kills\n>p1 move recover\n>p2 move nastyplot\n>chat  JJ09LIE|o\n>chat  Comkys|oof you predicted a shadow ball huh\n>chat  Comkys|no protect?\n>p1 switch 5\n>p2 move shadowball dynamax\n>chat  JJ09LIE|no\n>chat \u2606dorapult|err\n>chat  JJ09LIE|o no\n>chat  Comkys|you will be misses talon and gengar\n>chat \u2606Daiyilang \u272c|phew\n>p1 switch 5\n>p2 switch 5\n>chat  Comkys|missed\n>p1 move scald\n>p2 switch 2\n>p1 move toxic\n>p2 switch 3\n>chat  Comkys|...\n>p1 move recover\n>p2 move knockoff\n>chat  Comkys|did you forget?\n>chat \u2606Daiyilang \u272c|nope\n>p1 move toxic\n>p2 move knockoff\n>p1 move toxic\n>p2 switch 3\n>p1 move icebeam\n>p2 switch 2\n>p1 move scald\n>p2 switch 2\n>p1 move recover\n>p2 switch 3\n>chat  Comkys|tbh the switch is kinda predictible so i was not gonna be suprised\n>p1 move icebeam\n>p2 move uturn\n>p2 switch 3\n>chat  Comkys|.. twice now\n>chat \u2606Daiyilang \u272c|well i dont wanna get wood hammered in the face for no reason :c\n>p1 move icebeam\n>p2 switch 3\n>p1 move recover\n>p2 switch 2\n>p1 move icebeam\n>p2 move woodhammer\n>chat  Mad_skilz3|Marvel scale milotic be putting in work \n>chat  Comkys|yea but hes banking on you  using ice beam on a sudowudo switch\n>p1 move icebeam\n>p2 move woodhammer\n>p2 switch 2\n>chat  Freedom of Light|surprise fake out\n>chat  Fake Peralta|Banded\n>chat  Fake Peralta|Ig\n>chat  JJ09LIE|scarf doesn\u2019t have lel\n>chat  Freedom of Light|ye \n>p1 move scald dynamax\n>p2 move closecombat\n>chat  Comkys|hm  rip\n>chat  Freedom of Light|but dyna either way ig\n>p2 switch 3\n>chat \u2606Daiyilang \u272c|dont be scarf\n>chat \u2606Daiyilang \u272c|plz\n>p1 move toxic dynamax\n>p2 move steameruption\n>p1 move recover dynamax\n>p2 move steameruption\n>p1 switch 2\n>chat  Comkys|just tsall recover\n>p1 move earthquake\n>p2 move steameruption", "uploadtime": 1654940073, "views": 201, "p1id": "daiyilang", "p2id": "dorapult", "formatid": "gen8randombattle", "rating": 2468, "private": 0, "password": null}