{"id": "gen8randombattle-1871822570", "p1": "Belzubub", "p2": "brofrfr", "format": "[Gen 8] Random Battle", "log": "|j|\u2606Belzubub\n|j|\u2606brofrfr\n|t:|1685134214\n|gametype|singles\n|player|p1|Belzubub|byron|\n|player|p2|brofrfr|n|\n|teamsize|p1|6\n|teamsize|p2|6\n|gen|8\n|tier|[Gen 8] Random Battle\n|rule|Species Clause: Limit one of each Pok\u00e9mon\n|rule|HP Percentage Mod: HP is shown in percentages\n|rule|Sleep Clause Mod: Limit one foe put to sleep\n|\n|t:|1685134214\n|start\n|switch|p1a: Rotom|Rotom-Frost, L84|221/221\n|switch|p2a: Umbreon|Umbreon, L82, M|290/290\n|turn|1\n|inactive|Battle timer is ON: inactive players will automatically lose when time's up. (requested by Belzubub)\n|inactive|brofrfr also wants the timer to be on.\n|\n|t:|1685134226\n|move|p1a: Rotom|Will-O-Wisp|p2a: Umbreon\n|-status|p2a: Umbreon|brn\n|-activate|p2a: Umbreon|ability: Synchronize\n|-status|p1a: Rotom|brn\n|move|p2a: Umbreon|Toxic||[still]\n|-fail|p2a: Umbreon\n|\n|-damage|p1a: Rotom|208/221 brn|[from] brn\n|-damage|p2a: Umbreon|272/290 brn|[from] brn\n|upkeep\n|turn|2\n|\n|t:|1685134238\n|move|p1a: Rotom|Blizzard|p2a: Umbreon|[miss]\n|-miss|p1a: Rotom|p2a: Umbreon\n|move|p2a: Umbreon|Wish|p2a: Umbreon\n|\n|-heal|p2a: Umbreon|290/290 brn|[from] item: Leftovers\n|-damage|p1a: Rotom|195/221 brn|[from] brn\n|-damage|p2a: Umbreon|272/290 brn|[from] brn\n|upkeep\n|turn|3\n|\n|t:|1685134244\n|move|p1a: Rotom|Blizzard|p2a: Umbreon\n|-damage|p2a: Umbreon|181/290 brn\n|move|p2a: Umbreon|Foul Play|p1a: Rotom\n|-damage|p1a: Rotom|174/221 brn\n|\n|-heal|p2a: Umbreon|290/290 brn|[from] move: Wish|[wisher] Umbreon\n|-damage|p1a: Rotom|161/221 brn|[from] brn\n|-damage|p2a: Umbreon|272/290 brn|[from] brn\n|upkeep\n|turn|4\n|\n|t:|1685134249\n|move|p1a: Rotom|Thunderbolt|p2a: Umbreon\n|-damage|p2a: Umbreon|199/290 brn\n|move|p2a: Umbreon|Foul Play|p1a: Rotom\n|-damage|p1a: Rotom|137/221 brn\n|\n|-heal|p2a: Umbreon|217/290 brn|[from] item: Leftovers\n|-damage|p1a: Rotom|124/221 brn|[from] brn\n|-damage|p2a: Umbreon|199/290 brn|[from] brn\n|upkeep\n|turn|5\n|\n|t:|1685134253\n|move|p1a: Rotom|Thunderbolt|p2a: Umbreon\n|-damage|p2a: Umbreon|120/290 brn\n|move|p2a: Umbreon|Foul Play|p1a: Rotom\n|-damage|p1a: Rotom|102/221 brn\n|\n|-heal|p2a: Umbreon|138/290 brn|[from] item: Leftovers\n|-damage|p1a: Rotom|89/221 brn|[from] brn\n|-damage|p2a: Umbreon|120/290 brn|[from] brn\n|upkeep\n|turn|6\n|\n|t:|1685134262\n|move|p1a: Rotom|Thunderbolt|p2a: Umbreon\n|-crit|p2a: Umbreon\n|-damage|p2a: Umbreon|5/290 brn\n|move|p2a: Umbreon|Wish|p2a: Umbreon\n|\n|-heal|p2a: Umbreon|23/290 brn|[from] item: Leftovers\n|-damage|p1a: Rotom|76/221 brn|[from] brn\n|-damage|p2a: Umbreon|5/290 brn|[from] brn\n|upkeep\n|turn|7\n|\n|t:|1685134267\n|move|p2a: Umbreon|Protect|p2a: Umbreon\n|-singleturn|p2a: Umbreon|Protect\n|move|p1a: Rotom|Thunderbolt|p2a: Umbreon\n|-activate|p2a: Umbreon|move: Protect\n|\n|-heal|p2a: Umbreon|150/290 brn|[from] move: Wish|[wisher] Umbreon\n|-heal|p2a: Umbreon|168/290 brn|[from] item: Leftovers\n|-damage|p1a: Rotom|63/221 brn|[from] brn\n|-damage|p2a: Umbreon|150/290 brn|[from] brn\n|upkeep\n|turn|8\n|\n|t:|1685134275\n|move|p1a: Rotom|Volt Switch|p2a: Umbreon\n|-damage|p2a: Umbreon|90/290 brn\n|\n|t:|1685134279\n|switch|p1a: Tapu Fini|Tapu Fini, L78|237/237|[from] Volt Switch\n|-fieldstart|move: Misty Terrain|[from] ability: Misty Surge|[of] p1a: Tapu Fini\n|move|p2a: Umbreon|Wish|p2a: Umbreon\n|\n|-heal|p2a: Umbreon|108/290 brn|[from] item: Leftovers\n|-damage|p2a: Umbreon|90/290 brn|[from] brn\n|upkeep\n|turn|9\n|\n|t:|1685134288\n|move|p2a: Umbreon|Protect|p2a: Umbreon\n|-singleturn|p2a: Umbreon|Protect\n|move|p1a: Tapu Fini|Taunt|p2a: Umbreon\n|-activate|p2a: Umbreon|move: Protect\n|\n|-heal|p2a: Umbreon|235/290 brn|[from] move: Wish|[wisher] Umbreon\n|-heal|p2a: Umbreon|253/290 brn|[from] item: Leftovers\n|-damage|p2a: Umbreon|235/290 brn|[from] brn\n|upkeep\n|turn|10\n|\n|t:|1685134298\n|move|p1a: Tapu Fini|Taunt|p2a: Umbreon\n|-start|p2a: Umbreon|move: Taunt\n|move|p2a: Umbreon|Foul Play|p1a: Tapu Fini\n|-resisted|p1a: Tapu Fini\n|-damage|p1a: Tapu Fini|224/237\n|\n|-heal|p1a: Tapu Fini|237/237|[from] item: Leftovers\n|-heal|p2a: Umbreon|253/290 brn|[from] item: Leftovers\n|-damage|p2a: Umbreon|235/290 brn|[from] brn\n|upkeep\n|turn|11\n|\n|t:|1685134311\n|move|p1a: Tapu Fini|Moonblast|p2a: Umbreon\n|-supereffective|p2a: Umbreon\n|-damage|p2a: Umbreon|109/290 brn\n|move|p2a: Umbreon|Foul Play|p1a: Tapu Fini\n|-resisted|p1a: Tapu Fini\n|-damage|p1a: Tapu Fini|225/237\n|\n|-heal|p1a: Tapu Fini|237/237|[from] item: Leftovers\n|-heal|p2a: Umbreon|127/290 brn|[from] item: Leftovers\n|-damage|p2a: Umbreon|109/290 brn|[from] brn\n|upkeep\n|turn|12\n|\n|t:|1685134315\n|move|p1a: Tapu Fini|Moonblast|p2a: Umbreon\n|-supereffective|p2a: Umbreon\n|-damage|p2a: Umbreon|0 fnt\n|faint|p2a: Umbreon\n|\n|-fieldend|Misty Terrain\n|upkeep\n|\n|t:|1685134322\n|switch|p2a: Nihilego|Nihilego, L79|302/302\n|turn|13\n|\n|t:|1685134331\n|switch|p1a: Rotom|Rotom-Frost, L84|63/221 brn\n|move|p2a: Nihilego|Toxic Spikes|p1a: Rotom\n|-sidestart|p1: Belzubub|move: Toxic Spikes\n|\n|-damage|p1a: Rotom|50/221 brn|[from] brn\n|upkeep\n|turn|14\n|\n|t:|1685134343\n|move|p2a: Nihilego|Toxic Spikes|p1a: Rotom\n|-sidestart|p1: Belzubub|move: Toxic Spikes\n|move|p1a: Rotom|Blizzard|p2a: Nihilego\n|-damage|p2a: Nihilego|208/302\n|\n|-heal|p2a: Nihilego|226/302|[from] item: Black Sludge\n|-damage|p1a: Rotom|37/221 brn|[from] brn\n|upkeep\n|turn|15\n|\n|t:|1685134354\n|move|p2a: Nihilego|Power Gem|p1a: Rotom\n|-supereffective|p1a: Rotom\n|-damage|p1a: Rotom|0 fnt\n|faint|p1a: Rotom\n|-ability|p2a: Nihilego|Beast Boost|boost\n|-boost|p2a: Nihilego|spa|1\n|\n|-heal|p2a: Nihilego|244/302|[from] item: Black Sludge\n|upkeep\n|\n|t:|1685134371\n|switch|p1a: Xatu|Xatu, L89, F|259/259\n|turn|16\n|\n|t:|1685134380\n|move|p1a: Xatu|Thunder Wave|p2a: Nihilego|[miss]\n|-miss|p1a: Xatu|p2a: Nihilego\n|move|p2a: Nihilego|Thunderbolt|p1a: Xatu\n|-supereffective|p1a: Xatu\n|-damage|p1a: Xatu|41/259\n|\n|-heal|p1a: Xatu|57/259|[from] item: Leftovers\n|-heal|p2a: Nihilego|262/302|[from] item: Black Sludge\n|upkeep\n|turn|17\n|\n|t:|1685134384\n|move|p1a: Xatu|Psychic|p2a: Nihilego\n|-supereffective|p2a: Nihilego\n|-damage|p2a: Nihilego|82/302\n|move|p2a: Nihilego|Thunderbolt|p1a: Xatu\n|-supereffective|p1a: Xatu\n|-damage|p1a: Xatu|0 fnt\n|faint|p1a: Xatu\n|-ability|p2a: Nihilego|Beast Boost|boost\n|-boost|p2a: Nihilego|spa|1\n|\n|-heal|p2a: Nihilego|100/302|[from] item: Black Sludge\n|upkeep\n|\n|t:|1685134395\n|switch|p1a: Dunsparce|Dunsparce, L90, F|326/326\n|-status|p1a: Dunsparce|tox\n|turn|18\n|\n|t:|1685134400\n|move|p2a: Nihilego|Thunderbolt|p1a: Dunsparce\n|-damage|p1a: Dunsparce|157/326 tox\n|move|p1a: Dunsparce|Coil|p1a: Dunsparce\n|-boost|p1a: Dunsparce|atk|1\n|-boost|p1a: Dunsparce|def|1\n|-boost|p1a: Dunsparce|accuracy|1\n|\n|-heal|p2a: Nihilego|118/302|[from] item: Black Sludge\n|-heal|p1a: Dunsparce|177/326 tox|[from] item: Leftovers\n|-damage|p1a: Dunsparce|157/326 tox|[from] psn\n|upkeep\n|turn|19\n|\n|t:|1685134409\n|move|p2a: Nihilego|Thunderbolt|p1a: Dunsparce\n|-damage|p1a: Dunsparce|0 fnt\n|faint|p1a: Dunsparce\n|-ability|p2a: Nihilego|Beast Boost|boost\n|-boost|p2a: Nihilego|spa|1\n|\n|-heal|p2a: Nihilego|136/302|[from] item: Black Sludge\n|upkeep\n|\n|t:|1685134418\n|switch|p1a: Lurantis|Lurantis, L86, M|261/261\n|-status|p1a: Lurantis|tox\n|turn|20\n|\n|t:|1685134428\n|-start|p1a: Lurantis|Dynamax|\n|-heal|p1a: Lurantis|522/522 tox|[silent]\n|move|p2a: Nihilego|Sludge Wave|p1a: Lurantis\n|-supereffective|p1a: Lurantis\n|-damage|p1a: Lurantis|0 fnt\n|faint|p1a: Lurantis\n|-ability|p2a: Nihilego|Beast Boost|boost\n|-boost|p2a: Nihilego|spa|1\n|\n|-heal|p2a: Nihilego|154/302|[from] item: Black Sludge\n|upkeep\n|\n|t:|1685134436\n|switch|p1a: Ninjask|Ninjask, L86, M|245/245\n|turn|21\n|\n|t:|1685134445\n|move|p1a: Ninjask|Swords Dance|p1a: Ninjask\n|-boost|p1a: Ninjask|atk|2\n|move|p2a: Nihilego|Sludge Wave|p1a: Ninjask\n|-damage|p1a: Ninjask|0 fnt\n|faint|p1a: Ninjask\n|-ability|p2a: Nihilego|Beast Boost|boost\n|-boost|p2a: Nihilego|spa|1\n|\n|-heal|p2a: Nihilego|172/302|[from] item: Black Sludge\n|upkeep\n|\n|t:|1685134449\n|switch|p1a: Tapu Fini|Tapu Fini, L78|237/237\n|-status|p1a: Tapu Fini|tox\n|-fieldstart|move: Misty Terrain|[from] ability: Misty Surge|[of] p1a: Tapu Fini\n|turn|22\n|-message|Belzubub forfeited.\n|\n|win|brofrfr\n|l|\u2606Belzubub\n", "inputlog": ">version 61c68e60481ef09071210320730fc448fef50368\n>start {\"formatid\":\"gen8randombattle\",\"seed\":[44040,40549,43394,19247]}\n>player p1 {\"name\":\"Belzubub\",\"avatar\":\"byron\",\"rating\":0,\"seed\":[12681,10162,39431,23732]}\n>player p2 {\"name\":\"brofrfr\",\"avatar\":\"n\",\"rating\":0,\"seed\":[58057,61019,15749,34431]}\n>p1 move willowisp\n>p2 move toxic\n>p1 move blizzard\n>p2 move wish\n>p1 move blizzard\n>p2 move foulplay\n>p1 move thunderbolt\n>p2 move foulplay\n>p1 move thunderbolt\n>p2 move foulplay\n>p1 move thunderbolt\n>p2 move wish\n>p1 move thunderbolt\n>p2 move protect\n>p1 move voltswitch\n>p2 move wish\n>p1 switch 4\n>p1 move taunt\n>p2 move protect\n>p1 move taunt\n>p2 move foulplay\n>p1 move moonblast\n>p2 move foulplay\n>p1 move moonblast\n>p2 move foulplay\n>p2 switch 6\n>p1 switch 4\n>p2 move toxicspikes\n>p1 move blizzard\n>p2 move toxicspikes\n>p1 move blizzard\n>p2 move powergem\n>p1 switch 6\n>p1 move thunderwave\n>p2 move thunderbolt\n>p1 move psychic\n>p2 move thunderbolt\n>p1 switch 5\n>p1 move coil\n>p2 move thunderbolt\n>p1 move earthquake\n>p2 move thunderbolt\n>p1 switch 2\n>p1 move superpower dynamax\n>p2 move sludgewave\n>p1 switch 3\n>p1 move swordsdance\n>p2 move sludgewave\n>p1 switch 4\n>forcelose p1", "uploadtime": 1685134464, "views": 3, "p1id": "belzubub", "p2id": "brofrfr", "formatid": "gen8randombattle", "rating": 0, "private": 0, "password": ""}