{"id": "gen8randombattle-1872909177", "p1": "flyingworkshop", "p2": "uchiha jeson", "format": "[Gen 8] Random Battle", "log": "|j|\u2606flyingworkshop\n|j|\u2606uchiha jeson\n|t:|1685299638\n|gametype|singles\n|player|p1|flyingworkshop|dawn|1128\n|player|p2|uchiha jeson|102|1135\n|teamsize|p1|6\n|teamsize|p2|6\n|gen|8\n|tier|[Gen 8] Random Battle\n|rated|\n|rule|Species Clause: Limit one of each Pok\u00e9mon\n|rule|HP Percentage Mod: HP is shown in percentages\n|rule|Sleep Clause Mod: Limit one foe put to sleep\n|\n|t:|1685299638\n|start\n|switch|p1a: Pheromosa|Pheromosa, L75|230/230\n|switch|p2a: Tsareena|Tsareena, L84, F|258/258\n|turn|1\n|inactive|Battle timer is ON: inactive players will automatically lose when time's up. (requested by flyingworkshop)\n|\n|t:|1685299677\n|switch|p2a: Victini|Victini, L78|283/283\n|move|p1a: Pheromosa|Poison Jab|p2a: Victini\n|-damage|p2a: Victini|227/283\n|\n|upkeep\n|turn|2\n|\n|t:|1685299690\n|move|p1a: Pheromosa|Throat Chop|p2a: Victini\n|-supereffective|p2a: Victini\n|-damage|p2a: Victini|107/283\n|-start|p2a: Victini|Throat Chop|[silent]\n|move|p2a: Victini|V-create|p1a: Pheromosa\n|-supereffective|p1a: Pheromosa\n|-enditem|p1a: Pheromosa|Focus Sash\n|-damage|p1a: Pheromosa|1/230\n|-unboost|p2a: Victini|spe|1\n|-unboost|p2a: Victini|def|1\n|-unboost|p2a: Victini|spd|1\n|\n|upkeep\n|turn|3\n|\n|t:|1685299701\n|move|p1a: Pheromosa|Throat Chop|p2a: Victini\n|-supereffective|p2a: Victini\n|-damage|p2a: Victini|0 fnt\n|faint|p2a: Victini\n|-ability|p1a: Pheromosa|Beast Boost|boost\n|-boost|p1a: Pheromosa|spe|1\n|\n|upkeep\n|\n|t:|1685299715\n|switch|p2a: Crawdaunt|Crawdaunt, L84, F|243/243\n|turn|4\n|\n|t:|1685299719\n|move|p2a: Crawdaunt|Aqua Jet|p1a: Pheromosa\n|-damage|p1a: Pheromosa|0 fnt\n|faint|p1a: Pheromosa\n|\n|upkeep\n|\n|t:|1685299730\n|switch|p1a: Keldeo|Keldeo-Resolute, L79|273/273\n|turn|5\n|\n|t:|1685299748\n|switch|p2a: Tsareena|Tsareena, L84, F|258/258\n|move|p1a: Keldeo|Secret Sword|p2a: Tsareena\n|-damage|p2a: Tsareena|174/258\n|\n|-heal|p2a: Tsareena|190/258|[from] item: Leftovers\n|upkeep\n|turn|6\n|\n|t:|1685299758\n|switch|p1a: Gengar|Gengar, L80, F|227/227\n|move|p2a: Tsareena|Power Whip|p1a: Gengar|[miss]\n|-miss|p2a: Tsareena|p1a: Gengar\n|\n|-heal|p2a: Tsareena|206/258|[from] item: Leftovers\n|upkeep\n|turn|7\n|\n|t:|1685299768\n|move|p1a: Gengar|Nasty Plot|p1a: Gengar\n|-boost|p1a: Gengar|spa|2\n|move|p2a: Tsareena|U-turn|p1a: Gengar\n|-resisted|p1a: Gengar\n|-damage|p1a: Gengar|208/227\n|\n|t:|1685299772\n|switch|p2a: Obstagoon|Obstagoon, L80, F|280/280|[from] U-turn\n|\n|-status|p2a: Obstagoon|brn|[from] item: Flame Orb\n|upkeep\n|turn|8\n|\n|t:|1685299784\n|-start|p1a: Gengar|Dynamax|Gmax\n|-heal|p1a: Gengar|416/454|[silent]\n|move|p1a: Gengar|Max Knuckle|p2a: Obstagoon\n|-supereffective|p2a: Obstagoon\n|-damage|p2a: Obstagoon|0 fnt\n|-boost|p1a: Gengar|atk|1\n|faint|p2a: Obstagoon\n|-damage|p1a: Gengar|394/454|[from] item: Life Orb\n|\n|upkeep\n|-message|uchiha jeson forfeited.\n|\n|win|flyingworkshop\n|raw|flyingworkshop's rating: 1128 &rarr; <strong>1154</strong><br />(+26 for winning)\n|raw|uchiha jeson's rating: 1135 &rarr; <strong>1109</strong><br />(-26 for losing)\n|l|\u2606uchiha jeson\n", "inputlog": ">version d74822bbc74c095aa312053f7034baee3068d99e\n>start {\"formatid\":\"gen8randombattle\",\"seed\":[60366,58282,35771,32269],\"rated\":\"Rated battle\"}\n>player p1 {\"name\":\"flyingworkshop\",\"avatar\":\"dawn\",\"rating\":1128,\"seed\":[33224,7233,45052,8516]}\n>player p2 {\"name\":\"uchiha jeson\",\"avatar\":\"102\",\"rating\":1135,\"seed\":[60170,8267,9933,27590]}\n>p1 move poisonjab\n>p2 switch 5\n>p1 move throatchop\n>p2 move vcreate\n>p1 move throatchop\n>p2 move boltstrike\n>p2 switch 4\n>p1 move closecombat\n>p2 move aquajet\n>p1 switch 5\n>p1 move secretsword\n>p2 switch 5\n>p1 switch 2\n>p2 move powerwhip\n>p1 move nastyplot\n>p2 move uturn\n>p2 switch 2\n>p1 move focusblast dynamax\n>p2 move knockoff\n>forcelose p2", "uploadtime": 1685299797, "views": 6, "p1id": "flyingworkshop", "p2id": "uchihajeson", "formatid": "gen8randombattle", "rating": 1109, "private": 0, "password": ""}