{"id": "gen8randombattle-1873686033", "p1": "MeninoNery", "p2": "ThisCatzin", "format": "[Gen 8] Random Battle", "log": "|j|\u2606MeninoNery\n|j|\u2606ThisCatzin\n|t:|1685405971\n|gametype|singles\n|player|p1|MeninoNery|hooligans|\n|player|p2|ThisCatzin|169|\n|teamsize|p1|6\n|teamsize|p2|6\n|gen|8\n|tier|[Gen 8] Random Battle\n|rule|Species Clause: Limit one of each Pok\u00e9mon\n|rule|HP Percentage Mod: HP is shown in percentages\n|rule|Sleep Clause Mod: Limit one foe put to sleep\n|\n|t:|1685405971\n|start\n|switch|p1a: Decidueye|Decidueye, L86, F|274/274\n|switch|p2a: Politoed|Politoed, L86, M|295/295\n|-weather|RainDance|[from] ability: Drizzle|[of] p2a: Politoed\n|turn|1\n|\n|t:|1685405986\n|move|p2a: Politoed|Ice Beam|p1a: Decidueye\n|-supereffective|p1a: Decidueye\n|-damage|p1a: Decidueye|166/274\n|-status|p1a: Decidueye|frz\n|-enditem|p1a: Decidueye|Lum Berry|[eat]\n|-curestatus|p1a: Decidueye|frz|[msg]\n|move|p1a: Decidueye|Swords Dance|p1a: Decidueye\n|-boost|p1a: Decidueye|atk|2\n|\n|-weather|RainDance|[upkeep]\n|upkeep\n|turn|2\n|\n|t:|1685405996\n|move|p1a: Decidueye|Leaf Blade|p2a: Politoed\n|-supereffective|p2a: Politoed\n|-damage|p2a: Politoed|0 fnt\n|faint|p2a: Politoed\n|\n|-weather|RainDance|[upkeep]\n|upkeep\n|\n|t:|1685406007\n|switch|p2a: Indeedee|Indeedee, L83, M|235/235\n|-fieldstart|move: Psychic Terrain|[from] ability: Psychic Surge|[of] p2a: Indeedee\n|turn|3\n|\n|t:|1685406015\n|move|p2a: Indeedee|Mystical Fire|p1a: Decidueye\n|-supereffective|p1a: Decidueye\n|-damage|p1a: Decidueye|106/274\n|-unboost|p1a: Decidueye|spa|1\n|-damage|p2a: Indeedee|212/235|[from] item: Life Orb\n|move|p1a: Decidueye|Poltergeist|p2a: Indeedee\n|-immune|p2a: Indeedee\n|\n|-weather|RainDance|[upkeep]\n|upkeep\n|turn|4\n|\n|t:|1685406032\n|move|p2a: Indeedee|Mystical Fire|p1a: Decidueye\n|-supereffective|p1a: Decidueye\n|-damage|p1a: Decidueye|46/274\n|-unboost|p1a: Decidueye|spa|1\n|-damage|p2a: Indeedee|189/235|[from] item: Life Orb\n|move|p1a: Decidueye|Leaf Blade|p2a: Indeedee\n|-crit|p2a: Indeedee\n|-damage|p2a: Indeedee|0 fnt\n|faint|p2a: Indeedee\n|\n|-weather|RainDance|[upkeep]\n|upkeep\n|\n|t:|1685406050\n|switch|p2a: Lapras|Lapras, L86, F|363/363\n|turn|5\n|\n|t:|1685406056\n|move|p1a: Decidueye|Leaf Blade|p2a: Lapras\n|-supereffective|p2a: Lapras\n|-damage|p2a: Lapras|0 fnt\n|faint|p2a: Lapras\n|\n|-weather|none\n|upkeep\n|\n|t:|1685406063\n|switch|p2a: Shiinotic|Shiinotic, L86, M|243/243\n|turn|6\n|\n|t:|1685406069\n|move|p1a: Decidueye|Poltergeist|p2a: Shiinotic\n|-activate|p2a: Shiinotic|move: Poltergeist|Leftovers\n|-damage|p2a: Shiinotic|0 fnt\n|faint|p2a: Shiinotic\n|\n|upkeep\n|\n|t:|1685406075\n|switch|p2a: Armaldo|Armaldo, L86, F|269/269\n|turn|7\n|\n|t:|1685406081\n|move|p1a: Decidueye|Leaf Blade|p2a: Armaldo\n|-damage|p2a: Armaldo|0 fnt\n|faint|p2a: Armaldo\n|\n|-fieldend|move: Psychic Terrain\n|upkeep\n|\n|t:|1685406086\n|switch|p2a: Grimmsnarl|Grimmsnarl, L82, M|290/290\n|turn|8\n|\n|t:|1685406093\n|move|p1a: Decidueye|Leaf Blade|p2a: Grimmsnarl\n|-damage|p2a: Grimmsnarl|0 fnt\n|faint|p2a: Grimmsnarl\n|\n|win|MeninoNery\n|l|\u2606ThisCatzin\n", "inputlog": ">version 6fec31d5a0d4498a06105aa188c9906bc0b6bf95\n>start {\"formatid\":\"gen8randombattle\",\"seed\":[42637,7682,22089,51912]}\n>player p1 {\"name\":\"MeninoNery\",\"avatar\":\"hooligans\",\"rating\":0,\"seed\":[28987,42785,94,58507]}\n>player p2 {\"name\":\"ThisCatzin\",\"avatar\":\"169\",\"rating\":0,\"seed\":[51736,47049,2663,61661]}\n>p1 move swordsdance\n>p2 move icebeam\n>p1 move leafblade\n>p2 move icebeam\n>p2 switch 5\n>p1 move poltergeist\n>p2 move mysticalfire\n>p1 move leafblade\n>p2 move mysticalfire\n>p2 switch 4\n>p1 move leafblade\n>p2 move icebeam\n>p2 switch 3\n>p1 move poltergeist\n>p2 move moonblast\n>p2 switch 2\n>p1 move leafblade\n>p2 move knockoff\n>p2 switch 6\n>p1 move leafblade\n>p2 move spiritbreak", "uploadtime": 1685406100, "views": 8, "p1id": "meninonery", "p2id": "thiscatzin", "formatid": "gen8randombattle", "rating": 0, "private": 0, "password": ""}