{"id": "gen8randombattle-1873596972", "p1": "John there", "p2": "tfjfjfhkfhvh", "format": "[Gen 8] Random Battle", "log": "|j|\u2606John there\n|j|\u2606tfjfjfhkfhvh\n|t:|1685394525\n|gametype|singles\n|player|p1|John there|101|1075\n|player|p2|tfjfjfhkfhvh|101|1065\n|teamsize|p1|6\n|teamsize|p2|6\n|gen|8\n|tier|[Gen 8] Random Battle\n|rated|\n|rule|Species Clause: Limit one of each Pok\u00e9mon\n|rule|HP Percentage Mod: HP is shown in percentages\n|rule|Sleep Clause Mod: Limit one foe put to sleep\n|\n|t:|1685394525\n|start\n|switch|p1a: Obstagoon|Obstagoon, L80, F|280/280\n|switch|p2a: Unfezant|Unfezant, L84, M|271/271\n|turn|1\n|\n|t:|1685394536\n|move|p2a: Unfezant|U-turn|p1a: Obstagoon\n|-supereffective|p1a: Obstagoon\n|-crit|p1a: Obstagoon\n|-damage|p1a: Obstagoon|108/280\n|\n|t:|1685394548\n|switch|p2a: Cinccino|Cinccino, L84, F|263/263|[from] U-turn\n|move|p1a: Obstagoon|Bulk Up|p1a: Obstagoon\n|-boost|p1a: Obstagoon|atk|1\n|-boost|p1a: Obstagoon|def|1\n|\n|-status|p1a: Obstagoon|brn|[from] item: Flame Orb\n|upkeep\n|turn|2\n|\n|t:|1685394579\n|move|p2a: Cinccino|U-turn|p1a: Obstagoon\n|-supereffective|p1a: Obstagoon\n|-damage|p1a: Obstagoon|8/280 brn\n|\n|t:|1685394587\n|switch|p2a: Sandslash|Sandslash-Alola, L86, F|269/269|[from] U-turn\n|move|p1a: Obstagoon|Close Combat|p2a: Sandslash\n|-supereffective|p2a: Sandslash\n|-damage|p2a: Sandslash|0 fnt\n|-unboost|p1a: Obstagoon|def|1\n|-unboost|p1a: Obstagoon|spd|1\n|faint|p2a: Sandslash\n|\n|-damage|p1a: Obstagoon|0 fnt|[from] brn\n|faint|p1a: Obstagoon\n|upkeep\n|\n|t:|1685394606\n|switch|p1a: Giratina|Giratina, L74|344/344\n|switch|p2a: Cinccino|Cinccino, L84, F|263/263\n|-ability|p1a: Giratina|Pressure\n|turn|3\n|\n|t:|1685394623\n|move|p2a: Cinccino|Knock Off|p1a: Giratina\n|-supereffective|p1a: Giratina\n|-damage|p1a: Giratina|158/344\n|-enditem|p1a: Giratina|Leftovers|[from] move: Knock Off|[of] p2a: Cinccino\n|move|p1a: Giratina|Toxic|p2a: Cinccino\n|-status|p2a: Cinccino|tox\n|\n|-damage|p2a: Cinccino|247/263 tox|[from] psn\n|upkeep\n|turn|4\n|\n|t:|1685394632\n|move|p2a: Cinccino|Knock Off|p1a: Giratina\n|-supereffective|p1a: Giratina\n|-damage|p1a: Giratina|40/344\n|move|p1a: Giratina|Rest|p1a: Giratina\n|-status|p1a: Giratina|slp|[from] move: Rest\n|-heal|p1a: Giratina|344/344 slp|[silent]\n|\n|-damage|p2a: Cinccino|215/263 tox|[from] psn\n|upkeep\n|turn|5\n|\n|t:|1685394641\n|switch|p2a: Zygarde|Zygarde, L70|267/267\n|cant|p1a: Giratina|slp\n|move|p1a: Giratina|Sleep Talk|p1a: Giratina\n|move|p1a: Giratina|Rest||[from]move: Sleep Talk|[still]\n|-fail|p1a: Giratina\n|\n|upkeep\n|turn|6\n|\n|t:|1685394648\n|cant|p1a: Giratina|slp\n|move|p1a: Giratina|Sleep Talk|p1a: Giratina\n|move|p1a: Giratina|Hex|p2a: Zygarde|[from]move: Sleep Talk\n|-damage|p2a: Zygarde|207/267\n|move|p2a: Zygarde|Dragon Dance|p2a: Zygarde\n|-boost|p2a: Zygarde|atk|1\n|-boost|p2a: Zygarde|spe|1\n|\n|-heal|p2a: Zygarde|223/267|[from] item: Leftovers\n|upkeep\n|turn|7\n|\n|t:|1685394657\n|move|p2a: Zygarde|Substitute|p2a: Zygarde\n|-start|p2a: Zygarde|Substitute\n|-damage|p2a: Zygarde|157/267\n|-curestatus|p1a: Giratina|slp|[msg]\n|move|p1a: Giratina|Sleep Talk||[still]\n|-fail|p1a: Giratina\n|\n|-heal|p2a: Zygarde|173/267|[from] item: Leftovers\n|upkeep\n|turn|8\n|\n|t:|1685394666\n|move|p2a: Zygarde|Dragon Dance|p2a: Zygarde\n|-boost|p2a: Zygarde|atk|1\n|-boost|p2a: Zygarde|spe|1\n|move|p1a: Giratina|Hex|p2a: Zygarde\n|-activate|p2a: Zygarde|move: Substitute|[damage]\n|\n|-heal|p2a: Zygarde|189/267|[from] item: Leftovers\n|upkeep\n|turn|9\n|\n|t:|1685394674\n|move|p2a: Zygarde|Dragon Dance|p2a: Zygarde\n|-boost|p2a: Zygarde|atk|1\n|-boost|p2a: Zygarde|spe|1\n|move|p1a: Giratina|Hex|p2a: Zygarde\n|-end|p2a: Zygarde|Substitute\n|\n|-heal|p2a: Zygarde|205/267|[from] item: Leftovers\n|upkeep\n|turn|10\n|\n|t:|1685394683\n|move|p2a: Zygarde|Substitute|p2a: Zygarde\n|-start|p2a: Zygarde|Substitute\n|-damage|p2a: Zygarde|139/267\n|move|p1a: Giratina|Toxic||[still]\n|-fail|p1a: Giratina\n|\n|-heal|p2a: Zygarde|155/267|[from] item: Leftovers\n|upkeep\n|turn|11\n|\n|t:|1685394691\n|move|p2a: Zygarde|Dragon Dance|p2a: Zygarde\n|-boost|p2a: Zygarde|atk|1\n|-boost|p2a: Zygarde|spe|1\n|move|p1a: Giratina|Hex|p2a: Zygarde\n|-activate|p2a: Zygarde|move: Substitute|[damage]\n|\n|-heal|p2a: Zygarde|171/267|[from] item: Leftovers\n|upkeep\n|turn|12\n|\n|t:|1685394698\n|move|p2a: Zygarde|Dragon Dance|p2a: Zygarde\n|-boost|p2a: Zygarde|atk|1\n|-boost|p2a: Zygarde|spe|1\n|move|p1a: Giratina|Hex|p2a: Zygarde\n|-end|p2a: Zygarde|Substitute\n|\n|-heal|p2a: Zygarde|187/267|[from] item: Leftovers\n|upkeep\n|turn|13\n|\n|t:|1685394705\n|move|p2a: Zygarde|Substitute|p2a: Zygarde\n|-start|p2a: Zygarde|Substitute\n|-damage|p2a: Zygarde|121/267\n|move|p1a: Giratina|Toxic||[still]\n|-fail|p1a: Giratina\n|\n|-heal|p2a: Zygarde|137/267|[from] item: Leftovers\n|upkeep\n|turn|14\n|\n|t:|1685394712\n|move|p2a: Zygarde|Dragon Dance|p2a: Zygarde\n|-boost|p2a: Zygarde|atk|1\n|-boost|p2a: Zygarde|spe|1\n|move|p1a: Giratina|Hex|p2a: Zygarde\n|-activate|p2a: Zygarde|move: Substitute|[damage]\n|\n|-heal|p2a: Zygarde|153/267|[from] item: Leftovers\n|upkeep\n|turn|15\n|\n|t:|1685394720\n|move|p2a: Zygarde|Outrage|p1a: Giratina\n|-supereffective|p1a: Giratina\n|-damage|p1a: Giratina|0 fnt\n|faint|p1a: Giratina\n|\n|-heal|p2a: Zygarde|169/267|[from] item: Leftovers\n|upkeep\n|\n|t:|1685394752\n|switch|p1a: Victini|Victini, L78|283/283\n|turn|16\n|\n|t:|1685394772\n|move|p2a: Zygarde|Outrage|p1a: Victini|[from]lockedmove\n|-damage|p1a: Victini|0 fnt\n|faint|p1a: Victini\n|-start|p2a: Zygarde|confusion|[fatigue]\n|\n|-heal|p2a: Zygarde|185/267|[from] item: Leftovers\n|upkeep\n|\n|t:|1685394779\n|switch|p1a: Stoutland|Stoutland, L86, M|286/286\n|-ability|p1a: Stoutland|Intimidate|boost\n|-immune|p2a: Zygarde\n|turn|17\n|\n|t:|1685394793\n|-start|p1a: Stoutland|Dynamax|\n|-heal|p1a: Stoutland|572/572|[silent]\n|-activate|p2a: Zygarde|confusion\n|move|p2a: Zygarde|Outrage|p1a: Stoutland\n|-damage|p1a: Stoutland|191/572\n|move|p1a: Stoutland|Max Starfall|p2a: Zygarde\n|-supereffective|p2a: Zygarde\n|-end|p2a: Zygarde|Substitute\n|-fieldstart|move: Misty Terrain\n|\n|-heal|p2a: Zygarde|201/267|[from] item: Leftovers\n|upkeep\n|turn|18\n|\n|t:|1685394810\n|-activate|p2a: Zygarde|confusion\n|move|p2a: Zygarde|Outrage|p1a: Stoutland|[from]lockedmove\n|-damage|p1a: Stoutland|23/572\n|move|p1a: Stoutland|Max Starfall|p2a: Zygarde\n|-supereffective|p2a: Zygarde\n|-damage|p2a: Zygarde|1/267\n|\n|-heal|p2a: Zygarde|17/267|[from] item: Leftovers\n|-activate|p2a: Zygarde|ability: Power Construct\n|detailschange|p2a: Zygarde|Zygarde-Complete, L70\n|-heal|p2a: Zygarde|168/418|[silent]\n|upkeep\n|turn|19\n|\n|t:|1685394822\n|-activate|p2a: Zygarde|confusion\n|move|p2a: Zygarde|Thousand Arrows|p1a: Stoutland\n|-damage|p1a: Stoutland|0 fnt\n|faint|p1a: Stoutland\n|\n|-heal|p2a: Zygarde|194/418|[from] item: Leftovers\n|upkeep\n|c|\u2606John there|wtf\n|\n|t:|1685394830\n|switch|p1a: Trevenant|Trevenant, L86, M|286/286\n|turn|20\n|\n|t:|1685394847\n|-activate|p2a: Zygarde|confusion\n|move|p2a: Zygarde|Substitute|p2a: Zygarde\n|-start|p2a: Zygarde|Substitute\n|-damage|p2a: Zygarde|90/418\n|move|p1a: Trevenant|Wood Hammer|p2a: Zygarde\n|-end|p2a: Zygarde|Substitute\n|-damage|p1a: Trevenant|252/286|[from] Recoil|[of] p2a: Zygarde\n|\n|-heal|p2a: Zygarde|116/418|[from] item: Leftovers\n|upkeep\n|turn|21\n|\n|t:|1685394856\n|-end|p2a: Zygarde|confusion\n|move|p2a: Zygarde|Substitute|p2a: Zygarde\n|-start|p2a: Zygarde|Substitute\n|-damage|p2a: Zygarde|12/418\n|move|p1a: Trevenant|Wood Hammer|p2a: Zygarde\n|-end|p2a: Zygarde|Substitute\n|-damage|p1a: Trevenant|218/286|[from] Recoil|[of] p2a: Zygarde\n|\n|-heal|p2a: Zygarde|38/418|[from] item: Leftovers\n|-fieldend|Misty Terrain\n|upkeep\n|turn|22\n|\n|t:|1685394866\n|move|p2a: Zygarde|Outrage|p1a: Trevenant\n|-damage|p1a: Trevenant|0 fnt\n|faint|p1a: Trevenant\n|\n|-heal|p2a: Zygarde|64/418|[from] item: Leftovers\n|upkeep\n|\n|t:|1685394872\n|switch|p1a: Haxorus|Haxorus, L77, M|244/244\n|-ability|p1a: Haxorus|Mold Breaker\n|turn|23\n|\n|t:|1685394878\n|move|p2a: Zygarde|Outrage|p1a: Haxorus|[from]lockedmove\n|-supereffective|p1a: Haxorus\n|-damage|p1a: Haxorus|0 fnt\n|faint|p1a: Haxorus\n|-start|p2a: Zygarde|confusion|[fatigue]\n|\n|win|tfjfjfhkfhvh\n|raw|John there's rating: 1075 &rarr; <strong>1053</strong><br />(-22 for losing)\n|raw|tfjfjfhkfhvh's rating: 1065 &rarr; <strong>1096</strong><br />(+31 for winning)\n|l|\u2606John there\n", "inputlog": ">version 6fec31d5a0d4498a06105aa188c9906bc0b6bf95\n>start {\"formatid\":\"gen8randombattle\",\"seed\":[3579,36379,25814,6637],\"rated\":\"Rated battle\"}\n>player p1 {\"name\":\"John there\",\"avatar\":\"101\",\"rating\":1075,\"seed\":[63562,57791,9874,12615]}\n>player p2 {\"name\":\"tfjfjfhkfhvh\",\"avatar\":\"101\",\"rating\":1065,\"seed\":[62008,40078,56327,54425]}\n>p1 move bulkup\n>p2 move uturn\n>p2 switch 4\n>p1 move closecombat\n>p2 move uturn\n>p2 switch 2\n>p1 switch 6\n>p2 switch 2\n>p1 move toxic\n>p2 move knockoff\n>p1 move rest\n>p2 move knockoff\n>p1 move sleeptalk\n>p2 switch 3\n>p1 move sleeptalk\n>p2 move dragondance\n>p1 move sleeptalk\n>p2 move substitute\n>p1 move hex\n>p2 move dragondance\n>p1 move hex\n>p2 move dragondance\n>p1 move toxic\n>p2 move substitute\n>p1 move hex\n>p2 move dragondance\n>p1 move hex\n>p2 move dragondance\n>p1 move toxic\n>p2 move substitute\n>p1 move hex\n>p2 move dragondance\n>p1 move hex\n>p2 move outrage\n>p1 switch 2\n>p1 move vcreate\n>p2 move outrage\n>p1 switch 4\n>p1 move playrough dynamax\n>p2 move outrage\n>p1 move playrough dynamax\n>p2 move outrage\n>p1 move playrough dynamax\n>p2 move thousandarrows\n>chat \u2606John there|wtf\n>p1 switch 3\n>p1 move woodhammer\n>p2 move substitute\n>p1 move woodhammer\n>p2 move substitute\n>p1 move woodhammer\n>p2 move outrage\n>p1 switch 5\n>p1 move outrage\n>p2 move outrage", "uploadtime": 1685394886, "views": 5, "p1id": "johnthere", "p2id": "tfjfjfhkfhvh", "formatid": "gen8randombattle", "rating": 1053, "private": 0, "password": ""}