{"id": "gen8randombattle-1865787433", "p1": "Sparna_of_Yomi", "p2": "Meibomius Livrea", "format": "[Gen 8] Random Battle", "log": "|j|\u2606Sparna_of_Yomi\n|j|\u2606Meibomius Livrea\n|t:|1684337968\n|gametype|singles\n|player|p1|Sparna_of_Yomi|blackbelt|1471\n|player|p2|Meibomius Livrea|veteran|1314\n|teamsize|p1|6\n|teamsize|p2|6\n|gen|8\n|tier|[Gen 8] Random Battle\n|rated|\n|rule|Species Clause: Limit one of each Pok\u00e9mon\n|rule|HP Percentage Mod: HP is shown in percentages\n|rule|Sleep Clause Mod: Limit one foe put to sleep\n|\n|t:|1684337968\n|start\n|switch|p1a: Solrock|Solrock, L88|302/302\n|switch|p2a: Wigglytuff|Wigglytuff, L90, M|398/398\n|-item|p1a: Solrock|Leftovers|[from] ability: Frisk|[of] p2a: Wigglytuff|[identify]\n|turn|1\n|\n|t:|1684337976\n|move|p1a: Solrock|Stealth Rock|p2a: Wigglytuff\n|-sidestart|p2: Meibomius Livrea|move: Stealth Rock\n|move|p2a: Wigglytuff|Reflect|p2a: Wigglytuff\n|-sidestart|p2: Meibomius Livrea|Reflect\n|\n|upkeep\n|turn|2\n|\n|t:|1684337981\n|move|p1a: Solrock|Will-O-Wisp|p2a: Wigglytuff\n|-status|p2a: Wigglytuff|brn\n|move|p2a: Wigglytuff|Light Screen|p2a: Wigglytuff\n|-sidestart|p2: Meibomius Livrea|move: Light Screen\n|\n|-damage|p2a: Wigglytuff|374/398 brn|[from] brn\n|upkeep\n|turn|3\n|inactive|Battle timer is ON: inactive players will automatically lose when time's up. (requested by Sparna_of_Yomi)\n|inactive|Meibomius Livrea has 120 seconds left.\n|inactive|Meibomius Livrea has 90 seconds left.\n|\n|t:|1684338081\n|switch|p2a: Skuntank|Skuntank, L85, F|314/314\n|-damage|p2a: Skuntank|275/314|[from] Stealth Rock\n|move|p1a: Solrock|Rock Slide|p2a: Skuntank\n|-damage|p2a: Skuntank|221/314\n|\n|upkeep\n|turn|4\n|\n|t:|1684338106\n|move|p2a: Skuntank|Crunch|p1a: Solrock\n|-supereffective|p1a: Solrock\n|-damage|p1a: Solrock|91/302\n|-unboost|p1a: Solrock|def|1\n|-damage|p2a: Skuntank|190/314|[from] item: Life Orb\n|move|p1a: Solrock|Will-O-Wisp|p2a: Skuntank\n|-status|p2a: Skuntank|brn\n|\n|-heal|p1a: Solrock|109/302|[from] item: Leftovers\n|-damage|p2a: Skuntank|171/314 brn|[from] brn\n|upkeep\n|turn|5\n|inactive|Meibomius Livrea has 120 seconds left.\n|\n|t:|1684338143\n|move|p2a: Skuntank|Crunch|p1a: Solrock\n|-supereffective|p1a: Solrock\n|-damage|p1a: Solrock|0 fnt\n|faint|p1a: Solrock\n|-damage|p2a: Skuntank|140/314 brn|[from] item: Life Orb\n|\n|-damage|p2a: Skuntank|121/314 brn|[from] brn\n|upkeep\n|\n|t:|1684338152\n|switch|p1a: Aggron|Aggron, L85, M|258/258\n|-item|p1a: Aggron|Air Balloon\n|turn|6\n|\n|t:|1684338164\n|move|p2a: Skuntank|Taunt|p1a: Aggron\n|-start|p1a: Aggron|move: Taunt\n|cant|p1a: Aggron|move: Taunt|Rock Polish\n|\n|-damage|p2a: Skuntank|102/314 brn|[from] brn\n|upkeep\n|turn|7\n|\n|t:|1684338184\n|move|p2a: Skuntank|Crunch|p1a: Aggron\n|-damage|p1a: Aggron|227/258\n|-enditem|p1a: Aggron|Air Balloon\n|-damage|p2a: Skuntank|71/314 brn|[from] item: Life Orb\n|move|p1a: Aggron|Heavy Slam|p2a: Skuntank\n|-damage|p2a: Skuntank|0 fnt\n|-damage|p1a: Aggron|163/258|[from] ability: Aftermath|[of] p2a: Skuntank\n|faint|p2a: Skuntank\n|\n|upkeep\n|inactive|Meibomius Livrea has 90 seconds left.\n|\n|t:|1684338214\n|switch|p2a: Scrafty|Scrafty, L82, F|241/241\n|-damage|p2a: Scrafty|226/241|[from] Stealth Rock\n|-ability|p2a: Scrafty|Intimidate|boost\n|-unboost|p1a: Aggron|atk|1\n|turn|8\n|\n|t:|1684338228\n|move|p2a: Scrafty|Dragon Dance|p2a: Scrafty\n|-boost|p2a: Scrafty|atk|1\n|-boost|p2a: Scrafty|spe|1\n|move|p1a: Aggron|Body Press|p2a: Scrafty\n|-supereffective|p2a: Scrafty\n|-damage|p2a: Scrafty|150/241\n|\n|-end|p1a: Aggron|move: Taunt\n|-sideend|p2: Meibomius Livrea|Reflect\n|upkeep\n|turn|9\n|inactive|Meibomius Livrea has 90 seconds left.\n|\n|t:|1684338239\n|move|p2a: Scrafty|Dragon Dance|p2a: Scrafty\n|-boost|p2a: Scrafty|atk|1\n|-boost|p2a: Scrafty|spe|1\n|move|p1a: Aggron|Body Press|p2a: Scrafty\n|-supereffective|p2a: Scrafty\n|-damage|p2a: Scrafty|0 fnt\n|faint|p2a: Scrafty\n|\n|-sideend|p2: Meibomius Livrea|move: Light Screen\n|upkeep\n|inactive|Meibomius Livrea has 90 seconds left.\n|\n|t:|1684338257\n|switch|p2a: Tangrowth|Tangrowth, L84, F|305/305\n|-damage|p2a: Tangrowth|267/305|[from] Stealth Rock\n|turn|10\n|\n|t:|1684338262\n|move|p1a: Aggron|Head Smash|p2a: Tangrowth|[miss]\n|-miss|p1a: Aggron|p2a: Tangrowth\n|move|p2a: Tangrowth|Giga Drain|p1a: Aggron\n|-crit|p1a: Aggron\n|-damage|p1a: Aggron|0 fnt\n|-heal|p2a: Tangrowth|305/305|[from] drain|[of] p1a: Aggron\n|faint|p1a: Aggron\n|\n|upkeep\n|\n|t:|1684338273\n|switch|p1a: Type: Null|Type: Null, L86|304/304\n|turn|11\n|\n|t:|1684338278\n|move|p1a: Type: Null|Crush Claw|p2a: Tangrowth\n|-damage|p2a: Tangrowth|239/305\n|-damage|p1a: Type: Null|254/304|[from] item: Rocky Helmet|[of] p2a: Tangrowth\n|move|p2a: Tangrowth|Sludge Bomb|p1a: Type: Null\n|-damage|p1a: Type: Null|213/304\n|-status|p1a: Type: Null|psn\n|\n|-damage|p1a: Type: Null|175/304 psn|[from] psn\n|upkeep\n|turn|12\n|inactive|Meibomius Livrea has 90 seconds left.\n|\n|t:|1684338301\n|move|p1a: Type: Null|Crush Claw|p2a: Tangrowth\n|-damage|p2a: Tangrowth|176/305\n|-damage|p1a: Type: Null|125/304 psn|[from] item: Rocky Helmet|[of] p2a: Tangrowth\n|move|p2a: Tangrowth|Leech Seed|p1a: Type: Null\n|-start|p1a: Type: Null|move: Leech Seed\n|\n|-damage|p1a: Type: Null|87/304 psn|[from] Leech Seed|[of] p2a: Tangrowth\n|-heal|p2a: Tangrowth|214/305|[silent]\n|-damage|p1a: Type: Null|49/304 psn|[from] psn\n|upkeep\n|turn|13\n|inactive|Meibomius Livrea has 90 seconds left.\n|\n|t:|1684338316\n|move|p1a: Type: Null|Rest|p1a: Type: Null\n|-status|p1a: Type: Null|slp|[from] move: Rest\n|-heal|p1a: Type: Null|304/304 slp|[silent]\n|move|p2a: Tangrowth|Giga Drain|p1a: Type: Null\n|-damage|p1a: Type: Null|246/304 slp\n|-heal|p2a: Tangrowth|243/305|[from] drain|[of] p1a: Type: Null\n|\n|-damage|p1a: Type: Null|208/304 slp|[from] Leech Seed|[of] p2a: Tangrowth\n|-heal|p2a: Tangrowth|281/305|[silent]\n|upkeep\n|turn|14\n|inactive|Meibomius Livrea has 90 seconds left.\n|\n|t:|1684338340\n|cant|p1a: Type: Null|slp\n|move|p2a: Tangrowth|Sludge Bomb|p1a: Type: Null\n|-damage|p1a: Type: Null|161/304 slp\n|\n|-damage|p1a: Type: Null|123/304 slp|[from] Leech Seed|[of] p2a: Tangrowth\n|-heal|p2a: Tangrowth|305/305|[silent]\n|upkeep\n|turn|15\n|inactive|Meibomius Livrea has 90 seconds left.\n|\n|t:|1684338348\n|cant|p1a: Type: Null|slp\n|move|p2a: Tangrowth|Giga Drain|p1a: Type: Null\n|-damage|p1a: Type: Null|66/304 slp\n|\n|-damage|p1a: Type: Null|28/304 slp|[from] Leech Seed|[of] p2a: Tangrowth\n|upkeep\n|turn|16\n|\n|t:|1684338354\n|-curestatus|p1a: Type: Null|slp|[msg]\n|move|p1a: Type: Null|Crush Claw|p2a: Tangrowth\n|-damage|p2a: Tangrowth|239/305\n|-damage|p1a: Type: Null|0 fnt|[from] item: Rocky Helmet|[of] p2a: Tangrowth\n|faint|p1a: Type: Null\n|move|p2a: Tangrowth|Sludge Bomb|p1: Type: Null|[notarget]\n|-fail|p2a: Tangrowth\n|\n|upkeep\n|\n|t:|1684338359\n|switch|p1a: Zacian|Zacian, L68|238/238\n|-ability|p1a: Zacian|Intrepid Sword|boost\n|-boost|p1a: Zacian|atk|1\n|turn|17\n|\n|t:|1684338364\n|move|p1a: Zacian|Play Rough|p2a: Tangrowth\n|-damage|p2a: Tangrowth|106/305\n|-damage|p1a: Zacian|199/238|[from] item: Rocky Helmet|[of] p2a: Tangrowth\n|move|p2a: Tangrowth|Sludge Bomb|p1a: Zacian\n|-supereffective|p1a: Zacian\n|-damage|p1a: Zacian|67/238\n|\n|upkeep\n|turn|18\n|\n|t:|1684338374\n|switch|p2a: Wigglytuff|Wigglytuff, L90, M|374/398 brn\n|-damage|p2a: Wigglytuff|325/398 brn|[from] Stealth Rock\n|-item|p1a: Zacian|Choice Band|[from] ability: Frisk|[of] p2a: Wigglytuff|[identify]\n|move|p1a: Zacian|Play Rough|p2a: Wigglytuff\n|-damage|p2a: Wigglytuff|37/398 brn\n|\n|-damage|p2a: Wigglytuff|13/398 brn|[from] brn\n|upkeep\n|turn|19\n|\n|t:|1684338386\n|move|p1a: Zacian|Play Rough|p2a: Wigglytuff\n|-damage|p2a: Wigglytuff|0 fnt\n|faint|p2a: Wigglytuff\n|\n|upkeep\n|\n|t:|1684338391\n|switch|p2a: Tangrowth|Tangrowth, L84, F|207/305\n|-damage|p2a: Tangrowth|169/305|[from] Stealth Rock\n|turn|20\n|\n|t:|1684338395\n|switch|p2a: Tornadus|Tornadus-Therian, L78, M|251/251\n|move|p1a: Zacian|Play Rough|p2a: Tornadus\n|-damage|p2a: Tornadus|31/251\n|\n|upkeep\n|turn|21\n|\n|t:|1684338401\n|switch|p1a: Politoed|Politoed, L86, M|295/295\n|-weather|RainDance|[from] ability: Drizzle|[of] p1a: Politoed\n|move|p2a: Tornadus|Hurricane|p1a: Politoed\n|-damage|p1a: Politoed|199/295\n|\n|-weather|RainDance|[upkeep]\n|upkeep\n|turn|22\n|\n|t:|1684338410\n|move|p2a: Tornadus|Knock Off|p1a: Politoed\n|-damage|p1a: Politoed|133/295\n|-enditem|p1a: Politoed|Chesto Berry|[from] move: Knock Off|[of] p2a: Tornadus\n|move|p1a: Politoed|Ice Beam|p2a: Tornadus\n|-supereffective|p2a: Tornadus\n|-damage|p2a: Tornadus|0 fnt\n|faint|p2a: Tornadus\n|\n|-weather|RainDance|[upkeep]\n|upkeep\n|\n|t:|1684338419\n|switch|p2a: Tangrowth|Tangrowth, L84, F|270/305\n|-damage|p2a: Tangrowth|232/305|[from] Stealth Rock\n|turn|23\n|\n|t:|1684338423\n|-start|p1a: Politoed|Dynamax|\n|-heal|p1a: Politoed|266/590|[silent]\n|move|p1a: Politoed|Max Hailstorm|p2a: Tangrowth\n|-supereffective|p2a: Tangrowth\n|-damage|p2a: Tangrowth|0 fnt\n|-weather|Hail\n|faint|p2a: Tangrowth\n|\n|-weather|Hail|[upkeep]\n|-damage|p1a: Politoed|248/590|[from] Hail\n|upkeep\n|\n|t:|1684338431\n|switch|p2a: Slurpuff|Slurpuff, L80, M|262/262\n|-damage|p2a: Slurpuff|230/262|[from] Stealth Rock\n|turn|24\n|\n|t:|1684338435\n|move|p1a: Politoed|Max Geyser|p2a: Slurpuff\n|-damage|p2a: Slurpuff|61/262\n|-weather|RainDance\n|-enditem|p2a: Slurpuff|Sitrus Berry|[eat]\n|-heal|p2a: Slurpuff|126/262|[from] item: Sitrus Berry\n|move|p2a: Slurpuff|Belly Drum||[still]\n|-fail|p2a: Slurpuff\n|\n|-weather|RainDance|[upkeep]\n|upkeep\n|turn|25\n|\n|t:|1684338445\n|-start|p2a: Slurpuff|Dynamax|\n|-heal|p2a: Slurpuff|252/524|[silent]\n|move|p2a: Slurpuff|Max Knuckle|p1a: Politoed\n|-damage|p1a: Politoed|191/590\n|-boost|p2a: Slurpuff|atk|1\n|move|p1a: Politoed|Max Geyser|p2a: Slurpuff\n|-damage|p2a: Slurpuff|20/524\n|\n|-weather|RainDance|[upkeep]\n|upkeep\n|-end|p1a: Politoed|Dynamax\n|-heal|p1a: Politoed|96/295|[silent]\n|turn|26\n|c|\u2606Sparna_of_Yomi|gg\n|c|\u2606Meibomius Livrea|gg\n|\n|t:|1684338467\n|move|p2a: Slurpuff|Max Starfall|p1a: Politoed\n|-damage|p1a: Politoed|0 fnt\n|-fieldstart|move: Misty Terrain\n|faint|p1a: Politoed\n|\n|-weather|RainDance|[upkeep]\n|upkeep\n|\n|t:|1684338469\n|switch|p1a: Melmetal|Melmetal, L74|322/322\n|turn|27\n|\n|t:|1684338475\n|move|p2a: Slurpuff|Max Knuckle|p1a: Melmetal\n|-supereffective|p1a: Melmetal\n|-damage|p1a: Melmetal|194/322\n|-boost|p2a: Slurpuff|atk|1\n|move|p1a: Melmetal|Double Iron Bash|p2a: Slurpuff\n|-supereffective|p2a: Slurpuff\n|-damage|p2a: Slurpuff|0 fnt\n|faint|p2a: Slurpuff\n|-hitcount|p2: Slurpuff|1\n|\n|win|Sparna_of_Yomi\n|raw|Sparna_of_Yomi's rating: 1471 &rarr; <strong>1484</strong><br />(+13 for winning)\n|raw|Meibomius Livrea's rating: 1337 &rarr; <strong>1324</strong><br />(-13 for losing)\n", "inputlog": ">version 3f967b429d9dd76d8eb692efdd7dfe9038092d20\n>start {\"formatid\":\"gen8randombattle\",\"seed\":[53479,34958,32437,25497],\"rated\":\"Rated battle\"}\n>player p1 {\"name\":\"Sparna_of_Yomi\",\"avatar\":\"blackbelt\",\"rating\":1471,\"seed\":[4017,12895,40118,5650]}\n>player p2 {\"name\":\"Meibomius Livrea\",\"avatar\":\"veteran\",\"rating\":1314,\"seed\":[41680,25866,19740,3146]}\n>p1 move stealthrock\n>p2 move reflect\n>p1 move willowisp\n>p2 move lightscreen\n>p1 move rockslide\n>p2 switch 5\n>p1 move willowisp\n>p2 move crunch\n>p1 move morningsun\n>p2 move crunch\n>p1 switch 2\n>p1 move rockpolish\n>p2 move taunt\n>p1 move heavyslam\n>p2 move crunch\n>p2 switch 6\n>p1 move bodypress\n>p2 move dragondance\n>p1 move bodypress\n>p2 move dragondance\n>p2 switch 4\n>p1 move headsmash\n>p2 move gigadrain\n>p1 switch 6\n>p1 move crushclaw\n>p2 move sludgebomb\n>p1 move crushclaw\n>p2 move leechseed\n>p1 move rest\n>p2 move gigadrain\n>p1 move crushclaw\n>p2 move sludgebomb\n>p1 move crushclaw\n>p2 move gigadrain\n>p1 move crushclaw\n>p2 move sludgebomb\n>p1 switch 3\n>p1 move playrough\n>p2 move sludgebomb\n>p1 move playrough\n>p2 switch 5\n>p1 move playrough\n>p2 move reflect\n>p2 switch 5\n>p1 move playrough\n>p2 switch 2\n>p1 switch 5\n>p2 move hurricane\n>p1 move icebeam\n>p2 move knockoff\n>p2 switch 2\n>p1 move icebeam dynamax\n>p2 move gigadrain\n>p2 switch 3\n>p1 move scald dynamax\n>p2 move bellydrum\n>p1 move scald dynamax\n>p2 move drainpunch dynamax\n>chat \u2606Sparna_of_Yomi|gg\n>chat \u2606Meibomius Livrea|gg\n>p1 move scald\n>p2 move playrough dynamax\n>p1 switch 4\n>p1 move doubleironbash\n>p2 move drainpunch dynamax", "uploadtime": 1684338479, "views": 3, "p1id": "sparnaofyomi", "p2id": "meibomiuslivrea", "formatid": "gen8randombattle", "rating": 1324, "private": 0, "password": ""}