{"id": "gen8randombattle-1873178146", "p1": "flyingworkshop", "p2": "kwc0596", "format": "[Gen 8] Random Battle", "log": "|j|\u2606flyingworkshop\n|j|\u2606kwc0596\n|t:|1685337344\n|gametype|singles\n|player|p1|flyingworkshop|dawn|1126\n|player|p2|kwc0596|1|1099\n|teamsize|p1|6\n|teamsize|p2|6\n|gen|8\n|tier|[Gen 8] Random Battle\n|rated|\n|rule|Species Clause: Limit one of each Pok\u00e9mon\n|rule|HP Percentage Mod: HP is shown in percentages\n|rule|Sleep Clause Mod: Limit one foe put to sleep\n|\n|t:|1685337344\n|start\n|switch|p1a: Giratina|Giratina-Origin, L74|344/344\n|switch|p2a: Regidrago|Regidrago, L78|440/440\n|turn|1\n|inactive|Battle timer is ON: inactive players will automatically lose when time's up. (requested by flyingworkshop)\n|\n|t:|1685337358\n|move|p1a: Giratina|Outrage|p2a: Regidrago\n|-supereffective|p2a: Regidrago\n|-damage|p2a: Regidrago|0 fnt\n|faint|p2a: Regidrago\n|\n|upkeep\n|\n|t:|1685337374\n|switch|p2a: Avalugg|Avalugg, L86, M|303/303\n|turn|2\n|\n|t:|1685337380\n|move|p1a: Giratina|Outrage|p2a: Avalugg|[from]lockedmove\n|-damage|p2a: Avalugg|228/303\n|-start|p1a: Giratina|confusion|[fatigue]\n|move|p2a: Avalugg|Curse|p2a: Avalugg\n|-unboost|p2a: Avalugg|spe|1\n|-boost|p2a: Avalugg|atk|1\n|-boost|p2a: Avalugg|def|1\n|\n|-heal|p2a: Avalugg|246/303|[from] item: Leftovers\n|upkeep\n|turn|3\n|\n|t:|1685337391\n|switch|p1a: Pyukumuku|Pyukumuku, L84, M|230/230\n|move|p2a: Avalugg|Avalanche|p1a: Pyukumuku\n|-resisted|p1a: Pyukumuku\n|-damage|p1a: Pyukumuku|200/230\n|\n|-heal|p2a: Avalugg|264/303|[from] item: Leftovers\n|-heal|p1a: Pyukumuku|214/230|[from] item: Leftovers\n|upkeep\n|turn|4\n|-message|kwc0596 forfeited.\n|\n|win|flyingworkshop\n|raw|flyingworkshop's rating: 1126 &rarr; <strong>1149</strong><br />(+23 for winning)\n|raw|kwc0596's rating: 1099 &rarr; <strong>1076</strong><br />(-23 for losing)\n|l|\u2606kwc0596\n", "inputlog": ">version 6fec31d5a0d4498a06105aa188c9906bc0b6bf95\n>start {\"formatid\":\"gen8randombattle\",\"seed\":[61444,27283,54209,56109],\"rated\":\"Rated battle\"}\n>player p1 {\"name\":\"flyingworkshop\",\"avatar\":\"dawn\",\"rating\":1126,\"seed\":[31228,51970,62154,58107]}\n>player p2 {\"name\":\"kwc0596\",\"avatar\":\"1\",\"rating\":1099,\"seed\":[41245,4336,47826,53881]}\n>p1 move outrage\n>p2 move dragondance\n>p2 switch 4\n>p1 move outrage\n>p2 move curse\n>p1 switch 6\n>p2 move avalanche\n>forcelose p2", "uploadtime": 1685337415, "views": 1, "p1id": "flyingworkshop", "p2id": "kwc0596", "formatid": "gen8randombattle", "rating": 1076, "private": 0, "password": ""}