{"id": "gen8randombattle-1507432845", "p1": "Batram", "p2": "Sylveon is so cute", "format": "[Gen 8] Random Battle", "log": "|j|\u2606Batram\n|j|\u2606Sylveon is so cute\n|t:|1644419273\n|gametype|singles\n|player|p1|Batram|170|2390\n|player|p2|Sylveon is so cute|dawn-gen4pt|2422\n|teamsize|p1|6\n|teamsize|p2|6\n|gen|8\n|tier|[Gen 8] Random Battle\n|rated|\n|rule|Species Clause: Limit one of each Pok\u00e9mon\n|rule|HP Percentage Mod: HP is shown in percentages\n|rule|Sleep Clause Mod: Limit one foe put to sleep\n|\n|t:|1644419273\n|start\n|switch|p1a: Golduck|Golduck, L86, M|278/278\n|switch|p2a: Pelipper|Pelipper, L86, F|243/243\n|-weather|RainDance|[from] ability: Drizzle|[of] p2a: Pelipper\n|turn|1\n|inactive|Battle timer is ON: inactive players will automatically lose when time's up. (requested by Sylveon is so cute)\n|\n|t:|1644419283\n|move|p1a: Golduck|Calm Mind|p1a: Golduck\n|-boost|p1a: Golduck|spa|1\n|-boost|p1a: Golduck|spd|1\n|move|p2a: Pelipper|Hurricane|p1a: Golduck\n|-damage|p1a: Golduck|191/278\n|\n|-weather|RainDance|[upkeep]\n|-heal|p1a: Golduck|208/278|[from] item: Leftovers\n|upkeep\n|turn|2\n|j| KingZuko\n|\n|t:|1644419289\n|-start|p2a: Pelipper|Dynamax\n|-heal|p2a: Pelipper|486/486|[silent]\n|move|p1a: Golduck|Calm Mind|p1a: Golduck\n|-boost|p1a: Golduck|spa|1\n|-boost|p1a: Golduck|spd|1\n|move|p2a: Pelipper|Max Airstream|p1a: Golduck\n|-damage|p1a: Golduck|127/278\n|-boost|p2a: Pelipper|spe|1\n|\n|-weather|RainDance|[upkeep]\n|-heal|p1a: Golduck|144/278|[from] item: Leftovers\n|upkeep\n|turn|3\n|j| path less taken\n|inactive|Batram has 120 seconds left.\n|\n|t:|1644419327\n|-start|p1a: Golduck|Dynamax\n|-heal|p1a: Golduck|288/556|[silent]\n|move|p1a: Golduck|Max Hailstorm|p2a: Pelipper\n|-damage|p2a: Pelipper|269/486\n|-weather|Hail\n|move|p2a: Pelipper|Max Airstream|p1a: Golduck\n|-damage|p1a: Golduck|203/556\n|-boost|p2a: Pelipper|spe|1\n|\n|-weather|Hail|[upkeep]\n|-damage|p2a: Pelipper|254/486|[from] Hail\n|-damage|p1a: Golduck|186/556|[from] Hail\n|-heal|p1a: Golduck|203/556|[from] item: Leftovers\n|upkeep\n|turn|4\n|inactive|Batram has 120 seconds left.\n|\n|t:|1644419335\n|move|p1a: Golduck|Max Guard|p1a: Golduck\n|-singleturn|p1a: Golduck|Max Guard\n|move|p2a: Pelipper|Max Airstream|p1a: Golduck\n|-activate|p1a: Golduck|move: Max Guard\n|\n|-weather|Hail|[upkeep]\n|-damage|p2a: Pelipper|239/486|[from] Hail\n|-damage|p1a: Golduck|186/556|[from] Hail\n|-heal|p1a: Golduck|203/556|[from] item: Leftovers\n|-end|p2a: Pelipper|Dynamax\n|-heal|p2a: Pelipper|120/243|[silent]\n|upkeep\n|turn|5\n|\n|t:|1644419342\n|move|p2a: Pelipper|Roost|p2a: Pelipper\n|-heal|p2a: Pelipper|242/243\n|-singleturn|p2a: Pelipper|move: Roost\n|move|p1a: Golduck|Max Geyser|p2a: Pelipper\n|-resisted|p2a: Pelipper\n|-damage|p2a: Pelipper|65/243\n|-weather|RainDance\n|\n|-weather|RainDance|[upkeep]\n|-heal|p1a: Golduck|220/556|[from] item: Leftovers\n|-end|p1a: Golduck|Dynamax\n|-heal|p1a: Golduck|110/278|[silent]\n|upkeep\n|turn|6\n|\n|t:|1644419348\n|move|p1a: Golduck|Scald|p2a: Pelipper\n|-resisted|p2a: Pelipper\n|-damage|p2a: Pelipper|0 fnt\n|faint|p2a: Pelipper\n|\n|-weather|RainDance|[upkeep]\n|-heal|p1a: Golduck|127/278|[from] item: Leftovers\n|upkeep\n|\n|t:|1644419353\n|switch|p2a: Skuntank|Skuntank, L85, F|314/314\n|turn|7\n|c|\u2606Batram|Probably not worth\n|c|\u2606Batram|Lol\n|\n|t:|1644419359\n|move|p2a: Skuntank|Sucker Punch|p1a: Golduck\n|-damage|p1a: Golduck|42/278\n|move|p1a: Golduck|Scald|p2a: Skuntank\n|-damage|p2a: Skuntank|0 fnt\n|faint|p2a: Skuntank\n|\n|-weather|RainDance|[upkeep]\n|-heal|p1a: Golduck|59/278|[from] item: Leftovers\n|upkeep\n|\n|t:|1644419360\n|switch|p2a: Lucario|Lucario, L82, F|249/249\n|turn|8\n|\n|t:|1644419366\n|switch|p1a: Golurk|Golurk, L82|280/280\n|move|p2a: Lucario|Extreme Speed|p1a: Golurk\n|-immune|p1a: Golurk\n|\n|-weather|RainDance|[upkeep]\n|upkeep\n|turn|9\n|\n|t:|1644419373\n|switch|p2a: Mudsdale|Mudsdale, L82, F|298/298\n|move|p1a: Golurk|Earthquake|p2a: Mudsdale\n|-damage|p2a: Mudsdale|138/298\n|-ability|p2a: Mudsdale|Stamina|boost\n|-boost|p2a: Mudsdale|def|1\n|-damage|p1a: Golurk|252/280|[from] item: Life Orb\n|\n|-weather|none\n|-heal|p2a: Mudsdale|156/298|[from] item: Leftovers\n|upkeep\n|turn|10\n|c| KingZuko|well still an advantage\n|inactive|Batram has 120 seconds left.\n|j| ayayaplop\n|\n|t:|1644419416\n|switch|p1a: Reuniclus|Reuniclus, L84, F|322/322\n|move|p2a: Mudsdale|Stealth Rock|p1a: Reuniclus\n|-sidestart|p1: Batram|move: Stealth Rock\n|\n|-heal|p2a: Mudsdale|174/298|[from] item: Leftovers\n|upkeep\n|turn|11\n|\n|t:|1644419424\n|move|p2a: Mudsdale|Earthquake|p1a: Reuniclus\n|-damage|p1a: Reuniclus|184/322\n|move|p1a: Reuniclus|Psychic|p2a: Mudsdale\n|-damage|p2a: Mudsdale|17/298\n|-ability|p2a: Mudsdale|Stamina|boost\n|-boost|p2a: Mudsdale|def|1\n|\n|-heal|p2a: Mudsdale|35/298|[from] item: Leftovers\n|upkeep\n|turn|12\n|\n|t:|1644419430\n|move|p2a: Mudsdale|Earthquake|p1a: Reuniclus\n|-damage|p1a: Reuniclus|36/322\n|move|p1a: Reuniclus|Recover|p1a: Reuniclus\n|-heal|p1a: Reuniclus|197/322\n|\n|-heal|p2a: Mudsdale|53/298|[from] item: Leftovers\n|upkeep\n|turn|13\n|\n|t:|1644419433\n|switch|p2a: Butterfree|Butterfree, L87, F|246/246\n|move|p1a: Reuniclus|Recover|p1a: Reuniclus\n|-heal|p1a: Reuniclus|322/322\n|\n|upkeep\n|turn|14\n|\n|t:|1644419440\n|switch|p1a: Hatterene|Hatterene, L86, F|238/238\n|-damage|p1a: Hatterene|209/238|[from] Stealth Rock\n|move|p2a: Butterfree|Sleep Powder|p1a: Hatterene\n|move|p1a: Hatterene|Sleep Powder|p2a: Butterfree|[from]ability: Magic Bounce\n|-status|p2a: Butterfree|slp|[from] move: Sleep Powder\n|\n|-heal|p1a: Hatterene|223/238|[from] item: Leftovers\n|upkeep\n|turn|15\n|\n|t:|1644419445\n|switch|p2a: Mudsdale|Mudsdale, L82, F|53/298\n|move|p1a: Hatterene|Mystical Fire|p2a: Mudsdale\n|-damage|p2a: Mudsdale|0 fnt\n|faint|p2a: Mudsdale\n|\n|-heal|p1a: Hatterene|237/238|[from] item: Leftovers\n|upkeep\n|\n|t:|1644419447\n|switch|p2a: Lucario|Lucario, L82, F|249/249\n|turn|16\n|\n|t:|1644419467\n|move|p2a: Lucario|Swords Dance|p2a: Lucario\n|-boost|p2a: Lucario|atk|2\n|move|p1a: Hatterene|Psychic|p2a: Lucario\n|-damage|p2a: Lucario|96/249\n|\n|-heal|p1a: Hatterene|238/238|[from] item: Leftovers\n|upkeep\n|turn|17\n|\n|t:|1644419475\n|switch|p1a: Golduck|Golduck, L86, M|59/278\n|-damage|p1a: Golduck|25/278|[from] Stealth Rock\n|move|p2a: Lucario|Meteor Mash|p1a: Golduck\n|-resisted|p1a: Golduck\n|-damage|p1a: Golduck|0 fnt\n|faint|p1a: Golduck\n|-damage|p2a: Lucario|72/249|[from] item: Life Orb\n|\n|upkeep\n|\n|t:|1644419477\n|switch|p1a: Togedemaru|Togedemaru, L86, F|252/252\n|-damage|p1a: Togedemaru|237/252|[from] Stealth Rock\n|turn|18\n|\n|t:|1644419481\n|switch|p2a: Steelix|Steelix, L84, F|263/263\n|move|p1a: Togedemaru|Zing Zap|p2a: Steelix\n|-immune|p2a: Steelix\n|\n|upkeep\n|turn|19\n|\n|t:|1644419489\n|switch|p1a: Golurk|Golurk, L82|252/280\n|-damage|p1a: Golurk|235/280|[from] Stealth Rock\n|move|p2a: Steelix|Earthquake|p1a: Golurk\n|-damage|p1a: Golurk|135/280\n|\n|upkeep\n|turn|20\n|inactive|Batram has 120 seconds left.\n|\n|t:|1644419533\n|move|p1a: Golurk|Earthquake|p2a: Steelix\n|-supereffective|p2a: Steelix\n|-crit|p2a: Steelix\n|-damage|p2a: Steelix|6/263\n|-damage|p1a: Golurk|107/280|[from] item: Life Orb\n|move|p2a: Steelix|Earthquake|p1a: Golurk\n|-damage|p1a: Golurk|0 fnt\n|faint|p1a: Golurk\n|\n|-heal|p2a: Steelix|22/263|[from] item: Leftovers\n|upkeep\n|j| Gontha\n|\n|t:|1644419547\n|switch|p1a: Rayquaza|Rayquaza, L74|277/277\n|-ability|p1a: Rayquaza|Air Lock\n|turn|21\n|c| Gontha|its a party here\n|\n|t:|1644419552\n|switch|p2a: Butterfree|Butterfree, L87, F|246/246 slp\n|move|p1a: Rayquaza|Earthquake|p2a: Butterfree\n|-immune|p2a: Butterfree\n|\n|upkeep\n|turn|22\n|inactive|Batram has 120 seconds left.\n|\n|t:|1644419557\n|switch|p2a: Steelix|Steelix, L84, F|22/263\n|move|p1a: Rayquaza|Dragon Dance|p1a: Rayquaza\n|-boost|p1a: Rayquaza|atk|1\n|-boost|p1a: Rayquaza|spe|1\n|\n|-heal|p2a: Steelix|38/263|[from] item: Leftovers\n|upkeep\n|turn|23\n|-message|Sylveon is so cute forfeited.\n|\n|win|Batram\n|raw|Batram's rating: 2390 &rarr; <strong>2412</strong><br />(+22 for winning)\n|raw|Sylveon is so cute's rating: 2428 &rarr; <strong>2406</strong><br />(-22 for losing)\n|l|\u2606Sylveon is so cute\n|c| KingZuko|sheesh\n|c| KingZuko|lets go batram\n", "inputlog": ">version de51227922fc89570971b282267c96ea7cc15392\n>start {\"formatid\":\"gen8randombattle\",\"seed\":[44714,27821,46822,9604],\"rated\":\"Rated battle\"}\n>player p1 {\"name\":\"Batram\",\"avatar\":\"170\",\"rating\":2390,\"seed\":[13510,62261,22804,58899]}\n>player p2 {\"name\":\"Sylveon is so cute\",\"avatar\":\"dawn-gen4pt\",\"rating\":2422,\"seed\":[16683,25982,13995,56210]}\n>p1 move calmmind\n>p2 move hurricane\n>p1 move calmmind\n>p2 move hurricane dynamax\n>p1 move icebeam dynamax\n>p2 move hurricane dynamax\n>p1 move substitute dynamax\n>p2 move hurricane dynamax\n>p1 move scald dynamax\n>p2 move roost\n>p1 move scald\n>p2 move hurricane\n>p2 switch 4\n>chat \u2606Batram|Probably not worth\n>chat \u2606Batram|Lol\n>p1 move scald\n>p2 move suckerpunch\n>p2 switch 5\n>p1 switch 2\n>p2 move extremespeed\n>p1 move earthquake\n>p2 switch 3\n>chat  KingZuko|well still an advantage\n>p1 switch 4\n>p2 move stealthrock\n>p1 move psychic\n>p2 move earthquake\n>p1 move recover\n>p2 move earthquake\n>p1 move recover\n>p2 switch 2\n>p1 switch 6\n>p2 move sleeppowder\n>p1 move mysticalfire\n>p2 switch 2\n>p2 switch 3\n>p1 move psychic\n>p2 move swordsdance\n>p1 switch 2\n>p2 move meteormash\n>p1 switch 5\n>p1 move zingzap\n>p2 switch 6\n>p1 switch 4\n>p2 move earthquake\n>p1 move earthquake\n>p2 move earthquake\n>p1 switch 3\n>chat  Gontha|its a party here\n>p1 move earthquake\n>p2 switch 2\n>p1 move dragondance\n>p2 switch 2\n>forcelose p2", "uploadtime": 1644419570, "views": 53, "p1id": "batram", "p2id": "sylveonissocute", "formatid": "gen8randombattle", "rating": 2406, "private": 0, "password": null}