{"id": "gen8randombattle-1862089863", "p1": "hahaua", "p2": "lauda Mera", "format": "[Gen 8] Random Battle", "log": "|j|\u2606hahaua\n|j|\u2606lauda Mera\n|t:|1683835914\n|gametype|singles\n|player|p1|hahaua|102|1401\n|player|p2|lauda Mera|hilbert-wonderlauncher|1459\n|teamsize|p1|6\n|teamsize|p2|6\n|gen|8\n|tier|[Gen 8] Random Battle\n|rated|\n|rule|Species Clause: Limit one of each Pok\u00e9mon\n|rule|HP Percentage Mod: HP is shown in percentages\n|rule|Sleep Clause Mod: Limit one foe put to sleep\n|\n|t:|1683835914\n|start\n|switch|p1a: Hawlucha|Hawlucha, L80, M|256/256\n|switch|p2a: Trevenant|Trevenant, L86, M|286/286\n|turn|1\n|inactive|Battle timer is ON: inactive players will automatically lose when time's up. (requested by lauda Mera)\n|inactive|hahaua also wants the timer to be on.\n|\n|t:|1683835925\n|move|p1a: Hawlucha|Throat Chop|p2a: Trevenant\n|-supereffective|p2a: Trevenant\n|-damage|p2a: Trevenant|176/286\n|-start|p2a: Trevenant|Throat Chop|[silent]\n|move|p2a: Trevenant|Poltergeist|p1a: Hawlucha|[miss]\n|-miss|p2a: Trevenant|p1a: Hawlucha\n|\n|upkeep\n|turn|2\n|\n|t:|1683835934\n|move|p1a: Hawlucha|Brave Bird|p2a: Trevenant\n|-supereffective|p2a: Trevenant\n|-damage|p2a: Trevenant|0 fnt\n|faint|p2a: Trevenant\n|-damage|p1a: Hawlucha|198/256|[from] Recoil\n|\n|upkeep\n|\n|t:|1683835943\n|switch|p2a: Weavile|Weavile, L79, F|239/239\n|turn|3\n|\n|t:|1683835946\n|move|p2a: Weavile|Triple Axel|p1a: Hawlucha\n|-supereffective|p1a: Hawlucha\n|-damage|p1a: Hawlucha|120/256\n|-supereffective|p1a: Hawlucha\n|-damage|p1a: Hawlucha|0 fnt\n|faint|p1a: Hawlucha\n|-hitcount|p1: Hawlucha|2\n|\n|upkeep\n|\n|t:|1683835964\n|switch|p1a: Cinderace|Cinderace, L74, F|239/239\n|turn|4\n|\n|t:|1683835972\n|switch|p2a: Hippowdon|Hippowdon, L80, F|304/304\n|-weather|Sandstorm|[from] ability: Sand Stream|[of] p2a: Hippowdon\n|move|p1a: Cinderace|Pyro Ball|p2a: Hippowdon\n|-damage|p2a: Hippowdon|169/304\n|\n|-weather|Sandstorm|[upkeep]\n|-damage|p1a: Cinderace|225/239|[from] Sandstorm\n|-heal|p2a: Hippowdon|188/304|[from] item: Leftovers\n|upkeep\n|turn|5\n|\n|t:|1683835979\n|switch|p1a: Runerigus|Runerigus, L84, F|235/235\n|move|p2a: Hippowdon|Earthquake|p1a: Runerigus\n|-damage|p1a: Runerigus|165/235\n|\n|-weather|Sandstorm|[upkeep]\n|-heal|p2a: Hippowdon|207/304|[from] item: Leftovers\n|-heal|p1a: Runerigus|179/235|[from] item: Leftovers\n|upkeep\n|turn|6\n|\n|t:|1683835982\n|move|p2a: Hippowdon|Toxic|p1a: Runerigus\n|-status|p1a: Runerigus|tox\n|move|p1a: Runerigus|Will-O-Wisp|p2a: Hippowdon\n|-status|p2a: Hippowdon|brn\n|\n|-weather|Sandstorm|[upkeep]\n|-heal|p2a: Hippowdon|226/304 brn|[from] item: Leftovers\n|-heal|p1a: Runerigus|193/235 tox|[from] item: Leftovers\n|-damage|p1a: Runerigus|179/235 tox|[from] psn\n|-damage|p2a: Hippowdon|207/304 brn|[from] brn\n|upkeep\n|turn|7\n|\n|t:|1683835987\n|move|p2a: Hippowdon|Earthquake|p1a: Runerigus\n|-damage|p1a: Runerigus|143/235 tox\n|move|p1a: Runerigus|Poltergeist|p2a: Hippowdon\n|-activate|p2a: Hippowdon|move: Poltergeist|Leftovers\n|-damage|p2a: Hippowdon|116/304 brn\n|\n|-weather|Sandstorm|[upkeep]\n|-heal|p2a: Hippowdon|135/304 brn|[from] item: Leftovers\n|-heal|p1a: Runerigus|157/235 tox|[from] item: Leftovers\n|-damage|p1a: Runerigus|129/235 tox|[from] psn\n|-damage|p2a: Hippowdon|116/304 brn|[from] brn\n|upkeep\n|turn|8\n|\n|t:|1683835991\n|move|p2a: Hippowdon|Earthquake|p1a: Runerigus\n|-damage|p1a: Runerigus|92/235 tox\n|move|p1a: Runerigus|Poltergeist|p2a: Hippowdon|[miss]\n|-miss|p1a: Runerigus|p2a: Hippowdon\n|\n|-weather|none\n|-heal|p2a: Hippowdon|135/304 brn|[from] item: Leftovers\n|-heal|p1a: Runerigus|106/235 tox|[from] item: Leftovers\n|-damage|p1a: Runerigus|64/235 tox|[from] psn\n|-damage|p2a: Hippowdon|116/304 brn|[from] brn\n|upkeep\n|turn|9\n|\n|t:|1683835995\n|move|p2a: Hippowdon|Earthquake|p1a: Runerigus\n|-damage|p1a: Runerigus|30/235 tox\n|move|p1a: Runerigus|Poltergeist|p2a: Hippowdon\n|-activate|p2a: Hippowdon|move: Poltergeist|Leftovers\n|-damage|p2a: Hippowdon|26/304 brn\n|\n|-heal|p2a: Hippowdon|45/304 brn|[from] item: Leftovers\n|-heal|p1a: Runerigus|44/235 tox|[from] item: Leftovers\n|-damage|p1a: Runerigus|0 fnt|[from] psn\n|faint|p1a: Runerigus\n|-damage|p2a: Hippowdon|26/304 brn|[from] brn\n|upkeep\n|\n|t:|1683836006\n|switch|p1a: Cinderace|Cinderace, L74, F|225/239\n|turn|10\n|\n|t:|1683836017\n|move|p1a: Cinderace|Pyro Ball|p2a: Hippowdon\n|-damage|p2a: Hippowdon|0 fnt\n|faint|p2a: Hippowdon\n|\n|upkeep\n|\n|t:|1683836028\n|switch|p2a: Seismitoad|Seismitoad, L84, M|314/314\n|turn|11\n|\n|t:|1683836042\n|-start|p1a: Cinderace|Dynamax|\n|-heal|p1a: Cinderace|450/478|[silent]\n|move|p1a: Cinderace|Max Knuckle|p2a: Seismitoad\n|-start|p1a: Cinderace|typechange|Fighting|[from] ability: Libero\n|-damage|p2a: Seismitoad|212/314\n|-boost|p1a: Cinderace|atk|1\n|move|p2a: Seismitoad|Rain Dance|p2a: Seismitoad\n|-weather|RainDance\n|\n|-weather|RainDance|[upkeep]\n|upkeep\n|turn|12\n|\n|t:|1683836067\n|move|p2a: Seismitoad|Liquidation|p1a: Cinderace\n|-damage|p1a: Cinderace|224/478\n|-damage|p2a: Seismitoad|181/314|[from] item: Life Orb\n|move|p1a: Cinderace|Max Knuckle|p2a: Seismitoad\n|-damage|p2a: Seismitoad|21/314\n|-boost|p1a: Cinderace|atk|1\n|\n|-weather|RainDance|[upkeep]\n|upkeep\n|turn|13\n|\n|t:|1683836072\n|move|p2a: Seismitoad|Liquidation|p1a: Cinderace\n|-damage|p1a: Cinderace|0 fnt\n|faint|p1a: Cinderace\n|-damage|p2a: Seismitoad|0 fnt|[from] item: Life Orb\n|faint|p2a: Seismitoad\n|\n|-weather|RainDance|[upkeep]\n|upkeep\n|\n|t:|1683836081\n|switch|p1a: Mimikyu|Mimikyu, L76, F|209/209\n|switch|p2a: Weavile|Weavile, L79, F|239/239\n|turn|14\n|\n|t:|1683836091\n|move|p2a: Weavile|Triple Axel|p1a: Mimikyu\n|-activate|p1a: Mimikyu|ability: Disguise\n|-damage|p1a: Mimikyu|209/209\n|detailschange|p1a: Mimikyu|Mimikyu-Busted, L76, F\n|-damage|p1a: Mimikyu|183/209|[from] pokemon: Mimikyu-Busted\n|-damage|p1a: Mimikyu|98/209\n|-damage|p1a: Mimikyu|0 fnt\n|faint|p1a: Mimikyu\n|-hitcount|p1: Mimikyu|3\n|\n|-weather|RainDance|[upkeep]\n|upkeep\n|\n|t:|1683836095\n|switch|p1a: Araquanid|Araquanid, L80, M|240/240\n|turn|15\n|\n|t:|1683836109\n|switch|p2a: Scolipede|Scolipede, L80, F|227/227\n|move|p1a: Araquanid|Liquidation|p2a: Scolipede\n|-damage|p2a: Scolipede|19/227\n|\n|-weather|none\n|upkeep\n|turn|16\n|\n|t:|1683836122\n|move|p2a: Scolipede|Poison Jab|p1a: Araquanid\n|-damage|p1a: Araquanid|127/240\n|-status|p1a: Araquanid|psn\n|-damage|p2a: Scolipede|0 fnt|[from] item: Life Orb\n|faint|p2a: Scolipede\n|move|p1a: Araquanid|Liquidation|p2: Scolipede|[notarget]\n|-fail|p1a: Araquanid\n|\n|-damage|p1a: Araquanid|97/240 psn|[from] psn\n|upkeep\n|\n|t:|1683836124\n|switch|p2a: Archeops|Archeops, L82, M|257/257\n|turn|17\n|\n|t:|1683836126\n|-start|p2a: Archeops|Dynamax|\n|-heal|p2a: Archeops|514/514|[silent]\n|move|p2a: Archeops|Max Rockfall|p1a: Araquanid\n|-supereffective|p1a: Araquanid\n|-damage|p1a: Araquanid|0 fnt\n|-weather|Sandstorm\n|faint|p1a: Araquanid\n|\n|-weather|Sandstorm|[upkeep]\n|upkeep\n|\n|t:|1683836138\n|switch|p1a: Snorlax|Snorlax, L82, M|397/397\n|turn|18\n|\n|t:|1683836153\n|move|p2a: Archeops|Max Rockfall|p1a: Snorlax\n|-damage|p1a: Snorlax|156/397\n|move|p1a: Snorlax|Double-Edge|p2a: Archeops\n|-resisted|p2a: Archeops\n|-damage|p2a: Archeops|398/514\n|-damage|p1a: Snorlax|118/397|[from] Recoil\n|\n|-weather|Sandstorm|[upkeep]\n|-damage|p1a: Snorlax|94/397|[from] Sandstorm\n|upkeep\n|turn|19\n|\n|t:|1683836155\n|move|p2a: Archeops|Max Rockfall|p1a: Snorlax\n|-damage|p1a: Snorlax|0 fnt\n|faint|p1a: Snorlax\n|\n|win|lauda Mera\n|raw|hahaua's rating: 1401 &rarr; <strong>1384</strong><br />(-17 for losing)\n|raw|lauda Mera's rating: 1457 &rarr; <strong>1474</strong><br />(+17 for winning)\n", "inputlog": ">version bce759c5f189753f4322d11c9e5aa78bbe1b1bf9\n>start {\"formatid\":\"gen8randombattle\",\"seed\":[3190,44132,25637,519],\"rated\":\"Rated battle\"}\n>player p1 {\"name\":\"hahaua\",\"avatar\":\"102\",\"rating\":1401,\"seed\":[60473,50740,8231,32429]}\n>player p2 {\"name\":\"lauda Mera\",\"avatar\":\"hilbert-wonderlauncher\",\"rating\":1459,\"seed\":[1531,60694,51424,34677]}\n>p1 move throatchop\n>p2 move poltergeist\n>p1 move bravebird\n>p2 move poltergeist\n>p2 switch 5\n>p1 move closecombat\n>p2 move tripleaxel\n>p1 switch 2\n>p1 move pyroball\n>p2 switch 4\n>p1 switch 3\n>p2 move earthquake\n>p1 move willowisp\n>p2 move toxic\n>p1 move poltergeist\n>p2 move earthquake\n>p1 move poltergeist\n>p2 move earthquake\n>p1 move poltergeist\n>p2 move earthquake\n>p1 switch 3\n>p1 move pyroball\n>p2 move earthquake\n>p2 switch 3\n>p1 move highjumpkick dynamax\n>p2 move raindance\n>p1 move highjumpkick dynamax\n>p2 move liquidation\n>p1 move highjumpkick dynamax\n>p2 move liquidation\n>p1 switch 4\n>p2 switch 4\n>p1 move drainpunch\n>p2 move tripleaxel\n>p1 switch 6\n>p1 move liquidation\n>p2 switch 6\n>p1 move liquidation\n>p2 move poisonjab\n>p2 switch 2\n>p1 move liquidation\n>p2 move stoneedge dynamax\n>p1 switch 5\n>p1 move doubleedge\n>p2 move stoneedge dynamax\n>p1 move doubleedge\n>p2 move stoneedge dynamax", "uploadtime": 1683836160, "views": 3, "p1id": "hahaua", "p2id": "laudamera", "formatid": "gen8randombattle", "rating": 1384, "private": 0, "password": ""}