{"id": "gen8randombattle-1872140536", "p1": "peppe26", "p2": "gareeb adani", "format": "[Gen 8] Random Battle", "log": "|j|\u2606peppe26\n|j|\u2606gareeb adani\n|t:|1685186710\n|gametype|singles\n|player|p1|peppe26|colress|1414\n|player|p2|gareeb adani|170|1525\n|teamsize|p1|6\n|teamsize|p2|6\n|gen|8\n|tier|[Gen 8] Random Battle\n|rated|\n|rule|Species Clause: Limit one of each Pok\u00e9mon\n|rule|HP Percentage Mod: HP is shown in percentages\n|rule|Sleep Clause Mod: Limit one foe put to sleep\n|\n|t:|1685186710\n|start\n|switch|p1a: Rotom|Rotom-Fan, L84|221/221\n|switch|p2a: Hydreigon|Hydreigon, L80, M|278/278\n|turn|1\n|inactive|Battle timer is ON: inactive players will automatically lose when time's up. (requested by gareeb adani)\n|\n|t:|1685186724\n|move|p2a: Hydreigon|Nasty Plot|p2a: Hydreigon\n|-boost|p2a: Hydreigon|spa|2\n|move|p1a: Rotom|Will-O-Wisp|p2a: Hydreigon|[miss]\n|-miss|p1a: Rotom|p2a: Hydreigon\n|\n|upkeep\n|turn|2\n|\n|t:|1685186740\n|move|p2a: Hydreigon|Dark Pulse|p1a: Rotom\n|-damage|p1a: Rotom|47/221\n|cant|p1a: Rotom|flinch\n|\n|upkeep\n|turn|3\n|\n|t:|1685186746\n|move|p2a: Hydreigon|Dark Pulse|p1a: Rotom\n|-damage|p1a: Rotom|0 fnt\n|faint|p1a: Rotom\n|\n|upkeep\n|\n|t:|1685186771\n|switch|p1a: Cloyster|Cloyster, L80, M|211/211\n|turn|4\n|\n|t:|1685186792\n|move|p2a: Hydreigon|Dark Pulse|p1a: Cloyster\n|-damage|p1a: Cloyster|0 fnt\n|faint|p1a: Cloyster\n|\n|upkeep\n|-message|peppe26 forfeited.\n|\n|win|gareeb adani\n|raw|peppe26's rating: 1414 &rarr; <strong>1401</strong><br />(-13 for losing)\n|raw|gareeb adani's rating: 1540 &rarr; <strong>1553</strong><br />(+13 for winning)\n|l|\u2606peppe26\n", "inputlog": ">version d74822bbc74c095aa312053f7034baee3068d99e\n>start {\"formatid\":\"gen8randombattle\",\"seed\":[36446,39825,49565,39218],\"rated\":\"Rated battle\"}\n>player p1 {\"name\":\"peppe26\",\"avatar\":\"colress\",\"rating\":1414,\"seed\":[33172,49731,43574,61520]}\n>player p2 {\"name\":\"gareeb adani\",\"avatar\":\"170\",\"rating\":1525,\"seed\":[4079,15999,55865,58134]}\n>p1 move willowisp\n>p2 move nastyplot\n>p1 move willowisp\n>p2 move darkpulse\n>p1 move willowisp\n>p2 move darkpulse\n>p1 switch 6\n>p1 move shellsmash\n>p2 move darkpulse\n>forcelose p1", "uploadtime": 1685186809, "views": 7, "p1id": "peppe26", "p2id": "gareebadani", "formatid": "gen8randombattle", "rating": 1401, "private": 0, "password": ""}