{"id": "gen8randombattle-1871689706", "p1": "jpremy", "p2": "Tortue2006", "format": "[Gen 8] Random Battle", "log": "|j|\u2606jpremy\n|j|\u2606Tortue2006\n|t:|1685120042\n|gametype|singles\n|player|p1|jpremy|rancher|\n|player|p2|Tortue2006|byron|\n|teamsize|p1|6\n|teamsize|p2|6\n|gen|8\n|tier|[Gen 8] Random Battle\n|rule|Species Clause: Limit one of each Pok\u00e9mon\n|rule|HP Percentage Mod: HP is shown in percentages\n|rule|Sleep Clause Mod: Limit one foe put to sleep\n|\n|t:|1685120042\n|start\n|switch|p1a: Runerigus|Runerigus, L84, F|235/235\n|switch|p2a: Zamazenta|Zamazenta, L73|255/255\n|-ability|p2a: Zamazenta|Dauntless Shield|boost\n|-boost|p2a: Zamazenta|def|1\n|turn|1\n|j| Iamsleep\n|c| Iamsleep|Good luck\n|c|\u2606jpremy|glhf\n|\n|t:|1685120086\n|switch|p2a: Octillery|Octillery, L86, M|269/269\n|move|p1a: Runerigus|Will-O-Wisp|p2a: Octillery\n|-status|p2a: Octillery|brn\n|\n|-damage|p2a: Octillery|253/269 brn|[from] brn\n|-ability|p2a: Octillery|Moody|boost\n|-boost|p2a: Octillery|spa|2\n|-unboost|p2a: Octillery|atk|1\n|upkeep\n|turn|2\n|\n|t:|1685120106\n|switch|p1a: Cherrim|Cherrim, L93, M|281/281\n|move|p2a: Octillery|Energy Ball|p1a: Cherrim\n|-resisted|p1a: Cherrim\n|-damage|p1a: Cherrim|205/281\n|\n|-heal|p2a: Octillery|269/269 brn|[from] item: Leftovers\n|-damage|p2a: Octillery|253/269 brn|[from] brn\n|-ability|p2a: Octillery|Moody|boost\n|-boost|p2a: Octillery|spa|2\n|-unboost|p2a: Octillery|spe|1\n|upkeep\n|turn|3\n|\n|t:|1685120121\n|move|p1a: Cherrim|Energy Ball|p2a: Octillery\n|-supereffective|p2a: Octillery\n|-damage|p2a: Octillery|17/269 brn\n|move|p2a: Octillery|Gunk Shot|p1a: Cherrim\n|-supereffective|p1a: Cherrim\n|-damage|p1a: Cherrim|133/281\n|\n|-heal|p2a: Octillery|33/269 brn|[from] item: Leftovers\n|-damage|p2a: Octillery|17/269 brn|[from] brn\n|-ability|p2a: Octillery|Moody|boost\n|-boost|p2a: Octillery|spd|2\n|-unboost|p2a: Octillery|spe|1\n|upkeep\n|turn|4\n|\n|t:|1685120145\n|move|p2a: Octillery|Protect|p2a: Octillery\n|-singleturn|p2a: Octillery|Protect\n|move|p1a: Cherrim|Energy Ball|p2a: Octillery\n|-activate|p2a: Octillery|move: Protect\n|\n|-heal|p2a: Octillery|33/269 brn|[from] item: Leftovers\n|-damage|p2a: Octillery|17/269 brn|[from] brn\n|-ability|p2a: Octillery|Moody|boost\n|-boost|p2a: Octillery|def|2\n|-unboost|p2a: Octillery|atk|1\n|upkeep\n|turn|5\n|\n|t:|1685120166\n|move|p1a: Cherrim|Energy Ball|p2a: Octillery\n|-supereffective|p2a: Octillery\n|-damage|p2a: Octillery|0 fnt\n|faint|p2a: Octillery\n|\n|upkeep\n|\n|t:|1685120210\n|switch|p2a: Zamazenta|Zamazenta, L73|255/255\n|-ability|p2a: Zamazenta|Dauntless Shield|boost\n|-boost|p2a: Zamazenta|def|1\n|turn|6\n|\n|t:|1685120221\n|move|p1a: Cherrim|Energy Ball|p2a: Zamazenta\n|-damage|p2a: Zamazenta|155/255\n|move|p2a: Zamazenta|Close Combat|p1a: Cherrim\n|-damage|p1a: Cherrim|0 fnt\n|-unboost|p2a: Zamazenta|def|1\n|-unboost|p2a: Zamazenta|spd|1\n|faint|p1a: Cherrim\n|\n|upkeep\n|\n|t:|1685120241\n|switch|p1a: Runerigus|Runerigus, L84, F|235/235\n|turn|7\n|\n|t:|1685120252\n|switch|p2a: Regice|Regice, L84|271/271\n|move|p1a: Runerigus|Will-O-Wisp|p2a: Regice\n|-status|p2a: Regice|brn\n|\n|-damage|p2a: Regice|255/271 brn|[from] brn\n|upkeep\n|turn|8\n|\n|t:|1685120267\n|switch|p1a: Arcanine|Arcanine, L82, M|282/282\n|move|p2a: Regice|Ice Beam|p1a: Arcanine\n|-resisted|p1a: Arcanine\n|-damage|p1a: Arcanine|230/282\n|\n|-heal|p2a: Regice|271/271 brn|[from] item: Leftovers\n|-damage|p2a: Regice|255/271 brn|[from] brn\n|upkeep\n|turn|9\n|\n|t:|1685120286\n|switch|p2a: Zamazenta|Zamazenta, L73|155/255\n|-ability|p2a: Zamazenta|Dauntless Shield|boost\n|-boost|p2a: Zamazenta|def|1\n|move|p1a: Arcanine|Close Combat|p2a: Zamazenta\n|-damage|p2a: Zamazenta|103/255\n|-unboost|p1a: Arcanine|def|1\n|-unboost|p1a: Arcanine|spd|1\n|\n|upkeep\n|turn|10\n|\n|t:|1685120297\n|switch|p1a: Runerigus|Runerigus, L84, F|235/235\n|move|p2a: Zamazenta|Close Combat|p1a: Runerigus\n|-immune|p1a: Runerigus\n|\n|upkeep\n|turn|11\n|\n|t:|1685120304\n|switch|p2a: Regice|Regice, L84|255/271 brn\n|move|p1a: Runerigus|Stealth Rock|p2a: Regice\n|-sidestart|p2: Tortue2006|move: Stealth Rock\n|\n|-heal|p2a: Regice|271/271 brn|[from] item: Leftovers\n|-damage|p2a: Regice|255/271 brn|[from] brn\n|upkeep\n|turn|12\n|\n|t:|1685120316\n|switch|p1a: Arcanine|Arcanine, L82, M|230/282\n|move|p2a: Regice|Thunderbolt|p1a: Arcanine\n|-damage|p1a: Arcanine|163/282\n|\n|-heal|p2a: Regice|271/271 brn|[from] item: Leftovers\n|-damage|p2a: Regice|255/271 brn|[from] brn\n|upkeep\n|turn|13\n|\n|t:|1685120329\n|switch|p2a: Zamazenta|Zamazenta, L73|103/255\n|-damage|p2a: Zamazenta|88/255|[from] Stealth Rock\n|-ability|p2a: Zamazenta|Dauntless Shield|boost\n|-boost|p2a: Zamazenta|def|1\n|move|p1a: Arcanine|Morning Sun|p1a: Arcanine\n|-heal|p1a: Arcanine|282/282\n|\n|upkeep\n|turn|14\n|\n|t:|1685120345\n|move|p2a: Zamazenta|Psychic Fangs|p1a: Arcanine\n|-damage|p1a: Arcanine|193/282\n|move|p1a: Arcanine|Flare Blitz|p2a: Zamazenta\n|-damage|p2a: Zamazenta|9/255\n|-damage|p1a: Arcanine|167/282|[from] Recoil\n|\n|upkeep\n|turn|15\n|\n|t:|1685120352\n|move|p1a: Arcanine|Extreme Speed|p2a: Zamazenta\n|-damage|p2a: Zamazenta|0 fnt\n|faint|p2a: Zamazenta\n|\n|upkeep\n|\n|t:|1685120358\n|switch|p2a: Dunsparce|Dunsparce, L90, F|326/326\n|-damage|p2a: Dunsparce|286/326|[from] Stealth Rock\n|turn|16\n|\n|t:|1685120371\n|move|p1a: Arcanine|Close Combat|p2a: Dunsparce\n|-supereffective|p2a: Dunsparce\n|-damage|p2a: Dunsparce|78/326\n|-unboost|p1a: Arcanine|def|1\n|-unboost|p1a: Arcanine|spd|1\n|move|p2a: Dunsparce|Coil|p2a: Dunsparce\n|-boost|p2a: Dunsparce|atk|1\n|-boost|p2a: Dunsparce|def|1\n|-boost|p2a: Dunsparce|accuracy|1\n|\n|-heal|p2a: Dunsparce|98/326|[from] item: Leftovers\n|upkeep\n|turn|17\n|\n|t:|1685120383\n|move|p1a: Arcanine|Close Combat|p2a: Dunsparce\n|-supereffective|p2a: Dunsparce\n|-damage|p2a: Dunsparce|0 fnt\n|-unboost|p1a: Arcanine|def|1\n|-unboost|p1a: Arcanine|spd|1\n|faint|p2a: Dunsparce\n|\n|upkeep\n|\n|t:|1685120390\n|switch|p2a: Toxtricity|Toxtricity, L82, M|257/257\n|-damage|p2a: Toxtricity|225/257|[from] Stealth Rock\n|turn|18\n|\n|t:|1685120412\n|move|p1a: Arcanine|Flare Blitz|p2a: Toxtricity\n|-damage|p2a: Toxtricity|68/257\n|-status|p2a: Toxtricity|brn\n|-damage|p1a: Arcanine|115/282|[from] Recoil\n|move|p2a: Toxtricity|Shift Gear|p2a: Toxtricity\n|-boost|p2a: Toxtricity|spe|2\n|-boost|p2a: Toxtricity|atk|1\n|\n|-damage|p2a: Toxtricity|52/257 brn|[from] brn\n|upkeep\n|turn|19\n|\n|t:|1685120424\n|move|p2a: Toxtricity|Overdrive|p1a: Arcanine\n|-damage|p1a: Arcanine|0 fnt\n|faint|p1a: Arcanine\n|-enditem|p2a: Toxtricity|Throat Spray\n|-boost|p2a: Toxtricity|spa|1|[from] item: Throat Spray\n|\n|-damage|p2a: Toxtricity|36/257 brn|[from] brn\n|upkeep\n|c|\u2606jpremy|lucky burn\n|\n|t:|1685120434\n|switch|p1a: Regidrago|Regidrago, L78|440/440\n|turn|20\n|\n|t:|1685120440\n|move|p2a: Toxtricity|Boomburst|p1a: Regidrago\n|-damage|p1a: Regidrago|128/440\n|move|p1a: Regidrago|Dragon Dance|p1a: Regidrago\n|-boost|p1a: Regidrago|atk|1\n|-boost|p1a: Regidrago|spe|1\n|\n|-damage|p2a: Toxtricity|20/257 brn|[from] brn\n|upkeep\n|turn|21\n|\n|t:|1685120454\n|move|p2a: Toxtricity|Boomburst|p1a: Regidrago\n|-crit|p1a: Regidrago\n|-damage|p1a: Regidrago|0 fnt\n|faint|p1a: Regidrago\n|\n|-damage|p2a: Toxtricity|4/257 brn|[from] brn\n|upkeep\n|\n|t:|1685120457\n|switch|p1a: Runerigus|Runerigus, L84, F|235/235\n|turn|22\n|\n|t:|1685120464\n|move|p2a: Toxtricity|Sludge Wave|p1a: Runerigus\n|-resisted|p1a: Runerigus\n|-damage|p1a: Runerigus|200/235\n|move|p1a: Runerigus|Earthquake|p2a: Toxtricity\n|-supereffective|p2a: Toxtricity\n|-crit|p2a: Toxtricity\n|-damage|p2a: Toxtricity|0 fnt\n|faint|p2a: Toxtricity\n|\n|-heal|p1a: Runerigus|214/235|[from] item: Leftovers\n|upkeep\n|\n|t:|1685120478\n|switch|p2a: Regice|Regice, L84|255/271 brn\n|-damage|p2a: Regice|188/271 brn|[from] Stealth Rock\n|turn|23\n|\n|t:|1685120489\n|move|p2a: Regice|Ice Beam|p1a: Runerigus\n|-supereffective|p1a: Runerigus\n|-damage|p1a: Runerigus|32/235\n|move|p1a: Runerigus|Earthquake|p2a: Regice\n|-damage|p2a: Regice|97/271 brn\n|\n|-heal|p2a: Regice|113/271 brn|[from] item: Leftovers\n|-heal|p1a: Runerigus|46/235|[from] item: Leftovers\n|-damage|p2a: Regice|97/271 brn|[from] brn\n|upkeep\n|turn|24\n|\n|t:|1685120498\n|switch|p1a: Froslass|Froslass, L84, F|255/255\n|move|p2a: Regice|Ice Beam|p1a: Froslass\n|-resisted|p1a: Froslass\n|-damage|p1a: Froslass|202/255\n|\n|-heal|p2a: Regice|113/271 brn|[from] item: Leftovers\n|-damage|p2a: Regice|97/271 brn|[from] brn\n|upkeep\n|turn|25\n|\n|t:|1685120510\n|move|p1a: Froslass|Poltergeist|p2a: Regice\n|-activate|p2a: Regice|move: Poltergeist|Leftovers\n|-damage|p2a: Regice|1/271 brn\n|move|p2a: Regice|Thunderbolt|p1a: Froslass\n|-damage|p1a: Froslass|126/255\n|\n|-heal|p2a: Regice|17/271 brn|[from] item: Leftovers\n|-damage|p2a: Regice|1/271 brn|[from] brn\n|upkeep\n|turn|26\n|\n|t:|1685120523\n|move|p1a: Froslass|Spikes|p2a: Regice\n|-sidestart|p2: Tortue2006|Spikes\n|move|p2a: Regice|Rest|p2a: Regice\n|-status|p2a: Regice|slp|[from] move: Rest\n|-heal|p2a: Regice|271/271 slp|[silent]\n|\n|upkeep\n|turn|27\n|\n|t:|1685120530\n|move|p1a: Froslass|Poltergeist|p2a: Regice\n|-activate|p2a: Regice|move: Poltergeist|Leftovers\n|-damage|p2a: Regice|171/271 slp\n|cant|p2a: Regice|slp\n|\n|-heal|p2a: Regice|187/271 slp|[from] item: Leftovers\n|upkeep\n|turn|28\n|\n|t:|1685120540\n|move|p1a: Froslass|Poltergeist|p2a: Regice\n|-activate|p2a: Regice|move: Poltergeist|Leftovers\n|-damage|p2a: Regice|88/271 slp\n|cant|p2a: Regice|slp\n|\n|-heal|p2a: Regice|104/271 slp|[from] item: Leftovers\n|upkeep\n|turn|29\n|\n|t:|1685120551\n|move|p1a: Froslass|Poltergeist|p2a: Regice\n|-activate|p2a: Regice|move: Poltergeist|Leftovers\n|-damage|p2a: Regice|7/271 slp\n|-curestatus|p2a: Regice|slp|[msg]\n|move|p2a: Regice|Thunderbolt|p1a: Froslass\n|-damage|p1a: Froslass|43/255\n|\n|-heal|p2a: Regice|23/271|[from] item: Leftovers\n|upkeep\n|turn|30\n|\n|t:|1685120563\n|move|p1a: Froslass|Poltergeist|p2a: Regice\n|-activate|p2a: Regice|move: Poltergeist|Leftovers\n|-damage|p2a: Regice|0 fnt\n|faint|p2a: Regice\n|\n|upkeep\n|\n|t:|1685120569\n|switch|p2a: Magearna|Magearna, L76|247/247\n|-damage|p2a: Magearna|232/247|[from] Stealth Rock\n|-damage|p2a: Magearna|202/247|[from] Spikes\n|turn|31\n|\n|t:|1685120585\n|move|p1a: Froslass|Will-O-Wisp|p2a: Magearna\n|-status|p2a: Magearna|brn\n|move|p2a: Magearna|Agility|p2a: Magearna\n|-boost|p2a: Magearna|spe|2\n|\n|-heal|p2a: Magearna|217/247 brn|[from] item: Leftovers\n|-damage|p2a: Magearna|202/247 brn|[from] brn\n|upkeep\n|turn|32\n|\n|t:|1685120614\n|move|p2a: Magearna|Flash Cannon|p1a: Froslass\n|-supereffective|p1a: Froslass\n|-damage|p1a: Froslass|0 fnt\n|faint|p1a: Froslass\n|-ability|p2a: Magearna|Soul-Heart|boost\n|-boost|p2a: Magearna|spa|1\n|\n|-heal|p2a: Magearna|217/247 brn|[from] item: Leftovers\n|-damage|p2a: Magearna|202/247 brn|[from] brn\n|upkeep\n|\n|t:|1685120622\n|switch|p1a: Runerigus|Runerigus, L84, F|46/235\n|turn|33\n|\n|t:|1685120636\n|move|p2a: Magearna|Flash Cannon|p1a: Runerigus\n|-damage|p1a: Runerigus|0 fnt\n|faint|p1a: Runerigus\n|-ability|p2a: Magearna|Soul-Heart|boost\n|-boost|p2a: Magearna|spa|1\n|\n|-heal|p2a: Magearna|217/247 brn|[from] item: Leftovers\n|-damage|p2a: Magearna|202/247 brn|[from] brn\n|upkeep\n|\n|t:|1685120638\n|switch|p1a: Urshifu|Urshifu, L76, F|277/277\n|turn|34\n|j| KuroMegaCharletX\n|c| KuroMegaCharletX|Yoooo\n|\n|t:|1685120671\n|move|p2a: Magearna|Fleur Cannon|p1a: Urshifu\n|-supereffective|p1a: Urshifu\n|-damage|p1a: Urshifu|0 fnt\n|-unboost|p2a: Magearna|spa|2\n|faint|p1a: Urshifu\n|\n|win|Tortue2006\n|c| Iamsleep|gg\n|c| KuroMegaCharletX|Gg\n|c|\u2606Tortue2006|gg\n|c|\u2606jpremy|the froslass mislpay got me\n", "inputlog": ">version 61c68e60481ef09071210320730fc448fef50368\n>start {\"formatid\":\"gen8randombattle\",\"seed\":[33459,61925,17597,36921]}\n>player p1 {\"name\":\"jpremy\",\"avatar\":\"rancher\",\"rating\":0,\"seed\":[47563,11752,16314,52991]}\n>player p2 {\"name\":\"Tortue2006\",\"avatar\":\"byron\",\"rating\":0,\"seed\":[31415,32221,11484,13057]}\n>chat  Iamsleep|Good luck\n>chat \u2606jpremy|glhf\n>p1 move willowisp\n>p2 switch 4\n>p1 switch 2\n>p2 move energyball\n>p1 move energyball\n>p2 move gunkshot\n>p1 move energyball\n>p2 move protect\n>p1 move energyball\n>p2 move gunkshot\n>p2 switch 4\n>p1 move energyball\n>p2 move closecombat\n>p1 switch 2\n>p1 move willowisp\n>p2 switch 2\n>p1 switch 4\n>p2 move icebeam\n>p1 move closecombat\n>p2 switch 2\n>p1 switch 4\n>p2 move closecombat\n>p1 move stealthrock\n>p2 switch 2\n>p1 switch 4\n>p2 move thunderbolt\n>p1 move morningsun\n>p2 switch 2\n>p1 move flareblitz\n>p2 move psychicfangs\n>p1 move extremespeed\n>p2 move psychicfangs\n>p2 switch 5\n>p1 move closecombat\n>p2 move coil\n>p1 move closecombat\n>p2 move roost\n>p2 switch 3\n>p1 move flareblitz\n>p2 move shiftgear\n>p1 move morningsun\n>p2 move overdrive\n>chat \u2606jpremy|lucky burn\n>p1 switch 3\n>p1 move dragondance\n>p2 move boomburst\n>p1 move outrage\n>p2 move boomburst\n>p1 switch 4\n>p1 move earthquake\n>p2 move sludgewave\n>p2 switch 2\n>p1 move earthquake\n>p2 move icebeam\n>p1 switch 6\n>p2 move icebeam\n>p1 move poltergeist\n>p2 move thunderbolt\n>p1 move spikes\n>p2 move rest\n>p1 move poltergeist\n>p2 move thunderbolt\n>p1 move poltergeist\n>p2 move thunderbolt\n>p1 move poltergeist\n>p2 move thunderbolt\n>p1 move poltergeist\n>p2 move thunderbolt\n>p2 switch 6\n>p1 move willowisp\n>p2 move agility\n>p1 move poltergeist\n>p2 move flashcannon\n>p1 switch 6\n>p1 move earthquake\n>p2 move flashcannon\n>p1 switch 5\n>chat  KuroMegaCharletX|Yoooo\n>p1 move drainpunch\n>p2 move fleurcannon", "uploadtime": 1685120685, "views": 3, "p1id": "jpremy", "p2id": "tortue2006", "formatid": "gen8randombattle", "rating": 0, "private": 0, "password": ""}