{"id": "gen8randombattle-1865469888", "p1": "Renjaru", "p2": "Lrogue \u2740", "format": "[Gen 8] Random Battle", "log": "|inactive|Battle timer is ON: inactive players will automatically lose when time's up.\n|j|\u2606Renjaru\n|j|\u2606Lrogue \u2740\n|t:|1684292803\n|gametype|singles\n|player|p1|Renjaru|silver|\n|player|p2|Lrogue \u2740|zinnia|\n|teamsize|p1|6\n|teamsize|p2|6\n|gen|8\n|tier|[Gen 8] Random Battle\n|rated|Tournament battle\n|rule|Species Clause: Limit one of each Pok\u00e9mon\n|rule|HP Percentage Mod: HP is shown in percentages\n|rule|Sleep Clause Mod: Limit one foe put to sleep\n|rule|Blitz: Super-fast timer\n|\n|t:|1684292803\n|start\n|switch|p1a: Virizion|Virizion, L82|283/283\n|switch|p2a: Gardevoir|Gardevoir, L82, M|246/246\n|-ability|p2a: Gardevoir|Justified|[from] ability: Trace|[of] p1a: Virizion\n|turn|1\n|c|\u2606Lrogue \u2740|Bruu moment\n|inactive|Renjaru has 30 seconds left.\n|inactive|Lrogue \u2740 has 30 seconds left.\n|\n|t:|1684292820\n|switch|p1a: Azumarill|Azumarill, L84, M|305/305\n|move|p2a: Gardevoir|Substitute|p2a: Gardevoir\n|-start|p2a: Gardevoir|Substitute\n|-damage|p2a: Gardevoir|185/246\n|\n|-heal|p2a: Gardevoir|200/246|[from] item: Leftovers\n|upkeep\n|turn|2\n|\n|t:|1684292823\n|move|p2a: Gardevoir|Moonblast|p1a: Azumarill\n|-damage|p1a: Azumarill|182/305\n|-unboost|p1a: Azumarill|spa|1\n|move|p1a: Azumarill|Liquidation|p2a: Gardevoir\n|-end|p2a: Gardevoir|Substitute\n|\n|-heal|p2a: Gardevoir|215/246|[from] item: Leftovers\n|upkeep\n|turn|3\n|inactive|Lrogue \u2740 has 10 seconds left.\n|\n|t:|1684292828\n|move|p2a: Gardevoir|Moonblast|p1a: Azumarill\n|-damage|p1a: Azumarill|52/305\n|-unboost|p1a: Azumarill|spa|1\n|move|p1a: Azumarill|Liquidation|p2a: Gardevoir\n|-damage|p2a: Gardevoir|0 fnt\n|faint|p2a: Gardevoir\n|\n|upkeep\n|inactive|Lrogue \u2740 has 10 seconds left.\n|\n|t:|1684292833\n|switch|p2a: Archeops|Archeops, L82, F|257/257\n|turn|4\n|inactive|Renjaru has 10 seconds left.\n|\n|t:|1684292839\n|move|p2a: Archeops|Earthquake|p1a: Azumarill\n|-damage|p1a: Azumarill|0 fnt\n|faint|p1a: Azumarill\n|\n|upkeep\n|\n|t:|1684292840\n|switch|p1a: Raichu|Raichu, L86, M|243/243\n|turn|5\n|\n|t:|1684292843\n|switch|p2a: Landorus|Landorus-Therian, L72, M|247/247\n|-ability|p2a: Landorus|Intimidate|boost\n|-unboost|p1a: Raichu|atk|1\n|move|p1a: Raichu|Thunderbolt|p2a: Landorus\n|-immune|p2a: Landorus\n|\n|upkeep\n|turn|6\n|\n|t:|1684292848\n|switch|p1a: Hitmonchan|Hitmonchan, L86, M|226/226\n|move|p2a: Landorus|Fly||[still]\n|-prepare|p2a: Landorus|Fly\n|\n|upkeep\n|turn|7\n|j| Teres bahji\n|inactive|Renjaru has 10 seconds left.\n|\n|t:|1684292853\n|switch|p1a: Zekrom|Zekrom, L69|252/252\n|-ability|p1a: Zekrom|Teravolt\n|move|p2a: Landorus|Fly|p1a: Zekrom|[from]lockedmove\n|-resisted|p1a: Zekrom\n|-damage|p1a: Zekrom|190/252\n|-damage|p2a: Landorus|223/247|[from] item: Life Orb\n|\n|upkeep\n|turn|8\n|inactive|Lrogue \u2740 has 10 seconds left.\n|\n|t:|1684292861\n|switch|p1a: Hitmonchan|Hitmonchan, L86, M|226/226\n|move|p2a: Landorus|Earthquake|p1a: Hitmonchan\n|-damage|p1a: Hitmonchan|66/226\n|-damage|p2a: Landorus|199/247|[from] item: Life Orb\n|\n|upkeep\n|turn|9\n|\n|t:|1684292864\n|switch|p2a: Sableye|Sableye, L88, M|231/231\n|move|p1a: Hitmonchan|Drain Punch|p2a: Sableye\n|-immune|p2a: Sableye\n|\n|upkeep\n|turn|10\n|inactive|Renjaru has 10 seconds left.\n|\n|t:|1684292871\n|move|p1a: Hitmonchan|Throat Chop|p2a: Sableye\n|-damage|p2a: Sableye|135/231\n|-start|p2a: Sableye|Throat Chop|[silent]\n|-damage|p1a: Hitmonchan|44/226|[from] item: Life Orb\n|move|p2a: Sableye|Knock Off|p1a: Hitmonchan\n|-resisted|p1a: Hitmonchan\n|-damage|p1a: Hitmonchan|0 fnt\n|-enditem|p1a: Hitmonchan|Life Orb|[from] move: Knock Off|[of] p2a: Sableye\n|faint|p1a: Hitmonchan\n|\n|-heal|p2a: Sableye|149/231|[from] item: Leftovers\n|upkeep\n|\n|t:|1684292873\n|switch|p1a: Raichu|Raichu, L86, M|243/243\n|turn|11\n|\n|t:|1684292875\n|move|p2a: Sableye|Toxic|p1a: Raichu\n|-status|p1a: Raichu|tox\n|move|p1a: Raichu|Nasty Plot|p1a: Raichu\n|-boost|p1a: Raichu|spa|2\n|\n|-heal|p2a: Sableye|163/231|[from] item: Leftovers\n|-damage|p1a: Raichu|228/243 tox|[from] psn\n|-end|p2a: Sableye|Throat Chop|[silent]\n|upkeep\n|turn|12\n|\n|t:|1684292879\n|move|p2a: Sableye|Recover|p2a: Sableye\n|-heal|p2a: Sableye|231/231\n|move|p1a: Raichu|Thunderbolt|p2a: Sableye\n|-damage|p2a: Sableye|0 fnt\n|faint|p2a: Sableye\n|-damage|p1a: Raichu|204/243 tox|[from] item: Life Orb\n|\n|-damage|p1a: Raichu|174/243 tox|[from] psn\n|upkeep\n|inactive|Lrogue \u2740 has 10 seconds left.\n|\n|t:|1684292885\n|switch|p2a: Tyrantrum|Tyrantrum, L82, M|269/269\n|turn|13\n|\n|t:|1684292889\n|move|p1a: Raichu|Focus Blast|p2a: Tyrantrum\n|-supereffective|p2a: Tyrantrum\n|-crit|p2a: Tyrantrum\n|-damage|p2a: Tyrantrum|0 fnt\n|faint|p2a: Tyrantrum\n|-damage|p1a: Raichu|150/243 tox|[from] item: Life Orb\n|\n|-damage|p1a: Raichu|105/243 tox|[from] psn\n|upkeep\n|\n|t:|1684292893\n|switch|p2a: Scolipede|Scolipede, L80, M|227/227\n|turn|14\n|\n|t:|1684292896\n|move|p1a: Raichu|Thunderbolt|p2a: Scolipede\n|-damage|p2a: Scolipede|0 fnt\n|faint|p2a: Scolipede\n|-damage|p1a: Raichu|81/243 tox|[from] item: Life Orb\n|\n|-damage|p1a: Raichu|21/243 tox|[from] psn\n|upkeep\n|inactive|Lrogue \u2740 has 10 seconds left.\n|\n|t:|1684292902\n|switch|p2a: Landorus|Landorus-Therian, L72, M|199/247\n|-ability|p2a: Landorus|Intimidate|boost\n|-unboost|p1a: Raichu|atk|1\n|turn|15\n|\n|t:|1684292903\n|-start|p2a: Landorus|Dynamax|\n|-heal|p2a: Landorus|398/494|[silent]\n|move|p2a: Landorus|Max Guard|p2a: Landorus\n|-singleturn|p2a: Landorus|Max Guard\n|move|p1a: Raichu|Surf|p2a: Landorus\n|-activate|p2a: Landorus|move: Max Guard\n|\n|-damage|p1a: Raichu|0 fnt|[from] psn\n|faint|p1a: Raichu\n|upkeep\n|inactive|Renjaru has 10 seconds left.\n|j| forsh\n|c| forsh|oh shit\n|\n|t:|1684292912\n|switch|p1a: Virizion|Virizion, L82|283/283\n|turn|16\n|c| forsh|2 goats\n|\n|t:|1684292915\n|switch|p1a: Zekrom|Zekrom, L69|190/252\n|-ability|p1a: Zekrom|Teravolt\n|move|p2a: Landorus|Max Airstream|p1a: Zekrom\n|-resisted|p1a: Zekrom\n|-damage|p1a: Zekrom|111/252\n|-boost|p2a: Landorus|spe|1\n|-damage|p2a: Landorus|374/494|[from] item: Life Orb\n|\n|upkeep\n|turn|17\n|inactive|Renjaru has 10 seconds left.\n|\n|t:|1684292920\n|move|p2a: Landorus|Max Quake|p1a: Zekrom\n|-supereffective|p1a: Zekrom\n|-damage|p1a: Zekrom|0 fnt\n|-boost|p2a: Landorus|spd|1\n|faint|p1a: Zekrom\n|-damage|p2a: Landorus|350/494|[from] item: Life Orb\n|\n|upkeep\n|\n|t:|1684292921\n|switch|p1a: Virizion|Virizion, L82|283/283\n|-end|p2a: Landorus|Dynamax\n|-heal|p2a: Landorus|175/247|[silent]\n|turn|18\n|inactive|Renjaru has 10 seconds left.\n|\n|t:|1684292929\n|switch|p1a: Salazzle|Salazzle, L82, F|246/246\n|move|p2a: Landorus|Swords Dance|p2a: Landorus\n|-boost|p2a: Landorus|atk|2\n|\n|upkeep\n|turn|19\n|inactive|Renjaru has 10 seconds left.\n|c|\u2606Renjaru|hm\n|\n|t:|1684292938\n|move|p2a: Landorus|Earthquake|p1a: Salazzle\n|-supereffective|p1a: Salazzle\n|-damage|p1a: Salazzle|0 fnt\n|faint|p1a: Salazzle\n|-damage|p2a: Landorus|151/247|[from] item: Life Orb\n|\n|upkeep\n|\n|t:|1684292939\n|switch|p1a: Virizion|Virizion, L82|283/283\n|turn|20\n|\n|t:|1684292941\n|move|p2a: Landorus|Fly||[still]\n|-prepare|p2a: Landorus|Fly\n|move|p1a: Virizion|Swords Dance|p1a: Virizion\n|-boost|p1a: Virizion|atk|2\n|\n|upkeep\n|turn|21\n|inactive|Renjaru has 10 seconds left.\n|\n|t:|1684292948\n|-start|p1a: Virizion|Dynamax|\n|-heal|p1a: Virizion|566/566|[silent]\n|move|p1a: Virizion|Max Guard|p1a: Virizion\n|-singleturn|p1a: Virizion|Max Guard\n|move|p2a: Landorus|Fly|p1a: Virizion|[from]lockedmove\n|-activate|p1a: Virizion|move: Max Guard\n|\n|upkeep\n|turn|22\n|c| forsh|he said i dont need to dmax\n|\n|t:|1684292953\n|move|p2a: Landorus|Fly||[still]\n|-prepare|p2a: Landorus|Fly\n|move|p1a: Virizion|Max Overgrowth|p2a: Landorus|[miss]\n|-miss|p1a: Virizion|p2a: Landorus\n|\n|upkeep\n|turn|23\n|c|\u2606Renjaru|xf\n|c|\u2606Renjaru|xd\n|inactive|Renjaru has 10 seconds left.\n|c|\u2606Renjaru|rip\n|\n|t:|1684292960\n|move|p2a: Landorus|Fly|p1a: Virizion|[from]lockedmove\n|-supereffective|p1a: Virizion\n|-crit|p1a: Virizion\n|-damage|p1a: Virizion|0 fnt\n|faint|p1a: Virizion\n|-damage|p2a: Landorus|127/247|[from] item: Life Orb\n|\n|win|Lrogue \u2740\n|n|\u2606Renjaru|renjaru\n|n|\u2606Lrogue \u2740|lrogue\n|n| Teres bahji|teresbahji\n|n| forsh|forsh\n|l|\u2606Renjaru\n|l| forsh\n|l|\u2606Lrogue \u2740\n|j|\u2606Lrogue \u2740\n|player|p2|Lrogue \u2740|zinnia\n", "inputlog": ">version 3f967b429d9dd76d8eb692efdd7dfe9038092d20\n>start {\"formatid\":\"gen8randombattle@@@blitz\",\"seed\":[53722,33828,29475,13490],\"rated\":\"Tournament battle\"}\n>player p1 {\"name\":\"Renjaru\",\"avatar\":\"silver\",\"rating\":0,\"seed\":[43968,37202,4641,43234]}\n>player p2 {\"name\":\"Lrogue \u2740\",\"avatar\":\"zinnia\",\"rating\":0,\"seed\":[8599,61463,35127,41483]}\n>chat \u2606Lrogue \u2740|Bruu moment\n>p1 switch 3\n>p2 move substitute\n>p1 move liquidation\n>p2 move moonblast\n>p1 move liquidation\n>p2 move moonblast\n>p2 switch 3\n>p1 move liquidation\n>p2 move earthquake\n>p1 switch 5\n>p1 move thunderbolt\n>p2 switch 2\n>p1 switch 2\n>p2 move fly\n>p1 switch 4\n>p2 move fly\n>p1 switch 4\n>p2 move earthquake\n>p1 move drainpunch\n>p2 switch 4\n>p1 move throatchop\n>p2 move knockoff\n>p1 switch 2\n>p1 move nastyplot\n>p2 move toxic\n>p1 move thunderbolt\n>p2 move recover\n>p2 switch 6\n>p1 move focusblast\n>p2 move dragondance\n>p2 switch 5\n>p1 move thunderbolt\n>p2 move poisonjab\n>p2 switch 4\n>p1 move surf\n>p2 move swordsdance dynamax\n>chat  forsh|oh shit\n>p1 switch 3\n>chat  forsh|2 goats\n>p1 switch 4\n>p2 move fly dynamax\n>p1 move dragondance\n>p2 move earthquake dynamax\n>p1 switch 4\n>p1 switch 6\n>p2 move swordsdance\n>chat \u2606Renjaru|hm\n>p1 move toxic\n>p2 move earthquake\n>p1 switch 6\n>p1 move swordsdance\n>p2 move fly\n>p1 move swordsdance dynamax\n>p2 move fly\n>chat  forsh|he said i dont need to dmax\n>p1 move leafblade dynamax\n>p2 move fly\n>chat \u2606Renjaru|xf\n>chat \u2606Renjaru|xd\n>chat \u2606Renjaru|rip\n>p1 move leafblade dynamax\n>p2 move fly", "uploadtime": 1684292975, "views": 11, "p1id": "renjaru", "p2id": "lrogue", "formatid": "gen8randombattle", "rating": 0, "private": 0, "password": ""}