{"id": "gen8randombattle-1874008977", "p1": "98uytr5lkn", "p2": "Jamiekiller", "format": "[Gen 8] Random Battle", "log": "|j|\u260698uytr5lkn\n|j|\u2606Jamiekiller\n|t:|1685455054\n|gametype|singles\n|player|p1|98uytr5lkn|266|1049\n|player|p2|Jamiekiller|169|1000\n|teamsize|p1|6\n|teamsize|p2|6\n|gen|8\n|tier|[Gen 8] Random Battle\n|rated|\n|rule|Species Clause: Limit one of each Pok\u00e9mon\n|rule|HP Percentage Mod: HP is shown in percentages\n|rule|Sleep Clause Mod: Limit one foe put to sleep\n|\n|t:|1685455054\n|start\n|switch|p1a: Claydol|Claydol, L86|243/243\n|switch|p2a: Lycanroc|Lycanroc, L80, M|251/251\n|turn|1\n|\n|t:|1685455106\n|switch|p2a: Calyrex|Calyrex-Ice, L72|263/263\n|-ability|p2a: Calyrex|As One\n|-ability|p2a: Calyrex|Unnerve\n|move|p1a: Claydol|Stealth Rock|p2a: Calyrex\n|-sidestart|p2: Jamiekiller|move: Stealth Rock\n|\n|upkeep\n|turn|2\n|inactive|Battle timer is ON: inactive players will automatically lose when time's up. (requested by Jamiekiller)\n|inactive|98uytr5lkn has 120 seconds left.\n|\n|t:|1685455171\n|move|p1a: Claydol|Earthquake|p2a: Calyrex\n|-damage|p2a: Calyrex|196/263\n|move|p2a: Calyrex|Glacial Lance|p1a: Claydol\n|-supereffective|p1a: Claydol\n|-damage|p1a: Claydol|0 fnt\n|faint|p1a: Claydol\n|-ability|p2a: Calyrex|Chilling Neigh|boost\n|-boost|p2a: Calyrex|atk|1\n|\n|upkeep\n|\n|t:|1685455183\n|switch|p1a: Zapdos|Zapdos-Galar, L76|262/262\n|turn|3\n|\n|t:|1685455200\n|-start|p1a: Zapdos|Dynamax|\n|-heal|p1a: Zapdos|524/524|[silent]\n|move|p1a: Zapdos|Max Darkness|p2a: Calyrex\n|-supereffective|p2a: Calyrex\n|-damage|p2a: Calyrex|6/263\n|-unboost|p2a: Calyrex|spd|1\n|-enditem|p2a: Calyrex|Weakness Policy\n|-boost|p2a: Calyrex|atk|2|[from] item: Weakness Policy\n|-boost|p2a: Calyrex|spa|2|[from] item: Weakness Policy\n|-damage|p1a: Zapdos|498/524|[from] item: Life Orb\n|move|p2a: Calyrex|Glacial Lance|p1a: Zapdos\n|-supereffective|p1a: Zapdos\n|-damage|p1a: Zapdos|0 fnt\n|faint|p1a: Zapdos\n|-ability|p2a: Calyrex|Chilling Neigh|boost\n|-boost|p2a: Calyrex|atk|1\n|\n|upkeep\n|\n|t:|1685455226\n|switch|p1a: Kabutops|Kabutops, L82, F|233/233\n|turn|4\n|\n|t:|1685455244\n|move|p1a: Kabutops|Liquidation|p2a: Calyrex\n|-damage|p2a: Calyrex|0 fnt\n|faint|p2a: Calyrex\n|\n|upkeep\n|\n|t:|1685455256\n|switch|p2a: Excadrill|Excadrill, L78, M|300/300\n|-damage|p2a: Excadrill|291/300|[from] Stealth Rock\n|turn|5\n|\n|t:|1685455263\n|move|p2a: Excadrill|Earthquake|p1a: Kabutops\n|-supereffective|p1a: Kabutops\n|-damage|p1a: Kabutops|0 fnt\n|faint|p1a: Kabutops\n|-damage|p2a: Excadrill|261/300|[from] item: Life Orb\n|\n|upkeep\n|\n|t:|1685455272\n|switch|p1a: Togekiss|Togekiss, L80, F|267/267\n|turn|6\n|\n|t:|1685455283\n|move|p2a: Excadrill|Rock Slide|p1a: Togekiss\n|-supereffective|p1a: Togekiss\n|-damage|p1a: Togekiss|101/267\n|-damage|p2a: Excadrill|231/300|[from] item: Life Orb\n|cant|p1a: Togekiss|flinch\n|\n|upkeep\n|turn|7\n|\n|t:|1685455290\n|move|p2a: Excadrill|Rock Slide|p1a: Togekiss\n|-supereffective|p1a: Togekiss\n|-damage|p1a: Togekiss|0 fnt\n|faint|p1a: Togekiss\n|-damage|p2a: Excadrill|201/300|[from] item: Life Orb\n|\n|upkeep\n|\n|t:|1685455296\n|switch|p1a: Accelgor|Accelgor, L86, M|278/278\n|turn|8\n|\n|t:|1685455310\n|move|p1a: Accelgor|Focus Blast|p2a: Excadrill\n|-supereffective|p2a: Excadrill\n|-damage|p2a: Excadrill|0 fnt\n|faint|p2a: Excadrill\n|\n|upkeep\n|\n|t:|1685455318\n|switch|p2a: Lycanroc|Lycanroc, L80, M|251/251\n|-damage|p2a: Lycanroc|220/251|[from] Stealth Rock\n|turn|9\n|\n|t:|1685455343\n|move|p1a: Accelgor|Yawn|p2a: Lycanroc\n|-start|p2a: Lycanroc|move: Yawn|[of] p1a: Accelgor\n|move|p2a: Lycanroc|Stone Edge|p1a: Accelgor\n|-supereffective|p1a: Accelgor\n|-damage|p1a: Accelgor|0 fnt\n|faint|p1a: Accelgor\n|\n|upkeep\n|\n|t:|1685455350\n|switch|p1a: Magearna|Magearna-Original, L76|247/247\n|turn|10\n|inactive|Jamiekiller has 120 seconds left.\n|\n|t:|1685455382\n|switch|p2a: Goodra|Goodra, L82, M|282/282\n|-damage|p2a: Goodra|247/282|[from] Stealth Rock\n|move|p1a: Magearna|Agility|p1a: Magearna\n|-boost|p1a: Magearna|spe|2\n|\n|upkeep\n|turn|11\n|\n|t:|1685455398\n|move|p1a: Magearna|Fleur Cannon|p2a: Goodra\n|-supereffective|p2a: Goodra\n|-damage|p2a: Goodra|109/282\n|-unboost|p1a: Magearna|spa|2\n|move|p2a: Goodra|Earthquake|p1a: Magearna\n|-supereffective|p1a: Magearna\n|-damage|p1a: Magearna|135/247\n|\n|-heal|p1a: Magearna|150/247|[from] item: Leftovers\n|upkeep\n|turn|12\n|inactive|Jamiekiller has 120 seconds left.\n|\n|t:|1685455413\n|move|p1a: Magearna|Calm Mind|p1a: Magearna\n|-boost|p1a: Magearna|spa|1\n|-boost|p1a: Magearna|spd|1\n|move|p2a: Goodra|Earthquake|p1a: Magearna\n|-supereffective|p1a: Magearna\n|-damage|p1a: Magearna|18/247\n|\n|-heal|p1a: Magearna|33/247|[from] item: Leftovers\n|upkeep\n|turn|13\n|\n|t:|1685455421\n|move|p1a: Magearna|Fleur Cannon|p2a: Goodra\n|-supereffective|p2a: Goodra\n|-damage|p2a: Goodra|19/282\n|-unboost|p1a: Magearna|spa|2\n|move|p2a: Goodra|Earthquake|p1a: Magearna\n|-supereffective|p1a: Magearna\n|-damage|p1a: Magearna|0 fnt\n|faint|p1a: Magearna\n|\n|win|Jamiekiller\n|raw|98uytr5lkn's rating: 1049 &rarr; <strong>1029</strong><br />(-20 for losing)\n|raw|Jamiekiller's rating: 1000 &rarr; <strong>1046</strong><br />(+46 for winning)\n|l|\u260698uytr5lkn\n", "inputlog": ">version 6fec31d5a0d4498a06105aa188c9906bc0b6bf95\n>start {\"formatid\":\"gen8randombattle\",\"seed\":[34156,3472,40537,24104],\"rated\":\"Rated battle\"}\n>player p1 {\"name\":\"98uytr5lkn\",\"avatar\":\"266\",\"rating\":1049,\"seed\":[36725,17756,49469,19755]}\n>player p2 {\"name\":\"Jamiekiller\",\"avatar\":\"169\",\"rating\":1000,\"seed\":[16437,21495,51840,1176]}\n>p1 move stealthrock\n>p2 switch 2\n>p1 move earthquake\n>p2 move glaciallance\n>p1 switch 6\n>p1 move throatchop dynamax\n>p2 move glaciallance\n>p1 switch 2\n>p1 move liquidation\n>p2 move closecombat\n>p2 switch 4\n>p1 move liquidation\n>p2 move earthquake\n>p1 switch 5\n>p1 move aurasphere\n>p2 move rockslide\n>p1 move aurasphere\n>p2 move rockslide\n>p1 switch 4\n>p1 move focusblast\n>p2 move rockslide\n>p2 switch 2\n>p1 move yawn\n>p2 move stoneedge\n>p1 switch 3\n>p1 move agility\n>p2 switch 5\n>p1 move fleurcannon\n>p2 move earthquake\n>p1 move calmmind\n>p2 move earthquake\n>p1 move fleurcannon\n>p2 move earthquake", "uploadtime": 1685455433, "views": 4, "p1id": "98uytr5lkn", "p2id": "jamiekiller", "formatid": "gen8randombattle", "rating": 1029, "private": 0, "password": ""}