{"id": "gen8randombattle-1872904903", "p1": "flyingworkshop", "p2": "matthzm", "format": "[Gen 8] Random Battle", "log": "|j|\u2606flyingworkshop\n|j|\u2606matthzm\n|t:|1685299123\n|gametype|singles\n|player|p1|flyingworkshop|dawn|1100\n|player|p2|matthzm|hugh|1148\n|teamsize|p1|6\n|teamsize|p2|6\n|gen|8\n|tier|[Gen 8] Random Battle\n|rated|\n|rule|Species Clause: Limit one of each Pok\u00e9mon\n|rule|HP Percentage Mod: HP is shown in percentages\n|rule|Sleep Clause Mod: Limit one foe put to sleep\n|\n|t:|1685299123\n|start\n|switch|p1a: Diggersby|Diggersby, L80, M|267/267\n|switch|p2a: Shuckle|Shuckle, L87, F|177/177\n|turn|1\n|\n|t:|1685299133\n|move|p1a: Diggersby|Earthquake|p2a: Shuckle\n|-damage|p2a: Shuckle|98/177\n|-damage|p1a: Diggersby|241/267|[from] item: Life Orb\n|move|p2a: Shuckle|Toxic|p1a: Diggersby\n|-status|p1a: Diggersby|tox\n|\n|-damage|p1a: Diggersby|225/267 tox|[from] psn\n|upkeep\n|turn|2\n|inactive|Battle timer is ON: inactive players will automatically lose when time's up. (requested by flyingworkshop)\n|\n|t:|1685299143\n|move|p1a: Diggersby|Swords Dance|p1a: Diggersby\n|-boost|p1a: Diggersby|atk|2\n|move|p2a: Shuckle|Stealth Rock|p1a: Diggersby\n|-sidestart|p1: flyingworkshop|move: Stealth Rock\n|\n|-damage|p1a: Diggersby|193/267 tox|[from] psn\n|upkeep\n|turn|3\n|\n|t:|1685299154\n|move|p1a: Diggersby|Earthquake|p2a: Shuckle\n|-damage|p2a: Shuckle|0 fnt\n|faint|p2a: Shuckle\n|-damage|p1a: Diggersby|167/267 tox|[from] item: Life Orb\n|\n|-damage|p1a: Diggersby|119/267 tox|[from] psn\n|upkeep\n|\n|t:|1685299169\n|switch|p2a: Suicune|Suicune, L80|291/291\n|-ability|p2a: Suicune|Pressure\n|turn|4\n|\n|t:|1685299175\n|move|p1a: Diggersby|Quick Attack|p2a: Suicune\n|-damage|p2a: Suicune|165/291\n|-damage|p1a: Diggersby|93/267 tox|[from] item: Life Orb\n|move|p2a: Suicune|Calm Mind|p2a: Suicune\n|-boost|p2a: Suicune|spa|1\n|-boost|p2a: Suicune|spd|1\n|\n|-heal|p2a: Suicune|183/291|[from] item: Leftovers\n|-damage|p1a: Diggersby|29/267 tox|[from] psn\n|upkeep\n|turn|5\n|\n|t:|1685299186\n|move|p1a: Diggersby|Quick Attack|p2a: Suicune\n|-damage|p2a: Suicune|70/291\n|-damage|p1a: Diggersby|3/267 tox|[from] item: Life Orb\n|move|p2a: Suicune|Calm Mind|p2a: Suicune\n|-boost|p2a: Suicune|spa|1\n|-boost|p2a: Suicune|spd|1\n|\n|-heal|p2a: Suicune|88/291|[from] item: Leftovers\n|-damage|p1a: Diggersby|0 fnt|[from] psn\n|faint|p1a: Diggersby\n|upkeep\n|inactive|flyingworkshop has 120 seconds left.\n|\n|t:|1685299217\n|switch|p1a: Bellossom|Bellossom, L82, F|257/257\n|-damage|p1a: Bellossom|225/257|[from] Stealth Rock\n|turn|6\n|\n|t:|1685299225\n|move|p2a: Suicune|Air Slash|p1a: Bellossom\n|-supereffective|p1a: Bellossom\n|-damage|p1a: Bellossom|63/257\n|move|p1a: Bellossom|Giga Drain|p2a: Suicune\n|-supereffective|p2a: Suicune\n|-damage|p2a: Suicune|28/291\n|-heal|p1a: Bellossom|93/257|[from] drain|[of] p2a: Suicune\n|\n|-heal|p2a: Suicune|46/291|[from] item: Leftovers\n|-heal|p1a: Bellossom|109/257|[from] item: Leftovers\n|upkeep\n|turn|7\n|\n|t:|1685299238\n|move|p2a: Suicune|Air Slash|p1a: Bellossom|[miss]\n|-miss|p2a: Suicune|p1a: Bellossom\n|move|p1a: Bellossom|Giga Drain|p2a: Suicune\n|-supereffective|p2a: Suicune\n|-damage|p2a: Suicune|0 fnt\n|-heal|p1a: Bellossom|132/257|[from] drain|[of] p2a: Suicune\n|faint|p2a: Suicune\n|\n|-heal|p1a: Bellossom|148/257|[from] item: Leftovers\n|upkeep\n|\n|t:|1685299247\n|switch|p2a: Vespiquen|Vespiquen, L96, F|290/290\n|-ability|p2a: Vespiquen|Pressure\n|turn|8\n|\n|t:|1685299253\n|move|p2a: Vespiquen|Air Slash|p1a: Bellossom\n|-supereffective|p1a: Bellossom\n|-damage|p1a: Bellossom|0 fnt\n|faint|p1a: Bellossom\n|\n|upkeep\n|\n|t:|1685299258\n|switch|p1a: Flareon|Flareon, L86, M|251/251\n|-damage|p1a: Flareon|189/251|[from] Stealth Rock\n|turn|9\n|\n|t:|1685299264\n|move|p1a: Flareon|Flare Blitz|p2a: Vespiquen\n|-supereffective|p2a: Vespiquen\n|-damage|p2a: Vespiquen|8/290\n|-status|p2a: Vespiquen|brn\n|-damage|p1a: Flareon|96/251|[from] Recoil\n|move|p2a: Vespiquen|Toxic|p1a: Flareon\n|-status|p1a: Flareon|tox\n|\n|-damage|p1a: Flareon|81/251 tox|[from] psn\n|-damage|p2a: Vespiquen|0 fnt|[from] brn\n|faint|p2a: Vespiquen\n|upkeep\n|\n|t:|1685299278\n|switch|p2a: Indeedee|Indeedee, L83, M|235/235\n|-fieldstart|move: Psychic Terrain|[from] ability: Psychic Surge|[of] p2a: Indeedee\n|turn|10\n|\n|t:|1685299287\n|move|p1a: Flareon|Quick Attack|p2a: Indeedee\n|-activate|p2a: Indeedee|move: Psychic Terrain\n|move|p2a: Indeedee|Expanding Force|p1a: Flareon\n|-damage|p1a: Flareon|0 fnt\n|faint|p1a: Flareon\n|\n|upkeep\n|\n|t:|1685299295\n|switch|p1a: Chansey|Chansey, L84, F|557/557\n|-damage|p1a: Chansey|488/557|[from] Stealth Rock\n|turn|11\n|\n|t:|1685299310\n|move|p2a: Indeedee|Expanding Force|p1a: Chansey\n|-damage|p1a: Chansey|382/557\n|move|p1a: Chansey|Toxic|p2a: Indeedee\n|-status|p2a: Indeedee|tox\n|\n|-damage|p2a: Indeedee|221/235 tox|[from] psn\n|upkeep\n|turn|12\n|\n|t:|1685299318\n|switch|p2a: Doublade|Doublade, L82, F|231/231\n|move|p1a: Chansey|Seismic Toss|p2a: Doublade\n|-immune|p2a: Doublade\n|\n|upkeep\n|turn|13\n|\n|t:|1685299325\n|switch|p1a: Regidrago|Regidrago, L78|440/440\n|-damage|p1a: Regidrago|385/440|[from] Stealth Rock\n|move|p2a: Doublade|Swords Dance|p2a: Doublade\n|-boost|p2a: Doublade|atk|2\n|\n|upkeep\n|turn|14\n|\n|t:|1685299337\n|-start|p1a: Regidrago|Dynamax|\n|-heal|p1a: Regidrago|770/880|[silent]\n|move|p1a: Regidrago|Max Flare|p2a: Doublade\n|-supereffective|p2a: Doublade\n|-damage|p2a: Doublade|167/231\n|-weather|SunnyDay\n|move|p2a: Doublade|Close Combat|p1a: Regidrago\n|-damage|p1a: Regidrago|491/880\n|-unboost|p2a: Doublade|def|1\n|-unboost|p2a: Doublade|spd|1\n|\n|-weather|SunnyDay|[upkeep]\n|-fieldend|move: Psychic Terrain\n|upkeep\n|turn|15\n|\n|t:|1685299351\n|move|p1a: Regidrago|Max Flare|p2a: Doublade\n|-supereffective|p2a: Doublade\n|-damage|p2a: Doublade|11/231\n|move|p2a: Doublade|Iron Head|p1a: Regidrago\n|-damage|p1a: Regidrago|203/880\n|\n|-weather|SunnyDay|[upkeep]\n|upkeep\n|turn|16\n|\n|t:|1685299363\n|move|p1a: Regidrago|Max Flare|p2a: Doublade\n|-supereffective|p2a: Doublade\n|-damage|p2a: Doublade|0 fnt\n|faint|p2a: Doublade\n|\n|-weather|SunnyDay|[upkeep]\n|upkeep\n|\n|t:|1685299369\n|switch|p2a: Indeedee|Indeedee, L83, M|221/235 tox\n|-fieldstart|move: Psychic Terrain|[from] ability: Psychic Surge|[of] p2a: Indeedee\n|-end|p1a: Regidrago|Dynamax\n|-heal|p1a: Regidrago|102/440|[silent]\n|turn|17\n|\n|t:|1685299376\n|move|p2a: Indeedee|Hyper Voice|p1a: Regidrago\n|-damage|p1a: Regidrago|0 fnt\n|faint|p1a: Regidrago\n|\n|-weather|SunnyDay|[upkeep]\n|-damage|p2a: Indeedee|207/235 tox|[from] psn\n|upkeep\n|\n|t:|1685299379\n|switch|p1a: Chansey|Chansey, L84, F|382/557\n|-damage|p1a: Chansey|313/557|[from] Stealth Rock\n|turn|18\n|\n|t:|1685299384\n|move|p2a: Indeedee|Hyper Voice|p1a: Chansey\n|-damage|p1a: Chansey|252/557\n|move|p1a: Chansey|Soft-Boiled|p1a: Chansey\n|-heal|p1a: Chansey|531/557\n|\n|-weather|none\n|-damage|p2a: Indeedee|179/235 tox|[from] psn\n|upkeep\n|turn|19\n|\n|t:|1685299411\n|switch|p2a: Mewtwo|Mewtwo, L72|272/272\n|-ability|p2a: Mewtwo|Unnerve\n|move|p1a: Chansey|Seismic Toss|p2a: Mewtwo\n|-damage|p2a: Mewtwo|188/272\n|\n|upkeep\n|turn|20\n|\n|t:|1685299422\n|move|p2a: Mewtwo|Nasty Plot|p2a: Mewtwo\n|-boost|p2a: Mewtwo|spa|2\n|move|p1a: Chansey|Toxic|p2a: Mewtwo\n|-status|p2a: Mewtwo|tox\n|\n|-damage|p2a: Mewtwo|171/272 tox|[from] psn\n|upkeep\n|turn|21\n|\n|t:|1685299433\n|-start|p2a: Mewtwo|Dynamax|\n|-heal|p2a: Mewtwo|342/544 tox|[silent]\n|move|p2a: Mewtwo|Max Flare|p1a: Chansey\n|-damage|p1a: Chansey|378/557\n|-weather|SunnyDay\n|-damage|p2a: Mewtwo|315/544 tox|[from] item: Life Orb\n|move|p1a: Chansey|Soft-Boiled|p1a: Chansey\n|-heal|p1a: Chansey|557/557\n|\n|-weather|SunnyDay|[upkeep]\n|-damage|p2a: Mewtwo|281/544 tox|[from] psn\n|-fieldend|move: Psychic Terrain\n|upkeep\n|turn|22\n|\n|t:|1685299447\n|move|p2a: Mewtwo|Max Phantasm|p1a: Chansey\n|-immune|p1a: Chansey\n|move|p1a: Chansey|Soft-Boiled||[still]\n|-fail|p1a: Chansey|heal\n|\n|-weather|SunnyDay|[upkeep]\n|-damage|p2a: Mewtwo|230/544 tox|[from] psn\n|upkeep\n|turn|23\n|-message|matthzm forfeited.\n|\n|win|flyingworkshop\n|raw|flyingworkshop's rating: 1100 &rarr; <strong>1128</strong><br />(+28 for winning)\n|raw|matthzm's rating: 1148 &rarr; <strong>1120</strong><br />(-28 for losing)\n|l|\u2606matthzm\n", "inputlog": ">version d74822bbc74c095aa312053f7034baee3068d99e\n>start {\"formatid\":\"gen8randombattle\",\"seed\":[13939,31016,6220,32293],\"rated\":\"Rated battle\"}\n>player p1 {\"name\":\"flyingworkshop\",\"avatar\":\"dawn\",\"rating\":1100,\"seed\":[45578,60150,19145,46458]}\n>player p2 {\"name\":\"matthzm\",\"avatar\":\"hugh\",\"rating\":1148,\"seed\":[2292,11255,35323,44232]}\n>p1 move earthquake\n>p2 move toxic\n>p1 move swordsdance\n>p2 move stealthrock\n>p1 move earthquake\n>p2 move stickyweb\n>p2 switch 6\n>p1 move quickattack\n>p2 move calmmind\n>p1 move quickattack\n>p2 move calmmind\n>p1 switch 5\n>p1 move gigadrain\n>p2 move airslash\n>p1 move gigadrain\n>p2 move airslash\n>p2 switch 5\n>p1 move sleeppowder\n>p2 move airslash\n>p1 switch 2\n>p1 move flareblitz\n>p2 move toxic\n>p2 switch 3\n>p1 move quickattack\n>p2 move expandingforce\n>p1 switch 6\n>p1 move toxic\n>p2 move expandingforce\n>p1 move seismictoss\n>p2 switch 2\n>p1 switch 4\n>p2 move swordsdance\n>p1 move firefang dynamax\n>p2 move closecombat\n>p1 move firefang dynamax\n>p2 move ironhead\n>p1 move firefang dynamax\n>p2 move ironhead\n>p2 switch 2\n>p1 move dragondance\n>p2 move hypervoice\n>p1 switch 4\n>p1 move softboiled\n>p2 move hypervoice\n>p1 move seismictoss\n>p2 switch 4\n>p1 move toxic\n>p2 move nastyplot\n>p1 move softboiled\n>p2 move fireblast dynamax\n>p1 move softboiled\n>p2 move shadowball dynamax\n>forcelose p2", "uploadtime": 1685299458, "views": 1, "p1id": "flyingworkshop", "p2id": "matthzm", "formatid": "gen8randombattle", "rating": 1120, "private": 0, "password": ""}