{"id": "gen8randombattle-1700654036", "p1": "31rudy", "p2": "Memezboi69", "format": "[Gen 8] Random Battle", "log": "|j|\u260631rudy\n|j|\u2606Memezboi69\n|t:|1667362376\n|gametype|singles\n|player|p1|31rudy|266|2421\n|player|p2|Memezboi69|thorton|2489\n|teamsize|p1|6\n|teamsize|p2|6\n|gen|8\n|tier|[Gen 8] Random Battle\n|rated|\n|rule|Species Clause: Limit one of each Pok\u00e9mon\n|rule|HP Percentage Mod: HP is shown in percentages\n|rule|Sleep Clause Mod: Limit one foe put to sleep\n|\n|t:|1667362376\n|start\n|switch|p1a: Stunfisk|Stunfisk, L84, M|320/320\n|switch|p2a: Hatterene|Hatterene, L86, F|238/238\n|turn|1\n|inactive|Battle timer is ON: inactive players will automatically lose when time's up. (requested by Memezboi69)\n|\n|t:|1667362383\n|move|p1a: Stunfisk|Sludge Bomb|p2a: Hatterene\n|-supereffective|p2a: Hatterene\n|-damage|p2a: Hatterene|138/238\n|-status|p2a: Hatterene|psn\n|move|p2a: Hatterene|Psychic|p1a: Stunfisk\n|-damage|p1a: Stunfisk|203/320\n|\n|-damage|p2a: Hatterene|109/238 psn|[from] psn\n|upkeep\n|turn|2\n|\n|t:|1667362394\n|switch|p2a: Sandaconda|Sandaconda, L84, F|258/258\n|move|p1a: Stunfisk|Discharge|p2a: Sandaconda\n|-immune|p2a: Sandaconda\n|\n|upkeep\n|turn|3\n|\n|t:|1667362403\n|switch|p1a: Keldeo|Keldeo-Resolute, L79|273/273\n|move|p2a: Sandaconda|Earthquake|p1a: Keldeo\n|-damage|p1a: Keldeo|144/273\n|\n|-heal|p1a: Keldeo|161/273|[from] item: Leftovers\n|upkeep\n|turn|4\n|\n|t:|1667362410\n|switch|p2a: Alakazam|Alakazam, L78, M|214/214\n|move|p1a: Keldeo|Scald|p2a: Alakazam\n|-damage|p2a: Alakazam|124/214\n|\n|-heal|p1a: Keldeo|178/273|[from] item: Leftovers\n|upkeep\n|turn|5\n|\n|t:|1667362419\n|switch|p1a: Stunfisk|Stunfisk, L84, M|203/320\n|move|p2a: Alakazam|Psychic|p1a: Stunfisk\n|-damage|p1a: Stunfisk|109/320\n|\n|upkeep\n|turn|6\n|\n|t:|1667362429\n|switch|p1a: Keldeo|Keldeo-Resolute, L79|178/273\n|move|p2a: Alakazam|Nasty Plot|p2a: Alakazam\n|-boost|p2a: Alakazam|spa|2\n|\n|-heal|p1a: Keldeo|195/273|[from] item: Leftovers\n|upkeep\n|turn|7\n|\n|t:|1667362434\n|switch|p1a: Stunfisk|Stunfisk, L84, M|109/320\n|move|p2a: Alakazam|Psychic|p1a: Stunfisk\n|-damage|p1a: Stunfisk|0 fnt\n|faint|p1a: Stunfisk\n|\n|upkeep\n|\n|t:|1667362437\n|switch|p1a: Metagross|Metagross, L79|256/256\n|turn|8\n|\n|t:|1667362442\n|-start|p1a: Metagross|Dynamax|\n|-heal|p1a: Metagross|512/512|[silent]\n|move|p2a: Alakazam|Shadow Ball|p1a: Metagross\n|-supereffective|p1a: Metagross\n|-damage|p1a: Metagross|151/512\n|-enditem|p1a: Metagross|Weakness Policy\n|-boost|p1a: Metagross|atk|2|[from] item: Weakness Policy\n|-boost|p1a: Metagross|spa|2|[from] item: Weakness Policy\n|move|p1a: Metagross|Max Quake|p2a: Alakazam\n|-damage|p2a: Alakazam|0 fnt\n|-boost|p1a: Metagross|spd|1\n|faint|p2a: Alakazam\n|\n|upkeep\n|inactive|Memezboi69 has 120 seconds left.\n|\n|t:|1667362500\n|switch|p2a: Sandaconda|Sandaconda, L84, F|258/258\n|turn|9\n|\n|t:|1667362517\n|move|p2a: Sandaconda|Coil|p2a: Sandaconda\n|-boost|p2a: Sandaconda|atk|1\n|-boost|p2a: Sandaconda|def|1\n|-boost|p2a: Sandaconda|accuracy|1\n|move|p1a: Metagross|Max Steelspike|p2a: Sandaconda\n|-damage|p2a: Sandaconda|111/258\n|-boost|p1a: Metagross|def|1\n|\n|-heal|p2a: Sandaconda|127/258|[from] item: Leftovers\n|upkeep\n|turn|10\n|\n|t:|1667362523\n|move|p2a: Sandaconda|Earthquake|p1a: Metagross\n|-supereffective|p1a: Metagross\n|-damage|p1a: Metagross|0 fnt\n|faint|p1a: Metagross\n|\n|-heal|p2a: Sandaconda|143/258|[from] item: Leftovers\n|upkeep\n|\n|t:|1667362526\n|switch|p1a: Keldeo|Keldeo-Resolute, L79|195/273\n|turn|11\n|inactive|Memezboi69 has 120 seconds left.\n|\n|t:|1667362535\n|switch|p2a: Hatterene|Hatterene, L86, F|109/238 psn\n|move|p1a: Keldeo|Substitute|p1a: Keldeo\n|-start|p1a: Keldeo|Substitute\n|-damage|p1a: Keldeo|127/273\n|\n|-heal|p1a: Keldeo|144/273|[from] item: Leftovers\n|-damage|p2a: Hatterene|80/238 psn|[from] psn\n|upkeep\n|turn|12\n|\n|t:|1667362539\n|move|p1a: Keldeo|Scald|p2a: Hatterene\n|-damage|p2a: Hatterene|0 fnt\n|faint|p2a: Hatterene\n|\n|-heal|p1a: Keldeo|161/273|[from] item: Leftovers\n|upkeep\n|\n|t:|1667362549\n|switch|p2a: Stoutland|Stoutland, L86, F|286/286\n|-ability|p2a: Stoutland|Intimidate|boost\n|-immune|p1a: Keldeo\n|turn|13\n|\n|t:|1667362553\n|move|p1a: Keldeo|Secret Sword|p2a: Stoutland\n|-supereffective|p2a: Stoutland\n|-damage|p2a: Stoutland|92/286\n|move|p2a: Stoutland|Facade|p1a: Keldeo\n|-end|p1a: Keldeo|Substitute\n|\n|-heal|p1a: Keldeo|178/273|[from] item: Leftovers\n|upkeep\n|turn|14\n|\n|t:|1667362571\n|move|p1a: Keldeo|Secret Sword|p2a: Stoutland\n|-supereffective|p2a: Stoutland\n|-damage|p2a: Stoutland|0 fnt\n|faint|p2a: Stoutland\n|\n|-heal|p1a: Keldeo|195/273|[from] item: Leftovers\n|upkeep\n|\n|t:|1667362574\n|switch|p2a: Beartic|Beartic, L86, F|303/303\n|turn|15\n|\n|t:|1667362583\n|-start|p2a: Beartic|Dynamax|\n|-heal|p2a: Beartic|606/606|[silent]\n|move|p1a: Keldeo|Calm Mind|p1a: Keldeo\n|-boost|p1a: Keldeo|spa|1\n|-boost|p1a: Keldeo|spd|1\n|move|p2a: Beartic|Max Hailstorm|p1a: Keldeo\n|-resisted|p1a: Keldeo\n|-damage|p1a: Keldeo|96/273\n|-weather|Hail\n|\n|-weather|Hail|[upkeep]\n|-damage|p1a: Keldeo|79/273|[from] Hail\n|-heal|p1a: Keldeo|96/273|[from] item: Leftovers\n|upkeep\n|turn|16\n|\n|t:|1667362594\n|switch|p1a: Sandslash|Sandslash, L86, F|269/269\n|move|p2a: Beartic|Max Knuckle|p1a: Sandslash\n|-damage|p1a: Sandslash|199/269\n|-boost|p2a: Beartic|atk|1\n|\n|-weather|Hail|[upkeep]\n|-damage|p1a: Sandslash|183/269|[from] Hail\n|-heal|p1a: Sandslash|199/269|[from] item: Leftovers\n|upkeep\n|turn|17\n|\n|t:|1667362604\n|move|p2a: Beartic|Max Hailstorm|p1a: Sandslash\n|-supereffective|p1a: Sandslash\n|-damage|p1a: Sandslash|0 fnt\n|faint|p1a: Sandslash\n|\n|-weather|Hail|[upkeep]\n|upkeep\n|\n|t:|1667362611\n|switch|p1a: Keldeo|Keldeo-Resolute, L79|96/273\n|-end|p2a: Beartic|Dynamax\n|-heal|p2a: Beartic|303/303|[silent]\n|turn|18\n|\n|t:|1667362618\n|switch|p1a: Braviary|Braviary, L82, M|298/298\n|move|p2a: Beartic|Icicle Crash|p1a: Braviary\n|-supereffective|p1a: Braviary\n|-damage|p1a: Braviary|0 fnt\n|faint|p1a: Braviary\n|\n|-weather|Hail|[upkeep]\n|upkeep\n|\n|t:|1667362623\n|switch|p1a: Keldeo|Keldeo-Resolute, L79|96/273\n|turn|19\n|\n|t:|1667362625\n|move|p2a: Beartic|Icicle Crash|p1a: Keldeo\n|-resisted|p1a: Keldeo\n|-damage|p1a: Keldeo|0 fnt\n|faint|p1a: Keldeo\n|\n|-weather|none\n|upkeep\n|\n|t:|1667362628\n|switch|p1a: Hawlucha|Hawlucha, L80, M|256/256\n|turn|20\n|\n|t:|1667362633\n|move|p1a: Hawlucha|Close Combat|p2a: Beartic\n|-supereffective|p2a: Beartic\n|-damage|p2a: Beartic|49/303\n|-unboost|p1a: Hawlucha|def|1\n|-unboost|p1a: Hawlucha|spd|1\n|-enditem|p1a: Hawlucha|White Herb\n|-clearnegativeboost|p1a: Hawlucha|[silent]\n|move|p2a: Beartic|Icicle Crash|p1a: Hawlucha|[miss]\n|-miss|p2a: Beartic|p1a: Hawlucha\n|\n|upkeep\n|turn|21\n|\n|t:|1667362640\n|switch|p2a: Sandaconda|Sandaconda, L84, F|143/258\n|move|p1a: Hawlucha|Brave Bird|p2a: Sandaconda\n|-damage|p2a: Sandaconda|52/258\n|-damage|p1a: Hawlucha|226/256|[from] Recoil\n|\n|-heal|p2a: Sandaconda|68/258|[from] item: Leftovers\n|upkeep\n|turn|22\n|\n|t:|1667362644\n|move|p1a: Hawlucha|Swords Dance|p1a: Hawlucha\n|-boost|p1a: Hawlucha|atk|2\n|move|p2a: Sandaconda|Stone Edge|p1a: Hawlucha\n|-crit|p1a: Hawlucha\n|-damage|p1a: Hawlucha|97/256\n|\n|-heal|p2a: Sandaconda|84/258|[from] item: Leftovers\n|upkeep\n|turn|23\n|\n|t:|1667362655\n|move|p1a: Hawlucha|Roost|p1a: Hawlucha\n|-heal|p1a: Hawlucha|225/256\n|-singleturn|p1a: Hawlucha|move: Roost\n|move|p2a: Sandaconda|Stone Edge|p1a: Hawlucha|[miss]\n|-miss|p2a: Sandaconda|p1a: Hawlucha\n|\n|-heal|p2a: Sandaconda|100/258|[from] item: Leftovers\n|upkeep\n|turn|24\n|\n|t:|1667362659\n|move|p1a: Hawlucha|Brave Bird|p2a: Sandaconda\n|-crit|p2a: Sandaconda\n|-damage|p2a: Sandaconda|0 fnt\n|faint|p2a: Sandaconda\n|-damage|p1a: Hawlucha|192/256|[from] Recoil\n|\n|upkeep\n|\n|t:|1667362661\n|switch|p2a: Landorus|Landorus-Therian, L72, M|247/247\n|-ability|p2a: Landorus|Intimidate|boost\n|-unboost|p1a: Hawlucha|atk|1\n|turn|25\n|\n|t:|1667362665\n|move|p1a: Hawlucha|Brave Bird|p2a: Landorus\n|-damage|p2a: Landorus|60/247\n|-damage|p1a: Hawlucha|130/256|[from] Recoil\n|move|p2a: Landorus|Fly||[still]\n|-prepare|p2a: Landorus|Fly\n|\n|upkeep\n|turn|26\n|\n|t:|1667362671\n|move|p1a: Hawlucha|Roost|p1a: Hawlucha\n|-heal|p1a: Hawlucha|256/256\n|-singleturn|p1a: Hawlucha|move: Roost\n|move|p2a: Landorus|Fly|p1a: Hawlucha|[from]lockedmove\n|-supereffective|p1a: Hawlucha\n|-damage|p1a: Hawlucha|16/256\n|\n|upkeep\n|turn|27\n|\n|t:|1667362678\n|move|p1a: Hawlucha|Close Combat|p2a: Landorus\n|-resisted|p2a: Landorus\n|-damage|p2a: Landorus|0 fnt\n|-unboost|p1a: Hawlucha|def|1\n|-unboost|p1a: Hawlucha|spd|1\n|faint|p2a: Landorus\n|\n|upkeep\n|\n|t:|1667362680\n|switch|p2a: Beartic|Beartic, L86, F|49/303\n|turn|28\n|\n|t:|1667362682\n|move|p2a: Beartic|Aqua Jet|p1a: Hawlucha\n|-damage|p1a: Hawlucha|0 fnt\n|faint|p1a: Hawlucha\n|\n|win|Memezboi69\n|raw|31rudy's rating: 2421 &rarr; <strong>2405</strong><br />(-16 for losing)\n|raw|Memezboi69's rating: 2489 &rarr; <strong>2505</strong><br />(+16 for winning)\n", "inputlog": ">version d372c8ae6ad8e716ab253b748dfb88bf0ca736bb\n>start {\"formatid\":\"gen8randombattle\",\"seed\":[28559,38310,5723,24065],\"rated\":\"Rated battle\"}\n>player p1 {\"name\":\"31rudy\",\"avatar\":\"266\",\"rating\":2421,\"seed\":[60539,12546,9355,31952]}\n>player p2 {\"name\":\"Memezboi69\",\"avatar\":\"thorton\",\"rating\":2489,\"seed\":[62964,35906,44458,52085]}\n>p1 move sludgebomb\n>p2 move psychic\n>p1 move discharge\n>p2 switch 5\n>p1 switch 4\n>p2 move earthquake\n>p1 move scald\n>p2 switch 4\n>p1 switch 4\n>p2 move psychic\n>p1 switch 4\n>p2 move nastyplot\n>p1 switch 4\n>p2 move psychic\n>p1 switch 3\n>p1 move earthquake dynamax\n>p2 move shadowball\n>p2 switch 4\n>p1 move meteormash dynamax\n>p2 move coil\n>p1 move meteormash dynamax\n>p2 move earthquake\n>p1 switch 4\n>p1 move substitute\n>p2 switch 5\n>p1 move scald\n>p2 move psychic\n>p2 switch 2\n>p1 move secretsword\n>p2 move facade\n>p1 move secretsword\n>p2 move facade\n>p2 switch 6\n>p1 move calmmind\n>p2 move iciclecrash dynamax\n>p1 switch 6\n>p2 move superpower dynamax\n>p1 move earthquake\n>p2 move iciclecrash dynamax\n>p1 switch 6\n>p1 switch 2\n>p2 move iciclecrash\n>p1 switch 2\n>p1 move secretsword\n>p2 move iciclecrash\n>p1 switch 5\n>p1 move closecombat\n>p2 move iciclecrash\n>p1 move bravebird\n>p2 switch 5\n>p1 move swordsdance\n>p2 move stoneedge\n>p1 move roost\n>p2 move stoneedge\n>p1 move bravebird\n>p2 move stoneedge\n>p2 switch 3\n>p1 move bravebird\n>p2 move fly\n>p1 move roost\n>p2 move fly\n>p1 move closecombat\n>p2 move fly\n>p2 switch 5\n>p1 move closecombat\n>p2 move aquajet", "uploadtime": 1667362687, "views": 10, "p1id": "31rudy", "p2id": "memezboi69", "formatid": "gen8randombattle", "rating": 2405, "private": 0, "password": null}