{"id": "gen8randombattle-1871677104", "p1": "GmEuan", "p2": "MinatoUzxmaki", "format": "[Gen 8] Random Battle", "log": "|j|\u2606GmEuan\n|j|\u203dMinatoUzxmaki\n|t:|1685118806\n|gametype|singles\n|player|p1|GmEuan|169|1049\n|player|p2|MinatoUzxmaki|102|1109\n|teamsize|p1|6\n|teamsize|p2|6\n|gen|8\n|tier|[Gen 8] Random Battle\n|rated|\n|rule|Species Clause: Limit one of each Pok\u00e9mon\n|rule|HP Percentage Mod: HP is shown in percentages\n|rule|Sleep Clause Mod: Limit one foe put to sleep\n|\n|t:|1685118806\n|start\n|switch|p1a: Scrafty|Scrafty, L82, M|241/241\n|switch|p2a: Emolga|Emolga, L88, F|240/240\n|-ability|p1a: Scrafty|Intimidate|boost\n|-unboost|p2a: Emolga|atk|1\n|turn|1\n|\n|t:|1685118820\n|move|p2a: Emolga|Air Slash|p1a: Scrafty\n|-supereffective|p1a: Scrafty\n|-damage|p1a: Scrafty|121/241\n|cant|p1a: Scrafty|flinch\n|\n|upkeep\n|turn|2\n|inactive|Battle timer is ON: inactive players will automatically lose when time's up. (requested by MinatoUzxmaki)\n|\n|t:|1685118829\n|switch|p1a: Poliwrath|Poliwrath, L84, F|288/288\n|move|p2a: Emolga|Air Slash|p1a: Poliwrath\n|-supereffective|p1a: Poliwrath\n|-damage|p1a: Poliwrath|132/288\n|\n|upkeep\n|turn|3\n|\n|t:|1685118838\n|move|p2a: Emolga|Air Slash|p1a: Poliwrath\n|-supereffective|p1a: Poliwrath\n|-damage|p1a: Poliwrath|0 fnt\n|faint|p1a: Poliwrath\n|\n|upkeep\n|\n|t:|1685118846\n|switch|p1a: Genesect|Genesect-Douse, L74|227/227\n|-ability|p1a: Genesect|Download|boost\n|-boost|p1a: Genesect|spa|1\n|turn|4\n|\n|t:|1685118855\n|switch|p2a: Slowbro|Slowbro-Galar, L86, F|304/304\n|move|p1a: Genesect|Iron Head|p2a: Slowbro\n|-damage|p2a: Slowbro|228/304\n|\n|upkeep\n|turn|5\n|\n|t:|1685118864\n|move|p1a: Genesect|Thunderbolt|p2a: Slowbro\n|-damage|p2a: Slowbro|129/304\n|-status|p2a: Slowbro|par\n|move|p2a: Slowbro|Flamethrower|p1a: Genesect\n|-supereffective|p1a: Genesect\n|-damage|p1a: Genesect|0 fnt\n|faint|p1a: Genesect\n|-damage|p2a: Slowbro|99/304 par|[from] item: Life Orb\n|\n|upkeep\n|\n|t:|1685118874\n|switch|p1a: Inteleon|Inteleon, L80, F|243/243\n|turn|6\n|\n|t:|1685118882\n|move|p1a: Inteleon|Surf|p2a: Slowbro\n|-damage|p2a: Slowbro|0 fnt\n|faint|p2a: Slowbro\n|\n|upkeep\n|\n|t:|1685118896\n|switch|p2a: Emolga|Emolga, L88, F|240/240\n|turn|7\n|inactive|GmEuan has 120 seconds left.\n|\n|t:|1685118928\n|move|p1a: Inteleon|Air Slash|p2a: Emolga\n|-resisted|p2a: Emolga\n|-damage|p2a: Emolga|205/240\n|move|p2a: Emolga|Thunderbolt|p1a: Inteleon\n|-supereffective|p1a: Inteleon\n|-damage|p1a: Inteleon|13/243\n|\n|upkeep\n|turn|8\n|inactive|GmEuan has 120 seconds left.\n|\n|t:|1685118938\n|move|p1a: Inteleon|Surf|p2a: Emolga\n|-crit|p2a: Emolga\n|-damage|p2a: Emolga|0 fnt\n|faint|p2a: Emolga\n|\n|upkeep\n|\n|t:|1685118943\n|switch|p2a: Ninjask|Ninjask, L86, M|245/245\n|turn|9\n|\n|t:|1685118949\n|move|p2a: Ninjask|Leech Life|p1a: Inteleon\n|-damage|p1a: Inteleon|0 fnt\n|faint|p1a: Inteleon\n|\n|-ability|p2a: Ninjask|Speed Boost|boost\n|-boost|p2a: Ninjask|spe|1\n|upkeep\n|\n|t:|1685118955\n|switch|p1a: Incineroar|Incineroar, L80, F|283/283\n|-ability|p1a: Incineroar|Intimidate|boost\n|-unboost|p2a: Ninjask|atk|1\n|turn|10\n|\n|t:|1685118966\n|move|p2a: Ninjask|U-turn|p1a: Incineroar\n|-damage|p1a: Incineroar|226/283\n|\n|t:|1685118974\n|switch|p2a: Garchomp|Garchomp, L74, M|282/282|[from] U-turn\n|move|p1a: Incineroar|Flare Blitz|p2a: Garchomp\n|-resisted|p2a: Garchomp\n|-damage|p2a: Garchomp|215/282\n|-damage|p1a: Incineroar|191/283|[from] ability: Rough Skin|[of] p2a: Garchomp\n|-damage|p1a: Incineroar|169/283|[from] Recoil\n|\n|upkeep\n|turn|11\n|\n|t:|1685118985\n|switch|p1a: Xerneas|Xerneas, L67|280/280\n|-ability|p1a: Xerneas|Fairy Aura\n|move|p2a: Garchomp|Earthquake|p1a: Xerneas\n|-damage|p1a: Xerneas|157/280\n|\n|upkeep\n|turn|12\n|\n|t:|1685118994\n|switch|p2a: Duraludon|Duraludon, L84, F|255/255\n|move|p1a: Xerneas|Moonblast|p2a: Duraludon\n|-damage|p2a: Duraludon|0 fnt\n|faint|p2a: Duraludon\n|\n|upkeep\n|\n|t:|1685119019\n|switch|p2a: Garchomp|Garchomp, L74, M|215/282\n|turn|13\n|\n|t:|1685119038\n|move|p2a: Garchomp|Earthquake|p1a: Xerneas\n|-damage|p1a: Xerneas|33/280\n|move|p1a: Xerneas|Moonblast|p2a: Garchomp\n|-supereffective|p2a: Garchomp\n|-damage|p2a: Garchomp|0 fnt\n|faint|p2a: Garchomp\n|\n|upkeep\n|\n|t:|1685119048\n|switch|p2a: Ninjask|Ninjask, L86, M|245/245\n|turn|14\n|\n|t:|1685119057\n|move|p2a: Ninjask|Acrobatics|p1a: Xerneas\n|-damage|p1a: Xerneas|0 fnt\n|faint|p1a: Xerneas\n|\n|-ability|p2a: Ninjask|Speed Boost|boost\n|-boost|p2a: Ninjask|spe|1\n|upkeep\n|\n|t:|1685119063\n|switch|p1a: Scrafty|Scrafty, L82, M|121/241\n|-ability|p1a: Scrafty|Intimidate|boost\n|-unboost|p2a: Ninjask|atk|1\n|turn|15\n|\n|t:|1685119070\n|move|p2a: Ninjask|Acrobatics|p1a: Scrafty\n|-supereffective|p1a: Scrafty\n|-damage|p1a: Scrafty|1/241\n|move|p1a: Scrafty|Close Combat|p2a: Ninjask\n|-resisted|p2a: Ninjask\n|-damage|p2a: Ninjask|199/245\n|-unboost|p1a: Scrafty|def|1\n|-unboost|p1a: Scrafty|spd|1\n|\n|-ability|p2a: Ninjask|Speed Boost|boost\n|-boost|p2a: Ninjask|spe|1\n|upkeep\n|turn|16\n|\n|t:|1685119080\n|move|p2a: Ninjask|Swords Dance|p2a: Ninjask\n|-boost|p2a: Ninjask|atk|2\n|move|p1a: Scrafty|Knock Off|p2a: Ninjask\n|-damage|p2a: Ninjask|99/245\n|\n|-ability|p2a: Ninjask|Speed Boost|boost\n|-boost|p2a: Ninjask|spe|1\n|upkeep\n|turn|17\n|\n|t:|1685119087\n|move|p2a: Ninjask|Acrobatics|p1a: Scrafty\n|-supereffective|p1a: Scrafty\n|-damage|p1a: Scrafty|0 fnt\n|faint|p1a: Scrafty\n|\n|-ability|p2a: Ninjask|Speed Boost|boost\n|-boost|p2a: Ninjask|spe|1\n|upkeep\n|\n|t:|1685119093\n|switch|p1a: Incineroar|Incineroar, L80, F|169/283\n|-ability|p1a: Incineroar|Intimidate|boost\n|-unboost|p2a: Ninjask|atk|1\n|turn|18\n|\n|t:|1685119100\n|move|p2a: Ninjask|Acrobatics|p1a: Incineroar\n|-damage|p1a: Incineroar|51/283\n|move|p1a: Incineroar|Knock Off|p2a: Ninjask\n|-damage|p2a: Ninjask|0 fnt\n|faint|p2a: Ninjask\n|\n|upkeep\n|\n|t:|1685119104\n|switch|p2a: Tapu Fini|Tapu Fini, L78|237/237\n|-fieldstart|move: Misty Terrain|[from] ability: Misty Surge|[of] p2a: Tapu Fini\n|turn|19\n|inactive|GmEuan has 120 seconds left.\n|\n|t:|1685119152\n|-start|p1a: Incineroar|Dynamax|\n|-heal|p1a: Incineroar|102/566|[silent]\n|-start|p2a: Tapu Fini|Dynamax|\n|-heal|p2a: Tapu Fini|474/474|[silent]\n|move|p2a: Tapu Fini|Max Geyser|p1a: Incineroar\n|-supereffective|p1a: Incineroar\n|-crit|p1a: Incineroar\n|-damage|p1a: Incineroar|0 fnt\n|-weather|RainDance\n|faint|p1a: Incineroar\n|\n|win|MinatoUzxmaki\n|raw|GmEuan's rating: 1049 &rarr; <strong>1035</strong><br />(-14 for losing)\n|raw|MinatoUzxmaki's rating: 1109 &rarr; <strong>1130</strong><br />(+21 for winning)\n|l|\u2606GmEuan\n", "inputlog": ">version 61c68e60481ef09071210320730fc448fef50368\n>start {\"formatid\":\"gen8randombattle\",\"seed\":[33548,42739,20226,3673],\"rated\":\"Rated battle\"}\n>player p1 {\"name\":\"GmEuan\",\"avatar\":\"169\",\"rating\":1049,\"seed\":[52680,44521,44314,25969]}\n>player p2 {\"name\":\"MinatoUzxmaki\",\"avatar\":\"102\",\"rating\":1109,\"seed\":[11194,46453,10984,44002]}\n>p1 move dragondance\n>p2 move airslash\n>p1 switch 3\n>p2 move airslash\n>p1 move darkestlariat\n>p2 move airslash\n>p1 switch 4\n>p1 move ironhead\n>p2 switch 2\n>p1 move thunderbolt\n>p2 move flamethrower\n>p1 switch 2\n>p1 move surf\n>p2 move shellsidearm\n>p2 switch 2\n>p1 move airslash\n>p2 move thunderbolt\n>p1 move surf\n>p2 move thunderbolt\n>p2 switch 5\n>p1 move surf\n>p2 move leechlife\n>p1 switch 5\n>p1 move flareblitz\n>p2 move uturn\n>p2 switch 4\n>p1 switch 6\n>p2 move earthquake\n>p1 move moonblast\n>p2 switch 3\n>p2 switch 3\n>p1 move moonblast\n>p2 move earthquake\n>p2 switch 4\n>p1 move moonblast\n>p2 move acrobatics\n>p1 switch 3\n>p1 move closecombat\n>p2 move acrobatics\n>p1 move knockoff\n>p2 move swordsdance\n>p1 move icepunch\n>p2 move acrobatics\n>p1 switch 6\n>p1 move knockoff\n>p2 move acrobatics\n>p2 switch 6\n>p1 move earthquake dynamax\n>p2 move surf dynamax", "uploadtime": 1685119766, "views": 3, "p1id": "gmeuan", "p2id": "minatouzxmaki", "formatid": "gen8randombattle", "rating": 1035, "private": 0, "password": ""}