{"id": "gen8randombattle-1862105760", "p1": "Waluigi187", "p2": "lauda Mera", "format": "[Gen 8] Random Battle", "log": "|j|\u2606Waluigi187\n|j|\u2606lauda Mera\n|t:|1683837546\n|gametype|singles\n|player|p1|Waluigi187|101|1333\n|player|p2|lauda Mera|hilbert-wonderlauncher|1493\n|teamsize|p1|6\n|teamsize|p2|6\n|gen|8\n|tier|[Gen 8] Random Battle\n|rated|\n|rule|Species Clause: Limit one of each Pok\u00e9mon\n|rule|HP Percentage Mod: HP is shown in percentages\n|rule|Sleep Clause Mod: Limit one foe put to sleep\n|\n|t:|1683837546\n|start\n|switch|p1a: Wishiwashi|Wishiwashi, L84, F|213/213\n|switch|p2a: Thundurus|Thundurus-Therian, L80, M|258/258\n|-formechange|p1a: Wishiwashi|Wishiwashi-School||[from] ability: Schooling\n|turn|1\n|inactive|Battle timer is ON: inactive players will automatically lose when time's up. (requested by lauda Mera)\n|\n|t:|1683837562\n|move|p2a: Thundurus|Thunderbolt|p1a: Wishiwashi\n|-supereffective|p1a: Wishiwashi\n|-damage|p1a: Wishiwashi|99/213\n|move|p1a: Wishiwashi|Ice Beam|p2a: Thundurus\n|-supereffective|p2a: Thundurus\n|-damage|p2a: Thundurus|78/258\n|\n|upkeep\n|turn|2\n|\n|t:|1683837575\n|move|p2a: Thundurus|Thunderbolt|p1a: Wishiwashi\n|-supereffective|p1a: Wishiwashi\n|-damage|p1a: Wishiwashi|0 fnt\n|faint|p1a: Wishiwashi\n|\n|upkeep\n|\n|t:|1683837582\n|switch|p1a: Spectrier|Spectrier, L74|270/270\n|turn|3\n|\n|t:|1683837594\n|switch|p2a: Thievul|Thievul, L86, F|261/261\n|move|p1a: Spectrier|Substitute|p1a: Spectrier\n|-start|p1a: Spectrier|Substitute\n|-damage|p1a: Spectrier|203/270\n|\n|-heal|p1a: Spectrier|219/270|[from] item: Leftovers\n|upkeep\n|turn|4\n|\n|t:|1683837601\n|move|p1a: Spectrier|Nasty Plot|p1a: Spectrier\n|-boost|p1a: Spectrier|spa|2\n|move|p2a: Thievul|Dark Pulse|p1a: Spectrier\n|-supereffective|p1a: Spectrier\n|-end|p1a: Spectrier|Substitute\n|\n|-heal|p1a: Spectrier|235/270|[from] item: Leftovers\n|upkeep\n|turn|5\n|\n|t:|1683837610\n|move|p1a: Spectrier|Dark Pulse|p2a: Thievul\n|-resisted|p2a: Thievul\n|-damage|p2a: Thievul|203/261\n|move|p2a: Thievul|Dark Pulse|p1a: Spectrier\n|-supereffective|p1a: Spectrier\n|-damage|p1a: Spectrier|41/270\n|\n|-heal|p1a: Spectrier|57/270|[from] item: Leftovers\n|-heal|p2a: Thievul|219/261|[from] item: Leftovers\n|upkeep\n|turn|6\n|\n|t:|1683837624\n|switch|p1a: Conkeldurr|Conkeldurr, L80, M|299/299\n|move|p2a: Thievul|Dark Pulse|p1a: Conkeldurr\n|-resisted|p1a: Conkeldurr\n|-damage|p1a: Conkeldurr|185/299\n|\n|-heal|p2a: Thievul|235/261|[from] item: Leftovers\n|-status|p1a: Conkeldurr|brn|[from] item: Flame Orb\n|upkeep\n|turn|7\n|\n|t:|1683837630\n|move|p2a: Thievul|Parting Shot|p1a: Conkeldurr\n|-unboost|p1a: Conkeldurr|atk|1\n|-unboost|p1a: Conkeldurr|spa|1\n|\n|t:|1683837645\n|switch|p2a: Quagsire|Quagsire, L84, F|297/297|[from] Parting Shot\n|move|p1a: Conkeldurr|Drain Punch|p2a: Quagsire\n|-damage|p2a: Quagsire|152/297\n|-heal|p1a: Conkeldurr|258/299 brn|[from] drain|[of] p2a: Quagsire\n|\n|-heal|p2a: Quagsire|170/297|[from] item: Leftovers\n|-damage|p1a: Conkeldurr|240/299 brn|[from] brn\n|upkeep\n|turn|8\n|\n|t:|1683837669\n|switch|p1a: Spectrier|Spectrier, L74|57/270\n|move|p2a: Quagsire|Earthquake|p1a: Spectrier\n|-damage|p1a: Spectrier|0 fnt\n|faint|p1a: Spectrier\n|\n|-heal|p2a: Quagsire|188/297|[from] item: Leftovers\n|upkeep\n|\n|t:|1683837670\n|switch|p1a: Accelgor|Accelgor, L86, M|278/278\n|turn|9\n|\n|t:|1683837681\n|switch|p2a: Thievul|Thievul, L86, F|235/261\n|move|p1a: Accelgor|Energy Ball|p2a: Thievul\n|-damage|p2a: Thievul|171/261\n|\n|-heal|p2a: Thievul|187/261|[from] item: Leftovers\n|upkeep\n|turn|10\n|\n|t:|1683837687\n|switch|p2a: Thundurus|Thundurus-Therian, L80, M|78/258\n|move|p1a: Accelgor|Bug Buzz|p2a: Thundurus\n|-resisted|p2a: Thundurus\n|-damage|p2a: Thundurus|25/258\n|\n|upkeep\n|turn|11\n|\n|t:|1683837700\n|move|p1a: Accelgor|Sludge Bomb|p2a: Thundurus\n|-damage|p2a: Thundurus|0 fnt\n|faint|p2a: Thundurus\n|\n|upkeep\n|\n|t:|1683837719\n|switch|p2a: Mew|Mew, L80|291/291\n|turn|12\n|\n|t:|1683837728\n|switch|p1a: Conkeldurr|Conkeldurr, L80, M|240/299 brn\n|move|p2a: Mew|Dragon Dance|p2a: Mew\n|-boost|p2a: Mew|atk|1\n|-boost|p2a: Mew|spe|1\n|\n|-damage|p1a: Conkeldurr|222/299 brn|[from] brn\n|upkeep\n|turn|13\n|\n|t:|1683837734\n|move|p2a: Mew|Psychic Fangs|p1a: Conkeldurr\n|-supereffective|p1a: Conkeldurr\n|-damage|p1a: Conkeldurr|0 fnt\n|faint|p1a: Conkeldurr\n|\n|upkeep\n|\n|t:|1683837737\n|switch|p1a: Absol|Absol, L84, F|246/246\n|turn|14\n|\n|t:|1683837764\n|-start|p2a: Mew|Dynamax|\n|-heal|p2a: Mew|582/582|[silent]\n|move|p2a: Mew|Max Knuckle|p1a: Absol\n|-supereffective|p1a: Absol\n|-damage|p1a: Absol|0 fnt\n|-boost|p2a: Mew|atk|1\n|faint|p1a: Absol\n|\n|upkeep\n|\n|t:|1683837775\n|switch|p1a: Accelgor|Accelgor, L86, M|278/278\n|turn|15\n|\n|t:|1683837779\n|-start|p1a: Accelgor|Dynamax|\n|-heal|p1a: Accelgor|556/556|[silent]\n|move|p2a: Mew|Max Mindstorm|p1a: Accelgor\n|-damage|p1a: Accelgor|97/556\n|-fieldstart|move: Psychic Terrain\n|move|p1a: Accelgor|Max Flutterby|p2a: Mew\n|-supereffective|p2a: Mew\n|-damage|p2a: Mew|294/582\n|-unboost|p2a: Mew|spa|1\n|\n|upkeep\n|turn|16\n|\n|t:|1683837784\n|move|p2a: Mew|Max Knuckle|p1a: Accelgor\n|-resisted|p1a: Accelgor\n|-damage|p1a: Accelgor|0 fnt\n|-boost|p2a: Mew|atk|1\n|faint|p1a: Accelgor\n|\n|upkeep\n|\n|t:|1683837786\n|switch|p1a: Zapdos|Zapdos-Galar, L76|262/262\n|-end|p2a: Mew|Dynamax\n|-heal|p2a: Mew|147/291|[silent]\n|turn|17\n|\n|t:|1683837788\n|move|p2a: Mew|Psychic Fangs|p1a: Zapdos\n|-supereffective|p1a: Zapdos\n|-damage|p1a: Zapdos|0 fnt\n|faint|p1a: Zapdos\n|\n|win|lauda Mera\n|raw|Waluigi187's rating: 1333 &rarr; <strong>1321</strong><br />(-12 for losing)\n|raw|lauda Mera's rating: 1484 &rarr; <strong>1496</strong><br />(+12 for winning)\n", "inputlog": ">version bce759c5f189753f4322d11c9e5aa78bbe1b1bf9\n>start {\"formatid\":\"gen8randombattle\",\"seed\":[32693,29472,15322,43950],\"rated\":\"Rated battle\"}\n>player p1 {\"name\":\"Waluigi187\",\"avatar\":\"101\",\"rating\":1333,\"seed\":[27382,49189,64363,24776]}\n>player p2 {\"name\":\"lauda Mera\",\"avatar\":\"hilbert-wonderlauncher\",\"rating\":1493,\"seed\":[52048,49288,11976,35442]}\n>p1 move icebeam\n>p2 move thunderbolt\n>p1 move icebeam\n>p2 move thunderbolt\n>p1 switch 6\n>p1 move substitute\n>p2 switch 4\n>p1 move nastyplot\n>p2 move darkpulse\n>p1 move darkpulse\n>p2 move darkpulse\n>p1 switch 2\n>p2 move darkpulse\n>p1 move drainpunch\n>p2 move partingshot\n>p2 switch 6\n>p1 switch 2\n>p2 move earthquake\n>p1 switch 5\n>p1 move energyball\n>p2 switch 6\n>p1 move bugbuzz\n>p2 switch 4\n>p1 move sludgebomb\n>p2 move thunderbolt\n>p2 switch 2\n>p1 switch 2\n>p2 move dragondance\n>p1 move knockoff\n>p2 move psychicfangs\n>p1 switch 3\n>p1 move knockoff\n>p2 move closecombat dynamax\n>p1 switch 2\n>p1 move bugbuzz dynamax\n>p2 move psychicfangs dynamax\n>p1 move bugbuzz dynamax\n>p2 move closecombat dynamax\n>p1 switch 4\n>p1 move throatchop\n>p2 move psychicfangs", "uploadtime": 1683837793, "views": 6, "p1id": "waluigi187", "p2id": "laudamera", "formatid": "gen8randombattle", "rating": 1321, "private": 0, "password": ""}