{"id": "gen8randombattle-1865979492", "p1": "FantomHorsey", "p2": "Joshyboi999", "format": "[Gen 8] Random Battle", "log": "|j|\u2606FantomHorsey\n|j|\u2606Joshyboi999\n|t:|1684356634\n|gametype|singles\n|player|p1|FantomHorsey|169|\n|player|p2|Joshyboi999|266|\n|teamsize|p1|6\n|teamsize|p2|6\n|gen|8\n|tier|[Gen 8] Random Battle\n|rule|Species Clause: Limit one of each Pok\u00e9mon\n|rule|HP Percentage Mod: HP is shown in percentages\n|rule|Sleep Clause Mod: Limit one foe put to sleep\n|\n|t:|1684356634\n|start\n|switch|p1a: Hitmonchan|Hitmonchan, L86, M|226/226\n|switch|p2a: Vespiquen|Vespiquen, L96, F|290/290\n|-ability|p2a: Vespiquen|Pressure\n|turn|1\n|\n|t:|1684356652\n|move|p1a: Hitmonchan|Rapid Spin|p2a: Vespiquen\n|-damage|p2a: Vespiquen|260/290\n|-boost|p1a: Hitmonchan|spe|1\n|move|p2a: Vespiquen|Air Slash|p1a: Hitmonchan\n|-supereffective|p1a: Hitmonchan\n|-damage|p1a: Hitmonchan|136/226\n|\n|upkeep\n|turn|2\n|\n|t:|1684356660\n|move|p1a: Hitmonchan|Drain Punch|p2a: Vespiquen\n|-resisted|p2a: Vespiquen\n|-damage|p2a: Vespiquen|239/290\n|-heal|p1a: Hitmonchan|147/226|[from] drain|[of] p2a: Vespiquen\n|move|p2a: Vespiquen|Air Slash|p1a: Hitmonchan\n|-supereffective|p1a: Hitmonchan\n|-damage|p1a: Hitmonchan|49/226\n|\n|upkeep\n|turn|3\n|\n|t:|1684356671\n|switch|p1a: Charizard|Charizard, L82, F|262/262\n|move|p2a: Vespiquen|Air Slash|p1a: Charizard\n|-damage|p1a: Charizard|166/262\n|\n|upkeep\n|turn|4\n|\n|t:|1684356699\n|switch|p2a: Thundurus|Thundurus-Therian, L80, M|258/258\n|move|p1a: Charizard|Fire Blast|p2a: Thundurus\n|-damage|p2a: Thundurus|110/258\n|-status|p2a: Thundurus|brn\n|\n|-damage|p2a: Thundurus|94/258 brn|[from] brn\n|upkeep\n|turn|5\n|\n|t:|1684356713\n|move|p2a: Thundurus|Thunderbolt|p1a: Charizard\n|-supereffective|p1a: Charizard\n|-damage|p1a: Charizard|0 fnt\n|faint|p1a: Charizard\n|\n|-damage|p2a: Thundurus|78/258 brn|[from] brn\n|upkeep\n|\n|t:|1684356731\n|switch|p1a: Goodra|Goodra, L82, M|282/282\n|turn|6\n|\n|t:|1684356748\n|move|p2a: Thundurus|Thunderbolt|p1a: Goodra\n|-resisted|p1a: Goodra\n|-damage|p1a: Goodra|255/282\n|move|p1a: Goodra|Sludge Bomb|p2a: Thundurus\n|-damage|p2a: Thundurus|8/258 brn\n|\n|-damage|p2a: Thundurus|0 fnt|[from] brn\n|faint|p2a: Thundurus\n|upkeep\n|\n|t:|1684356769\n|switch|p2a: Ribombee|Ribombee, L82, F|233/233\n|turn|7\n|\n|t:|1684356788\n|switch|p1a: Nidoking|Nidoking, L82, M|267/267\n|move|p2a: Ribombee|Moonblast|p1a: Nidoking\n|-resisted|p1a: Nidoking\n|-damage|p1a: Nidoking|214/267\n|\n|upkeep\n|turn|8\n|\n|t:|1684356808\n|move|p2a: Ribombee|Psychic|p1a: Nidoking\n|-supereffective|p1a: Nidoking\n|-damage|p1a: Nidoking|76/267\n|move|p1a: Nidoking|Sludge Wave|p2a: Ribombee\n|-supereffective|p2a: Ribombee\n|-damage|p2a: Ribombee|0 fnt\n|faint|p2a: Ribombee\n|\n|upkeep\n|\n|t:|1684356848\n|switch|p2a: Lunala|Lunala, L72|205/205\n|turn|9\n|\n|t:|1684356856\n|move|p2a: Lunala|Flamethrower|p1a: Nidoking\n|-damage|p1a: Nidoking|0 fnt\n|faint|p1a: Nidoking\n|-damage|p2a: Lunala|185/205|[from] item: Life Orb\n|\n|upkeep\n|\n|t:|1684356866\n|switch|p1a: Goodra|Goodra, L82, M|255/282\n|turn|10\n|\n|t:|1684356904\n|move|p2a: Lunala|Sludge Bomb|p1a: Goodra\n|-damage|p1a: Goodra|219/282\n|-damage|p2a: Lunala|165/205|[from] item: Life Orb\n|move|p1a: Goodra|Sludge Bomb|p2a: Lunala\n|-damage|p2a: Lunala|64/205\n|replace|p2a: Zoroark|Zoroark, L72, F\n|-end|p2a: Zoroark|Illusion\n|\n|upkeep\n|turn|11\n|\n|t:|1684356914\n|move|p2a: Zoroark|Sludge Bomb|p1a: Goodra\n|-damage|p1a: Goodra|187/282\n|-damage|p2a: Zoroark|44/205|[from] item: Life Orb\n|move|p1a: Goodra|Sludge Bomb|p2a: Zoroark\n|-damage|p2a: Zoroark|0 fnt\n|faint|p2a: Zoroark\n|\n|upkeep\n|\n|t:|1684356926\n|switch|p2a: Vespiquen|Vespiquen, L96, F|239/290\n|-ability|p2a: Vespiquen|Pressure\n|turn|12\n|\n|t:|1684356945\n|move|p1a: Goodra|Draco Meteor|p2a: Vespiquen\n|-damage|p2a: Vespiquen|131/290\n|-unboost|p1a: Goodra|spa|2\n|move|p2a: Vespiquen|Air Slash|p1a: Goodra\n|-damage|p1a: Goodra|148/282\n|\n|upkeep\n|turn|13\n|\n|t:|1684356960\n|switch|p1a: Suicune|Suicune, L80|291/291\n|-ability|p1a: Suicune|Pressure\n|-start|p2a: Vespiquen|Dynamax|\n|-heal|p2a: Vespiquen|262/580|[silent]\n|move|p2a: Vespiquen|Max Guard||[still]\n|-fail|p2a: Vespiquen\n|\n|upkeep\n|turn|14\n|\n|t:|1684356987\n|move|p1a: Suicune|Calm Mind|p1a: Suicune\n|-boost|p1a: Suicune|spa|1\n|-boost|p1a: Suicune|spd|1\n|move|p2a: Vespiquen|Max Flutterby|p1a: Suicune\n|-damage|p1a: Suicune|167/291\n|-unboost|p1a: Suicune|spa|1\n|\n|-heal|p1a: Suicune|185/291|[from] item: Leftovers\n|upkeep\n|turn|15\n|\n|t:|1684356997\n|move|p1a: Suicune|Calm Mind|p1a: Suicune\n|-boost|p1a: Suicune|spa|1\n|-boost|p1a: Suicune|spd|1\n|move|p2a: Vespiquen|Max Flutterby|p1a: Suicune\n|-damage|p1a: Suicune|64/291\n|-unboost|p1a: Suicune|spa|1\n|\n|-heal|p1a: Suicune|82/291|[from] item: Leftovers\n|upkeep\n|-end|p2a: Vespiquen|Dynamax\n|-heal|p2a: Vespiquen|131/290|[silent]\n|turn|16\n|\n|t:|1684357013\n|move|p1a: Suicune|Rest|p1a: Suicune\n|-status|p1a: Suicune|slp|[from] move: Rest\n|-heal|p1a: Suicune|291/291 slp|[silent]\n|move|p2a: Vespiquen|U-turn|p1a: Suicune\n|-damage|p1a: Suicune|213/291 slp\n|\n|t:|1684357031\n|switch|p2a: Hitmontop|Hitmontop, L85, M|224/224|[from] U-turn\n|-ability|p2a: Hitmontop|Intimidate|boost\n|-unboost|p1a: Suicune|atk|1\n|\n|-heal|p1a: Suicune|231/291 slp|[from] item: Leftovers\n|upkeep\n|turn|17\n|\n|t:|1684357043\n|cant|p1a: Suicune|slp\n|move|p1a: Suicune|Sleep Talk|p1a: Suicune\n|move|p1a: Suicune|Rest||[from]move: Sleep Talk|[still]\n|-fail|p1a: Suicune\n|move|p2a: Hitmontop|Close Combat|p1a: Suicune\n|-damage|p1a: Suicune|123/291 slp\n|-unboost|p2a: Hitmontop|def|1\n|-unboost|p2a: Hitmontop|spd|1\n|\n|-heal|p1a: Suicune|141/291 slp|[from] item: Leftovers\n|upkeep\n|turn|18\n|\n|t:|1684357068\n|cant|p1a: Suicune|slp\n|move|p1a: Suicune|Sleep Talk|p1a: Suicune\n|move|p1a: Suicune|Scald|p2a: Hitmontop|[from]move: Sleep Talk\n|-damage|p2a: Hitmontop|133/224\n|move|p2a: Hitmontop|Close Combat|p1a: Suicune\n|-damage|p1a: Suicune|33/291 slp\n|-unboost|p2a: Hitmontop|def|1\n|-unboost|p2a: Hitmontop|spd|1\n|\n|-heal|p1a: Suicune|51/291 slp|[from] item: Leftovers\n|-heal|p2a: Hitmontop|147/224|[from] item: Leftovers\n|upkeep\n|turn|19\n|\n|t:|1684357084\n|move|p2a: Hitmontop|Sucker Punch||[still]\n|-fail|p2a: Hitmontop\n|-curestatus|p1a: Suicune|slp|[msg]\n|move|p1a: Suicune|Rest|p1a: Suicune\n|-status|p1a: Suicune|slp|[from] move: Rest\n|-heal|p1a: Suicune|291/291 slp|[silent]\n|\n|-heal|p2a: Hitmontop|161/224|[from] item: Leftovers\n|upkeep\n|turn|20\n|\n|t:|1684357103\n|cant|p1a: Suicune|slp\n|move|p1a: Suicune|Sleep Talk|p1a: Suicune\n|move|p1a: Suicune|Calm Mind|p1a: Suicune|[from]move: Sleep Talk\n|-boost|p1a: Suicune|spa|1\n|-boost|p1a: Suicune|spd|1\n|move|p2a: Hitmontop|Close Combat|p1a: Suicune\n|-damage|p1a: Suicune|185/291 slp\n|-unboost|p2a: Hitmontop|def|1\n|-unboost|p2a: Hitmontop|spd|1\n|\n|-heal|p1a: Suicune|203/291 slp|[from] item: Leftovers\n|-heal|p2a: Hitmontop|175/224|[from] item: Leftovers\n|upkeep\n|turn|21\n|\n|t:|1684357123\n|cant|p1a: Suicune|slp\n|move|p1a: Suicune|Sleep Talk|p1a: Suicune\n|move|p1a: Suicune|Calm Mind|p1a: Suicune|[from]move: Sleep Talk\n|-boost|p1a: Suicune|spa|1\n|-boost|p1a: Suicune|spd|1\n|move|p2a: Hitmontop|Close Combat|p1a: Suicune\n|-damage|p1a: Suicune|83/291 slp\n|-unboost|p2a: Hitmontop|def|1\n|-unboost|p2a: Hitmontop|spd|1\n|\n|-heal|p1a: Suicune|101/291 slp|[from] item: Leftovers\n|-heal|p2a: Hitmontop|189/224|[from] item: Leftovers\n|upkeep\n|turn|22\n|\n|t:|1684357139\n|move|p2a: Hitmontop|Sucker Punch||[still]\n|-fail|p2a: Hitmontop\n|-curestatus|p1a: Suicune|slp|[msg]\n|move|p1a: Suicune|Rest|p1a: Suicune\n|-status|p1a: Suicune|slp|[from] move: Rest\n|-heal|p1a: Suicune|291/291 slp|[silent]\n|\n|-heal|p2a: Hitmontop|203/224|[from] item: Leftovers\n|upkeep\n|turn|23\n|\n|t:|1684357152\n|cant|p1a: Suicune|slp\n|move|p1a: Suicune|Sleep Talk|p1a: Suicune\n|move|p1a: Suicune|Rest||[from]move: Sleep Talk|[still]\n|-fail|p1a: Suicune\n|move|p2a: Hitmontop|Toxic||[still]\n|-fail|p2a: Hitmontop\n|\n|-heal|p2a: Hitmontop|217/224|[from] item: Leftovers\n|upkeep\n|turn|24\n|\n|t:|1684357164\n|cant|p1a: Suicune|slp\n|move|p1a: Suicune|Sleep Talk|p1a: Suicune\n|move|p1a: Suicune|Rest||[from]move: Sleep Talk|[still]\n|-fail|p1a: Suicune\n|move|p2a: Hitmontop|Toxic||[still]\n|-fail|p2a: Hitmontop\n|\n|-heal|p2a: Hitmontop|224/224|[from] item: Leftovers\n|upkeep\n|turn|25\n|\n|t:|1684357175\n|-curestatus|p1a: Suicune|slp|[msg]\n|move|p1a: Suicune|Scald|p2a: Hitmontop\n|-damage|p2a: Hitmontop|0 fnt\n|faint|p2a: Hitmontop\n|\n|upkeep\n|\n|t:|1684357189\n|switch|p2a: Vespiquen|Vespiquen, L96, F|131/290\n|-ability|p2a: Vespiquen|Pressure\n|turn|26\n|\n|t:|1684357208\n|move|p1a: Suicune|Scald|p2a: Vespiquen\n|-damage|p2a: Vespiquen|14/290\n|move|p2a: Vespiquen|Roost|p2a: Vespiquen\n|-heal|p2a: Vespiquen|159/290\n|-singleturn|p2a: Vespiquen|move: Roost\n|\n|upkeep\n|turn|27\n|\n|t:|1684357222\n|move|p1a: Suicune|Scald|p2a: Vespiquen\n|-damage|p2a: Vespiquen|44/290\n|-status|p2a: Vespiquen|brn\n|move|p2a: Vespiquen|Roost|p2a: Vespiquen\n|-heal|p2a: Vespiquen|189/290 brn\n|-singleturn|p2a: Vespiquen|move: Roost\n|\n|-damage|p2a: Vespiquen|171/290 brn|[from] brn\n|upkeep\n|turn|28\n|\n|t:|1684357234\n|move|p1a: Suicune|Calm Mind|p1a: Suicune\n|-boost|p1a: Suicune|spa|1\n|-boost|p1a: Suicune|spd|1\n|move|p2a: Vespiquen|Air Slash|p1a: Suicune\n|-damage|p1a: Suicune|270/291\n|\n|-heal|p1a: Suicune|288/291|[from] item: Leftovers\n|-damage|p2a: Vespiquen|153/290 brn|[from] brn\n|upkeep\n|turn|29\n|\n|t:|1684357244\n|move|p1a: Suicune|Calm Mind|p1a: Suicune\n|-boost|p1a: Suicune|spa|1\n|-boost|p1a: Suicune|spd|1\n|move|p2a: Vespiquen|Air Slash|p1a: Suicune\n|-damage|p1a: Suicune|267/291\n|\n|-heal|p1a: Suicune|285/291|[from] item: Leftovers\n|-damage|p2a: Vespiquen|135/290 brn|[from] brn\n|upkeep\n|turn|30\n|\n|t:|1684357254\n|move|p1a: Suicune|Calm Mind|p1a: Suicune\n|-boost|p1a: Suicune|spa|1\n|-boost|p1a: Suicune|spd|0\n|move|p2a: Vespiquen|Air Slash|p1a: Suicune\n|-damage|p1a: Suicune|264/291\n|\n|-heal|p1a: Suicune|282/291|[from] item: Leftovers\n|-damage|p2a: Vespiquen|117/290 brn|[from] brn\n|upkeep\n|turn|31\n|\n|t:|1684357266\n|move|p1a: Suicune|Calm Mind|p1a: Suicune\n|-boost|p1a: Suicune|spa|1\n|-boost|p1a: Suicune|spd|0\n|move|p2a: Vespiquen|Roost|p2a: Vespiquen\n|-heal|p2a: Vespiquen|262/290 brn\n|-singleturn|p2a: Vespiquen|move: Roost\n|\n|-heal|p1a: Suicune|291/291|[from] item: Leftovers\n|-damage|p2a: Vespiquen|244/290 brn|[from] brn\n|upkeep\n|turn|32\n|\n|t:|1684357282\n|move|p1a: Suicune|Scald|p2a: Vespiquen\n|-damage|p2a: Vespiquen|4/290 brn\n|move|p2a: Vespiquen|Defog|p1a: Suicune\n|-unboost|p1a: Suicune|evasion|1\n|\n|-damage|p2a: Vespiquen|0 fnt|[from] brn\n|faint|p2a: Vespiquen\n|upkeep\n|\n|t:|1684357291\n|switch|p2a: Lunala|Lunala, L72|316/316\n|turn|33\n|\n|t:|1684357313\n|move|p1a: Suicune|Scald|p2a: Lunala\n|-crit|p2a: Lunala\n|-damage|p2a: Lunala|100/316\n|move|p2a: Lunala|Psyshock|p1a: Suicune\n|-damage|p1a: Suicune|216/291\n|\n|-heal|p2a: Lunala|119/316|[from] item: Leftovers\n|-heal|p1a: Suicune|234/291|[from] item: Leftovers\n|upkeep\n|turn|34\n|\n|t:|1684357346\n|move|p2a: Lunala|Roost|p2a: Lunala\n|-heal|p2a: Lunala|277/316\n|-singleturn|p2a: Lunala|move: Roost\n|move|p1a: Suicune|Scald|p2a: Lunala\n|-damage|p2a: Lunala|0 fnt\n|faint|p2a: Lunala\n|\n|win|FantomHorsey\n", "inputlog": ">version 3f967b429d9dd76d8eb692efdd7dfe9038092d20\n>start {\"formatid\":\"gen8randombattle\",\"seed\":[63934,8506,1141,25560]}\n>player p1 {\"name\":\"FantomHorsey\",\"avatar\":\"169\",\"rating\":0,\"seed\":[7618,55818,39292,33342]}\n>player p2 {\"name\":\"Joshyboi999\",\"avatar\":\"266\",\"rating\":0,\"seed\":[41351,5548,61438,53276]}\n>p1 move rapidspin\n>p2 move airslash\n>p1 move drainpunch\n>p2 move airslash\n>p1 switch 3\n>p2 move airslash\n>p1 move fireblast\n>p2 switch 3\n>p1 move fireblast\n>p2 move thunderbolt\n>p1 switch 4\n>p1 move sludgebomb\n>p2 move thunderbolt\n>p2 switch 2\n>p1 switch 6\n>p2 move moonblast\n>p1 move sludgewave\n>p2 move psychic\n>p2 switch 5\n>p1 move sludgewave\n>p2 move flamethrower\n>p1 switch 6\n>p1 move sludgebomb\n>p2 move sludgebomb\n>p1 move sludgebomb\n>p2 move sludgebomb\n>p2 switch 3\n>p1 move dracometeor\n>p2 move airslash\n>p1 switch 5\n>p2 move defog dynamax\n>p1 move calmmind\n>p2 move uturn dynamax\n>p1 move calmmind\n>p2 move uturn dynamax\n>p1 move rest\n>p2 move uturn\n>p2 switch 4\n>p1 move sleeptalk\n>p2 move closecombat\n>p1 move sleeptalk\n>p2 move closecombat\n>p1 move rest\n>p2 move suckerpunch\n>p1 move sleeptalk\n>p2 move closecombat\n>p1 move sleeptalk\n>p2 move closecombat\n>p1 move rest\n>p2 move suckerpunch\n>p1 move sleeptalk\n>p2 move toxic\n>p1 move sleeptalk\n>p2 move toxic\n>p1 move scald\n>p2 move toxic\n>p2 switch 4\n>p1 move scald\n>p2 move roost\n>p1 move scald\n>p2 move roost\n>p1 move calmmind\n>p2 move airslash\n>p1 move calmmind\n>p2 move airslash\n>p1 move calmmind\n>p2 move airslash\n>p1 move calmmind\n>p2 move roost\n>p1 move scald\n>p2 move defog\n>p2 switch 6\n>p1 move scald\n>p2 move psyshock\n>p1 move scald\n>p2 move roost", "uploadtime": 1684357355, "views": 4, "p1id": "fantomhorsey", "p2id": "joshyboi999", "formatid": "gen8randombattle", "rating": 0, "private": 0, "password": ""}