{"id": "gen8randombattle-1871954289", "p1": "burriedinkillarney", "p2": "Gaudet95", "format": "[Gen 8] Random Battle", "log": "|j|\u2606burriedinkillarney\n|j|\u2606Gaudet95\n|t:|1685152205\n|gametype|singles\n|player|p1|burriedinkillarney|cyrus|1390\n|player|p2|Gaudet95|1|1385\n|teamsize|p1|6\n|teamsize|p2|6\n|gen|8\n|tier|[Gen 8] Random Battle\n|rated|\n|rule|Species Clause: Limit one of each Pok\u00e9mon\n|rule|HP Percentage Mod: HP is shown in percentages\n|rule|Sleep Clause Mod: Limit one foe put to sleep\n|\n|t:|1685152205\n|start\n|switch|p1a: Starmie|Starmie, L84|238/238\n|switch|p2a: Aurorus|Aurorus, L84, M|344/344\n|-weather|Hail|[from] ability: Snow Warning|[of] p2a: Aurorus\n|turn|1\n|inactive|Battle timer is ON: inactive players will automatically lose when time's up. (requested by Gaudet95)\n|c|\u2606Gaudet95|gl hf! :)\n|inactive|burriedinkillarney has 120 seconds left.\n|\n|t:|1685152240\n|move|p1a: Starmie|Hydro Pump|p2a: Aurorus\n|-supereffective|p2a: Aurorus\n|-damage|p2a: Aurorus|132/344\n|move|p2a: Aurorus|Stealth Rock|p1a: Starmie\n|-sidestart|p1: burriedinkillarney|move: Stealth Rock\n|\n|-weather|Hail|[upkeep]\n|-damage|p1a: Starmie|224/238|[from] Hail\n|-heal|p1a: Starmie|238/238|[from] item: Leftovers\n|upkeep\n|turn|2\n|\n|t:|1685152249\n|move|p1a: Starmie|Hydro Pump|p2a: Aurorus\n|-supereffective|p2a: Aurorus\n|-damage|p2a: Aurorus|0 fnt\n|faint|p2a: Aurorus\n|\n|-weather|Hail|[upkeep]\n|-damage|p1a: Starmie|224/238|[from] Hail\n|-heal|p1a: Starmie|238/238|[from] item: Leftovers\n|upkeep\n|\n|t:|1685152272\n|switch|p2a: Crustle|Crustle, L82, F|249/249\n|turn|3\n|\n|t:|1685152283\n|move|p1a: Starmie|Hydro Pump|p2a: Crustle|[miss]\n|-miss|p1a: Starmie|p2a: Crustle\n|move|p2a: Crustle|Shell Smash|p2a: Crustle\n|-unboost|p2a: Crustle|def|1\n|-unboost|p2a: Crustle|spd|1\n|-boost|p2a: Crustle|atk|2\n|-boost|p2a: Crustle|spa|2\n|-boost|p2a: Crustle|spe|2\n|\n|-weather|Hail|[upkeep]\n|-damage|p2a: Crustle|234/249|[from] Hail\n|-damage|p1a: Starmie|224/238|[from] Hail\n|-heal|p1a: Starmie|238/238|[from] item: Leftovers\n|upkeep\n|turn|4\n|\n|t:|1685152294\n|move|p2a: Crustle|X-Scissor|p1a: Starmie\n|-supereffective|p1a: Starmie\n|-damage|p1a: Starmie|0 fnt\n|faint|p1a: Starmie\n|\n|-weather|Hail|[upkeep]\n|-damage|p2a: Crustle|219/249|[from] Hail\n|upkeep\n|inactive|burriedinkillarney has 120 seconds left.\n|\n|t:|1685152334\n|switch|p1a: Wigglytuff|Wigglytuff, L90, F|398/398\n|-damage|p1a: Wigglytuff|349/398|[from] Stealth Rock\n|-item|p2a: Crustle|Heavy-Duty Boots|[from] ability: Frisk|[of] p1a: Wigglytuff|[identify]\n|turn|5\n|\n|t:|1685152347\n|move|p2a: Crustle|Earthquake|p1a: Wigglytuff\n|-damage|p1a: Wigglytuff|138/398\n|move|p1a: Wigglytuff|Reflect|p1a: Wigglytuff\n|-sidestart|p1: burriedinkillarney|Reflect\n|\n|-weather|none\n|upkeep\n|turn|6\n|\n|t:|1685152354\n|move|p2a: Crustle|Earthquake|p1a: Wigglytuff\n|-damage|p1a: Wigglytuff|40/398\n|move|p1a: Wigglytuff|Dazzling Gleam|p2a: Crustle\n|-damage|p2a: Crustle|77/249\n|\n|upkeep\n|turn|7\n|\n|t:|1685152360\n|move|p2a: Crustle|Earthquake|p1a: Wigglytuff\n|-crit|p1a: Wigglytuff\n|-damage|p1a: Wigglytuff|0 fnt\n|faint|p1a: Wigglytuff\n|\n|upkeep\n|\n|t:|1685152371\n|switch|p1a: Omastar|Omastar, L82, M|249/249\n|-damage|p1a: Omastar|218/249|[from] Stealth Rock\n|turn|8\n|\n|t:|1685152386\n|move|p2a: Crustle|Earthquake|p1a: Omastar\n|-supereffective|p1a: Omastar\n|-damage|p1a: Omastar|102/249\n|move|p1a: Omastar|Shell Smash|p1a: Omastar\n|-unboost|p1a: Omastar|def|1\n|-unboost|p1a: Omastar|spd|1\n|-boost|p1a: Omastar|atk|2\n|-boost|p1a: Omastar|spa|2\n|-boost|p1a: Omastar|spe|2\n|-enditem|p1a: Omastar|White Herb\n|-clearnegativeboost|p1a: Omastar|[silent]\n|\n|upkeep\n|turn|9\n|\n|t:|1685152397\n|move|p1a: Omastar|Earth Power|p2a: Crustle\n|-damage|p2a: Crustle|0 fnt\n|faint|p2a: Crustle\n|\n|upkeep\n|\n|t:|1685152418\n|switch|p2a: Mew|Mew, L80|291/291\n|turn|10\n|\n|t:|1685152441\n|-start|p1a: Omastar|Dynamax|\n|-heal|p1a: Omastar|204/498|[silent]\n|move|p1a: Omastar|Max Geyser|p2a: Mew\n|-damage|p2a: Mew|0 fnt\n|-weather|RainDance\n|faint|p2a: Mew\n|\n|-weather|RainDance|[upkeep]\n|upkeep\n|\n|t:|1685152449\n|switch|p2a: Kingler|Kingler, L84, M|230/230\n|turn|11\n|\n|t:|1685152461\n|move|p1a: Omastar|Max Quake|p2a: Kingler\n|-damage|p2a: Kingler|0 fnt\n|-boost|p1a: Omastar|spd|1\n|faint|p2a: Kingler\n|\n|-weather|RainDance|[upkeep]\n|upkeep\n|\n|t:|1685152472\n|switch|p2a: Blaziken|Blaziken, L76, M|247/247\n|turn|12\n|\n|t:|1685152477\n|move|p1a: Omastar|Max Geyser|p2a: Blaziken\n|-supereffective|p2a: Blaziken\n|-damage|p2a: Blaziken|0 fnt\n|faint|p2a: Blaziken\n|\n|-weather|RainDance|[upkeep]\n|-sideend|p1: burriedinkillarney|Reflect\n|upkeep\n|\n|t:|1685152484\n|switch|p2a: Rayquaza|Rayquaza, L74|277/277\n|-ability|p2a: Rayquaza|Air Lock\n|-end|p1a: Omastar|Dynamax\n|-heal|p1a: Omastar|102/249|[silent]\n|turn|13\n|\n|t:|1685152492\n|-start|p2a: Rayquaza|Dynamax|\n|-heal|p2a: Rayquaza|554/554|[silent]\n|move|p1a: Omastar|Ice Beam|p2a: Rayquaza\n|-supereffective|p2a: Rayquaza\n|-damage|p2a: Rayquaza|130/554\n|move|p2a: Rayquaza|Max Quake|p1a: Omastar\n|-supereffective|p1a: Omastar\n|-damage|p1a: Omastar|0 fnt\n|-boost|p2a: Rayquaza|spd|1\n|faint|p1a: Omastar\n|\n|-weather|RainDance|[upkeep]\n|upkeep\n|\n|t:|1685152505\n|switch|p1a: Rotom|Rotom, L84|221/221\n|-damage|p1a: Rotom|194/221|[from] Stealth Rock\n|turn|14\n|\n|t:|1685152514\n|move|p1a: Rotom|Will-O-Wisp|p2a: Rayquaza\n|-status|p2a: Rayquaza|brn\n|move|p2a: Rayquaza|Max Airstream|p1a: Rotom\n|-resisted|p1a: Rotom\n|-damage|p1a: Rotom|145/221\n|-boost|p2a: Rayquaza|spe|1\n|\n|-weather|none\n|-damage|p2a: Rayquaza|113/554 brn|[from] brn\n|upkeep\n|turn|15\n|\n|t:|1685152527\n|move|p2a: Rayquaza|Max Wyrmwind|p1a: Rotom\n|-damage|p1a: Rotom|0 fnt\n|faint|p1a: Rotom\n|\n|-damage|p2a: Rayquaza|96/554 brn|[from] brn\n|upkeep\n|\n|t:|1685152530\n|switch|p1a: Lycanroc|Lycanroc, L80, F|251/251\n|-damage|p1a: Lycanroc|220/251|[from] Stealth Rock\n|-end|p2a: Rayquaza|Dynamax\n|-heal|p2a: Rayquaza|48/277 brn|[silent]\n|turn|16\n|\n|t:|1685152539\n|move|p1a: Lycanroc|Accelerock|p2a: Rayquaza\n|-supereffective|p2a: Rayquaza\n|-damage|p2a: Rayquaza|0 fnt\n|faint|p2a: Rayquaza\n|\n|win|burriedinkillarney\n|raw|burriedinkillarney's rating: 1390 &rarr; <strong>1410</strong><br />(+20 for winning)\n|raw|Gaudet95's rating: 1385 &rarr; <strong>1365</strong><br />(-20 for losing)\n|l|\u2606burriedinkillarney\n|c|\u2606Gaudet95|gg\n|l|\u2606Gaudet95\n|j|\u2606burriedinkillarney\n|player|p1|burriedinkillarney|cyrus\n", "inputlog": ">version 61c68e60481ef09071210320730fc448fef50368\n>start {\"formatid\":\"gen8randombattle\",\"seed\":[54745,38937,34979,7925],\"rated\":\"Rated battle\"}\n>player p1 {\"name\":\"burriedinkillarney\",\"avatar\":\"cyrus\",\"rating\":1390,\"seed\":[33383,42008,60764,5567]}\n>player p2 {\"name\":\"Gaudet95\",\"avatar\":\"1\",\"rating\":1385,\"seed\":[38822,20217,53911,65157]}\n>chat \u2606Gaudet95|gl hf! :)\n>p1 move hydropump\n>p2 move stealthrock\n>p1 move hydropump\n>p2 move thunderwave\n>p2 switch 2\n>p1 move hydropump\n>p2 move shellsmash\n>p1 move hydropump\n>p2 move xscissor\n>p1 switch 6\n>p1 move reflect\n>p2 move earthquake\n>p1 move dazzlinggleam\n>p2 move earthquake\n>p1 move stealthrock\n>p2 move earthquake\n>p1 switch 5\n>p1 move shellsmash\n>p2 move earthquake\n>p1 move earthpower\n>p2 move earthquake\n>p2 switch 3\n>p1 move hydropump dynamax\n>p2 move dragondance\n>p2 switch 6\n>p1 move earthpower dynamax\n>p2 move agility\n>p2 switch 4\n>p1 move hydropump dynamax\n>p2 move knockoff\n>p2 switch 5\n>p1 move icebeam\n>p2 move earthquake dynamax\n>p1 switch 3\n>p1 move willowisp\n>p2 move dragonascent dynamax\n>p1 move thunderbolt\n>p2 move dracometeor dynamax\n>p1 switch 4\n>p1 move accelerock\n>p2 move earthquake", "uploadtime": 1685152571, "views": 9, "p1id": "burriedinkillarney", "p2id": "gaudet95", "formatid": "gen8randombattle", "rating": 1365, "private": 0, "password": ""}