{"id": "gen8randombattle-1872776040", "p1": "sanesitoo", "p2": "Julia Cat", "format": "[Gen 8] Random Battle", "log": "|j|\u2606sanesitoo\n|j|\u2606Julia Cat\n|t:|1685283152\n|gametype|singles\n|player|p1|sanesitoo|265|1161\n|player|p2|Julia Cat|169|1000\n|teamsize|p1|6\n|teamsize|p2|6\n|gen|8\n|tier|[Gen 8] Random Battle\n|rated|\n|rule|Species Clause: Limit one of each Pok\u00e9mon\n|rule|HP Percentage Mod: HP is shown in percentages\n|rule|Sleep Clause Mod: Limit one foe put to sleep\n|\n|t:|1685283152\n|start\n|switch|p1a: Rotom|Rotom-Fan, L84|221/221\n|switch|p2a: Drapion|Drapion, L82, F|249/249\n|turn|1\n|inactive|Battle timer is ON: inactive players will automatically lose when time's up. (requested by sanesitoo)\n|\n|t:|1685283180\n|move|p2a: Drapion|Poison Jab|p1a: Rotom\n|-crit|p1a: Rotom\n|-damage|p1a: Rotom|40/221\n|-status|p1a: Rotom|psn\n|-damage|p2a: Drapion|225/249|[from] item: Life Orb\n|move|p1a: Rotom|Volt Switch|p2a: Drapion\n|-damage|p2a: Drapion|131/249\n|inactive|sanesitoo has 120 seconds left.\n|\n|t:|1685283213\n|switch|p1a: Zeraora|Zeraora, L76|259/259|[from] Volt Switch\n|\n|upkeep\n|turn|2\n|inactive|sanesitoo has 120 seconds left.\n|\n|t:|1685283232\n|move|p1a: Zeraora|Volt Switch|p2a: Drapion\n|-damage|p2a: Drapion|52/249\n|\n|t:|1685283235\n|switch|p1a: Scolipede|Scolipede, L80, F|227/227|[from] Volt Switch\n|move|p2a: Drapion|Toxic Spikes|p1a: Scolipede\n|-sidestart|p1: sanesitoo|move: Toxic Spikes\n|\n|upkeep\n|turn|3\n|\n|t:|1685283245\n|move|p1a: Scolipede|Toxic Spikes|p2a: Drapion\n|-sidestart|p2: Julia Cat|move: Toxic Spikes\n|move|p2a: Drapion|Earthquake|p1a: Scolipede\n|-damage|p1a: Scolipede|140/227\n|-damage|p2a: Drapion|28/249|[from] item: Life Orb\n|\n|-ability|p1a: Scolipede|Speed Boost|boost\n|-boost|p1a: Scolipede|spe|1\n|upkeep\n|turn|4\n|\n|t:|1685283270\n|move|p1a: Scolipede|Earthquake|p2a: Drapion\n|-supereffective|p2a: Drapion\n|-damage|p2a: Drapion|0 fnt\n|faint|p2a: Drapion\n|\n|-ability|p1a: Scolipede|Speed Boost|boost\n|-boost|p1a: Scolipede|spe|1\n|upkeep\n|inactive|Julia Cat has 120 seconds left.\n|\n|t:|1685283289\n|switch|p2a: Solgaleo|Solgaleo, L72|316/316\n|turn|5\n|inactive|Julia Cat has 120 seconds left.\n|c|\u2606sanesitoo|cmon julia\n|\n|t:|1685283310\n|move|p1a: Scolipede|Earthquake|p2a: Solgaleo\n|-supereffective|p2a: Solgaleo\n|-crit|p2a: Solgaleo\n|-damage|p2a: Solgaleo|116/316\n|move|p2a: Solgaleo|Sunsteel Strike|p1a: Scolipede\n|-damage|p1a: Scolipede|35/227\n|\n|-ability|p1a: Scolipede|Speed Boost|boost\n|-boost|p1a: Scolipede|spe|1\n|upkeep\n|turn|6\n|c|\u2606sanesitoo|COME ON DAMN\n|\n|t:|1685283335\n|switch|p2a: Heliolisk|Heliolisk, L82, M|236/236\n|-status|p2a: Heliolisk|psn\n|move|p1a: Scolipede|Earthquake|p2a: Heliolisk\n|-supereffective|p2a: Heliolisk\n|-damage|p2a: Heliolisk|38/236 psn\n|\n|-damage|p2a: Heliolisk|9/236 psn|[from] psn\n|-ability|p1a: Scolipede|Speed Boost|boost\n|-boost|p1a: Scolipede|spe|1\n|upkeep\n|turn|7\n|c|\u2606sanesitoo|slow ass brain\n|inactive|Julia Cat has 90 seconds left.\n|\n|t:|1685283360\n|move|p1a: Scolipede|Poison Jab|p2a: Heliolisk\n|-damage|p2a: Heliolisk|0 fnt\n|faint|p2a: Heliolisk\n|\n|-ability|p1a: Scolipede|Speed Boost|boost\n|-boost|p1a: Scolipede|spe|1\n|upkeep\n|c|\u2606sanesitoo|yeah u better be quick\n|\n|t:|1685283376\n|switch|p2a: Miltank|Miltank, L84, F|297/297\n|-status|p2a: Miltank|psn\n|turn|8\n|\n|t:|1685283397\n|move|p1a: Scolipede|Megahorn|p2a: Miltank\n|-damage|p2a: Miltank|198/297 psn\n|move|p2a: Miltank|Body Slam|p1a: Scolipede\n|-damage|p1a: Scolipede|0 fnt\n|faint|p1a: Scolipede\n|\n|-heal|p2a: Miltank|216/297 psn|[from] item: Leftovers\n|-damage|p2a: Miltank|179/297 psn|[from] psn\n|upkeep\n|\n|t:|1685283408\n|switch|p1a: Type: Null|Type: Null, L86|304/304\n|-status|p1a: Type: Null|psn\n|turn|9\n|inactive|Julia Cat has 60 seconds left.\n|c|\u2606sanesitoo|COME OOOOOOOOOOOOOOOOOOOOOON\n|\n|t:|1685283441\n|move|p2a: Miltank|Body Slam|p1a: Type: Null\n|-damage|p1a: Type: Null|253/304 psn\n|move|p1a: Type: Null|Swords Dance|p1a: Type: Null\n|-boost|p1a: Type: Null|atk|2\n|\n|-heal|p2a: Miltank|197/297 psn|[from] item: Leftovers\n|-damage|p2a: Miltank|160/297 psn|[from] psn\n|-damage|p1a: Type: Null|215/304 psn|[from] psn\n|upkeep\n|turn|10\n|c|\u2606sanesitoo|yo dumb fuck come on\n|\n|t:|1685283452\n|move|p2a: Miltank|Body Slam|p1a: Type: Null\n|-damage|p1a: Type: Null|170/304 psn\n|move|p1a: Type: Null|Crush Claw|p2a: Miltank\n|-damage|p2a: Miltank|13/297 psn\n|-unboost|p2a: Miltank|def|1\n|\n|-heal|p2a: Miltank|31/297 psn|[from] item: Leftovers\n|-damage|p2a: Miltank|0 fnt|[from] psn\n|faint|p2a: Miltank\n|-damage|p1a: Type: Null|132/304 psn|[from] psn\n|upkeep\n|\n|t:|1685283474\n|switch|p2a: Shiinotic|Shiinotic, L86, F|243/243\n|-status|p2a: Shiinotic|psn\n|turn|11\n|\n|t:|1685283484\n|move|p1a: Type: Null|Rest|p1a: Type: Null\n|-status|p1a: Type: Null|slp|[from] move: Rest\n|-heal|p1a: Type: Null|304/304 slp|[silent]\n|move|p2a: Shiinotic|Moonblast|p1a: Type: Null\n|-damage|p1a: Type: Null|247/304 slp\n|-unboost|p1a: Type: Null|spa|1\n|\n|-damage|p2a: Shiinotic|213/243 psn|[from] psn\n|upkeep\n|turn|12\n|\n|t:|1685283496\n|cant|p1a: Type: Null|slp\n|move|p1a: Type: Null|Sleep Talk|p1a: Type: Null\n|move|p1a: Type: Null|Swords Dance|p1a: Type: Null|[from]move: Sleep Talk\n|-boost|p1a: Type: Null|atk|2\n|move|p2a: Shiinotic|Energy Ball|p1a: Type: Null\n|-damage|p1a: Type: Null|189/304 slp\n|-unboost|p1a: Type: Null|spd|1\n|\n|-heal|p2a: Shiinotic|228/243 psn|[from] item: Leftovers\n|-damage|p2a: Shiinotic|198/243 psn|[from] psn\n|upkeep\n|turn|13\n|\n|t:|1685283511\n|cant|p1a: Type: Null|slp\n|move|p1a: Type: Null|Sleep Talk|p1a: Type: Null\n|move|p1a: Type: Null|Swords Dance|p1a: Type: Null|[from]move: Sleep Talk\n|-boost|p1a: Type: Null|atk|2\n|move|p2a: Shiinotic|Strength Sap|p1a: Type: Null\n|-unboost|p1a: Type: Null|atk|1\n|-heal|p2a: Shiinotic|243/243 psn\n|\n|-damage|p2a: Shiinotic|213/243 psn|[from] psn\n|upkeep\n|turn|14\n|inactive|Julia Cat has 30 seconds left.\n|c|\u2606sanesitoo|u a bot\n|inactive|Julia Cat has 20 seconds left.\n|inactive|Julia Cat has 15 seconds left.\n|inactive|Julia Cat has 10 seconds left.\n|inactive|Julia Cat has 5 seconds left.\n|c|\u2606sanesitoo|gg dumb btch\n|-message|Julia Cat lost due to inactivity.\n|\n|win|sanesitoo\n|raw|sanesitoo's rating: 1161 &rarr; <strong>1175</strong><br />(+14 for winning)\n|raw|Julia Cat's rating: 1000 &rarr; <strong>1000</strong><br />(+0 for losing)\n", "inputlog": ">version d74822bbc74c095aa312053f7034baee3068d99e\n>start {\"formatid\":\"gen8randombattle\",\"seed\":[46351,25636,59678,28574],\"rated\":\"Rated battle\"}\n>player p1 {\"name\":\"sanesitoo\",\"avatar\":\"265\",\"rating\":1161,\"seed\":[43165,26227,52418,37860]}\n>player p2 {\"name\":\"Julia Cat\",\"avatar\":\"169\",\"rating\":1000,\"seed\":[1858,4587,40081,22643]}\n>p1 move voltswitch\n>p2 move poisonjab\n>p1 switch 3\n>p1 move voltswitch\n>p2 move toxicspikes\n>p1 switch 5\n>p1 move toxicspikes\n>p2 move earthquake\n>p1 move earthquake\n>p2 move knockoff\n>p2 switch 6\n>chat \u2606sanesitoo|cmon julia\n>p1 move earthquake\n>p2 move sunsteelstrike\n>chat \u2606sanesitoo|COME ON DAMN\n>p1 move earthquake\n>p2 switch 3\n>chat \u2606sanesitoo|slow ass brain\n>p1 move poisonjab\n>p2 move grassknot\n>chat \u2606sanesitoo|yeah u better be quick\n>p2 switch 4\n>p1 move megahorn\n>p2 move bodyslam\n>p1 switch 6\n>chat \u2606sanesitoo|COME OOOOOOOOOOOOOOOOOOOOOON\n>p1 move swordsdance\n>p2 move bodyslam\n>chat \u2606sanesitoo|yo dumb fuck come on \n>p1 move crushclaw\n>p2 move bodyslam\n>p2 switch 2\n>p1 move rest\n>p2 move moonblast\n>p1 move sleeptalk\n>p2 move energyball\n>p1 move sleeptalk\n>p2 move strengthsap\n>chat \u2606sanesitoo|u a bot\n>chat \u2606sanesitoo|gg dumb btch\n>forcelose p2", "uploadtime": 1685283444, "views": 3, "p1id": "sanesitoo", "p2id": "juliacat", "formatid": "gen8randombattle", "rating": 1000, "private": 0, "password": ""}