{"id": "gen8randombattle-1873620962", "p1": "tvvuhjhhb", "p2": "giratina7860", "format": "[Gen 8] Random Battle", "log": "|j|\u2606tvvuhjhhb\n|j|\u2606giratina7860\n|t:|1685397412\n|gametype|singles\n|player|p1|tvvuhjhhb|266|1000\n|player|p2|giratina7860|steven|1000\n|teamsize|p1|6\n|teamsize|p2|6\n|gen|8\n|tier|[Gen 8] Random Battle\n|rated|\n|rule|Species Clause: Limit one of each Pok\u00e9mon\n|rule|HP Percentage Mod: HP is shown in percentages\n|rule|Sleep Clause Mod: Limit one foe put to sleep\n|\n|t:|1685397412\n|start\n|switch|p1a: Salazzle|Salazzle, L82, F|246/246\n|switch|p2a: Heatmor|Heatmor, L90, F|299/299\n|turn|1\n|\n|t:|1685397439\n|switch|p2a: Gastrodon|Gastrodon-East, L84, F|324/324\n|move|p1a: Salazzle|Substitute|p1a: Salazzle\n|-start|p1a: Salazzle|Substitute\n|-damage|p1a: Salazzle|185/246\n|\n|-heal|p1a: Salazzle|200/246|[from] item: Black Sludge\n|upkeep\n|turn|2\n|\n|t:|1685397449\n|move|p1a: Salazzle|Protect|p1a: Salazzle\n|-singleturn|p1a: Salazzle|Protect\n|move|p2a: Gastrodon|Scald|p1a: Salazzle\n|-activate|p1a: Salazzle|move: Protect\n|\n|-heal|p1a: Salazzle|215/246|[from] item: Black Sludge\n|upkeep\n|turn|3\n|\n|t:|1685397505\n|move|p1a: Salazzle|Toxic|p2a: Gastrodon\n|-status|p2a: Gastrodon|tox\n|move|p2a: Gastrodon|Earthquake|p1a: Salazzle\n|-supereffective|p1a: Salazzle\n|-end|p1a: Salazzle|Substitute\n|\n|-heal|p1a: Salazzle|230/246|[from] item: Black Sludge\n|-damage|p2a: Gastrodon|304/324 tox|[from] psn\n|upkeep\n|turn|4\n|\n|t:|1685397519\n|move|p1a: Salazzle|Protect|p1a: Salazzle\n|-singleturn|p1a: Salazzle|Protect\n|move|p2a: Gastrodon|Scald|p1a: Salazzle\n|-activate|p1a: Salazzle|move: Protect\n|\n|-heal|p1a: Salazzle|245/246|[from] item: Black Sludge\n|-heal|p2a: Gastrodon|324/324 tox|[from] item: Leftovers\n|-damage|p2a: Gastrodon|284/324 tox|[from] psn\n|upkeep\n|turn|5\n|\n|t:|1685397529\n|move|p1a: Salazzle|Substitute|p1a: Salazzle\n|-start|p1a: Salazzle|Substitute\n|-damage|p1a: Salazzle|184/246\n|move|p2a: Gastrodon|Scald|p1a: Salazzle\n|-supereffective|p1a: Salazzle\n|-crit|p1a: Salazzle\n|-end|p1a: Salazzle|Substitute\n|\n|-heal|p1a: Salazzle|199/246|[from] item: Black Sludge\n|-heal|p2a: Gastrodon|304/324 tox|[from] item: Leftovers\n|-damage|p2a: Gastrodon|244/324 tox|[from] psn\n|upkeep\n|turn|6\n|\n|t:|1685397540\n|move|p1a: Salazzle|Protect|p1a: Salazzle\n|-singleturn|p1a: Salazzle|Protect\n|move|p2a: Gastrodon|Scald|p1a: Salazzle\n|-activate|p1a: Salazzle|move: Protect\n|\n|-heal|p1a: Salazzle|214/246|[from] item: Black Sludge\n|-heal|p2a: Gastrodon|264/324 tox|[from] item: Leftovers\n|-damage|p2a: Gastrodon|184/324 tox|[from] psn\n|upkeep\n|turn|7\n|\n|t:|1685397553\n|switch|p2a: Cursola|Cursola, L86, M|243/243\n|move|p1a: Salazzle|Substitute|p1a: Salazzle\n|-start|p1a: Salazzle|Substitute\n|-damage|p1a: Salazzle|153/246\n|\n|-heal|p1a: Salazzle|168/246|[from] item: Black Sludge\n|upkeep\n|turn|8\n|\n|t:|1685397562\n|move|p1a: Salazzle|Toxic|p2a: Cursola\n|-status|p2a: Cursola|tox\n|move|p2a: Cursola|Hydro Pump|p1a: Salazzle\n|-supereffective|p1a: Salazzle\n|-end|p1a: Salazzle|Substitute\n|\n|-heal|p1a: Salazzle|183/246|[from] item: Black Sludge\n|-damage|p2a: Cursola|228/243 tox|[from] psn\n|upkeep\n|turn|9\n|\n|t:|1685397581\n|move|p1a: Salazzle|Protect|p1a: Salazzle\n|-singleturn|p1a: Salazzle|Protect\n|move|p2a: Cursola|Stealth Rock|p1a: Salazzle\n|-sidestart|p1: tvvuhjhhb|move: Stealth Rock\n|\n|-heal|p1a: Salazzle|198/246|[from] item: Black Sludge\n|-heal|p2a: Cursola|243/243 tox|[from] item: Leftovers\n|-damage|p2a: Cursola|213/243 tox|[from] psn\n|upkeep\n|turn|10\n|\n|t:|1685397595\n|move|p1a: Salazzle|Substitute|p1a: Salazzle\n|-start|p1a: Salazzle|Substitute\n|-damage|p1a: Salazzle|137/246\n|move|p2a: Cursola|Earth Power|p1a: Salazzle\n|-supereffective|p1a: Salazzle\n|-end|p1a: Salazzle|Substitute\n|\n|-heal|p1a: Salazzle|152/246|[from] item: Black Sludge\n|-heal|p2a: Cursola|228/243 tox|[from] item: Leftovers\n|-damage|p2a: Cursola|183/243 tox|[from] psn\n|upkeep\n|turn|11\n|\n|t:|1685397606\n|move|p1a: Salazzle|Protect|p1a: Salazzle\n|-singleturn|p1a: Salazzle|Protect\n|move|p2a: Cursola|Hydro Pump|p1a: Salazzle\n|-activate|p1a: Salazzle|move: Protect\n|\n|-heal|p1a: Salazzle|167/246|[from] item: Black Sludge\n|-heal|p2a: Cursola|198/243 tox|[from] item: Leftovers\n|-damage|p2a: Cursola|138/243 tox|[from] psn\n|upkeep\n|turn|12\n|\n|t:|1685397633\n|switch|p2a: Grapploct|Grapploct, L86, F|278/278\n|move|p1a: Salazzle|Substitute|p1a: Salazzle\n|-start|p1a: Salazzle|Substitute\n|-damage|p1a: Salazzle|106/246\n|\n|-heal|p1a: Salazzle|121/246|[from] item: Black Sludge\n|upkeep\n|turn|13\n|\n|t:|1685397654\n|move|p1a: Salazzle|Toxic|p2a: Grapploct\n|-status|p2a: Grapploct|tox\n|move|p2a: Grapploct|Bulk Up|p2a: Grapploct\n|-boost|p2a: Grapploct|atk|1\n|-boost|p2a: Grapploct|def|1\n|\n|-heal|p1a: Salazzle|136/246|[from] item: Black Sludge\n|-damage|p2a: Grapploct|261/278 tox|[from] psn\n|upkeep\n|turn|14\n|\n|t:|1685397666\n|move|p1a: Salazzle|Flamethrower|p2a: Grapploct\n|-damage|p2a: Grapploct|150/278 tox\n|move|p2a: Grapploct|Bulk Up|p2a: Grapploct\n|-boost|p2a: Grapploct|atk|1\n|-boost|p2a: Grapploct|def|1\n|\n|-heal|p1a: Salazzle|151/246|[from] item: Black Sludge\n|-damage|p2a: Grapploct|116/278 tox|[from] psn\n|upkeep\n|turn|15\n|\n|t:|1685397678\n|move|p1a: Salazzle|Protect|p1a: Salazzle\n|-singleturn|p1a: Salazzle|Protect\n|move|p2a: Grapploct|Drain Punch|p1a: Salazzle\n|-activate|p1a: Salazzle|move: Protect\n|\n|-heal|p1a: Salazzle|166/246|[from] item: Black Sludge\n|-damage|p2a: Grapploct|65/278 tox|[from] psn\n|upkeep\n|turn|16\n|\n|t:|1685397688\n|move|p1a: Salazzle|Flamethrower|p2a: Grapploct\n|-damage|p2a: Grapploct|0 fnt\n|faint|p2a: Grapploct\n|\n|-heal|p1a: Salazzle|181/246|[from] item: Black Sludge\n|upkeep\n|-message|giratina7860 forfeited.\n|\n|win|tvvuhjhhb\n|raw|tvvuhjhhb's rating: 1000 &rarr; <strong>1040</strong><br />(+40 for winning)\n|raw|giratina7860's rating: 1000 &rarr; <strong>1000</strong><br />(+0 for losing)\n|l|\u2606giratina7860\n", "inputlog": ">version 6fec31d5a0d4498a06105aa188c9906bc0b6bf95\n>start {\"formatid\":\"gen8randombattle\",\"seed\":[40198,45551,45913,54346],\"rated\":\"Rated battle\"}\n>player p1 {\"name\":\"tvvuhjhhb\",\"avatar\":\"266\",\"rating\":1000,\"seed\":[20390,43081,43271,1323]}\n>player p2 {\"name\":\"giratina7860\",\"avatar\":\"steven\",\"rating\":1000,\"seed\":[10769,27035,12106,49560]}\n>p1 move substitute\n>p2 switch 4\n>p1 move protect\n>p2 move scald\n>p1 move toxic\n>p2 move earthquake\n>p1 move protect\n>p2 move scald\n>p1 move substitute\n>p2 move scald\n>p1 move protect\n>p2 move scald\n>p1 move substitute\n>p2 switch 6\n>p1 move toxic\n>p2 move hydropump\n>p1 move protect\n>p2 move stealthrock\n>p1 move substitute\n>p2 move earthpower\n>p1 move protect\n>p2 move hydropump\n>p1 move substitute\n>p2 switch 3\n>p1 move toxic\n>p2 move bulkup\n>p1 move flamethrower\n>p2 move bulkup\n>p1 move protect\n>p2 move drainpunch\n>p1 move flamethrower\n>p2 move drainpunch\n>forcelose p2", "uploadtime": 1685397699, "views": 4, "p1id": "tvvuhjhhb", "p2id": "giratina7860", "formatid": "gen8randombattle", "rating": 1000, "private": 0, "password": ""}