{"id": "gen8randombattle-1871990100", "p1": "cashida", "p2": "S0JA", "format": "[Gen 8] Random Battle", "log": "|j|\u2606cashida\n|j|\u2606S0JA\n|t:|1685157497\n|gametype|singles\n|player|p1|cashida|benga|\n|player|p2|S0JA|unknown|\n|teamsize|p1|6\n|teamsize|p2|6\n|gen|8\n|tier|[Gen 8] Random Battle\n|rule|Species Clause: Limit one of each Pok\u00e9mon\n|rule|HP Percentage Mod: HP is shown in percentages\n|rule|Sleep Clause Mod: Limit one foe put to sleep\n|\n|t:|1685157497\n|start\n|switch|p1a: Marowak|Marowak, L86, M|243/243\n|switch|p2a: Rhyperior|Rhyperior, L82, M|323/323\n|turn|1\n|j| Kurtlima\n|\n|t:|1685157531\n|switch|p1a: Rhydon|Rhydon, L87, M|324/324\n|move|p2a: Rhyperior|Earthquake|p1a: Rhydon\n|-supereffective|p1a: Rhydon\n|-damage|p1a: Rhydon|108/324\n|\n|upkeep\n|turn|2\n|\n|t:|1685157543\n|move|p1a: Rhydon|Earthquake|p2a: Rhyperior\n|-supereffective|p2a: Rhyperior\n|-damage|p2a: Rhyperior|152/323\n|move|p2a: Rhyperior|Earthquake|p1a: Rhydon\n|-supereffective|p1a: Rhydon\n|-damage|p1a: Rhydon|0 fnt\n|faint|p1a: Rhydon\n|\n|upkeep\n|\n|t:|1685157554\n|switch|p1a: Marowak|Marowak, L86, M|243/243\n|turn|3\n|\n|t:|1685157558\n|move|p1a: Marowak|Earthquake|p2a: Rhyperior\n|-supereffective|p2a: Rhyperior\n|-damage|p2a: Rhyperior|0 fnt\n|faint|p2a: Rhyperior\n|\n|upkeep\n|\n|t:|1685157567\n|switch|p2a: Gyarados|Gyarados, L76, F|269/269\n|turn|4\n|\n|t:|1685157591\n|move|p2a: Gyarados|Waterfall|p1a: Marowak\n|-supereffective|p1a: Marowak\n|-damage|p1a: Marowak|109/243\n|move|p1a: Marowak|Stone Edge|p2a: Gyarados\n|-supereffective|p2a: Gyarados\n|-damage|p2a: Gyarados|0 fnt\n|faint|p2a: Gyarados\n|\n|upkeep\n|\n|t:|1685157601\n|switch|p2a: Seaking|Seaking, L88, F|284/284\n|turn|5\n|\n|t:|1685157612\n|move|p2a: Seaking|Swords Dance|p2a: Seaking\n|-boost|p2a: Seaking|atk|2\n|move|p1a: Marowak|Earthquake|p2a: Seaking\n|-damage|p2a: Seaking|50/284\n|\n|upkeep\n|turn|6\n|\n|t:|1685157619\n|move|p2a: Seaking|Waterfall|p1a: Marowak\n|-supereffective|p1a: Marowak\n|-damage|p1a: Marowak|0 fnt\n|faint|p1a: Marowak\n|-damage|p2a: Seaking|22/284|[from] item: Life Orb\n|\n|upkeep\n|\n|t:|1685157625\n|switch|p1a: Regieleki|Regieleki, L78|253/253\n|turn|7\n|\n|t:|1685157635\n|switch|p2a: Raichu|Raichu, L86, M|243/243\n|move|p1a: Regieleki|Volt Switch|p2a: Raichu\n|-ability|p2a: Raichu|Lightning Rod|boost\n|-boost|p2a: Raichu|spa|1\n|\n|upkeep\n|turn|8\n|\n|t:|1685157645\n|move|p1a: Regieleki|Explosion|p2a: Raichu\n|-crit|p2a: Raichu\n|-damage|p2a: Raichu|0 fnt\n|faint|p1a: Regieleki\n|faint|p2a: Raichu\n|\n|upkeep\n|\n|t:|1685157656\n|switch|p1a: Virizion|Virizion, L82|283/283\n|switch|p2a: Seaking|Seaking, L88, F|22/284\n|turn|9\n|\n|t:|1685157668\n|move|p1a: Virizion|Swords Dance|p1a: Virizion\n|-boost|p1a: Virizion|atk|2\n|move|p2a: Seaking|Knock Off|p1a: Virizion\n|-resisted|p1a: Virizion\n|-damage|p1a: Virizion|226/283\n|-ability|p1a: Virizion|Justified|boost\n|-boost|p1a: Virizion|atk|1\n|-enditem|p1a: Virizion|Lum Berry|[from] move: Knock Off|[of] p2a: Seaking\n|-damage|p2a: Seaking|0 fnt|[from] item: Life Orb\n|faint|p2a: Seaking\n|\n|upkeep\n|\n|t:|1685157677\n|switch|p2a: Garchomp|Garchomp, L74, F|282/282\n|turn|10\n|\n|t:|1685157685\n|-start|p1a: Virizion|Dynamax|\n|-heal|p1a: Virizion|452/566|[silent]\n|-start|p2a: Garchomp|Dynamax|\n|-heal|p2a: Garchomp|564/564|[silent]\n|move|p1a: Virizion|Max Overgrowth|p2a: Garchomp\n|-damage|p2a: Garchomp|245/564\n|-fieldstart|move: Grassy Terrain\n|move|p2a: Garchomp|Max Wyrmwind|p1a: Virizion\n|-damage|p1a: Virizion|284/566\n|-unboost|p1a: Virizion|atk|1\n|\n|-heal|p1a: Virizion|301/566|[from] Grassy Terrain\n|-heal|p2a: Garchomp|262/564|[from] Grassy Terrain\n|upkeep\n|turn|11\n|\n|t:|1685157699\n|move|p2a: Garchomp|Max Guard|p2a: Garchomp\n|-singleturn|p2a: Garchomp|Max Guard\n|move|p1a: Virizion|Max Overgrowth|p2a: Garchomp\n|-activate|p2a: Garchomp|move: Max Guard\n|\n|-heal|p1a: Virizion|318/566|[from] Grassy Terrain\n|-heal|p2a: Garchomp|279/564|[from] Grassy Terrain\n|upkeep\n|turn|12\n|\n|t:|1685157708\n|move|p2a: Garchomp|Max Guard||[still]\n|-fail|p2a: Garchomp\n|move|p1a: Virizion|Max Overgrowth|p2a: Garchomp\n|-damage|p2a: Garchomp|0 fnt\n|faint|p2a: Garchomp\n|\n|-heal|p1a: Virizion|335/566|[from] Grassy Terrain\n|upkeep\n|\n|t:|1685157720\n|switch|p2a: Regirock|Regirock, L85|275/275\n|-end|p1a: Virizion|Dynamax\n|-heal|p1a: Virizion|168/283|[silent]\n|turn|13\n|\n|t:|1685157739\n|move|p1a: Virizion|Close Combat|p2a: Regirock\n|-supereffective|p2a: Regirock\n|-crit|p2a: Regirock\n|-ability|p2a: Regirock|Sturdy\n|-damage|p2a: Regirock|1/275\n|-unboost|p1a: Virizion|def|1\n|-unboost|p1a: Virizion|spd|1\n|move|p2a: Regirock|Curse|p2a: Regirock\n|-unboost|p2a: Regirock|spe|1\n|-boost|p2a: Regirock|atk|1\n|-boost|p2a: Regirock|def|1\n|\n|-heal|p1a: Virizion|185/283|[from] Grassy Terrain\n|-heal|p2a: Regirock|18/275|[from] Grassy Terrain\n|upkeep\n|turn|14\n|j| james parker 5\n|l| james parker 5\n|\n|t:|1685157788\n|switch|p1a: Metagross|Metagross, L79|256/256\n|move|p2a: Regirock|Rest|p2a: Regirock\n|-status|p2a: Regirock|slp|[from] move: Rest\n|-heal|p2a: Regirock|275/275 slp|[silent]\n|-enditem|p2a: Regirock|Chesto Berry|[eat]\n|-curestatus|p2a: Regirock|slp|[msg]\n|\n|-fieldend|move: Grassy Terrain\n|upkeep\n|turn|15\n|\n|t:|1685157801\n|move|p1a: Metagross|Stealth Rock|p2a: Regirock\n|-sidestart|p2: S0JA|move: Stealth Rock\n|move|p2a: Regirock|Body Press|p1a: Metagross\n|-damage|p1a: Metagross|134/256\n|\n|-heal|p1a: Metagross|150/256|[from] item: Leftovers\n|upkeep\n|turn|16\n|\n|t:|1685157809\n|move|p1a: Metagross|Stealth Rock||[still]\n|-fail|p1a: Metagross\n|move|p2a: Regirock|Body Press|p1a: Metagross\n|-damage|p1a: Metagross|36/256\n|\n|-heal|p1a: Metagross|52/256|[from] item: Leftovers\n|upkeep\n|turn|17\n|\n|t:|1685157816\n|move|p1a: Metagross|Stealth Rock||[still]\n|-fail|p1a: Metagross\n|move|p2a: Regirock|Body Press|p1a: Metagross\n|-damage|p1a: Metagross|0 fnt\n|faint|p1a: Metagross\n|\n|upkeep\n|\n|t:|1685157821\n|switch|p1a: Tapu Lele|Tapu Lele, L79|240/240\n|-fieldstart|move: Psychic Terrain|[from] ability: Psychic Surge|[of] p1a: Tapu Lele\n|turn|18\n|\n|t:|1685157828\n|move|p1a: Tapu Lele|Focus Blast|p2a: Regirock|[miss]\n|-miss|p1a: Tapu Lele|p2a: Regirock\n|move|p2a: Regirock|Rock Slide|p1a: Tapu Lele\n|-damage|p1a: Tapu Lele|84/240\n|\n|upkeep\n|turn|19\n|\n|t:|1685157835\n|move|p1a: Tapu Lele|Focus Blast|p2a: Regirock\n|-supereffective|p2a: Regirock\n|-damage|p2a: Regirock|44/275\n|-damage|p1a: Tapu Lele|60/240|[from] item: Life Orb\n|move|p2a: Regirock|Rock Slide|p1a: Tapu Lele\n|-damage|p1a: Tapu Lele|0 fnt\n|faint|p1a: Tapu Lele\n|\n|upkeep\n|\n|t:|1685157841\n|switch|p1a: Virizion|Virizion, L82|185/283\n|turn|20\n|\n|t:|1685157865\n|move|p1a: Virizion|Swords Dance|p1a: Virizion\n|-boost|p1a: Virizion|atk|2\n|move|p2a: Regirock|Body Press|p1a: Virizion\n|-damage|p1a: Virizion|0 fnt\n|faint|p1a: Virizion\n|\n|win|S0JA\n|l| Kurtlima\n", "inputlog": ">version d74822bbc74c095aa312053f7034baee3068d99e\n>start {\"formatid\":\"gen8randombattle\",\"seed\":[58709,7076,2298,55451]}\n>player p1 {\"name\":\"cashida\",\"avatar\":\"benga\",\"rating\":0,\"seed\":[51014,52224,36396,2499]}\n>player p2 {\"name\":\"S0JA\",\"avatar\":\"unknown\",\"rating\":0,\"seed\":[11755,53373,13167,18803]}\n>p1 switch 4\n>p2 move earthquake\n>p1 move earthquake\n>p2 move earthquake\n>p1 switch 4\n>p1 move earthquake\n>p2 move earthquake\n>p2 switch 6\n>p1 move stoneedge\n>p2 move waterfall\n>p2 switch 5\n>p1 move earthquake\n>p2 move swordsdance\n>p1 move earthquake\n>p2 move waterfall\n>p1 switch 2\n>p1 move voltswitch\n>p2 switch 3\n>p1 move explosion\n>p2 move nastyplot\n>p1 switch 5\n>p2 switch 3\n>p1 move swordsdance\n>p2 move knockoff\n>p2 switch 2\n>p1 move leafblade dynamax\n>p2 move outrage dynamax\n>p1 move leafblade dynamax\n>p2 move swordsdance dynamax\n>p1 move leafblade dynamax\n>p2 move swordsdance dynamax\n>p2 switch 4\n>p1 move closecombat\n>p2 move curse\n>p1 switch 3\n>p2 move rest\n>p1 move stealthrock\n>p2 move bodypress\n>p1 move stealthrock\n>p2 move bodypress\n>p1 move stealthrock\n>p2 move bodypress\n>p1 switch 6\n>p1 move focusblast\n>p2 move rockslide\n>p1 move focusblast\n>p2 move rockslide\n>p1 switch 3\n>p1 move swordsdance\n>p2 move bodypress", "uploadtime": 1685157885, "views": 6, "p1id": "cashida", "p2id": "s0ja", "formatid": "gen8randombattle", "rating": 0, "private": 0, "password": ""}