{"id": "gen8randombattle-1872658143", "p1": "WilliamTazCole", "p2": "Bromeer", "format": "[Gen 8] Random Battle", "log": "|j|\u2606WilliamTazCole\n|j|\u2606Bromeer\n|t:|1685262341\n|gametype|singles\n|player|p1|WilliamTazCole|170|\n|player|p2|Bromeer|elesa|\n|teamsize|p1|6\n|teamsize|p2|6\n|gen|8\n|tier|[Gen 8] Random Battle\n|rule|Species Clause: Limit one of each Pok\u00e9mon\n|rule|HP Percentage Mod: HP is shown in percentages\n|rule|Sleep Clause Mod: Limit one foe put to sleep\n|\n|t:|1685262341\n|start\n|switch|p1a: Dedenne|Dedenne, L87, F|258/258\n|switch|p2a: Shiftry|Shiftry, L86, M|295/295\n|turn|1\n|\n|t:|1685262360\n|move|p1a: Dedenne|Toxic|p2a: Shiftry\n|-status|p2a: Shiftry|tox\n|move|p2a: Shiftry|Nasty Plot|p2a: Shiftry\n|-boost|p2a: Shiftry|spa|2\n|\n|-damage|p2a: Shiftry|277/295 tox|[from] psn\n|upkeep\n|turn|2\n|\n|t:|1685262387\n|switch|p1a: Altaria|Altaria, L90, M|281/281\n|move|p2a: Shiftry|Nasty Plot|p2a: Shiftry\n|-boost|p2a: Shiftry|spa|2\n|\n|-damage|p2a: Shiftry|241/295 tox|[from] psn\n|upkeep\n|turn|3\n|\n|t:|1685262402\n|move|p1a: Altaria|Draco Meteor|p2a: Shiftry\n|-damage|p2a: Shiftry|73/295 tox\n|-unboost|p1a: Altaria|spa|2\n|move|p2a: Shiftry|Dark Pulse|p1a: Altaria\n|-damage|p1a: Altaria|67/281\n|\n|-damage|p2a: Shiftry|19/295 tox|[from] psn\n|upkeep\n|turn|4\n|\n|t:|1685262411\n|move|p1a: Altaria|Draco Meteor|p2a: Shiftry\n|-damage|p2a: Shiftry|0 fnt\n|-unboost|p1a: Altaria|spa|2\n|faint|p2a: Shiftry\n|\n|upkeep\n|\n|t:|1685262420\n|switch|p2a: Luxray|Luxray, L84, F|272/272\n|turn|5\n|\n|t:|1685262446\n|switch|p1a: Stonjourner|Stonjourner, L88, M|319/319\n|move|p2a: Luxray|Wild Charge|p1a: Stonjourner\n|-damage|p1a: Stonjourner|238/319\n|-damage|p2a: Luxray|252/272|[from] Recoil\n|\n|-status|p2a: Luxray|brn|[from] item: Flame Orb\n|upkeep\n|turn|6\n|\n|t:|1685262455\n|move|p1a: Stonjourner|Earthquake|p2a: Luxray\n|-supereffective|p2a: Luxray\n|-damage|p2a: Luxray|0 fnt\n|faint|p2a: Luxray\n|-damage|p1a: Stonjourner|207/319|[from] item: Life Orb\n|\n|upkeep\n|\n|t:|1685262464\n|switch|p2a: Virizion|Virizion, L82|283/283\n|turn|7\n|\n|t:|1685262486\n|switch|p1a: Inteleon|Inteleon, L80, M|243/243\n|move|p2a: Virizion|Close Combat|p1a: Inteleon\n|-damage|p1a: Inteleon|95/243\n|-unboost|p2a: Virizion|def|1\n|-unboost|p2a: Virizion|spd|1\n|\n|upkeep\n|turn|8\n|\n|t:|1685262494\n|move|p1a: Inteleon|Ice Beam|p2a: Virizion\n|-supereffective|p2a: Virizion\n|-damage|p2a: Virizion|119/283\n|move|p2a: Virizion|Leaf Blade|p1a: Inteleon\n|-supereffective|p1a: Inteleon\n|-damage|p1a: Inteleon|0 fnt\n|faint|p1a: Inteleon\n|\n|upkeep\n|\n|t:|1685262507\n|switch|p1a: Stonjourner|Stonjourner, L88, M|207/319\n|turn|9\n|\n|t:|1685262515\n|move|p2a: Virizion|Close Combat|p1a: Stonjourner\n|-supereffective|p1a: Stonjourner\n|-damage|p1a: Stonjourner|61/319\n|-unboost|p2a: Virizion|def|1\n|-unboost|p2a: Virizion|spd|1\n|move|p1a: Stonjourner|Heat Crash|p2a: Virizion\n|-supereffective|p2a: Virizion\n|-damage|p2a: Virizion|0 fnt\n|faint|p2a: Virizion\n|-damage|p1a: Stonjourner|30/319|[from] item: Life Orb\n|\n|upkeep\n|\n|t:|1685262528\n|switch|p2a: Crustle|Crustle, L82, F|249/249\n|turn|10\n|\n|t:|1685262539\n|move|p1a: Stonjourner|Heat Crash|p2a: Crustle\n|-damage|p2a: Crustle|196/249\n|-damage|p1a: Stonjourner|0 fnt|[from] item: Life Orb\n|faint|p1a: Stonjourner\n|move|p2a: Crustle|Earthquake|p1: Stonjourner|[notarget]\n|-fail|p2a: Crustle\n|\n|upkeep\n|\n|t:|1685262556\n|switch|p1a: Kartana|Kartana, L74|209/209\n|turn|11\n|\n|t:|1685262567\n|move|p1a: Kartana|Swords Dance|p1a: Kartana\n|-boost|p1a: Kartana|atk|2\n|move|p2a: Crustle|X-Scissor|p1a: Kartana\n|-damage|p1a: Kartana|137/209\n|\n|upkeep\n|turn|12\n|\n|t:|1685262575\n|switch|p2a: Drampa|Drampa, L86, M|274/274\n|move|p1a: Kartana|Leaf Blade|p2a: Drampa\n|-resisted|p2a: Drampa\n|-damage|p2a: Drampa|126/274\n|-ability|p2a: Drampa|Berserk|boost\n|-boost|p2a: Drampa|spa|1\n|-damage|p1a: Kartana|117/209|[from] item: Life Orb\n|\n|-heal|p2a: Drampa|143/274|[from] item: Leftovers\n|upkeep\n|turn|13\n|\n|t:|1685262602\n|switch|p2a: Miltank|Miltank, L84, F|297/297\n|move|p1a: Kartana|Leaf Blade|p2a: Miltank\n|-crit|p2a: Miltank\n|-damage|p2a: Miltank|0 fnt\n|faint|p2a: Miltank\n|-ability|p1a: Kartana|Beast Boost|boost\n|-boost|p1a: Kartana|atk|1\n|-damage|p1a: Kartana|97/209|[from] item: Life Orb\n|\n|upkeep\n|\n|t:|1685262612\n|switch|p2a: Drampa|Drampa, L86, M|143/274\n|turn|14\n|\n|t:|1685262616\n|-start|p2a: Drampa|Dynamax|\n|-heal|p2a: Drampa|286/548|[silent]\n|move|p1a: Kartana|Leaf Blade|p2a: Drampa\n|-resisted|p2a: Drampa\n|-damage|p2a: Drampa|75/548\n|-ability|p2a: Drampa|Berserk|boost\n|-boost|p2a: Drampa|spa|1\n|-damage|p1a: Kartana|77/209|[from] item: Life Orb\n|move|p2a: Drampa|Max Flare|p1a: Kartana\n|-supereffective|p1a: Kartana\n|-damage|p1a: Kartana|0 fnt\n|-weather|SunnyDay\n|faint|p1a: Kartana\n|\n|-weather|SunnyDay|[upkeep]\n|-heal|p2a: Drampa|92/548|[from] item: Leftovers\n|upkeep\n|\n|t:|1685262636\n|switch|p1a: Alakazam|Alakazam, L78, F|214/214\n|turn|15\n|\n|t:|1685262650\n|-start|p1a: Alakazam|Dynamax|\n|-heal|p1a: Alakazam|428/428|[silent]\n|move|p1a: Alakazam|Max Mindstorm|p2a: Drampa\n|-damage|p2a: Drampa|0 fnt\n|-fieldstart|move: Psychic Terrain\n|faint|p2a: Drampa\n|\n|-weather|SunnyDay|[upkeep]\n|upkeep\n|\n|t:|1685262658\n|switch|p2a: Crustle|Crustle, L82, F|196/249\n|turn|16\n|\n|t:|1685262672\n|move|p1a: Alakazam|Max Knuckle|p2a: Crustle\n|-damage|p2a: Crustle|179/249\n|-boost|p1a: Alakazam|atk|1\n|move|p2a: Crustle|X-Scissor|p1a: Alakazam\n|-supereffective|p1a: Alakazam\n|-damage|p1a: Alakazam|126/428\n|\n|-weather|SunnyDay|[upkeep]\n|upkeep\n|turn|17\n|\n|t:|1685262684\n|move|p1a: Alakazam|Max Phantasm|p2a: Crustle\n|-damage|p2a: Crustle|63/249\n|-unboost|p2a: Crustle|def|1\n|move|p2a: Crustle|X-Scissor|p1a: Alakazam\n|-supereffective|p1a: Alakazam\n|-damage|p1a: Alakazam|0 fnt\n|faint|p1a: Alakazam\n|\n|-weather|SunnyDay|[upkeep]\n|upkeep\n|\n|t:|1685262696\n|switch|p1a: Altaria|Altaria, L90, M|67/281\n|turn|18\n|\n|t:|1685262709\n|move|p1a: Altaria|Draco Meteor|p2a: Crustle\n|-damage|p2a: Crustle|0 fnt\n|-unboost|p1a: Altaria|spa|2\n|faint|p2a: Crustle\n|\n|win|WilliamTazCole\n", "inputlog": ">version d74822bbc74c095aa312053f7034baee3068d99e\n>start {\"formatid\":\"gen8randombattle\",\"seed\":[29153,445,43767,48421]}\n>player p1 {\"name\":\"WilliamTazCole\",\"avatar\":\"170\",\"rating\":0,\"seed\":[32361,11397,1406,25744]}\n>player p2 {\"name\":\"Bromeer\",\"avatar\":\"elesa\",\"rating\":0,\"seed\":[55590,20578,25214,19458]}\n>p1 move toxic\n>p2 move nastyplot\n>p1 switch 5\n>p2 move nastyplot\n>p1 move dracometeor\n>p2 move darkpulse\n>p1 move dracometeor\n>p2 move darkpulse\n>p2 switch 5\n>p1 switch 4\n>p2 move wildcharge\n>p1 move earthquake\n>p2 move superpower\n>p2 switch 2\n>p1 switch 6\n>p2 move closecombat\n>p1 move icebeam\n>p2 move leafblade\n>p1 switch 6\n>p1 move heatcrash\n>p2 move closecombat\n>p2 switch 4\n>p1 move heatcrash\n>p2 move earthquake\n>p1 switch 3\n>p1 move swordsdance\n>p2 move xscissor\n>p1 move leafblade\n>p2 switch 3\n>p1 move leafblade\n>p2 switch 6\n>p2 switch 6\n>p1 move leafblade\n>p2 move fireblast dynamax\n>p1 switch 2\n>p1 move psychic dynamax\n>p2 move dracometeor dynamax\n>p2 switch 3\n>p1 move counter dynamax\n>p2 move xscissor\n>p1 move shadowball dynamax\n>p2 move xscissor\n>p1 switch 4\n>p1 move dracometeor\n>p2 move stoneedge", "uploadtime": 1685262717, "views": 3, "p1id": "williamtazcole", "p2id": "bromeer", "formatid": "gen8randombattle", "rating": 0, "private": 0, "password": ""}