{"id": "gen8randombattle-1872972706", "p1": "jovenrey", "p2": "savage2play", "format": "[Gen 8] Random Battle", "log": "|j|\u2606jovenrey\n|j|\u2606savage2play\n|t:|1685307215\n|gametype|singles\n|player|p1|jovenrey|unknown|1363\n|player|p2|savage2play|cynthia|1387\n|teamsize|p1|6\n|teamsize|p2|6\n|gen|8\n|tier|[Gen 8] Random Battle\n|rated|\n|rule|Species Clause: Limit one of each Pok\u00e9mon\n|rule|HP Percentage Mod: HP is shown in percentages\n|rule|Sleep Clause Mod: Limit one foe put to sleep\n|\n|t:|1685307215\n|start\n|switch|p1a: Meowstic|Meowstic-F, L86, F|268/268\n|switch|p2a: Scyther|Scyther, L81, F|246/246\n|turn|1\n|inactive|Battle timer is ON: inactive players will automatically lose when time's up. (requested by savage2play)\n|inactive|jovenrey also wants the timer to be on.\n|\n|t:|1685307235\n|move|p1a: Meowstic|Thunderbolt|p2a: Scyther\n|-supereffective|p2a: Scyther\n|-damage|p2a: Scyther|74/246\n|-damage|p1a: Meowstic|242/268|[from] item: Life Orb\n|move|p2a: Scyther|Dual Wingbeat|p1a: Meowstic\n|-damage|p1a: Meowstic|164/268\n|-damage|p1a: Meowstic|89/268\n|-hitcount|p1a: Meowstic|2\n|\n|upkeep\n|turn|2\n|\n|t:|1685307247\n|switch|p2a: Thundurus|Thundurus-Therian, L80, M|258/258\n|move|p1a: Meowstic|Thunderbolt|p2a: Thundurus\n|-immune|p2a: Thundurus|[from] ability: Volt Absorb\n|\n|upkeep\n|turn|3\n|\n|t:|1685307266\n|move|p1a: Meowstic|Psychic|p2a: Thundurus\n|-damage|p2a: Thundurus|128/258\n|-damage|p1a: Meowstic|63/268|[from] item: Life Orb\n|move|p2a: Thundurus|Psychic|p1a: Meowstic\n|-resisted|p1a: Meowstic\n|-damage|p1a: Meowstic|23/268\n|\n|upkeep\n|turn|4\n|\n|t:|1685307281\n|move|p1a: Meowstic|Psychic|p2a: Thundurus\n|-damage|p2a: Thundurus|0 fnt\n|faint|p2a: Thundurus\n|-damage|p1a: Meowstic|0 fnt|[from] item: Life Orb\n|faint|p1a: Meowstic\n|\n|upkeep\n|\n|t:|1685307289\n|switch|p1a: Pincurchin|Pincurchin, L88, F|228/228\n|switch|p2a: Amoonguss|Amoonguss, L84, M|329/329\n|-fieldstart|move: Electric Terrain|[from] ability: Electric Surge|[of] p1a: Pincurchin\n|turn|5\n|\n|t:|1685307303\n|move|p2a: Amoonguss|Spore|p1a: Pincurchin\n|-activate|p1a: Pincurchin|move: Electric Terrain\n|move|p1a: Pincurchin|Rising Voltage|p2a: Amoonguss\n|-hint|Rising Voltage's BP doubled on grounded target.\n|-resisted|p2a: Amoonguss\n|-damage|p2a: Amoonguss|218/329\n|\n|-heal|p2a: Amoonguss|238/329|[from] item: Black Sludge\n|upkeep\n|turn|6\n|\n|t:|1685307311\n|move|p2a: Amoonguss|Sludge Bomb|p1a: Pincurchin\n|-damage|p1a: Pincurchin|141/228\n|move|p1a: Pincurchin|Toxic Spikes|p2a: Amoonguss\n|-sidestart|p2: savage2play|move: Toxic Spikes\n|\n|-heal|p2a: Amoonguss|258/329|[from] item: Black Sludge\n|upkeep\n|turn|7\n|\n|t:|1685307332\n|move|p2a: Amoonguss|Sludge Bomb|p1a: Pincurchin\n|-damage|p1a: Pincurchin|63/228\n|move|p1a: Pincurchin|Toxic Spikes|p2a: Amoonguss\n|-sidestart|p2: savage2play|move: Toxic Spikes\n|\n|-heal|p2a: Amoonguss|278/329|[from] item: Black Sludge\n|upkeep\n|turn|8\n|\n|t:|1685307341\n|switch|p1a: Raichu|Raichu-Alola, L84, M|238/238\n|move|p2a: Amoonguss|Sludge Bomb|p1a: Raichu\n|-damage|p1a: Raichu|150/238\n|\n|-heal|p2a: Amoonguss|298/329|[from] item: Black Sludge\n|upkeep\n|turn|9\n|\n|t:|1685307348\n|switch|p2a: Torkoal|Torkoal, L86, M|261/261\n|-weather|SunnyDay|[from] ability: Drought|[of] p2a: Torkoal\n|move|p1a: Raichu|Psyshock|p2a: Torkoal\n|-damage|p2a: Torkoal|183/261\n|-damage|p1a: Raichu|127/238|[from] item: Life Orb\n|\n|-weather|SunnyDay|[upkeep]\n|-fieldend|move: Electric Terrain\n|upkeep\n|turn|10\n|\n|t:|1685307369\n|switch|p1a: Pincurchin|Pincurchin, L88, F|63/228\n|-fieldstart|move: Electric Terrain|[from] ability: Electric Surge|[of] p1a: Pincurchin\n|switch|p2a: Amoonguss|Amoonguss, L84, M|329/329\n|-sideend|p2: savage2play|move: Toxic Spikes|[of] p2a: Amoonguss\n|\n|-weather|SunnyDay|[upkeep]\n|upkeep\n|turn|11\n|\n|t:|1685307396\n|move|p1a: Pincurchin|Sucker Punch|p2a: Amoonguss\n|-damage|p2a: Amoonguss|262/329\n|move|p2a: Amoonguss|Sludge Bomb|p1a: Pincurchin\n|-damage|p1a: Pincurchin|0 fnt\n|faint|p1a: Pincurchin\n|\n|-weather|SunnyDay|[upkeep]\n|-heal|p2a: Amoonguss|282/329|[from] item: Black Sludge\n|upkeep\n|\n|t:|1685307404\n|switch|p1a: Raichu|Raichu-Alola, L84, M|127/238\n|turn|12\n|\n|t:|1685307410\n|move|p1a: Raichu|Nasty Plot|p1a: Raichu\n|-boost|p1a: Raichu|spa|2\n|move|p2a: Amoonguss|Sludge Bomb|p1a: Raichu\n|-damage|p1a: Raichu|37/238\n|\n|-weather|SunnyDay|[upkeep]\n|-heal|p2a: Amoonguss|302/329|[from] item: Black Sludge\n|upkeep\n|turn|13\n|\n|t:|1685307420\n|move|p1a: Raichu|Psyshock|p2a: Amoonguss\n|-supereffective|p2a: Amoonguss\n|-damage|p2a: Amoonguss|0 fnt\n|faint|p2a: Amoonguss\n|-damage|p1a: Raichu|14/238|[from] item: Life Orb\n|\n|-weather|none\n|upkeep\n|\n|t:|1685307430\n|switch|p2a: Luxray|Luxray, L84, F|272/272\n|turn|14\n|\n|t:|1685307435\n|move|p1a: Raichu|Psyshock|p2a: Luxray\n|-crit|p2a: Luxray\n|-damage|p2a: Luxray|0 fnt\n|faint|p2a: Luxray\n|-damage|p1a: Raichu|0 fnt|[from] item: Life Orb\n|faint|p1a: Raichu\n|\n|-fieldend|move: Electric Terrain\n|upkeep\n|\n|t:|1685307448\n|switch|p1a: Kyurem|Kyurem-White, L74|307/307\n|switch|p2a: Torkoal|Torkoal, L86, M|183/261\n|-ability|p1a: Kyurem|Turboblaze\n|-weather|SunnyDay|[from] ability: Drought|[of] p2a: Torkoal\n|turn|15\n|\n|t:|1685307464\n|move|p1a: Kyurem|Ice Beam|p2a: Torkoal\n|-resisted|p2a: Torkoal\n|-damage|p2a: Torkoal|117/261\n|move|p2a: Torkoal|Lava Plume|p1a: Kyurem\n|-damage|p1a: Kyurem|186/307\n|-status|p1a: Kyurem|brn\n|\n|-weather|SunnyDay|[upkeep]\n|-heal|p1a: Kyurem|205/307 brn|[from] item: Leftovers\n|-damage|p1a: Kyurem|186/307 brn|[from] brn\n|upkeep\n|turn|16\n|\n|t:|1685307477\n|move|p1a: Kyurem|Ice Beam|p2a: Torkoal\n|-resisted|p2a: Torkoal\n|-damage|p2a: Torkoal|54/261\n|move|p2a: Torkoal|Stealth Rock|p1a: Kyurem\n|-sidestart|p1: jovenrey|move: Stealth Rock\n|\n|-weather|SunnyDay|[upkeep]\n|-heal|p1a: Kyurem|205/307 brn|[from] item: Leftovers\n|-damage|p1a: Kyurem|186/307 brn|[from] brn\n|upkeep\n|turn|17\n|\n|t:|1685307483\n|move|p1a: Kyurem|Ice Beam|p2a: Torkoal\n|-resisted|p2a: Torkoal\n|-damage|p2a: Torkoal|0 fnt\n|faint|p2a: Torkoal\n|\n|-weather|SunnyDay|[upkeep]\n|-heal|p1a: Kyurem|205/307 brn|[from] item: Leftovers\n|-damage|p1a: Kyurem|186/307 brn|[from] brn\n|upkeep\n|\n|t:|1685307492\n|switch|p2a: Vaporeon|Vaporeon, L84, F|356/356\n|turn|18\n|\n|t:|1685307503\n|move|p1a: Kyurem|Ice Beam|p2a: Vaporeon\n|-resisted|p2a: Vaporeon\n|-damage|p2a: Vaporeon|299/356\n|move|p2a: Vaporeon|Wish|p2a: Vaporeon\n|\n|-weather|SunnyDay|[upkeep]\n|-heal|p1a: Kyurem|205/307 brn|[from] item: Leftovers\n|-heal|p2a: Vaporeon|321/356|[from] item: Leftovers\n|-damage|p1a: Kyurem|186/307 brn|[from] brn\n|upkeep\n|turn|19\n|\n|t:|1685307512\n|move|p1a: Kyurem|Ice Beam|p2a: Vaporeon\n|-resisted|p2a: Vaporeon\n|-damage|p2a: Vaporeon|262/356\n|move|p2a: Vaporeon|Ice Beam|p1a: Kyurem\n|-crit|p1a: Kyurem\n|-damage|p1a: Kyurem|71/307 brn\n|\n|-weather|none\n|-heal|p2a: Vaporeon|356/356|[from] move: Wish|[wisher] Vaporeon\n|-heal|p1a: Kyurem|90/307 brn|[from] item: Leftovers\n|-damage|p1a: Kyurem|71/307 brn|[from] brn\n|upkeep\n|turn|20\n|\n|t:|1685307519\n|move|p1a: Kyurem|Roost|p1a: Kyurem\n|-heal|p1a: Kyurem|225/307 brn\n|-singleturn|p1a: Kyurem|move: Roost\n|move|p2a: Vaporeon|Ice Beam|p1a: Kyurem\n|-damage|p1a: Kyurem|155/307 brn\n|\n|-heal|p1a: Kyurem|174/307 brn|[from] item: Leftovers\n|-damage|p1a: Kyurem|155/307 brn|[from] brn\n|upkeep\n|turn|21\n|\n|t:|1685307523\n|move|p1a: Kyurem|Ice Beam|p2a: Vaporeon\n|-resisted|p2a: Vaporeon\n|-damage|p2a: Vaporeon|302/356\n|move|p2a: Vaporeon|Wish|p2a: Vaporeon\n|\n|-heal|p1a: Kyurem|174/307 brn|[from] item: Leftovers\n|-heal|p2a: Vaporeon|324/356|[from] item: Leftovers\n|-damage|p1a: Kyurem|155/307 brn|[from] brn\n|upkeep\n|turn|22\n|\n|t:|1685307527\n|move|p1a: Kyurem|Ice Beam|p2a: Vaporeon\n|-resisted|p2a: Vaporeon\n|-damage|p2a: Vaporeon|270/356\n|move|p2a: Vaporeon|Ice Beam|p1a: Kyurem\n|-crit|p1a: Kyurem\n|-damage|p1a: Kyurem|54/307 brn\n|\n|-heal|p2a: Vaporeon|356/356|[from] move: Wish|[wisher] Vaporeon\n|-heal|p1a: Kyurem|73/307 brn|[from] item: Leftovers\n|-damage|p1a: Kyurem|54/307 brn|[from] brn\n|upkeep\n|turn|23\n|\n|t:|1685307531\n|move|p1a: Kyurem|Roost|p1a: Kyurem\n|-heal|p1a: Kyurem|208/307 brn\n|-singleturn|p1a: Kyurem|move: Roost\n|move|p2a: Vaporeon|Ice Beam|p1a: Kyurem\n|-damage|p1a: Kyurem|132/307 brn\n|\n|-heal|p1a: Kyurem|151/307 brn|[from] item: Leftovers\n|-damage|p1a: Kyurem|132/307 brn|[from] brn\n|upkeep\n|turn|24\n|\n|t:|1685307536\n|move|p1a: Kyurem|Roost|p1a: Kyurem\n|-heal|p1a: Kyurem|286/307 brn\n|-singleturn|p1a: Kyurem|move: Roost\n|move|p2a: Vaporeon|Ice Beam|p1a: Kyurem\n|-damage|p1a: Kyurem|212/307 brn\n|\n|-heal|p1a: Kyurem|231/307 brn|[from] item: Leftovers\n|-damage|p1a: Kyurem|212/307 brn|[from] brn\n|upkeep\n|turn|25\n|\n|t:|1685307543\n|move|p1a: Kyurem|Fusion Flare|p2a: Vaporeon\n|-resisted|p2a: Vaporeon\n|-damage|p2a: Vaporeon|313/356\n|move|p2a: Vaporeon|Scald|p1a: Kyurem\n|-resisted|p1a: Kyurem\n|-damage|p1a: Kyurem|162/307 brn\n|\n|-heal|p1a: Kyurem|181/307 brn|[from] item: Leftovers\n|-heal|p2a: Vaporeon|335/356|[from] item: Leftovers\n|-damage|p1a: Kyurem|162/307 brn|[from] brn\n|upkeep\n|turn|26\n|\n|t:|1685307550\n|move|p1a: Kyurem|Ice Beam|p2a: Vaporeon\n|-resisted|p2a: Vaporeon\n|-damage|p2a: Vaporeon|278/356\n|move|p2a: Vaporeon|Scald|p1a: Kyurem\n|-resisted|p1a: Kyurem\n|-damage|p1a: Kyurem|114/307 brn\n|\n|-heal|p1a: Kyurem|133/307 brn|[from] item: Leftovers\n|-heal|p2a: Vaporeon|300/356|[from] item: Leftovers\n|-damage|p1a: Kyurem|114/307 brn|[from] brn\n|upkeep\n|turn|27\n|\n|t:|1685307553\n|move|p1a: Kyurem|Roost|p1a: Kyurem\n|-heal|p1a: Kyurem|268/307 brn\n|-singleturn|p1a: Kyurem|move: Roost\n|move|p2a: Vaporeon|Scald|p1a: Kyurem\n|-resisted|p1a: Kyurem\n|-damage|p1a: Kyurem|219/307 brn\n|\n|-heal|p1a: Kyurem|238/307 brn|[from] item: Leftovers\n|-heal|p2a: Vaporeon|322/356|[from] item: Leftovers\n|-damage|p1a: Kyurem|219/307 brn|[from] brn\n|upkeep\n|turn|28\n|\n|t:|1685307555\n|move|p1a: Kyurem|Ice Beam|p2a: Vaporeon\n|-resisted|p2a: Vaporeon\n|-damage|p2a: Vaporeon|265/356\n|move|p2a: Vaporeon|Scald|p1a: Kyurem\n|-resisted|p1a: Kyurem\n|-damage|p1a: Kyurem|169/307 brn\n|\n|-heal|p1a: Kyurem|188/307 brn|[from] item: Leftovers\n|-heal|p2a: Vaporeon|287/356|[from] item: Leftovers\n|-damage|p1a: Kyurem|169/307 brn|[from] brn\n|upkeep\n|turn|29\n|\n|t:|1685307559\n|move|p1a: Kyurem|Ice Beam|p2a: Vaporeon\n|-resisted|p2a: Vaporeon\n|-damage|p2a: Vaporeon|234/356\n|move|p2a: Vaporeon|Scald|p1a: Kyurem\n|-resisted|p1a: Kyurem\n|-damage|p1a: Kyurem|124/307 brn\n|\n|-heal|p1a: Kyurem|143/307 brn|[from] item: Leftovers\n|-heal|p2a: Vaporeon|256/356|[from] item: Leftovers\n|-damage|p1a: Kyurem|124/307 brn|[from] brn\n|upkeep\n|turn|30\n|\n|t:|1685307563\n|move|p1a: Kyurem|Roost|p1a: Kyurem\n|-heal|p1a: Kyurem|278/307 brn\n|-singleturn|p1a: Kyurem|move: Roost\n|move|p2a: Vaporeon|Wish|p2a: Vaporeon\n|\n|-heal|p1a: Kyurem|297/307 brn|[from] item: Leftovers\n|-heal|p2a: Vaporeon|278/356|[from] item: Leftovers\n|-damage|p1a: Kyurem|278/307 brn|[from] brn\n|upkeep\n|turn|31\n|c|\u2606jovenrey|:(\n|\n|t:|1685307571\n|move|p1a: Kyurem|Ice Beam|p2a: Vaporeon\n|-resisted|p2a: Vaporeon\n|-damage|p2a: Vaporeon|220/356\n|move|p2a: Vaporeon|Scald|p1a: Kyurem\n|-resisted|p1a: Kyurem\n|-damage|p1a: Kyurem|234/307 brn\n|\n|-heal|p2a: Vaporeon|356/356|[from] move: Wish|[wisher] Vaporeon\n|-heal|p1a: Kyurem|253/307 brn|[from] item: Leftovers\n|-damage|p1a: Kyurem|234/307 brn|[from] brn\n|upkeep\n|turn|32\n|\n|t:|1685307577\n|move|p1a: Kyurem|Ice Beam|p2a: Vaporeon\n|-resisted|p2a: Vaporeon\n|-damage|p2a: Vaporeon|305/356\n|move|p2a: Vaporeon|Scald|p1a: Kyurem\n|-resisted|p1a: Kyurem\n|-crit|p1a: Kyurem\n|-damage|p1a: Kyurem|159/307 brn\n|\n|-heal|p1a: Kyurem|178/307 brn|[from] item: Leftovers\n|-heal|p2a: Vaporeon|327/356|[from] item: Leftovers\n|-damage|p1a: Kyurem|159/307 brn|[from] brn\n|upkeep\n|turn|33\n|\n|t:|1685307582\n|move|p1a: Kyurem|Ice Beam|p2a: Vaporeon\n|-resisted|p2a: Vaporeon\n|-damage|p2a: Vaporeon|275/356\n|-status|p2a: Vaporeon|frz\n|-curestatus|p2a: Vaporeon|frz|[from] move: Scald\n|move|p2a: Vaporeon|Scald|p1a: Kyurem\n|-resisted|p1a: Kyurem\n|-damage|p1a: Kyurem|111/307 brn\n|\n|-heal|p1a: Kyurem|130/307 brn|[from] item: Leftovers\n|-heal|p2a: Vaporeon|297/356|[from] item: Leftovers\n|-damage|p1a: Kyurem|111/307 brn|[from] brn\n|upkeep\n|turn|34\n|\n|t:|1685307586\n|switch|p2a: Scyther|Scyther, L81, F|74/246\n|move|p1a: Kyurem|Roost|p1a: Kyurem\n|-heal|p1a: Kyurem|265/307 brn\n|-singleturn|p1a: Kyurem|move: Roost\n|\n|-heal|p1a: Kyurem|284/307 brn|[from] item: Leftovers\n|-damage|p1a: Kyurem|265/307 brn|[from] brn\n|upkeep\n|turn|35\n|\n|t:|1685307594\n|-start|p2a: Scyther|Dynamax|\n|-heal|p2a: Scyther|148/492|[silent]\n|move|p2a: Scyther|Max Knuckle|p1a: Kyurem\n|-supereffective|p1a: Kyurem\n|-damage|p1a: Kyurem|105/307 brn\n|-boost|p2a: Scyther|atk|1\n|move|p1a: Kyurem|Ice Beam|p2a: Scyther\n|-supereffective|p2a: Scyther\n|-damage|p2a: Scyther|0 fnt\n|faint|p2a: Scyther\n|\n|-heal|p1a: Kyurem|124/307 brn|[from] item: Leftovers\n|-damage|p1a: Kyurem|105/307 brn|[from] brn\n|upkeep\n|c|\u2606jovenrey|Hahahahahaha\n|\n|t:|1685307603\n|switch|p2a: Vaporeon|Vaporeon, L84, F|297/356\n|turn|36\n|\n|t:|1685307606\n|move|p1a: Kyurem|Roost|p1a: Kyurem\n|-heal|p1a: Kyurem|259/307 brn\n|-singleturn|p1a: Kyurem|move: Roost\n|move|p2a: Vaporeon|Ice Beam|p1a: Kyurem\n|-damage|p1a: Kyurem|189/307 brn\n|\n|-heal|p1a: Kyurem|208/307 brn|[from] item: Leftovers\n|-heal|p2a: Vaporeon|319/356|[from] item: Leftovers\n|-damage|p1a: Kyurem|189/307 brn|[from] brn\n|upkeep\n|turn|37\n|-message|savage2play forfeited.\n|\n|win|jovenrey\n|raw|jovenrey's rating: 1363 &rarr; <strong>1384</strong><br />(+21 for winning)\n|raw|savage2play's rating: 1387 &rarr; <strong>1366</strong><br />(-21 for losing)\n|l|\u2606savage2play\n", "inputlog": ">version d74822bbc74c095aa312053f7034baee3068d99e\n>start {\"formatid\":\"gen8randombattle\",\"seed\":[47975,19720,58769,48718],\"rated\":\"Rated battle\"}\n>player p1 {\"name\":\"jovenrey\",\"avatar\":\"unknown\",\"rating\":1363,\"seed\":[34869,28252,44099,12987]}\n>player p2 {\"name\":\"savage2play\",\"avatar\":\"cynthia\",\"rating\":1387,\"seed\":[8036,49198,38155,62769]}\n>p1 move thunderbolt\n>p2 move dualwingbeat\n>p1 move thunderbolt\n>p2 switch 5\n>p1 move psychic\n>p2 move psychic\n>p1 move psychic\n>p2 move thunderbolt\n>p1 switch 2\n>p2 switch 3\n>p1 move risingvoltage\n>p2 move spore\n>p1 move toxicspikes\n>p2 move sludgebomb\n>p1 move toxicspikes\n>p2 move sludgebomb\n>p1 switch 4\n>p2 move sludgebomb\n>p1 move psyshock\n>p2 switch 2\n>p1 switch 4\n>p2 switch 2\n>p1 move suckerpunch\n>p2 move sludgebomb\n>p1 switch 4\n>p1 move nastyplot\n>p2 move sludgebomb\n>p1 move psyshock\n>p2 move sludgebomb\n>p2 switch 6\n>p1 move psyshock\n>p2 move agility\n>p1 switch 6\n>p2 switch 2\n>p1 move icebeam\n>p2 move lavaplume\n>p1 move icebeam\n>p2 move stealthrock\n>p1 move icebeam\n>p2 move lavaplume\n>p2 switch 4\n>p1 move icebeam\n>p2 move wish\n>p1 move icebeam\n>p2 move icebeam\n>p1 move roost\n>p2 move icebeam\n>p1 move icebeam\n>p2 move wish\n>p1 move icebeam\n>p2 move icebeam\n>p1 move roost\n>p2 move icebeam\n>p1 move roost\n>p2 move icebeam\n>p1 move fusionflare\n>p2 move scald\n>p1 move icebeam\n>p2 move scald\n>p1 move roost\n>p2 move scald\n>p1 move icebeam\n>p2 move scald\n>p1 move icebeam\n>p2 move scald\n>p1 move roost\n>p2 move wish\n>chat \u2606jovenrey|:(\n>p1 move icebeam\n>p2 move scald\n>p1 move icebeam\n>p2 move scald\n>p1 move icebeam\n>p2 move scald\n>p1 move roost\n>p2 switch 5\n>p1 move icebeam\n>p2 move brickbreak dynamax\n>chat \u2606jovenrey|Hahahahahaha\n>p2 switch 5\n>p1 move roost\n>p2 move icebeam\n>forcelose p2", "uploadtime": 1685307626, "views": 3, "p1id": "jovenrey", "p2id": "savage2play", "formatid": "gen8randombattle", "rating": 1366, "private": 0, "password": ""}