{"id": "gen8randombattle-1872819933", "p1": "jfjrr", "p2": "Prodigy5555", "format": "[Gen 8] Random Battle", "log": "|j|\u2606jfjrr\n|j|\u2606Prodigy5555\n|inactive|Battle timer is ON: inactive players will automatically lose when time's up.\n|t:|1685288859\n|gametype|singles\n|player|p1|jfjrr|brendan-contest|\n|player|p2|Prodigy5555|265|\n|teamsize|p1|3\n|teamsize|p2|3\n|gen|8\n|tier|[Gen 8] Random Battle\n|rated|Tournament battle\n|rule|Species Clause: Limit one of each Pok\u00e9mon\n|rule|HP Percentage Mod: HP is shown in percentages\n|rule|Sleep Clause Mod: Limit one foe put to sleep\n|clearpoke\n|poke|p1|Mienshao, L82, F|\n|poke|p1|Blacephalon, L80|\n|poke|p1|Glalie, L80, M|\n|poke|p2|Scolipede, L80, M|\n|poke|p2|Kartana, L74|\n|poke|p2|Orbeetle, L86, F|\n|teampreview|1\n|j|*Lady Monita\n|inactive|Prodigy5555 has 120 seconds left.\n|\n|t:|1685288898\n|start\n|switch|p1a: Blacephalon|Blacephalon, L80|216/216\n|switch|p2a: Orbeetle|Orbeetle, L86, F|243/243\n|-item|p1a: Blacephalon|Heavy-Duty Boots|[from] ability: Frisk|[of] p2a: Orbeetle|[identify]\n|turn|1\n|\n|t:|1685288908\n|-start|p1a: Blacephalon|Dynamax|\n|-heal|p1a: Blacephalon|432/432|[silent]\n|-start|p2a: Orbeetle|Dynamax|\n|-heal|p2a: Orbeetle|486/486|[silent]\n|move|p1a: Blacephalon|Max Flare|p2a: Orbeetle\n|-supereffective|p2a: Orbeetle\n|-damage|p2a: Orbeetle|208/486\n|-weather|SunnyDay\n|move|p2a: Orbeetle|Max Mindstorm|p1a: Blacephalon\n|-damage|p1a: Blacephalon|278/432\n|-fieldstart|move: Psychic Terrain\n|\n|-weather|SunnyDay|[upkeep]\n|upkeep\n|turn|2\n|\n|t:|1685288923\n|move|p1a: Blacephalon|Max Flare|p2a: Orbeetle\n|-supereffective|p2a: Orbeetle\n|-damage|p2a: Orbeetle|0 fnt\n|faint|p2a: Orbeetle\n|\n|win|jfjrr\n|n|\u2606jfjrr|jfjrr\n|n|\u2606Prodigy5555|prodigy5555\n|n|*Lady Monita|ladymonita\n|l|*Lady Monita\n|l|\u2606jfjrr\n|l|\u2606Prodigy5555\n|j| Juytre\n", "inputlog": ">version d74822bbc74c095aa312053f7034baee3068d99e\n>start {\"formatid\":\"gen8randombattle@@@Team Preview,maxteamsize=3,pickedteamsize=1\",\"seed\":[49298,47140,14336,12700],\"rated\":\"Tournament battle\"}\n>player p1 {\"name\":\"jfjrr\",\"avatar\":\"brendan-contest\",\"rating\":0,\"seed\":[43423,14734,17062,46673]}\n>player p2 {\"name\":\"Prodigy5555\",\"avatar\":\"265\",\"rating\":0,\"seed\":[10068,32585,49066,27165]}\n>p1 team 2\n>p2 team 3\n>p1 move fireblast dynamax\n>p2 move psychic dynamax\n>p1 move fireblast dynamax\n>p2 move psychic dynamax", "uploadtime": 1685289231, "views": 4, "p1id": "jfjrr", "p2id": "prodigy5555", "formatid": "gen8randombattle", "rating": 0, "private": 0, "password": ""}