{"id": "gen8randombattle-1672526269", "p1": "MichaelderBeste2", "p2": "Vitoran", "format": "[Gen 8] Random Battle", "log": "|j|\u2606MichaelderBeste2\n|j|\u2606Vitoran\n|t:|1664378299\n|gametype|singles\n|player|p1|MichaelderBeste2|#wcop2021germany|2461\n|player|p2|Vitoran|pokemonbreeder-gen4|2427\n|teamsize|p1|6\n|teamsize|p2|6\n|gen|8\n|tier|[Gen 8] Random Battle\n|rated|\n|rule|Species Clause: Limit one of each Pok\u00e9mon\n|rule|HP Percentage Mod: HP is shown in percentages\n|rule|Sleep Clause Mod: Limit one foe put to sleep\n|\n|t:|1664378299\n|start\n|switch|p1a: Porygon-Z|Porygon-Z, L80|267/267\n|switch|p2a: Blacephalon|Blacephalon, L80|215/215\n|-ability|p1a: Porygon-Z|Download|boost\n|-boost|p1a: Porygon-Z|atk|1\n|turn|1\n|c|\u2606Vitoran|glhf\n|c|\u2606MichaelderBeste2|hf\n|\n|t:|1664378323\n|move|p2a: Blacephalon|Fire Blast|p1a: Porygon-Z|[miss]\n|-miss|p2a: Blacephalon|p1a: Porygon-Z\n|move|p1a: Porygon-Z|Dark Pulse|p2a: Blacephalon\n|-supereffective|p2a: Blacephalon\n|-damage|p2a: Blacephalon|4/215\n|-damage|p1a: Porygon-Z|241/267|[from] item: Life Orb\n|\n|upkeep\n|turn|2\n|\n|t:|1664378328\n|move|p2a: Blacephalon|Fire Blast|p1a: Porygon-Z\n|-damage|p1a: Porygon-Z|75/267\n|move|p1a: Porygon-Z|Thunderbolt|p2a: Blacephalon\n|-damage|p2a: Blacephalon|0 fnt\n|faint|p2a: Blacephalon\n|-damage|p1a: Porygon-Z|49/267|[from] item: Life Orb\n|\n|upkeep\n|\n|t:|1664378335\n|switch|p2a: Obstagoon|Obstagoon, L80, F|280/280\n|turn|3\n|inactive|Battle timer is ON: inactive players will automatically lose when time's up. (requested by Vitoran)\n|\n|t:|1664378352\n|switch|p1a: Zamazenta|Zamazenta-Crowned, L71|248/248\n|-ability|p1a: Zamazenta|Dauntless Shield|boost\n|-boost|p1a: Zamazenta|def|1\n|move|p2a: Obstagoon|Knock Off|p1a: Zamazenta\n|-resisted|p1a: Zamazenta\n|-damage|p1a: Zamazenta|233/248\n|\n|-status|p2a: Obstagoon|brn|[from] item: Flame Orb\n|upkeep\n|turn|4\n|j| spreading love\n|\n|t:|1664378372\n|switch|p2a: Jirachi|Jirachi, L79|288/288\n|move|p1a: Zamazenta|Close Combat|p2a: Jirachi\n|-damage|p2a: Jirachi|177/288\n|-unboost|p1a: Zamazenta|def|1\n|-unboost|p1a: Zamazenta|spd|1\n|\n|-heal|p2a: Jirachi|195/288|[from] item: Leftovers\n|upkeep\n|turn|5\n|\n|t:|1664378379\n|move|p1a: Zamazenta|Close Combat|p2a: Jirachi\n|-damage|p2a: Jirachi|77/288\n|-unboost|p1a: Zamazenta|def|1\n|-unboost|p1a: Zamazenta|spd|1\n|move|p2a: Jirachi|Fire Punch|p1a: Zamazenta\n|-supereffective|p1a: Zamazenta\n|-damage|p1a: Zamazenta|111/248\n|-status|p1a: Zamazenta|brn\n|\n|-heal|p2a: Jirachi|95/288|[from] item: Leftovers\n|-damage|p1a: Zamazenta|96/248 brn|[from] brn\n|upkeep\n|turn|6\n|\n|t:|1664378387\n|switch|p1a: Meowstic|Meowstic-F, L86, F|268/268\n|move|p2a: Jirachi|Fire Punch|p1a: Meowstic\n|-damage|p1a: Meowstic|210/268\n|-status|p1a: Meowstic|brn\n|\n|-heal|p2a: Jirachi|113/288|[from] item: Leftovers\n|-damage|p1a: Meowstic|194/268 brn|[from] brn\n|upkeep\n|turn|7\n|c|\u2606MichaelderBeste2|LOL\n|\n|t:|1664378395\n|move|p1a: Meowstic|Shadow Ball|p2a: Jirachi\n|-supereffective|p2a: Jirachi\n|-damage|p2a: Jirachi|0 fnt\n|faint|p2a: Jirachi\n|-damage|p1a: Meowstic|168/268 brn|[from] item: Life Orb\n|\n|-damage|p1a: Meowstic|152/268 brn|[from] brn\n|upkeep\n|\n|t:|1664378405\n|switch|p2a: Obstagoon|Obstagoon, L80, F|280/280 brn\n|turn|8\n|\n|t:|1664378417\n|switch|p1a: Zamazenta|Zamazenta-Crowned, L71|96/248 brn\n|-ability|p1a: Zamazenta|Dauntless Shield|boost\n|-boost|p1a: Zamazenta|def|1\n|move|p2a: Obstagoon|Facade|p1a: Zamazenta\n|-resisted|p1a: Zamazenta\n|-damage|p1a: Zamazenta|47/248 brn\n|\n|-damage|p1a: Zamazenta|32/248 brn|[from] brn\n|-damage|p2a: Obstagoon|263/280 brn|[from] brn\n|upkeep\n|turn|9\n|\n|t:|1664378426\n|switch|p1a: Copperajah|Copperajah, L84, M|342/342\n|switch|p2a: Carracosta|Carracosta, L84, M|262/262\n|\n|upkeep\n|turn|10\n|\n|t:|1664378441\n|move|p2a: Carracosta|Hydro Pump|p1a: Copperajah\n|-damage|p1a: Copperajah|221/342\n|move|p1a: Copperajah|Heavy Slam|p2a: Carracosta\n|-damage|p2a: Carracosta|90/262\n|\n|upkeep\n|turn|11\n|\n|t:|1664378447\n|move|p2a: Carracosta|Hydro Pump|p1a: Copperajah\n|-damage|p1a: Copperajah|106/342\n|move|p1a: Copperajah|Heavy Slam|p2a: Carracosta\n|-damage|p2a: Carracosta|0 fnt\n|faint|p2a: Carracosta\n|\n|upkeep\n|\n|t:|1664378453\n|switch|p2a: Obstagoon|Obstagoon, L80, F|263/280 brn\n|turn|12\n|\n|t:|1664378478\n|switch|p1a: Porygon-Z|Porygon-Z, L80|49/267\n|-ability|p1a: Porygon-Z|Download|boost\n|-boost|p1a: Porygon-Z|spa|1\n|move|p2a: Obstagoon|Knock Off|p1a: Porygon-Z\n|-damage|p1a: Porygon-Z|0 fnt\n|-enditem|p1a: Porygon-Z|Life Orb|[from] move: Knock Off|[of] p2a: Obstagoon\n|faint|p1a: Porygon-Z\n|\n|-damage|p2a: Obstagoon|246/280 brn|[from] brn\n|upkeep\n|\n|t:|1664378483\n|switch|p1a: Zamazenta|Zamazenta-Crowned, L71|32/248 brn\n|-ability|p1a: Zamazenta|Dauntless Shield|boost\n|-boost|p1a: Zamazenta|def|1\n|turn|13\n|\n|t:|1664378499\n|switch|p2a: Kyurem|Kyurem, L80|331/331\n|-ability|p2a: Kyurem|Pressure\n|move|p1a: Zamazenta|Close Combat|p2a: Kyurem\n|-supereffective|p2a: Kyurem\n|-damage|p2a: Kyurem|205/331\n|-unboost|p1a: Zamazenta|def|1\n|-unboost|p1a: Zamazenta|spd|1\n|\n|-damage|p1a: Zamazenta|17/248 brn|[from] brn\n|upkeep\n|turn|14\n|\n|t:|1664378513\n|switch|p1a: Skuntank|Skuntank, L85, F|314/314\n|move|p2a: Kyurem|Roost|p2a: Kyurem\n|-heal|p2a: Kyurem|331/331\n|-singleturn|p2a: Kyurem|move: Roost\n|\n|upkeep\n|turn|15\n|j| Strange Journey\n|\n|t:|1664378526\n|move|p2a: Kyurem|Substitute|p2a: Kyurem\n|-start|p2a: Kyurem|Substitute\n|-damage|p2a: Kyurem|249/331\n|move|p1a: Skuntank|Poison Jab|p2a: Kyurem\n|-end|p2a: Kyurem|Substitute\n|\n|upkeep\n|turn|16\n|\n|t:|1664378535\n|move|p2a: Kyurem|Earth Power|p1a: Skuntank\n|-supereffective|p1a: Skuntank\n|-damage|p1a: Skuntank|122/314\n|-unboost|p1a: Skuntank|spd|1\n|move|p1a: Skuntank|Poison Jab|p2a: Kyurem\n|-damage|p2a: Kyurem|158/331\n|\n|-heal|p1a: Skuntank|141/314|[from] item: Black Sludge\n|upkeep\n|turn|17\n|\n|t:|1664378542\n|move|p2a: Kyurem|Roost|p2a: Kyurem\n|-heal|p2a: Kyurem|324/331\n|-singleturn|p2a: Kyurem|move: Roost\n|move|p1a: Skuntank|Poison Jab|p2a: Kyurem\n|-damage|p2a: Kyurem|231/331\n|\n|-heal|p1a: Skuntank|160/314|[from] item: Black Sludge\n|upkeep\n|turn|18\n|\n|t:|1664378545\n|move|p1a: Skuntank|Sucker Punch|p2a: Kyurem\n|-damage|p2a: Kyurem|159/331\n|move|p2a: Kyurem|Earth Power|p1a: Skuntank\n|-supereffective|p1a: Skuntank\n|-damage|p1a: Skuntank|0 fnt\n|faint|p1a: Skuntank\n|\n|upkeep\n|j| Elekzet\n|\n|t:|1664378550\n|switch|p1a: Beartic|Beartic, L86, F|303/303\n|turn|19\n|\n|t:|1664378558\n|move|p2a: Kyurem|Earth Power|p1a: Beartic\n|-damage|p1a: Beartic|218/303\n|move|p1a: Beartic|Superpower|p2a: Kyurem\n|-supereffective|p2a: Kyurem\n|-damage|p2a: Kyurem|0 fnt\n|-unboost|p1a: Beartic|atk|1\n|-unboost|p1a: Beartic|def|1\n|faint|p2a: Kyurem\n|-damage|p1a: Beartic|188/303|[from] item: Life Orb\n|\n|upkeep\n|j| 35Q71N\n|inactive|Vitoran has 120 seconds left.\n|j| Moshesh Is HIM\n|inactive|Vitoran has 90 seconds left.\n|\n|t:|1664378645\n|switch|p2a: Cinderace|Cinderace, L74, M|239/239\n|turn|20\n|inactive|Vitoran has 60 seconds left.\n|inactive|MichaelderBeste2 has 120 seconds left.\n|\n|t:|1664378676\n|-start|p1a: Beartic|Dynamax|\n|-heal|p1a: Beartic|376/606|[silent]\n|move|p2a: Cinderace|Pyro Ball|p1a: Beartic\n|-supereffective|p1a: Beartic\n|-damage|p1a: Beartic|0 fnt\n|faint|p1a: Beartic\n|\n|upkeep\n|inactive|MichaelderBeste2 has 120 seconds left.\n|c|\u2606MichaelderBeste2|welp\n|\n|t:|1664378688\n|switch|p1a: Meowstic|Meowstic-F, L86, F|152/268 brn\n|turn|21\n|c| spreading love|nice dmax\n|c| spreading love|xD\n|c|\u2606MichaelderBeste2|yeah\n|inactive|Vitoran has 60 seconds left.\n|c|\u2606MichaelderBeste2|ie he uses bulk up\n|c|\u2606MichaelderBeste2|I lose\n|inactive|MichaelderBeste2 has 120 seconds left.\n|c| 35Q71N|I had a message ready, but I am very glad I deleted it\n|inactive|Vitoran has 30 seconds left.\n|c|\u2606MichaelderBeste2|and if it's non cb\n|c|\u2606MichaelderBeste2|this was a max roll\n|\n|t:|1664378740\n|-start|p2a: Cinderace|Dynamax|\n|-heal|p2a: Cinderace|478/478|[silent]\n|move|p1a: Meowstic|Psychic|p2a: Cinderace\n|-damage|p2a: Cinderace|332/478\n|-damage|p1a: Meowstic|126/268 brn|[from] item: Life Orb\n|move|p2a: Cinderace|Max Flare|p1a: Meowstic\n|-damage|p1a: Meowstic|0 fnt\n|-weather|SunnyDay\n|faint|p1a: Meowstic\n|\n|-weather|SunnyDay|[upkeep]\n|upkeep\n|inactive|Vitoran has 30 seconds left this turn.\n|l| Strange Journey\n|inactive|MichaelderBeste2 has 90 seconds left.\n|c|\u2606MichaelderBeste2|what was it?\n|c|\u2606Vitoran|cb\n|\n|t:|1664378765\n|switch|p1a: Zamazenta|Zamazenta-Crowned, L71|17/248 brn\n|-ability|p1a: Zamazenta|Dauntless Shield|boost\n|-boost|p1a: Zamazenta|def|1\n|turn|22\n|c|\u2606MichaelderBeste2|ye\n|c|\u2606MichaelderBeste2|gg\n|inactive|MichaelderBeste2 has 90 seconds left.\n|c|\u2606Vitoran|gg\n|-message|MichaelderBeste2 forfeited.\n|\n|win|Vitoran\n|raw|MichaelderBeste2's rating: 2461 &rarr; <strong>2439</strong><br />(-22 for losing)\n|raw|Vitoran's rating: 2427 &rarr; <strong>2449</strong><br />(+22 for winning)\n|l|\u2606MichaelderBeste2\n|c| spreading love|ez\n|c| 35Q71N|ggs!\n|l| spreading love\n|c|\u2606Vitoran|tyty\n|c| 35Q71N|I wanted to say \"Avenge me!\"\n|c|\u2606Vitoran|jirachi insta burn was a lifesaver\n|c| 35Q71N|But then I saw you had two mons XD\n|c|\u2606Vitoran|i had not switch in for zama otherwise\n||Ladder isn't responding, score probably updated but might not have (Request timeout).\n", "inputlog": ">version 806e56ea67f2f748d4b403b3f5b33d56e25d3f7a\n>start {\"formatid\":\"gen8randombattle\",\"seed\":[58744,37171,51964,43020],\"rated\":\"Rated battle\"}\n>player p1 {\"name\":\"MichaelderBeste2\",\"avatar\":\"#wcop2021germany\",\"rating\":2461,\"seed\":[63887,50616,51550,9825]}\n>player p2 {\"name\":\"Vitoran\",\"avatar\":\"pokemonbreeder-gen4\",\"rating\":2427,\"seed\":[8282,11325,20158,26308]}\n>chat \u2606Vitoran|glhf\n>chat \u2606MichaelderBeste2|hf\n>p1 move darkpulse\n>p2 move fireblast\n>p1 move thunderbolt\n>p2 move fireblast\n>p2 switch 3\n>p1 switch 5\n>p2 move knockoff\n>p1 move closecombat\n>p2 switch 5\n>p1 move closecombat\n>p2 move firepunch\n>p1 switch 2\n>p2 move firepunch\n>chat \u2606MichaelderBeste2|LOL\n>p1 move shadowball\n>p2 move uturn\n>p2 switch 5\n>p1 switch 2\n>p2 move facade\n>p1 switch 3\n>p2 switch 2\n>p1 move heavyslam\n>p2 move hydropump\n>p1 move heavyslam\n>p2 move hydropump\n>p2 switch 2\n>p1 switch 5\n>p2 move knockoff\n>p1 switch 3\n>p1 move closecombat\n>p2 switch 4\n>p1 switch 4\n>p2 move roost\n>p1 move poisonjab\n>p2 move substitute\n>p1 move poisonjab\n>p2 move earthpower\n>p1 move poisonjab\n>p2 move roost\n>p1 move suckerpunch\n>p2 move earthpower\n>p1 switch 6\n>p1 move superpower\n>p2 move earthpower\n>p2 switch 6\n>p1 move iciclecrash dynamax\n>p2 move pyroball\n>chat \u2606MichaelderBeste2|welp\n>p1 switch 2\n>chat  spreading love|nice dmax\n>chat  spreading love|xD\n>chat \u2606MichaelderBeste2|yeah\n>chat \u2606MichaelderBeste2|ie he uses bulk up\n>chat \u2606MichaelderBeste2|I lose\n>chat  35Q71N|I had a message ready, but I am very glad I deleted it\n>chat \u2606MichaelderBeste2|and if it's non cb\n>chat \u2606MichaelderBeste2|this was a max roll\n>p1 move psychic\n>p2 move pyroball dynamax\n>chat \u2606MichaelderBeste2|what was it?\n>p1 switch 4\n>chat \u2606Vitoran|cb\n>chat \u2606MichaelderBeste2|ye\n>chat \u2606MichaelderBeste2|gg\n>chat \u2606Vitoran|gg\n>forcelose p1", "uploadtime": 1664378781, "views": 39, "p1id": "michaelderbeste2", "p2id": "vitoran", "formatid": "gen8randombattle", "rating": 2439, "private": 0, "password": null}