{"id": "gen8randombattle-1873351016", "p1": "chivalrouskricket", "p2": "liudaan", "format": "[Gen 8] Random Battle", "log": "|j|\u2606chivalrouskricket\n|j|\u2606liudaan\n|t:|1685367003\n|gametype|singles\n|player|p1|chivalrouskricket|266|1303\n|player|p2|liudaan|169|1402\n|teamsize|p1|6\n|teamsize|p2|6\n|gen|8\n|tier|[Gen 8] Random Battle\n|rated|\n|rule|Species Clause: Limit one of each Pok\u00e9mon\n|rule|HP Percentage Mod: HP is shown in percentages\n|rule|Sleep Clause Mod: Limit one foe put to sleep\n|\n|t:|1685367003\n|start\n|switch|p1a: Kingdra|Kingdra, L82, M|257/257\n|switch|p2a: Salazzle|Salazzle, L82, F|246/246\n|turn|1\n|\n|t:|1685367040\n|move|p2a: Salazzle|Toxic|p1a: Kingdra\n|-status|p1a: Kingdra|tox\n|move|p1a: Kingdra|Rain Dance|p1a: Kingdra\n|-weather|RainDance\n|\n|-weather|RainDance|[upkeep]\n|-damage|p1a: Kingdra|241/257 tox|[from] psn\n|upkeep\n|turn|2\n|\n|t:|1685367059\n|switch|p2a: Wigglytuff|Wigglytuff, L90, F|398/398\n|move|p1a: Kingdra|Hydro Pump|p2a: Wigglytuff\n|-damage|p2a: Wigglytuff|116/398\n|-damage|p1a: Kingdra|216/257 tox|[from] item: Life Orb\n|\n|-weather|RainDance|[upkeep]\n|-damage|p1a: Kingdra|184/257 tox|[from] psn\n|upkeep\n|turn|3\n|\n|t:|1685367076\n|switch|p1a: Roserade|Roserade, L84, F|238/238\n|move|p2a: Wigglytuff|Dazzling Gleam|p1a: Roserade\n|-resisted|p1a: Roserade\n|-damage|p1a: Roserade|202/238\n|\n|-weather|RainDance|[upkeep]\n|-heal|p1a: Roserade|216/238|[from] item: Black Sludge\n|upkeep\n|turn|4\n|\n|t:|1685367091\n|move|p1a: Roserade|Sludge Bomb|p2a: Wigglytuff\n|-supereffective|p2a: Wigglytuff\n|-damage|p2a: Wigglytuff|0 fnt\n|faint|p2a: Wigglytuff\n|\n|-weather|RainDance|[upkeep]\n|-heal|p1a: Roserade|230/238|[from] item: Black Sludge\n|upkeep\n|\n|t:|1685367105\n|switch|p2a: Salazzle|Salazzle, L82, F|246/246\n|turn|5\n|\n|t:|1685367114\n|switch|p1a: Kingdra|Kingdra, L82, M|184/257 tox\n|move|p2a: Salazzle|Flamethrower|p1a: Kingdra\n|-resisted|p1a: Kingdra\n|-damage|p1a: Kingdra|173/257 tox\n|\n|-weather|none\n|-damage|p1a: Kingdra|157/257 tox|[from] psn\n|upkeep\n|turn|6\n|\n|t:|1685367150\n|switch|p2a: Tapu Koko|Tapu Koko, L78|237/237\n|-fieldstart|move: Electric Terrain|[from] ability: Electric Surge|[of] p2a: Tapu Koko\n|switch|p1a: Roserade|Roserade, L84, F|230/238\n|\n|-heal|p1a: Roserade|238/238|[from] item: Black Sludge\n|upkeep\n|turn|7\n|\n|t:|1685367168\n|switch|p2a: Salazzle|Salazzle, L82, F|246/246\n|move|p1a: Roserade|Leaf Storm|p2a: Salazzle\n|-resisted|p2a: Salazzle\n|-damage|p2a: Salazzle|192/246\n|-unboost|p1a: Roserade|spa|2\n|\n|-heal|p2a: Salazzle|207/246|[from] item: Black Sludge\n|upkeep\n|turn|8\n|\n|t:|1685367184\n|switch|p1a: Kingdra|Kingdra, L82, M|157/257 tox\n|move|p2a: Salazzle|Flamethrower|p1a: Kingdra\n|-resisted|p1a: Kingdra\n|-crit|p1a: Kingdra\n|-damage|p1a: Kingdra|122/257 tox\n|\n|-heal|p2a: Salazzle|222/246|[from] item: Black Sludge\n|-damage|p1a: Kingdra|106/257 tox|[from] psn\n|upkeep\n|turn|9\n|\n|t:|1685367199\n|-start|p1a: Kingdra|Dynamax|\n|-heal|p1a: Kingdra|212/514 tox|[silent]\n|move|p2a: Salazzle|Protect|p2a: Salazzle\n|-singleturn|p2a: Salazzle|Protect\n|move|p1a: Kingdra|Max Geyser|p2a: Salazzle\n|-supereffective|p2a: Salazzle\n|-zbroken|p2a: Salazzle\n|-damage|p2a: Salazzle|110/246\n|-weather|RainDance\n|-damage|p1a: Kingdra|187/514 tox|[from] item: Life Orb\n|\n|-weather|RainDance|[upkeep]\n|-heal|p2a: Salazzle|125/246|[from] item: Black Sludge\n|-damage|p1a: Kingdra|155/514 tox|[from] psn\n|upkeep\n|turn|10\n|\n|t:|1685367217\n|move|p2a: Salazzle|Protect||[still]\n|-fail|p2a: Salazzle\n|move|p1a: Kingdra|Max Airstream|p2a: Salazzle\n|-damage|p2a: Salazzle|0 fnt\n|-boost|p1a: Kingdra|spe|1\n|faint|p2a: Salazzle\n|-damage|p1a: Kingdra|130/514 tox|[from] item: Life Orb\n|\n|-weather|RainDance|[upkeep]\n|-damage|p1a: Kingdra|82/514 tox|[from] psn\n|-fieldend|move: Electric Terrain\n|upkeep\n|l|\u2606chivalrouskricket\n|player|p1|\n|j|\u2606chivalrouskricket\n|player|p1|chivalrouskricket|266\n|\n|t:|1685367244\n|switch|p2a: Dusknoir|Dusknoir, L86, M|218/218\n|-item|p1a: Kingdra|Life Orb|[from] ability: Frisk|[of] p2a: Dusknoir|[identify]\n|turn|11\n|inactive|Battle timer is ON: inactive players will automatically lose when time's up. (requested by liudaan)\n|\n|t:|1685367299\n|move|p1a: Kingdra|Max Geyser|p2a: Dusknoir\n|-damage|p2a: Dusknoir|27/218\n|-damage|p1a: Kingdra|57/514 tox|[from] item: Life Orb\n|move|p2a: Dusknoir|Earthquake|p1a: Kingdra\n|-damage|p1a: Kingdra|0 fnt\n|faint|p1a: Kingdra\n|\n|-weather|RainDance|[upkeep]\n|-heal|p2a: Dusknoir|40/218|[from] item: Leftovers\n|upkeep\n|\n|t:|1685367317\n|switch|p1a: Roserade|Roserade, L84, F|238/238\n|turn|12\n|\n|t:|1685367324\n|move|p1a: Roserade|Sludge Bomb|p2a: Dusknoir\n|-resisted|p2a: Dusknoir\n|-damage|p2a: Dusknoir|0 fnt\n|faint|p2a: Dusknoir\n|\n|-weather|RainDance|[upkeep]\n|upkeep\n|\n|t:|1685367333\n|switch|p2a: Magmortar|Magmortar, L86, M|269/269\n|turn|13\n|\n|t:|1685367340\n|switch|p1a: Omastar|Omastar, L82, M|249/249\n|move|p2a: Magmortar|Fire Blast|p1a: Omastar\n|-resisted|p1a: Omastar\n|-damage|p1a: Omastar|227/249\n|\n|-weather|none\n|upkeep\n|turn|14\n|\n|t:|1685367355\n|move|p2a: Magmortar|Focus Blast|p1a: Omastar|[miss]\n|-miss|p2a: Magmortar|p1a: Omastar\n|move|p1a: Omastar|Shell Smash|p1a: Omastar\n|-unboost|p1a: Omastar|def|1\n|-unboost|p1a: Omastar|spd|1\n|-boost|p1a: Omastar|atk|2\n|-boost|p1a: Omastar|spa|2\n|-boost|p1a: Omastar|spe|2\n|-enditem|p1a: Omastar|White Herb\n|-clearnegativeboost|p1a: Omastar|[silent]\n|\n|upkeep\n|turn|15\n|\n|t:|1685367368\n|move|p1a: Omastar|Earth Power|p2a: Magmortar\n|-supereffective|p2a: Magmortar\n|-damage|p2a: Magmortar|9/269\n|move|p2a: Magmortar|Focus Blast|p1a: Omastar\n|-supereffective|p1a: Omastar\n|-damage|p1a: Omastar|0 fnt\n|faint|p1a: Omastar\n|\n|upkeep\n|\n|t:|1685367377\n|switch|p1a: Roserade|Roserade, L84, F|238/238\n|turn|16\n|\n|t:|1685367384\n|move|p1a: Roserade|Sludge Bomb|p2a: Magmortar\n|-damage|p2a: Magmortar|0 fnt\n|faint|p2a: Magmortar\n|\n|upkeep\n|\n|t:|1685367389\n|switch|p2a: Umbreon|Umbreon, L82, F|290/290\n|turn|17\n|\n|t:|1685367411\n|move|p1a: Roserade|Sleep Powder|p2a: Umbreon\n|-status|p2a: Umbreon|slp|[from] move: Sleep Powder\n|cant|p2a: Umbreon|slp\n|\n|upkeep\n|turn|18\n|c|\u2606liudaan|\u50bb\u903c\n|inactive|chivalrouskricket has 120 seconds left.\n|inactive|liudaan has 120 seconds left.\n|-message|liudaan forfeited.\n|\n|win|chivalrouskricket\n|raw|chivalrouskricket's rating: 1303 &rarr; <strong>1329</strong><br />(+26 for winning)\n|raw|liudaan's rating: 1402 &rarr; <strong>1376</strong><br />(-26 for losing)\n|l|\u2606liudaan\n|j|\u2606liudaan\n|player|p2|liudaan|169\n|l|\u2606liudaan\n|player|p2|\n", "inputlog": ">version 6fec31d5a0d4498a06105aa188c9906bc0b6bf95\n>start {\"formatid\":\"gen8randombattle\",\"seed\":[47829,38455,40502,9656],\"rated\":\"Rated battle\"}\n>player p1 {\"name\":\"chivalrouskricket\",\"avatar\":\"266\",\"rating\":1303,\"seed\":[13130,32568,17407,49508]}\n>player p2 {\"name\":\"liudaan\",\"avatar\":\"169\",\"rating\":1402,\"seed\":[62189,11495,8840,17549]}\n>p1 move raindance\n>p2 move toxic\n>p1 move hydropump\n>p2 switch 3\n>p1 switch 3\n>p2 move dazzlinggleam\n>p1 move sludgebomb\n>p2 move fireblast\n>p2 switch 3\n>p1 switch 3\n>p2 move flamethrower\n>p1 switch 3\n>p2 switch 2\n>p1 move leafstorm\n>p2 switch 2\n>p1 switch 3\n>p2 move flamethrower\n>p1 move hydropump dynamax\n>p2 move protect\n>p1 move hurricane dynamax\n>p2 move protect\n>p2 switch 6\n>p1 move hydropump dynamax\n>p2 move earthquake\n>p1 switch 3\n>p1 move sludgebomb\n>p2 move painsplit\n>p2 switch 5\n>p1 switch 4\n>p2 move fireblast\n>p1 move shellsmash\n>p2 move focusblast\n>p1 move earthpower\n>p2 move focusblast\n>p1 switch 4\n>p1 move sludgebomb\n>p2 move fireblast\n>p2 switch 4\n>p1 move sleeppowder\n>p2 move foulplay\n>chat \u2606liudaan|\u50bb\u903c\n>forcelose p2", "uploadtime": 1685367455, "views": 14, "p1id": "chivalrouskricket", "p2id": "liudaan", "formatid": "gen8randombattle", "rating": 1329, "private": 0, "password": ""}