{"id": "gen8randombattle-1871820727", "p1": "brofrfr", "p2": "Belzubub", "format": "[Gen 8] Random Battle", "log": "|j|\u2606brofrfr\n|j|\u2606Belzubub\n|t:|1685134002\n|gametype|singles\n|player|p1|brofrfr|n|1170\n|player|p2|Belzubub|byron|1230\n|teamsize|p1|6\n|teamsize|p2|6\n|gen|8\n|tier|[Gen 8] Random Battle\n|rated|\n|rule|Species Clause: Limit one of each Pok\u00e9mon\n|rule|HP Percentage Mod: HP is shown in percentages\n|rule|Sleep Clause Mod: Limit one foe put to sleep\n|\n|t:|1685134002\n|start\n|switch|p1a: Darmanitan|Darmanitan, L80, F|299/299\n|switch|p2a: Necrozma|Necrozma, L80|286/286\n|turn|1\n|inactive|Battle timer is ON: inactive players will automatically lose when time's up. (requested by Belzubub)\n|inactive|brofrfr also wants the timer to be on.\n|\n|t:|1685134018\n|switch|p2a: Tentacruel|Tentacruel, L84, M|272/272\n|move|p1a: Darmanitan|U-turn|p2a: Tentacruel\n|-resisted|p2a: Tentacruel\n|-damage|p2a: Tentacruel|225/272\n|-damage|p1a: Darmanitan|270/299|[from] item: Life Orb\n|\n|t:|1685134030\n|switch|p1a: Mew|Mew, L80|291/291|[from] U-turn\n|\n|-heal|p2a: Tentacruel|242/272|[from] item: Black Sludge\n|upkeep\n|turn|2\n|\n|t:|1685134047\n|switch|p2a: Necrozma|Necrozma, L80|286/286\n|move|p1a: Mew|Dragon Dance|p1a: Mew\n|-boost|p1a: Mew|atk|1\n|-boost|p1a: Mew|spe|1\n|\n|upkeep\n|turn|3\n|\n|t:|1685134053\n|move|p1a: Mew|Psychic Fangs|p2a: Necrozma\n|-resisted|p2a: Necrozma\n|-damage|p2a: Necrozma|223/286\n|move|p2a: Necrozma|Calm Mind|p2a: Necrozma\n|-boost|p2a: Necrozma|spa|1\n|-boost|p2a: Necrozma|spd|1\n|\n|-heal|p2a: Necrozma|240/286|[from] item: Leftovers\n|upkeep\n|turn|4\n|\n|t:|1685134058\n|move|p1a: Mew|Dragon Dance|p1a: Mew\n|-boost|p1a: Mew|atk|1\n|-boost|p1a: Mew|spe|1\n|move|p2a: Necrozma|Calm Mind|p2a: Necrozma\n|-boost|p2a: Necrozma|spa|1\n|-boost|p2a: Necrozma|spd|1\n|\n|-heal|p2a: Necrozma|257/286|[from] item: Leftovers\n|upkeep\n|turn|5\n|\n|t:|1685134062\n|move|p1a: Mew|Dragon Dance|p1a: Mew\n|-boost|p1a: Mew|atk|1\n|-boost|p1a: Mew|spe|1\n|move|p2a: Necrozma|Heat Wave|p1a: Mew\n|-damage|p1a: Mew|141/291\n|-status|p1a: Mew|brn\n|-activate|p1a: Mew|ability: Synchronize\n|-status|p2a: Necrozma|brn\n|-enditem|p1a: Mew|Lum Berry|[eat]\n|-curestatus|p1a: Mew|brn|[msg]\n|\n|-heal|p2a: Necrozma|274/286 brn|[from] item: Leftovers\n|-damage|p2a: Necrozma|257/286 brn|[from] brn\n|upkeep\n|turn|6\n|\n|t:|1685134073\n|move|p1a: Mew|Flare Blitz|p2a: Necrozma\n|-damage|p2a: Necrozma|76/286 brn\n|-damage|p1a: Mew|81/291|[from] Recoil\n|move|p2a: Necrozma|Calm Mind|p2a: Necrozma\n|-boost|p2a: Necrozma|spa|1\n|-boost|p2a: Necrozma|spd|1\n|\n|-heal|p2a: Necrozma|93/286 brn|[from] item: Leftovers\n|-damage|p2a: Necrozma|76/286 brn|[from] brn\n|upkeep\n|turn|7\n|\n|t:|1685134078\n|move|p1a: Mew|Flare Blitz|p2a: Necrozma\n|-damage|p2a: Necrozma|0 fnt\n|faint|p2a: Necrozma\n|-damage|p1a: Mew|56/291|[from] Recoil\n|\n|upkeep\n|\n|t:|1685134085\n|switch|p2a: Tentacruel|Tentacruel, L84, M|242/272\n|turn|8\n|\n|t:|1685134091\n|move|p1a: Mew|Psychic Fangs|p2a: Tentacruel\n|-supereffective|p2a: Tentacruel\n|-damage|p2a: Tentacruel|0 fnt\n|faint|p2a: Tentacruel\n|\n|upkeep\n|\n|t:|1685134097\n|switch|p2a: Kartana|Kartana, L74|209/209\n|turn|9\n|\n|t:|1685134112\n|switch|p2a: Vaporeon|Vaporeon, L84, M|356/356\n|move|p1a: Mew|Flare Blitz|p2a: Vaporeon\n|-resisted|p2a: Vaporeon\n|-damage|p2a: Vaporeon|214/356\n|-damage|p1a: Mew|9/291|[from] Recoil\n|\n|-heal|p2a: Vaporeon|236/356|[from] item: Leftovers\n|upkeep\n|turn|10\n|\n|t:|1685134122\n|move|p2a: Vaporeon|Protect|p2a: Vaporeon\n|-singleturn|p2a: Vaporeon|Protect\n|move|p1a: Mew|Close Combat|p2a: Vaporeon\n|-activate|p2a: Vaporeon|move: Protect\n|\n|-heal|p2a: Vaporeon|258/356|[from] item: Leftovers\n|upkeep\n|turn|11\n|\n|t:|1685134131\n|move|p1a: Mew|Close Combat|p2a: Vaporeon\n|-damage|p2a: Vaporeon|17/356\n|-unboost|p1a: Mew|def|1\n|-unboost|p1a: Mew|spd|1\n|move|p2a: Vaporeon|Wish|p2a: Vaporeon\n|\n|-heal|p2a: Vaporeon|39/356|[from] item: Leftovers\n|upkeep\n|turn|12\n|\n|t:|1685134141\n|move|p2a: Vaporeon|Protect|p2a: Vaporeon\n|-singleturn|p2a: Vaporeon|Protect\n|move|p1a: Mew|Dragon Dance|p1a: Mew\n|-boost|p1a: Mew|atk|1\n|-boost|p1a: Mew|spe|1\n|\n|-heal|p2a: Vaporeon|217/356|[from] move: Wish|[wisher] Vaporeon\n|-heal|p2a: Vaporeon|239/356|[from] item: Leftovers\n|upkeep\n|turn|13\n|\n|t:|1685134147\n|move|p1a: Mew|Close Combat|p2a: Vaporeon\n|-damage|p2a: Vaporeon|0 fnt\n|-unboost|p1a: Mew|def|1\n|-unboost|p1a: Mew|spd|1\n|faint|p2a: Vaporeon\n|\n|upkeep\n|\n|t:|1685134154\n|switch|p2a: Morpeko|Morpeko, L86, F|240/240\n|turn|14\n|\n|t:|1685134165\n|move|p1a: Mew|Close Combat|p2a: Morpeko\n|-supereffective|p2a: Morpeko\n|-damage|p2a: Morpeko|0 fnt\n|-unboost|p1a: Mew|def|1\n|-unboost|p1a: Mew|spd|1\n|faint|p2a: Morpeko\n|\n|upkeep\n|\n|t:|1685134169\n|switch|p2a: Exeggutor|Exeggutor, L86, M|304/304\n|turn|15\n|\n|t:|1685134175\n|move|p1a: Mew|Flare Blitz|p2a: Exeggutor\n|-supereffective|p2a: Exeggutor\n|-damage|p2a: Exeggutor|0 fnt\n|faint|p2a: Exeggutor\n|-damage|p1a: Mew|0 fnt|[from] Recoil\n|faint|p1a: Mew\n|\n|upkeep\n|\n|t:|1685134178\n|switch|p1a: Centiskorch|Centiskorch, L84, M|305/305\n|switch|p2a: Kartana|Kartana, L74|209/209\n|turn|16\n|\n|t:|1685134186\n|-start|p1a: Centiskorch|Dynamax|\n|-heal|p1a: Centiskorch|610/610|[silent]\n|move|p2a: Kartana|Swords Dance|p2a: Kartana\n|-boost|p2a: Kartana|atk|2\n|move|p1a: Centiskorch|Max Flare|p2a: Kartana\n|-supereffective|p2a: Kartana\n|-damage|p2a: Kartana|0 fnt\n|-weather|SunnyDay\n|faint|p2a: Kartana\n|\n|win|brofrfr\n|raw|brofrfr's rating: 1170 &rarr; <strong>1199</strong><br />(+29 for winning)\n|raw|Belzubub's rating: 1230 &rarr; <strong>1201</strong><br />(-29 for losing)\n|c|\u2606Belzubub|gg\n", "inputlog": ">version 61c68e60481ef09071210320730fc448fef50368\n>start {\"formatid\":\"gen8randombattle\",\"seed\":[18130,30764,10211,59148],\"rated\":\"Rated battle\"}\n>player p1 {\"name\":\"brofrfr\",\"avatar\":\"n\",\"rating\":1170,\"seed\":[28358,65242,39540,29082]}\n>player p2 {\"name\":\"Belzubub\",\"avatar\":\"byron\",\"rating\":1230,\"seed\":[59931,22418,22853,33678]}\n>p1 move uturn\n>p2 switch 6\n>p1 switch 6\n>p1 move dragondance\n>p2 switch 6\n>p1 move psychicfangs\n>p2 move calmmind\n>p1 move dragondance\n>p2 move calmmind\n>p1 move dragondance\n>p2 move heatwave\n>p1 move flareblitz\n>p2 move calmmind\n>p1 move flareblitz\n>p2 move moonlight\n>p2 switch 6\n>p1 move psychicfangs\n>p2 move haze\n>p2 switch 4\n>p1 move flareblitz\n>p2 switch 5\n>p1 move closecombat\n>p2 move protect\n>p1 move closecombat\n>p2 move wish\n>p1 move dragondance\n>p2 move protect\n>p1 move closecombat\n>p2 move scald\n>p2 switch 3\n>p1 move closecombat\n>p2 move rapidspin\n>p2 switch 2\n>p1 move flareblitz\n>p2 move substitute\n>p1 switch 3\n>p2 switch 5\n>p1 move firelash dynamax\n>p2 move swordsdance", "uploadtime": 1685134194, "views": 3, "p1id": "brofrfr", "p2id": "belzubub", "formatid": "gen8randombattle", "rating": 1199, "private": 0, "password": ""}