{"id": "gen8randombattle-1871641730", "p1": "ITACHI37", "p2": "MyPasswordIsPeePee", "format": "[Gen 8] Random Battle", "log": "|j|\u2606ITACHI37\n|j|\u2606MyPasswordIsPeePee\n|t:|1685115300\n|gametype|singles\n|player|p1|ITACHI37|red|1471\n|player|p2|MyPasswordIsPeePee|102|1654\n|teamsize|p1|6\n|teamsize|p2|6\n|gen|8\n|tier|[Gen 8] Random Battle\n|rated|\n|rule|Species Clause: Limit one of each Pok\u00e9mon\n|rule|HP Percentage Mod: HP is shown in percentages\n|rule|Sleep Clause Mod: Limit one foe put to sleep\n|\n|t:|1685115300\n|start\n|switch|p1a: Rhyperior|Rhyperior, L82, M|323/323\n|switch|p2a: Bronzong|Bronzong, L83|247/247\n|turn|1\n|inactive|Battle timer is ON: inactive players will automatically lose when time's up. (requested by ITACHI37)\n|\n|t:|1685115339\n|switch|p1a: Absol|Absol, L84, M|246/246\n|move|p2a: Bronzong|Stealth Rock|p1a: Absol\n|-sidestart|p1: ITACHI37|move: Stealth Rock\n|\n|upkeep\n|turn|2\n|\n|t:|1685115346\n|switch|p2a: Passimian|Passimian, L82, M|298/298\n|move|p1a: Absol|Knock Off|p2a: Passimian\n|-resisted|p2a: Passimian\n|-damage|p2a: Passimian|202/298\n|-enditem|p2a: Passimian|Choice Band|[from] move: Knock Off|[of] p1a: Absol\n|\n|upkeep\n|turn|3\n|\n|t:|1685115357\n|switch|p1a: Togekiss|Togekiss, L80, M|267/267\n|move|p2a: Passimian|Knock Off|p1a: Togekiss\n|-resisted|p1a: Togekiss\n|-crit|p1a: Togekiss\n|-damage|p1a: Togekiss|211/267\n|-enditem|p1a: Togekiss|Heavy-Duty Boots|[from] move: Knock Off|[of] p2a: Passimian\n|\n|upkeep\n|turn|4\n|\n|t:|1685115367\n|move|p2a: Passimian|U-turn|p1a: Togekiss\n|-resisted|p1a: Togekiss\n|-damage|p1a: Togekiss|199/267\n|\n|t:|1685115368\n|switch|p2a: Bronzong|Bronzong, L83|247/247|[from] U-turn\n|move|p1a: Togekiss|Nasty Plot|p1a: Togekiss\n|-boost|p1a: Togekiss|spa|2\n|\n|upkeep\n|turn|5\n|\n|t:|1685115386\n|switch|p1a: Absol|Absol, L84, M|246/246\n|-damage|p1a: Absol|216/246|[from] Stealth Rock\n|move|p2a: Bronzong|Toxic|p1a: Absol\n|-status|p1a: Absol|tox\n|\n|-damage|p1a: Absol|201/246 tox|[from] psn\n|upkeep\n|turn|6\n|\n|t:|1685115397\n|switch|p2a: Garbodor|Garbodor, L87, F|281/281\n|move|p1a: Absol|Play Rough|p2a: Garbodor\n|-resisted|p2a: Garbodor\n|-damage|p2a: Garbodor|221/281\n|\n|-heal|p2a: Garbodor|238/281|[from] item: Black Sludge\n|-damage|p1a: Absol|171/246 tox|[from] psn\n|upkeep\n|turn|7\n|\n|t:|1685115411\n|switch|p2a: Passimian|Passimian, L82, M|202/298\n|switch|p1a: Togekiss|Togekiss, L80, M|199/267\n|-damage|p1a: Togekiss|133/267|[from] Stealth Rock\n|\n|upkeep\n|turn|8\n|\n|t:|1685115421\n|move|p2a: Passimian|U-turn|p1a: Togekiss\n|-resisted|p1a: Togekiss\n|-damage|p1a: Togekiss|120/267\n|\n|t:|1685115424\n|switch|p2a: Bronzong|Bronzong, L83|247/247|[from] U-turn\n|move|p1a: Togekiss|Roost|p1a: Togekiss\n|-heal|p1a: Togekiss|254/267\n|-singleturn|p1a: Togekiss|move: Roost\n|\n|upkeep\n|turn|9\n|\n|t:|1685115435\n|move|p1a: Togekiss|Thunder Wave|p2a: Bronzong\n|-status|p2a: Bronzong|par\n|move|p2a: Bronzong|Iron Head|p1a: Togekiss\n|-supereffective|p1a: Togekiss\n|-damage|p1a: Togekiss|90/267\n|\n|upkeep\n|turn|10\n|\n|t:|1685115443\n|move|p1a: Togekiss|Roost|p1a: Togekiss\n|-heal|p1a: Togekiss|224/267\n|-singleturn|p1a: Togekiss|move: Roost\n|move|p2a: Bronzong|Iron Head|p1a: Togekiss\n|-supereffective|p1a: Togekiss\n|-damage|p1a: Togekiss|60/267\n|\n|upkeep\n|turn|11\n|\n|t:|1685115454\n|move|p1a: Togekiss|Roost|p1a: Togekiss\n|-heal|p1a: Togekiss|194/267\n|-singleturn|p1a: Togekiss|move: Roost\n|move|p2a: Bronzong|Iron Head|p1a: Togekiss\n|-supereffective|p1a: Togekiss\n|-damage|p1a: Togekiss|30/267\n|\n|upkeep\n|turn|12\n|\n|t:|1685115464\n|move|p1a: Togekiss|Roost|p1a: Togekiss\n|-heal|p1a: Togekiss|164/267\n|-singleturn|p1a: Togekiss|move: Roost\n|move|p2a: Bronzong|Iron Head|p1a: Togekiss\n|-supereffective|p1a: Togekiss\n|-damage|p1a: Togekiss|18/267\n|\n|upkeep\n|turn|13\n|\n|t:|1685115472\n|move|p1a: Togekiss|Roost|p1a: Togekiss\n|-heal|p1a: Togekiss|152/267\n|-singleturn|p1a: Togekiss|move: Roost\n|move|p2a: Bronzong|Iron Head|p1a: Togekiss\n|-supereffective|p1a: Togekiss\n|-damage|p1a: Togekiss|2/267\n|\n|upkeep\n|turn|14\n|\n|t:|1685115480\n|move|p1a: Togekiss|Roost|p1a: Togekiss\n|-heal|p1a: Togekiss|136/267\n|-singleturn|p1a: Togekiss|move: Roost\n|move|p2a: Bronzong|Iron Head|p1a: Togekiss\n|-supereffective|p1a: Togekiss\n|-damage|p1a: Togekiss|0 fnt\n|faint|p1a: Togekiss\n|\n|upkeep\n|\n|t:|1685115498\n|switch|p1a: Absol|Absol, L84, M|171/246 tox\n|-damage|p1a: Absol|141/246 tox|[from] Stealth Rock\n|turn|15\n|\n|t:|1685115509\n|switch|p2a: Garbodor|Garbodor, L87, F|238/281\n|move|p1a: Absol|Play Rough|p2a: Garbodor\n|-resisted|p2a: Garbodor\n|-damage|p2a: Garbodor|177/281\n|\n|-heal|p2a: Garbodor|194/281|[from] item: Black Sludge\n|-damage|p1a: Absol|126/246 tox|[from] psn\n|upkeep\n|turn|16\n|\n|t:|1685115535\n|switch|p1a: Frosmoth|Frosmoth, L82, F|249/249\n|move|p2a: Garbodor|Gunk Shot|p1a: Frosmoth\n|-damage|p1a: Frosmoth|75/249\n|\n|-heal|p2a: Garbodor|211/281|[from] item: Black Sludge\n|upkeep\n|turn|17\n|-message|ITACHI37 forfeited.\n|\n|win|MyPasswordIsPeePee\n|raw|ITACHI37's rating: 1471 &rarr; <strong>1461</strong><br />(-10 for losing)\n|raw|MyPasswordIsPeePee's rating: 1654 &rarr; <strong>1664</strong><br />(+10 for winning)\n|l|\u2606ITACHI37\n", "inputlog": ">version 61c68e60481ef09071210320730fc448fef50368\n>start {\"formatid\":\"gen8randombattle\",\"seed\":[19071,10362,5556,4956],\"rated\":\"Rated battle\"}\n>player p1 {\"name\":\"ITACHI37\",\"avatar\":\"red\",\"rating\":1471,\"seed\":[53129,15826,54835,10705]}\n>player p2 {\"name\":\"MyPasswordIsPeePee\",\"avatar\":\"102\",\"rating\":1654,\"seed\":[54684,20287,23805,58942]}\n>p1 switch 4\n>p2 move stealthrock\n>p1 move knockoff\n>p2 switch 3\n>p1 switch 2\n>p2 move knockoff\n>p1 move nastyplot\n>p2 move uturn\n>p2 switch 3\n>p1 switch 2\n>p2 move toxic\n>p1 move playrough\n>p2 switch 2\n>p1 switch 2\n>p2 switch 3\n>p1 move roost\n>p2 move uturn\n>p2 switch 2\n>p1 move thunderwave\n>p2 move ironhead\n>p1 move roost\n>p2 move ironhead\n>p1 move roost\n>p2 move ironhead\n>p1 move roost\n>p2 move ironhead\n>p1 move roost\n>p2 move ironhead\n>p1 move roost\n>p2 move ironhead\n>p1 switch 2\n>p1 move playrough\n>p2 switch 3\n>p1 switch 6\n>p2 move gunkshot\n>forcelose p1", "uploadtime": 1685115551, "views": 6, "p1id": "itachi37", "p2id": "mypasswordispeepee", "formatid": "gen8randombattle", "rating": 1461, "private": 0, "password": ""}