{"id": "gen8randombattle-1873973893", "p1": "Hikari634", "p2": "Snorlax's Crackers", "format": "[Gen 8] Random Battle", "log": "|j|\u2606Hikari634\n|j|\u2606Snorlax's Crackers\n|t:|1685451069\n|gametype|singles\n|player|p1|Hikari634|dawn|1084\n|player|p2|Snorlax's Crackers|lady|1094\n|teamsize|p1|6\n|teamsize|p2|6\n|gen|8\n|tier|[Gen 8] Random Battle\n|rated|\n|rule|Species Clause: Limit one of each Pok\u00e9mon\n|rule|HP Percentage Mod: HP is shown in percentages\n|rule|Sleep Clause Mod: Limit one foe put to sleep\n|\n|t:|1685451069\n|start\n|switch|p1a: Conkeldurr|Conkeldurr, L80, M|299/299\n|switch|p2a: Ferrothorn|Ferrothorn, L78, F|244/244\n|turn|1\n|\n|t:|1685451082\n|move|p1a: Conkeldurr|Knock Off|p2a: Ferrothorn\n|-damage|p2a: Ferrothorn|182/244\n|-damage|p1a: Conkeldurr|262/299|[from] ability: Iron Barbs|[of] p2a: Ferrothorn\n|-enditem|p2a: Ferrothorn|Leftovers|[from] move: Knock Off|[of] p1a: Conkeldurr\n|move|p2a: Ferrothorn|Leech Seed|p1a: Conkeldurr\n|-start|p1a: Conkeldurr|move: Leech Seed\n|\n|-damage|p1a: Conkeldurr|225/299|[from] Leech Seed|[of] p2a: Ferrothorn\n|-heal|p2a: Ferrothorn|219/244|[silent]\n|-status|p1a: Conkeldurr|brn|[from] item: Flame Orb\n|upkeep\n|turn|2\n|\n|t:|1685451098\n|move|p2a: Ferrothorn|Protect|p2a: Ferrothorn\n|-singleturn|p2a: Ferrothorn|Protect\n|move|p1a: Conkeldurr|Close Combat|p2a: Ferrothorn\n|-activate|p2a: Ferrothorn|move: Protect\n|\n|-damage|p1a: Conkeldurr|188/299 brn|[from] Leech Seed|[of] p2a: Ferrothorn\n|-heal|p2a: Ferrothorn|244/244|[silent]\n|-damage|p1a: Conkeldurr|170/299 brn|[from] brn\n|upkeep\n|turn|3\n|\n|t:|1685451112\n|switch|p1a: Turtonator|Turtonator, L84, F|238/238\n|switch|p2a: Garbodor|Garbodor, L87, M|281/281\n|\n|upkeep\n|turn|4\n|inactive|Battle timer is ON: inactive players will automatically lose when time's up. (requested by Snorlax's Crackers)\n|\n|t:|1685451123\n|move|p2a: Garbodor|Stomping Tantrum|p1a: Turtonator\n|-supereffective|p1a: Turtonator\n|-damage|p1a: Turtonator|164/238\n|move|p1a: Turtonator|Earthquake|p2a: Garbodor\n|-supereffective|p2a: Garbodor\n|-damage|p2a: Garbodor|161/281\n|\n|-heal|p2a: Garbodor|178/281|[from] item: Black Sludge\n|upkeep\n|turn|5\n|\n|t:|1685451138\n|move|p2a: Garbodor|Toxic Spikes|p1a: Turtonator\n|-sidestart|p1: Hikari634|move: Toxic Spikes\n|move|p1a: Turtonator|Fire Blast|p2a: Garbodor|[miss]\n|-miss|p1a: Turtonator|p2a: Garbodor\n|\n|-heal|p2a: Garbodor|195/281|[from] item: Black Sludge\n|upkeep\n|turn|6\n|\n|t:|1685451153\n|move|p2a: Garbodor|Toxic Spikes|p1a: Turtonator\n|-sidestart|p1: Hikari634|move: Toxic Spikes\n|move|p1a: Turtonator|Draco Meteor|p2a: Garbodor|[miss]\n|-miss|p1a: Turtonator|p2a: Garbodor\n|\n|-heal|p2a: Garbodor|212/281|[from] item: Black Sludge\n|upkeep\n|turn|7\n|\n|t:|1685451163\n|move|p2a: Garbodor|Spikes|p1a: Turtonator\n|-sidestart|p1: Hikari634|Spikes\n|move|p1a: Turtonator|Draco Meteor|p2a: Garbodor\n|-damage|p2a: Garbodor|89/281\n|-unboost|p1a: Turtonator|spa|2\n|\n|-heal|p2a: Garbodor|106/281|[from] item: Black Sludge\n|upkeep\n|turn|8\n|\n|t:|1685451180\n|switch|p1a: Mawile|Mawile, L86, M|226/226\n|-damage|p1a: Mawile|198/226|[from] Spikes\n|move|p2a: Garbodor|Spikes|p1a: Mawile\n|-sidestart|p1: Hikari634|Spikes\n|\n|-heal|p2a: Garbodor|123/281|[from] item: Black Sludge\n|upkeep\n|turn|9\n|\n|t:|1685451194\n|move|p2a: Garbodor|Spikes|p1a: Mawile\n|-sidestart|p1: Hikari634|Spikes\n|move|p1a: Mawile|Swords Dance|p1a: Mawile\n|-boost|p1a: Mawile|atk|2\n|\n|-heal|p2a: Garbodor|140/281|[from] item: Black Sludge\n|upkeep\n|turn|10\n|\n|t:|1685451204\n|move|p2a: Garbodor|Stomping Tantrum|p1a: Mawile\n|-supereffective|p1a: Mawile\n|-damage|p1a: Mawile|94/226\n|move|p1a: Mawile|Swords Dance|p1a: Mawile\n|-boost|p1a: Mawile|atk|2\n|\n|-heal|p2a: Garbodor|157/281|[from] item: Black Sludge\n|upkeep\n|turn|11\n|\n|t:|1685451220\n|-start|p1a: Mawile|Dynamax|\n|-heal|p1a: Mawile|188/452|[silent]\n|move|p2a: Garbodor|Spikes||[still]\n|-fail|p2a: Garbodor\n|move|p1a: Mawile|Max Steelspike|p2a: Garbodor\n|-damage|p2a: Garbodor|0 fnt\n|-boost|p1a: Mawile|def|1\n|faint|p2a: Garbodor\n|-damage|p1a: Mawile|166/452|[from] item: Life Orb\n|\n|upkeep\n|\n|t:|1685451240\n|switch|p2a: Rotom|Rotom-Mow, L86|226/226\n|turn|12\n|\n|t:|1685451255\n|move|p2a: Rotom|Volt Switch|p1a: Mawile\n|-damage|p1a: Mawile|48/452\n|\n|t:|1685451263\n|switch|p2a: Tyrantrum|Tyrantrum, L82, M|269/269|[from] Volt Switch\n|move|p1a: Mawile|Max Starfall|p2a: Tyrantrum\n|-supereffective|p2a: Tyrantrum\n|-damage|p2a: Tyrantrum|0 fnt\n|-fieldstart|move: Misty Terrain\n|faint|p2a: Tyrantrum\n|-damage|p1a: Mawile|26/452|[from] item: Life Orb\n|\n|upkeep\n|inactive|Snorlax's Crackers has 120 seconds left.\n|\n|t:|1685451273\n|switch|p2a: Rotom|Rotom-Mow, L86|226/226\n|turn|13\n|\n|t:|1685451279\n|move|p2a: Rotom|Thunderbolt|p1a: Mawile\n|-crit|p1a: Mawile\n|-damage|p1a: Mawile|0 fnt\n|faint|p1a: Mawile\n|\n|upkeep\n|\n|t:|1685451287\n|switch|p1a: Claydol|Claydol, L86|243/243\n|turn|14\n|\n|t:|1685451294\n|move|p2a: Rotom|Leaf Storm|p1a: Claydol\n|-supereffective|p1a: Claydol\n|-damage|p1a: Claydol|25/243\n|-unboost|p2a: Rotom|spa|2\n|move|p1a: Claydol|Stealth Rock|p2a: Rotom\n|-sidestart|p2: Snorlax's Crackers|move: Stealth Rock\n|\n|-heal|p1a: Claydol|40/243|[from] item: Leftovers\n|upkeep\n|turn|15\n|\n|t:|1685451308\n|move|p2a: Rotom|Leaf Storm|p1a: Claydol\n|-supereffective|p1a: Claydol\n|-damage|p1a: Claydol|0 fnt\n|-unboost|p2a: Rotom|spa|2\n|faint|p1a: Claydol\n|\n|upkeep\n|\n|t:|1685451319\n|switch|p1a: Emolga|Emolga, L88, F|240/240\n|turn|16\n|\n|t:|1685451334\n|switch|p2a: Ferrothorn|Ferrothorn, L78, F|244/244\n|-damage|p2a: Ferrothorn|229/244|[from] Stealth Rock\n|move|p1a: Emolga|Toxic|p2a: Ferrothorn\n|-immune|p2a: Ferrothorn\n|\n|-fieldend|Misty Terrain\n|upkeep\n|turn|17\n|\n|t:|1685451345\n|move|p1a: Emolga|Air Slash|p2a: Ferrothorn\n|-damage|p2a: Ferrothorn|169/244\n|move|p2a: Ferrothorn|Leech Seed|p1a: Emolga\n|-start|p1a: Emolga|move: Leech Seed\n|\n|-damage|p1a: Emolga|210/240|[from] Leech Seed|[of] p2a: Ferrothorn\n|-heal|p2a: Ferrothorn|199/244|[silent]\n|upkeep\n|turn|18\n|c|\u2606Hikari634|Gay shit\n|-message|Hikari634 forfeited.\n|\n|win|Snorlax's Crackers\n|raw|Hikari634's rating: 1084 &rarr; <strong>1062</strong><br />(-22 for losing)\n|raw|Snorlax&apos;s Crackers's rating: 1094 &rarr; <strong>1119</strong><br />(+25 for winning)\n", "inputlog": ">version 6fec31d5a0d4498a06105aa188c9906bc0b6bf95\n>start {\"formatid\":\"gen8randombattle\",\"seed\":[22920,1785,58142,24146],\"rated\":\"Rated battle\"}\n>player p1 {\"name\":\"Hikari634\",\"avatar\":\"dawn\",\"rating\":1084,\"seed\":[6611,64686,36366,35592]}\n>player p2 {\"name\":\"Snorlax's Crackers\",\"avatar\":\"lady\",\"rating\":1094,\"seed\":[14550,22079,39125,62625]}\n>p1 move knockoff\n>p2 move leechseed\n>p1 move closecombat\n>p2 move protect\n>p1 switch 3\n>p2 switch 4\n>p1 move earthquake\n>p2 move stompingtantrum\n>p1 move fireblast\n>p2 move toxicspikes\n>p1 move dracometeor\n>p2 move toxicspikes\n>p1 move dracometeor\n>p2 move spikes\n>p1 switch 5\n>p2 move spikes\n>p1 move swordsdance\n>p2 move spikes\n>p1 move swordsdance\n>p2 move stompingtantrum\n>p1 move ironhead dynamax\n>p2 move spikes\n>p2 switch 2\n>p1 move playrough dynamax\n>p2 move voltswitch\n>p2 switch 5\n>p2 switch 5\n>p1 move playrough dynamax\n>p2 move thunderbolt\n>p1 switch 2\n>p1 move stealthrock\n>p2 move leafstorm\n>p1 move icebeam\n>p2 move leafstorm\n>p1 switch 4\n>p1 move toxic\n>p2 switch 4\n>p1 move airslash\n>p2 move leechseed\n>chat \u2606Hikari634|Gay shit\n>forcelose p1", "uploadtime": 1685451361, "views": 4, "p1id": "hikari634", "p2id": "snorlaxscrackers", "formatid": "gen8randombattle", "rating": 1062, "private": 0, "password": ""}