{"id": "gen8randombattle-1472657137", "p1": "Izayaforpresident", "p2": "70to90gxe", "format": "[Gen 8] Random Battle", "log": "|j|\u2606Izayaforpresident\n|j|\u260670to90gxe\n|t:|1639431550\n|gametype|singles\n|player|p1|Izayaforpresident|266|2424\n|player|p2|70to90gxe|#scl1platoon|2456\n|teamsize|p1|6\n|teamsize|p2|6\n|gen|8\n|tier|[Gen 8] Random Battle\n|rated|\n|rule|Species Clause: Limit one of each Pok\u00e9mon\n|rule|HP Percentage Mod: HP is shown in percentages\n|rule|Sleep Clause Mod: Limit one foe put to sleep\n|\n|t:|1639431550\n|start\n|switch|p1a: Golurk|Golurk, L82|280/280\n|switch|p2a: Lurantis|Lurantis, L86, F|261/261\n|turn|1\n|\n|t:|1639431564\n|switch|p1a: Gourgeist|Gourgeist-Small, L84, M|230/230\n|-item|p2a: Lurantis|Leftovers|[from] ability: Frisk|[of] p1a: Gourgeist|[identify]\n|move|p2a: Lurantis|Leaf Storm|p1a: Gourgeist\n|-resisted|p1a: Gourgeist\n|-damage|p1a: Gourgeist|158/230\n|-boost|p2a: Lurantis|spa|2\n|\n|-heal|p1a: Gourgeist|172/230|[from] item: Leftovers\n|upkeep\n|turn|2\n|\n|t:|1639431567\n|move|p1a: Gourgeist|Poltergeist|p2a: Lurantis\n|-activate|p2a: Lurantis|move: Poltergeist|Leftovers\n|-damage|p2a: Lurantis|155/261\n|move|p2a: Lurantis|Leaf Storm|p1a: Gourgeist\n|-resisted|p1a: Gourgeist\n|-damage|p1a: Gourgeist|31/230\n|-boost|p2a: Lurantis|spa|2\n|\n|-heal|p1a: Gourgeist|45/230|[from] item: Leftovers\n|-heal|p2a: Lurantis|171/261|[from] item: Leftovers\n|upkeep\n|turn|3\n|\n|t:|1639431571\n|move|p1a: Gourgeist|Poltergeist|p2a: Lurantis\n|-activate|p2a: Lurantis|move: Poltergeist|Leftovers\n|-damage|p2a: Lurantis|69/261\n|move|p2a: Lurantis|Synthesis|p2a: Lurantis\n|-heal|p2a: Lurantis|199/261\n|\n|-heal|p1a: Gourgeist|59/230|[from] item: Leftovers\n|-heal|p2a: Lurantis|215/261|[from] item: Leftovers\n|upkeep\n|turn|4\n|\n|t:|1639431591\n|move|p1a: Gourgeist|Substitute|p1a: Gourgeist\n|-start|p1a: Gourgeist|Substitute\n|-damage|p1a: Gourgeist|2/230\n|move|p2a: Lurantis|Synthesis|p2a: Lurantis\n|-heal|p2a: Lurantis|261/261\n|\n|-heal|p1a: Gourgeist|16/230|[from] item: Leftovers\n|upkeep\n|turn|5\n|\n|t:|1639431597\n|move|p1a: Gourgeist|Poltergeist|p2a: Lurantis\n|-activate|p2a: Lurantis|move: Poltergeist|Leftovers\n|-damage|p2a: Lurantis|155/261\n|move|p2a: Lurantis|Leaf Storm|p1a: Gourgeist\n|-resisted|p1a: Gourgeist\n|-end|p1a: Gourgeist|Substitute\n|-boost|p2a: Lurantis|spa|2\n|\n|-heal|p1a: Gourgeist|30/230|[from] item: Leftovers\n|-heal|p2a: Lurantis|171/261|[from] item: Leftovers\n|upkeep\n|turn|6\n|\n|t:|1639431601\n|move|p1a: Gourgeist|Poltergeist|p2a: Lurantis\n|-activate|p2a: Lurantis|move: Poltergeist|Leftovers\n|-damage|p2a: Lurantis|78/261\n|move|p2a: Lurantis|Synthesis|p2a: Lurantis\n|-heal|p2a: Lurantis|208/261\n|\n|-heal|p1a: Gourgeist|44/230|[from] item: Leftovers\n|-heal|p2a: Lurantis|224/261|[from] item: Leftovers\n|upkeep\n|turn|7\n|\n|t:|1639431608\n|move|p1a: Gourgeist|Poltergeist|p2a: Lurantis|[miss]\n|-miss|p1a: Gourgeist|p2a: Lurantis\n|move|p2a: Lurantis|Synthesis|p2a: Lurantis\n|-heal|p2a: Lurantis|261/261\n|\n|-heal|p1a: Gourgeist|58/230|[from] item: Leftovers\n|upkeep\n|turn|8\n|\n|t:|1639431610\n|move|p1a: Gourgeist|Poltergeist|p2a: Lurantis\n|-activate|p2a: Lurantis|move: Poltergeist|Leftovers\n|-damage|p2a: Lurantis|165/261\n|move|p2a: Lurantis|Leaf Storm|p1a: Gourgeist\n|-resisted|p1a: Gourgeist\n|-damage|p1a: Gourgeist|0 fnt\n|faint|p1a: Gourgeist\n|\n|-heal|p2a: Lurantis|181/261|[from] item: Leftovers\n|upkeep\n|\n|t:|1639431618\n|switch|p1a: Golurk|Golurk, L82|280/280\n|turn|9\n|\n|t:|1639431621\n|move|p1a: Golurk|Poltergeist|p2a: Lurantis\n|-activate|p2a: Lurantis|move: Poltergeist|Leftovers\n|-damage|p2a: Lurantis|4/261\n|-damage|p1a: Golurk|252/280|[from] item: Life Orb\n|move|p2a: Lurantis|Leaf Storm|p1a: Golurk\n|-supereffective|p1a: Golurk\n|-damage|p1a: Golurk|0 fnt\n|faint|p1a: Golurk\n|\n|-heal|p2a: Lurantis|20/261|[from] item: Leftovers\n|upkeep\n|\n|t:|1639431629\n|switch|p1a: Blastoise|Blastoise, L82, F|264/264\n|turn|10\n|\n|t:|1639431633\n|move|p1a: Blastoise|Ice Beam|p2a: Lurantis\n|-supereffective|p2a: Lurantis\n|-damage|p2a: Lurantis|0 fnt\n|faint|p2a: Lurantis\n|\n|upkeep\n|\n|t:|1639431641\n|switch|p2a: Tapu Lele|Tapu Lele, L80|243/243\n|-fieldstart|move: Psychic Terrain|[from] ability: Psychic Surge|[of] p2a: Tapu Lele\n|turn|11\n|\n|t:|1639431646\n|switch|p1a: Slowking|Slowking, L86, F|304/304\n|move|p2a: Tapu Lele|Calm Mind|p2a: Tapu Lele\n|-boost|p2a: Tapu Lele|spa|1\n|-boost|p2a: Tapu Lele|spd|1\n|\n|upkeep\n|turn|12\n|\n|t:|1639431650\n|move|p2a: Tapu Lele|Calm Mind|p2a: Tapu Lele\n|-boost|p2a: Tapu Lele|spa|1\n|-boost|p2a: Tapu Lele|spd|1\n|move|p1a: Slowking|Toxic|p2a: Tapu Lele\n|-status|p2a: Tapu Lele|tox\n|\n|-damage|p2a: Tapu Lele|228/243 tox|[from] psn\n|upkeep\n|turn|13\n|\n|t:|1639431651\n|move|p2a: Tapu Lele|Moonblast|p1a: Slowking\n|-damage|p1a: Slowking|53/304\n|-unboost|p1a: Slowking|spa|1\n|-damage|p2a: Tapu Lele|204/243 tox|[from] item: Life Orb\n|move|p1a: Slowking|Psyshock|p2a: Tapu Lele\n|-resisted|p2a: Tapu Lele\n|-damage|p2a: Tapu Lele|154/243 tox\n|\n|-heal|p1a: Slowking|72/304|[from] item: Leftovers\n|-damage|p2a: Tapu Lele|124/243 tox|[from] psn\n|upkeep\n|turn|14\n|\n|t:|1639431660\n|move|p2a: Tapu Lele|Psychic|p1a: Slowking\n|-resisted|p1a: Slowking\n|-crit|p1a: Slowking\n|-damage|p1a: Slowking|0 fnt\n|faint|p1a: Slowking\n|-damage|p2a: Tapu Lele|100/243 tox|[from] item: Life Orb\n|\n|-damage|p2a: Tapu Lele|55/243 tox|[from] psn\n|upkeep\n|\n|t:|1639431666\n|switch|p1a: Umbreon|Umbreon, L82, M|290/290\n|turn|15\n|\n|t:|1639431670\n|switch|p2a: Clefable|Clefable, L82, M|290/290\n|move|p1a: Umbreon|Protect||[still]\n|-fail|p1a: Umbreon\n|\n|-fieldend|move: Psychic Terrain\n|upkeep\n|turn|16\n|\n|t:|1639431673\n|switch|p1a: Snorlax|Snorlax, L82, F|397/397\n|move|p2a: Clefable|Moonblast|p1a: Snorlax\n|-damage|p1a: Snorlax|288/397\n|\n|upkeep\n|turn|17\n|\n|t:|1639431677\n|switch|p2a: Marowak|Marowak, L86, M|243/243\n|move|p1a: Snorlax|Body Slam|p2a: Marowak\n|-damage|p2a: Marowak|167/243\n|\n|upkeep\n|turn|18\n|\n|t:|1639431682\n|move|p2a: Marowak|Knock Off|p1a: Snorlax\n|-damage|p1a: Snorlax|126/397\n|-enditem|p1a: Snorlax|Chesto Berry|[from] move: Knock Off|[of] p2a: Marowak\n|move|p1a: Snorlax|Body Slam|p2a: Marowak\n|-damage|p2a: Marowak|92/243\n|\n|upkeep\n|turn|19\n|\n|t:|1639431687\n|move|p2a: Marowak|Swords Dance|p2a: Marowak\n|-boost|p2a: Marowak|atk|2\n|move|p1a: Snorlax|Body Slam|p2a: Marowak\n|-damage|p2a: Marowak|17/243\n|\n|upkeep\n|turn|20\n|\n|t:|1639431690\n|move|p2a: Marowak|Earthquake|p1a: Snorlax\n|-damage|p1a: Snorlax|0 fnt\n|faint|p1a: Snorlax\n|\n|upkeep\n|\n|t:|1639431692\n|switch|p1a: Blastoise|Blastoise, L82, F|264/264\n|turn|21\n|\n|t:|1639431695\n|move|p1a: Blastoise|Ice Beam|p2a: Marowak\n|-supereffective|p2a: Marowak\n|-damage|p2a: Marowak|0 fnt\n|faint|p2a: Marowak\n|\n|upkeep\n|\n|t:|1639431698\n|switch|p2a: Tapu Lele|Tapu Lele, L80|55/243 tox\n|-fieldstart|move: Psychic Terrain|[from] ability: Psychic Surge|[of] p2a: Tapu Lele\n|turn|22\n|\n|t:|1639431716\n|switch|p1a: Umbreon|Umbreon, L82, M|290/290\n|move|p2a: Tapu Lele|Psychic|p1a: Umbreon\n|-immune|p1a: Umbreon\n|\n|-damage|p2a: Tapu Lele|40/243 tox|[from] psn\n|upkeep\n|turn|23\n|\n|t:|1639431725\n|move|p2a: Tapu Lele|Moonblast|p1a: Umbreon\n|-supereffective|p1a: Umbreon\n|-damage|p1a: Umbreon|53/290\n|-damage|p2a: Tapu Lele|16/243 tox|[from] item: Life Orb\n|move|p1a: Umbreon|Wish|p1a: Umbreon\n|\n|-heal|p1a: Umbreon|71/290|[from] item: Leftovers\n|-damage|p2a: Tapu Lele|0 fnt|[from] psn\n|faint|p2a: Tapu Lele\n|upkeep\n|\n|t:|1639431727\n|switch|p2a: Clefable|Clefable, L82, M|290/290\n|turn|24\n|\n|t:|1639431735\n|switch|p1a: Blastoise|Blastoise, L82, F|264/264\n|move|p2a: Clefable|Stealth Rock|p1a: Blastoise\n|-sidestart|p1: Izayaforpresident|move: Stealth Rock\n|\n|upkeep\n|turn|25\n|\n|t:|1639431742\n|-start|p2a: Clefable|Dynamax\n|-heal|p2a: Clefable|580/580|[silent]\n|move|p1a: Blastoise|Shell Smash|p1a: Blastoise\n|-unboost|p1a: Blastoise|def|1\n|-unboost|p1a: Blastoise|spd|1\n|-boost|p1a: Blastoise|atk|2\n|-boost|p1a: Blastoise|spa|2\n|-boost|p1a: Blastoise|spe|2\n|-enditem|p1a: Blastoise|White Herb\n|-clearnegativeboost|p1a: Blastoise|[silent]\n|move|p2a: Clefable|Max Starfall|p1a: Blastoise\n|-damage|p1a: Blastoise|112/264\n|-fieldstart|move: Misty Terrain\n|\n|upkeep\n|turn|26\n|\n|t:|1639431752\n|-start|p1a: Blastoise|Dynamax\n|-heal|p1a: Blastoise|224/528|[silent]\n|move|p1a: Blastoise|Max Guard|p1a: Blastoise\n|-singleturn|p1a: Blastoise|Max Guard\n|move|p2a: Clefable|Max Starfall|p1a: Blastoise\n|-activate|p1a: Blastoise|move: Max Guard\n|\n|upkeep\n|turn|27\n|\n|t:|1639431756\n|move|p1a: Blastoise|Max Quake|p2a: Clefable\n|-damage|p2a: Clefable|409/580\n|-boost|p1a: Blastoise|spd|1\n|move|p2a: Clefable|Max Starfall|p1a: Blastoise\n|-damage|p1a: Blastoise|117/528\n|\n|-end|p2a: Clefable|Dynamax\n|-heal|p2a: Clefable|205/290|[silent]\n|upkeep\n|turn|28\n|\n|t:|1639431759\n|move|p1a: Blastoise|Max Geyser|p2a: Clefable\n|-damage|p2a: Clefable|0 fnt\n|-weather|RainDance\n|faint|p2a: Clefable\n|\n|-weather|RainDance|[upkeep]\n|-end|p1a: Blastoise|Dynamax\n|-heal|p1a: Blastoise|59/264|[silent]\n|upkeep\n|\n|t:|1639431761\n|switch|p2a: Sharpedo|Sharpedo, L82, M|249/249\n|turn|29\n|\n|t:|1639431802\n|move|p2a: Sharpedo|Protect|p2a: Sharpedo\n|-singleturn|p2a: Sharpedo|Protect\n|move|p1a: Blastoise|Hydro Pump|p2a: Sharpedo\n|-activate|p2a: Sharpedo|move: Protect\n|\n|-weather|RainDance|[upkeep]\n|-fieldend|Misty Terrain\n|-ability|p2a: Sharpedo|Speed Boost|boost\n|-boost|p2a: Sharpedo|spe|1\n|upkeep\n|turn|30\n|\n|t:|1639431807\n|switch|p2a: Haxorus|Haxorus, L78, F|247/247\n|-ability|p2a: Haxorus|Mold Breaker\n|move|p1a: Blastoise|Hydro Pump|p2a: Haxorus\n|-resisted|p2a: Haxorus\n|-damage|p2a: Haxorus|0 fnt\n|faint|p2a: Haxorus\n|\n|-weather|RainDance|[upkeep]\n|upkeep\n|\n|t:|1639431809\n|switch|p2a: Sharpedo|Sharpedo, L82, M|249/249\n|turn|31\n|\n|t:|1639431818\n|move|p2a: Sharpedo|Protect|p2a: Sharpedo\n|-singleturn|p2a: Sharpedo|Protect\n|move|p1a: Blastoise|Hydro Pump|p2a: Sharpedo\n|-activate|p2a: Sharpedo|move: Protect\n|\n|-weather|RainDance|[upkeep]\n|-ability|p2a: Sharpedo|Speed Boost|boost\n|-boost|p2a: Sharpedo|spe|1\n|upkeep\n|turn|32\n|\n|t:|1639431820\n|move|p2a: Sharpedo|Protect||[still]\n|-fail|p2a: Sharpedo\n|move|p1a: Blastoise|Hydro Pump|p2a: Sharpedo\n|-resisted|p2a: Sharpedo\n|-damage|p2a: Sharpedo|0 fnt\n|faint|p2a: Sharpedo\n|\n|win|Izayaforpresident\n|raw|Izayaforpresident's rating: 2424 &rarr; <strong>2446</strong><br />(+22 for winning)\n|raw|70to90gxe's rating: 2456 &rarr; <strong>2434</strong><br />(-22 for losing)\n|l|\u260670to90gxe\n|c|\u2606Izayaforpresident|Gg\n||Ladder isn't responding, score probably updated but might not have (Request timeout).\n", "inputlog": ">version 091f6c685a4fac48040b72c01c12653a26e381e5\n>version-origin 8c2266149c5895865e0193482990f80b8a71205b\n>start {\"formatid\":\"gen8randombattle\",\"seed\":[10036,54401,40637,38853],\"rated\":\"Rated battle\"}\n>player p1 {\"name\":\"Izayaforpresident\",\"avatar\":\"266\",\"rating\":2424,\"seed\":[35636,5087,61783,62082]}\n>player p2 {\"name\":\"70to90gxe\",\"avatar\":\"#scl1platoon\",\"rating\":2456,\"seed\":[28580,46514,57195,13444]}\n>p1 switch 3\n>p2 move leafstorm\n>p1 move poltergeist\n>p2 move leafstorm\n>p1 move poltergeist\n>p2 move synthesis\n>p1 move substitute\n>p2 move synthesis\n>p1 move poltergeist\n>p2 move leafstorm\n>p1 move poltergeist\n>p2 move synthesis\n>p1 move poltergeist\n>p2 move synthesis\n>p1 move poltergeist\n>p2 move leafstorm\n>p1 switch 3\n>p1 move poltergeist\n>p2 move leafstorm\n>p1 switch 6\n>p1 move icebeam\n>p2 move leafstorm\n>p2 switch 4\n>p1 switch 4\n>p2 move calmmind\n>p1 move toxic\n>p2 move calmmind\n>p1 move psyshock\n>p2 move moonblast\n>p1 move psyshock\n>p2 move psychic\n>p1 switch 5\n>p1 move protect\n>p2 switch 6\n>p1 switch 2\n>p2 move moonblast\n>p1 move bodyslam\n>p2 switch 2\n>p1 move bodyslam\n>p2 move knockoff\n>p1 move bodyslam\n>p2 move swordsdance\n>p1 move bodyslam\n>p2 move earthquake\n>p1 switch 4\n>p1 move icebeam\n>p2 move earthquake\n>p2 switch 6\n>p1 switch 2\n>p2 move psychic\n>p1 move wish\n>p2 move moonblast\n>p2 switch 2\n>p1 switch 2\n>p2 move stealthrock\n>p1 move shellsmash\n>p2 move moonblast dynamax\n>p1 move shellsmash dynamax\n>p2 move moonblast dynamax\n>p1 move earthquake dynamax\n>p2 move moonblast dynamax\n>p1 move hydropump dynamax\n>p2 move moonblast\n>p2 switch 5\n>p1 move hydropump\n>p2 move protect\n>p1 move hydropump\n>p2 switch 3\n>p2 switch 3\n>p1 move hydropump\n>p2 move protect\n>p1 move hydropump\n>p2 move protect", "uploadtime": 1639431857, "views": 56, "p1id": "izayaforpresident", "p2id": "70to90gxe", "formatid": "gen8randombattle", "rating": 2434, "private": 0, "password": null}