{"id": "gen8randombattle-1873596063", "p1": "Ruben219", "p2": "La.hellhound", "format": "[Gen 8] Random Battle", "log": "|j|\u2606Ruben219\n|j|\u2606La.hellhound\n|t:|1685394415\n|gametype|singles\n|player|p1|Ruben219|102|1343\n|player|p2|La.hellhound|bruno|1549\n|teamsize|p1|6\n|teamsize|p2|6\n|gen|8\n|tier|[Gen 8] Random Battle\n|rated|\n|rule|Species Clause: Limit one of each Pok\u00e9mon\n|rule|HP Percentage Mod: HP is shown in percentages\n|rule|Sleep Clause Mod: Limit one foe put to sleep\n|\n|t:|1685394415\n|start\n|switch|p1a: Carbink|Carbink, L86|226/226\n|switch|p2a: Lanturn|Lanturn, L86, F|243/243\n|turn|1\n|inactive|Battle timer is ON: inactive players will automatically lose when time's up. (requested by Ruben219)\n|inactive|La.hellhound also wants the timer to be on.\n|\n|t:|1685394461\n|switch|p2a: Klefki|Klefki, L82, M|228/228\n|move|p1a: Carbink|Light Screen|p1a: Carbink\n|-sidestart|p1: Ruben219|move: Light Screen\n|\n|upkeep\n|turn|2\n|\n|t:|1685394470\n|move|p2a: Klefki|Spikes|p1a: Carbink\n|-sidestart|p1: Ruben219|Spikes\n|move|p1a: Carbink|Stealth Rock|p2a: Klefki\n|-sidestart|p2: La.hellhound|move: Stealth Rock\n|\n|upkeep\n|turn|3\n|\n|t:|1685394491\n|switch|p1a: Lanturn|Lanturn, L86, M|355/355\n|-damage|p1a: Lanturn|311/355|[from] Spikes\n|move|p2a: Klefki|Toxic|p1a: Lanturn\n|-status|p1a: Lanturn|tox\n|\n|-heal|p1a: Lanturn|333/355 tox|[from] item: Leftovers\n|-damage|p1a: Lanturn|311/355 tox|[from] psn\n|upkeep\n|turn|4\n|\n|t:|1685394502\n|move|p2a: Klefki|Spikes|p1a: Lanturn\n|-sidestart|p1: Ruben219|Spikes\n|move|p1a: Lanturn|Thunderbolt|p2a: Klefki\n|-crit|p2a: Klefki\n|-damage|p2a: Klefki|93/228\n|\n|-heal|p2a: Klefki|107/228|[from] item: Leftovers\n|-heal|p1a: Lanturn|333/355 tox|[from] item: Leftovers\n|-damage|p1a: Lanturn|289/355 tox|[from] psn\n|upkeep\n|turn|5\n|\n|t:|1685394512\n|switch|p2a: Lanturn|Lanturn, L86, F|355/355\n|-damage|p2a: Lanturn|311/355|[from] Stealth Rock\n|move|p1a: Lanturn|Thunderbolt|p2a: Lanturn\n|-heal|p2a: Lanturn|355/355|[from] ability: Volt Absorb|[of] p1a: Lanturn\n|\n|-heal|p1a: Lanturn|311/355 tox|[from] item: Leftovers\n|-damage|p1a: Lanturn|245/355 tox|[from] psn\n|upkeep\n|turn|6\n|\n|t:|1685394531\n|switch|p2a: Klefki|Klefki, L82, M|107/228\n|-damage|p2a: Klefki|93/228|[from] Stealth Rock\n|move|p1a: Lanturn|Toxic|p2a: Klefki\n|-immune|p2a: Klefki\n|\n|-heal|p2a: Klefki|107/228|[from] item: Leftovers\n|-heal|p1a: Lanturn|267/355 tox|[from] item: Leftovers\n|-damage|p1a: Lanturn|179/355 tox|[from] psn\n|upkeep\n|turn|7\n|\n|t:|1685394542\n|switch|p2a: Lanturn|Lanturn, L86, F|355/355\n|-damage|p2a: Lanturn|311/355|[from] Stealth Rock\n|switch|p1a: Carbink|Carbink, L86|226/226\n|-damage|p1a: Carbink|189/226|[from] Spikes\n|\n|-heal|p2a: Lanturn|333/355|[from] item: Leftovers\n|upkeep\n|turn|8\n|\n|t:|1685394551\n|switch|p2a: Klefki|Klefki, L82, M|107/228\n|-damage|p2a: Klefki|93/228|[from] Stealth Rock\n|move|p1a: Carbink|Light Screen||[still]\n|-fail|p1a: Carbink\n|\n|-heal|p2a: Klefki|107/228|[from] item: Leftovers\n|-sideend|p1: Ruben219|move: Light Screen\n|upkeep\n|turn|9\n|\n|t:|1685394560\n|move|p2a: Klefki|Toxic|p1a: Carbink\n|-status|p1a: Carbink|tox\n|move|p1a: Carbink|Reflect|p1a: Carbink\n|-sidestart|p1: Ruben219|Reflect\n|\n|-heal|p2a: Klefki|121/228|[from] item: Leftovers\n|-damage|p1a: Carbink|175/226 tox|[from] psn\n|upkeep\n|turn|10\n|\n|t:|1685394569\n|switch|p1a: Lanturn|Lanturn, L86, M|179/355 tox\n|-damage|p1a: Lanturn|120/355 tox|[from] Spikes\n|move|p2a: Klefki|Spikes|p1a: Lanturn\n|-sidestart|p1: Ruben219|Spikes\n|\n|-heal|p2a: Klefki|135/228|[from] item: Leftovers\n|-heal|p1a: Lanturn|142/355 tox|[from] item: Leftovers\n|-damage|p1a: Lanturn|120/355 tox|[from] psn\n|upkeep\n|turn|11\n|\n|t:|1685394582\n|move|p2a: Klefki|Play Rough|p1a: Lanturn\n|-damage|p1a: Lanturn|69/355 tox\n|move|p1a: Lanturn|Scald|p2a: Klefki\n|-crit|p2a: Klefki\n|-damage|p2a: Klefki|12/228\n|\n|-heal|p2a: Klefki|26/228|[from] item: Leftovers\n|-heal|p1a: Lanturn|91/355 tox|[from] item: Leftovers\n|-damage|p1a: Lanturn|47/355 tox|[from] psn\n|upkeep\n|turn|12\n|\n|t:|1685394593\n|move|p2a: Klefki|Play Rough|p1a: Lanturn\n|-damage|p1a: Lanturn|0 fnt\n|faint|p1a: Lanturn\n|\n|-heal|p2a: Klefki|40/228|[from] item: Leftovers\n|upkeep\n|\n|t:|1685394603\n|switch|p1a: Eternatus|Eternatus, L69|308/308\n|-damage|p1a: Eternatus|231/308|[from] Spikes\n|-ability|p1a: Eternatus|Pressure\n|turn|13\n|\n|t:|1685394626\n|switch|p2a: Centiskorch|Centiskorch, L84, M|305/305\n|move|p1a: Eternatus|Flamethrower|p2a: Centiskorch\n|-start|p2a: Centiskorch|ability: Flash Fire\n|\n|upkeep\n|turn|14\n|\n|t:|1685394638\n|switch|p1a: Carbink|Carbink, L86|175/226 tox\n|-damage|p1a: Carbink|119/226 tox|[from] Spikes\n|move|p2a: Centiskorch|Fire Lash|p1a: Carbink\n|-resisted|p1a: Carbink\n|-damage|p1a: Carbink|98/226 tox\n|-unboost|p1a: Carbink|def|1\n|\n|-damage|p1a: Carbink|84/226 tox|[from] psn\n|upkeep\n|turn|15\n|\n|t:|1685394649\n|-end|p2a: Centiskorch|ability: Flash Fire|[silent]\n|switch|p2a: Klefki|Klefki, L82, M|40/228\n|-damage|p2a: Klefki|26/228|[from] Stealth Rock\n|move|p1a: Carbink|Moonblast|p2a: Klefki\n|-resisted|p2a: Klefki\n|-damage|p2a: Klefki|0 fnt\n|faint|p2a: Klefki\n|\n|-damage|p1a: Carbink|56/226 tox|[from] psn\n|upkeep\n|\n|t:|1685394663\n|switch|p2a: Lanturn|Lanturn, L86, F|333/355\n|-damage|p2a: Lanturn|289/355|[from] Stealth Rock\n|turn|16\n|\n|t:|1685394668\n|move|p2a: Lanturn|Scald|p1a: Carbink\n|-supereffective|p1a: Carbink\n|-damage|p1a: Carbink|0 fnt\n|faint|p1a: Carbink\n|\n|-heal|p2a: Lanturn|311/355|[from] item: Leftovers\n|-sideend|p1: Ruben219|Reflect\n|upkeep\n|\n|t:|1685394674\n|switch|p1a: Ludicolo|Ludicolo, L86, M|278/278\n|-damage|p1a: Ludicolo|209/278|[from] Spikes\n|turn|17\n|inactive|La.hellhound has 120 seconds left.\n|\n|t:|1685394705\n|move|p1a: Ludicolo|Giga Drain|p2a: Lanturn\n|-supereffective|p2a: Lanturn\n|-damage|p2a: Lanturn|90/355\n|-heal|p1a: Ludicolo|278/278|[from] drain|[of] p2a: Lanturn\n|-damage|p1a: Ludicolo|251/278|[from] item: Life Orb\n|move|p2a: Lanturn|Toxic|p1a: Ludicolo\n|-status|p1a: Ludicolo|tox\n|\n|-heal|p2a: Lanturn|112/355|[from] item: Leftovers\n|-damage|p1a: Ludicolo|234/278 tox|[from] psn\n|upkeep\n|turn|18\n|inactive|La.hellhound has 120 seconds left.\n|\n|t:|1685394718\n|move|p1a: Ludicolo|Scald|p2a: Lanturn\n|-resisted|p2a: Lanturn\n|-damage|p2a: Lanturn|56/355\n|-damage|p1a: Ludicolo|207/278 tox|[from] item: Life Orb\n|move|p2a: Lanturn|Volt Switch|p1a: Ludicolo\n|-damage|p1a: Ludicolo|147/278 tox\n|inactive|La.hellhound has 120 seconds left.\n|\n|t:|1685394730\n|switch|p2a: Porygon-Z|Porygon-Z, L80|267/267|[from] Volt Switch\n|-damage|p2a: Porygon-Z|234/267|[from] Stealth Rock\n|-ability|p2a: Porygon-Z|Download|boost\n|-boost|p2a: Porygon-Z|atk|1\n|\n|-damage|p1a: Ludicolo|113/278 tox|[from] psn\n|upkeep\n|turn|19\n|inactive|La.hellhound has 120 seconds left.\n|\n|t:|1685394741\n|move|p2a: Porygon-Z|Tri Attack|p1a: Ludicolo\n|-damage|p1a: Ludicolo|4/278 tox\n|-damage|p2a: Porygon-Z|208/267|[from] item: Life Orb\n|move|p1a: Ludicolo|Rain Dance|p1a: Ludicolo\n|-weather|RainDance\n|\n|-weather|RainDance|[upkeep]\n|-damage|p1a: Ludicolo|0 fnt|[from] psn\n|faint|p1a: Ludicolo\n|upkeep\n|\n|t:|1685394761\n|switch|p1a: Alakazam|Alakazam, L78, F|214/214\n|turn|20\n|\n|t:|1685394771\n|move|p1a: Alakazam|Focus Blast|p2a: Porygon-Z\n|-supereffective|p2a: Porygon-Z\n|-damage|p2a: Porygon-Z|0 fnt\n|faint|p2a: Porygon-Z\n|\n|-weather|RainDance|[upkeep]\n|upkeep\n|\n|t:|1685394777\n|switch|p2a: Marshadow|Marshadow, L70|242/242\n|-damage|p2a: Marshadow|227/242|[from] Stealth Rock\n|turn|21\n|\n|t:|1685394794\n|move|p2a: Marshadow|Shadow Sneak|p1a: Alakazam\n|-supereffective|p1a: Alakazam\n|-damage|p1a: Alakazam|0 fnt\n|faint|p1a: Alakazam\n|\n|-weather|RainDance|[upkeep]\n|upkeep\n|\n|t:|1685394802\n|switch|p1a: Yveltal|Yveltal, L69|288/288\n|-ability|p1a: Yveltal|Dark Aura\n|turn|22\n|\n|t:|1685394807\n|switch|p2a: Lanturn|Lanturn, L86, F|56/355\n|-damage|p2a: Lanturn|12/355|[from] Stealth Rock\n|move|p1a: Yveltal|Knock Off|p2a: Lanturn\n|-damage|p2a: Lanturn|0 fnt\n|-enditem|p2a: Lanturn|Leftovers|[from] move: Knock Off|[of] p1a: Yveltal\n|faint|p2a: Lanturn\n|\n|-weather|RainDance|[upkeep]\n|upkeep\n|\n|t:|1685394821\n|switch|p2a: Marshadow|Marshadow, L86|243/243\n|-damage|p2a: Marshadow|213/243|[from] Stealth Rock\n|turn|23\n|\n|t:|1685394834\n|move|p2a: Marshadow|Nasty Plot|p2a: Marshadow\n|-boost|p2a: Marshadow|spa|2\n|move|p1a: Yveltal|Oblivion Wing|p2a: Marshadow\n|-crit|p2a: Marshadow\n|-damage|p2a: Marshadow|66/243\n|replace|p2a: Zoroark|Zoroark, L86, M\n|-end|p2a: Zoroark|Illusion\n|\n|-weather|none\n|upkeep\n|turn|24\n|inactive|Ruben219 has 120 seconds left.\n|c|\u2606La.hellhound|that crit\n|c|\u2606La.hellhound|though\n|\n|t:|1685394870\n|-start|p2a: Zoroark|Dynamax|\n|-heal|p2a: Zoroark|132/486|[silent]\n|move|p2a: Zoroark|Max Ooze|p1a: Yveltal\n|-damage|p1a: Yveltal|112/288\n|-boost|p2a: Zoroark|spa|1\n|move|p1a: Yveltal|Oblivion Wing|p2a: Zoroark\n|-damage|p2a: Zoroark|39/486\n|-heal|p1a: Yveltal|182/288|[from] drain|[of] p2a: Zoroark\n|\n|upkeep\n|turn|25\n|inactive|Ruben219 has 120 seconds left.\n|inactive|La.hellhound has 120 seconds left.\n|\n|t:|1685394893\n|move|p2a: Zoroark|Max Ooze|p1a: Yveltal\n|-damage|p1a: Yveltal|0 fnt\n|-boost|p2a: Zoroark|spa|1\n|faint|p1a: Yveltal\n|\n|upkeep\n|\n|t:|1685394898\n|switch|p1a: Eternatus|Eternatus, L69|231/308\n|-damage|p1a: Eternatus|154/308|[from] Spikes\n|-ability|p1a: Eternatus|Pressure\n|turn|26\n|c|\u2606La.hellhound|pay up rn\n|\n|t:|1685394905\n|move|p2a: Zoroark|Max Darkness|p1a: Eternatus\n|-damage|p1a: Eternatus|0 fnt\n|faint|p1a: Eternatus\n|\n|win|La.hellhound\n|raw|Ruben219's rating: 1343 &rarr; <strong>1334</strong><br />(-9 for losing)\n|raw|La.hellhound's rating: 1549 &rarr; <strong>1558</strong><br />(+9 for winning)\n", "inputlog": ">version 6fec31d5a0d4498a06105aa188c9906bc0b6bf95\n>start {\"formatid\":\"gen8randombattle\",\"seed\":[54569,49872,53762,4405],\"rated\":\"Rated battle\"}\n>player p1 {\"name\":\"Ruben219\",\"avatar\":\"102\",\"rating\":1343,\"seed\":[10916,9093,59668,24758]}\n>player p2 {\"name\":\"La.hellhound\",\"avatar\":\"bruno\",\"rating\":1549,\"seed\":[17639,17780,37660,34330]}\n>p1 move lightscreen\n>p2 switch 5\n>p1 move stealthrock\n>p2 move spikes\n>p1 switch 2\n>p2 move toxic\n>p1 move thunderbolt\n>p2 move spikes\n>p1 move thunderbolt\n>p2 switch 6\n>p1 move toxic\n>p2 switch 6\n>p1 switch 2\n>p2 switch 6\n>p1 move lightscreen\n>p2 switch 6\n>p1 move reflect\n>p2 move toxic\n>p1 switch 2\n>p2 move spikes\n>p1 move scald\n>p2 move playrough\n>p1 move scald\n>p2 move playrough\n>p1 switch 4\n>p1 move flamethrower\n>p2 switch 2\n>p1 switch 2\n>p2 move firelash\n>p1 move moonblast\n>p2 switch 2\n>p2 switch 6\n>p1 move lightscreen\n>p2 move scald\n>p1 switch 3\n>p1 move gigadrain\n>p2 move toxic\n>p1 move scald\n>p2 move voltswitch\n>p2 switch 3\n>p1 move raindance\n>p2 move triattack\n>p1 switch 6\n>p1 move focusblast\n>p2 move darkpulse\n>p2 switch 4\n>p1 move psychic\n>p2 move shadowsneak\n>p1 switch 5\n>p1 move knockoff\n>p2 switch 3\n>p2 switch 5\n>p1 move oblivionwing\n>p2 move nastyplot\n>chat \u2606La.hellhound|that crit\n>chat \u2606La.hellhound|though\n>p1 move oblivionwing\n>p2 move sludgebomb dynamax\n>p1 move roost\n>p2 move sludgebomb dynamax\n>p1 switch 2\n>chat \u2606La.hellhound|pay up rn\n>p1 move recover\n>p2 move darkpulse dynamax", "uploadtime": 1685394911, "views": 4, "p1id": "ruben219", "p2id": "lahellhound", "formatid": "gen8randombattle", "rating": 1334, "private": 0, "password": ""}