{"id": "gen8randombattle-1873788468", "p1": "manuel572", "p2": "cupcake26", "format": "[Gen 8] Random Battle", "log": "|j|\u2606manuel572\n|j|\u2606cupcake26\n|t:|1685420671\n|gametype|singles\n|player|p1|manuel572|red|1357\n|player|p2|cupcake26|maylene|1560\n|teamsize|p1|6\n|teamsize|p2|6\n|gen|8\n|tier|[Gen 8] Random Battle\n|rated|\n|rule|Species Clause: Limit one of each Pok\u00e9mon\n|rule|HP Percentage Mod: HP is shown in percentages\n|rule|Sleep Clause Mod: Limit one foe put to sleep\n|\n|t:|1685420671\n|start\n|switch|p1a: Kyurem|Kyurem, L80|331/331\n|switch|p2a: Grapploct|Grapploct, L86, M|278/278\n|-ability|p1a: Kyurem|Pressure\n|turn|1\n|\n|t:|1685420679\n|switch|p1a: Gothitelle|Gothitelle, L86, F|261/261\n|move|p2a: Grapploct|Drain Punch|p1a: Gothitelle\n|-resisted|p1a: Gothitelle\n|-damage|p1a: Gothitelle|206/261\n|-damage|p2a: Grapploct|251/278|[from] item: Life Orb\n|\n|-heal|p1a: Gothitelle|222/261|[from] item: Leftovers\n|upkeep\n|turn|2\n|\n|t:|1685420683\n|move|p1a: Gothitelle|Psychic|p2a: Grapploct\n|-supereffective|p2a: Grapploct\n|-damage|p2a: Grapploct|35/278\n|move|p2a: Grapploct|Brutal Swing|p1a: Gothitelle\n|-supereffective|p1a: Gothitelle\n|-damage|p1a: Gothitelle|40/261\n|-damage|p2a: Grapploct|8/278|[from] item: Life Orb\n|\n|-heal|p1a: Gothitelle|56/261|[from] item: Leftovers\n|upkeep\n|turn|3\n|\n|t:|1685420686\n|move|p1a: Gothitelle|Psychic|p2a: Grapploct\n|-supereffective|p2a: Grapploct\n|-damage|p2a: Grapploct|0 fnt\n|faint|p2a: Grapploct\n|\n|-heal|p1a: Gothitelle|72/261|[from] item: Leftovers\n|upkeep\n|\n|t:|1685420688\n|switch|p2a: Crawdaunt|Crawdaunt, L84, F|243/243\n|turn|4\n|\n|t:|1685420692\n|move|p1a: Gothitelle|Thunderbolt|p2a: Crawdaunt\n|-supereffective|p2a: Crawdaunt\n|-damage|p2a: Crawdaunt|57/243\n|move|p2a: Crawdaunt|Dragon Dance|p2a: Crawdaunt\n|-boost|p2a: Crawdaunt|atk|1\n|-boost|p2a: Crawdaunt|spe|1\n|\n|-heal|p1a: Gothitelle|88/261|[from] item: Leftovers\n|upkeep\n|turn|5\n|\n|t:|1685420697\n|move|p2a: Crawdaunt|Knock Off|p1a: Gothitelle\n|-supereffective|p1a: Gothitelle\n|-damage|p1a: Gothitelle|0 fnt\n|-enditem|p1a: Gothitelle|Leftovers|[from] move: Knock Off|[of] p2a: Crawdaunt\n|faint|p1a: Gothitelle\n|-damage|p2a: Crawdaunt|33/243|[from] item: Life Orb\n|\n|upkeep\n|\n|t:|1685420699\n|switch|p1a: Cryogonal|Cryogonal, L86|278/278\n|turn|6\n|\n|t:|1685420724\n|move|p2a: Crawdaunt|Aqua Jet|p1a: Cryogonal\n|-damage|p1a: Cryogonal|78/278\n|-damage|p2a: Crawdaunt|9/243|[from] item: Life Orb\n|move|p1a: Cryogonal|Freeze-Dry|p2a: Crawdaunt\n|-supereffective|p2a: Crawdaunt\n|-damage|p2a: Crawdaunt|0 fnt\n|faint|p2a: Crawdaunt\n|\n|upkeep\n|\n|t:|1685420728\n|switch|p2a: Regieleki|Regieleki, L78|253/253\n|turn|7\n|\n|t:|1685420734\n|move|p2a: Regieleki|Volt Switch|p1a: Cryogonal\n|-damage|p1a: Cryogonal|0 fnt\n|faint|p1a: Cryogonal\n|\n|t:|1685420741\n|switch|p2a: Frosmoth|Frosmoth, L82, M|249/249|[from] Volt Switch\n|\n|upkeep\n|\n|t:|1685420755\n|switch|p1a: Ho-Oh|Ho-Oh, L72|272/272\n|turn|8\n|\n|t:|1685420770\n|switch|p2a: Starmie|Starmie, L84|238/238\n|move|p1a: Ho-Oh|Sacred Fire|p2a: Starmie\n|-resisted|p2a: Starmie\n|-damage|p2a: Starmie|187/238\n|-status|p2a: Starmie|brn\n|\n|-damage|p2a: Starmie|173/238 brn|[from] brn\n|upkeep\n|turn|9\n|\n|t:|1685420795\n|switch|p1a: Kyurem|Kyurem, L80|331/331\n|-ability|p1a: Kyurem|Pressure\n|move|p2a: Starmie|Recover|p2a: Starmie\n|-heal|p2a: Starmie|238/238 brn\n|\n|-damage|p2a: Starmie|224/238 brn|[from] brn\n|upkeep\n|turn|10\n|\n|t:|1685420800\n|switch|p2a: Frosmoth|Frosmoth, L82, M|249/249\n|move|p1a: Kyurem|Freeze-Dry|p2a: Frosmoth\n|-resisted|p2a: Frosmoth\n|-damage|p2a: Frosmoth|228/249\n|\n|upkeep\n|turn|11\n|\n|t:|1685420813\n|switch|p1a: Ho-Oh|Ho-Oh, L72|272/272\n|move|p2a: Frosmoth|Hurricane|p1a: Ho-Oh\n|-damage|p1a: Ho-Oh|200/272\n|\n|upkeep\n|turn|12\n|\n|t:|1685420821\n|switch|p2a: Starmie|Starmie, L84|224/238 brn\n|move|p1a: Ho-Oh|Brave Bird|p2a: Starmie\n|-damage|p2a: Starmie|94/238 brn\n|-damage|p1a: Ho-Oh|157/272|[from] Recoil\n|\n|-damage|p2a: Starmie|80/238 brn|[from] brn\n|upkeep\n|turn|13\n|\n|t:|1685420854\n|switch|p1a: Kyurem|Kyurem, L80|331/331\n|-ability|p1a: Kyurem|Pressure\n|move|p2a: Starmie|Hydro Pump|p1a: Kyurem\n|-resisted|p1a: Kyurem\n|-damage|p1a: Kyurem|234/331\n|-damage|p2a: Starmie|57/238 brn|[from] item: Life Orb\n|\n|-damage|p2a: Starmie|43/238 brn|[from] brn\n|upkeep\n|turn|14\n|\n|t:|1685420858\n|move|p2a: Starmie|Recover|p2a: Starmie\n|-heal|p2a: Starmie|162/238 brn\n|move|p1a: Kyurem|Draco Meteor|p2a: Starmie\n|-damage|p2a: Starmie|0 fnt\n|-unboost|p1a: Kyurem|spa|2\n|faint|p2a: Starmie\n|\n|upkeep\n|\n|t:|1685420866\n|switch|p2a: Frosmoth|Frosmoth, L82, M|228/249\n|turn|15\n|\n|t:|1685420872\n|switch|p1a: Ho-Oh|Ho-Oh, L72|247/272\n|move|p2a: Frosmoth|Quiver Dance|p2a: Frosmoth\n|-boost|p2a: Frosmoth|spa|1\n|-boost|p2a: Frosmoth|spd|1\n|-boost|p2a: Frosmoth|spe|1\n|\n|upkeep\n|turn|16\n|\n|t:|1685420876\n|-start|p1a: Ho-Oh|Dynamax|\n|-heal|p1a: Ho-Oh|494/544|[silent]\n|move|p2a: Frosmoth|Hurricane|p1a: Ho-Oh\n|-damage|p1a: Ho-Oh|396/544\n|-start|p1a: Ho-Oh|confusion\n|-activate|p1a: Ho-Oh|confusion\n|move|p1a: Ho-Oh|Max Flare|p2a: Frosmoth\n|-supereffective|p2a: Frosmoth\n|-damage|p2a: Frosmoth|0 fnt\n|-weather|SunnyDay\n|faint|p2a: Frosmoth\n|\n|-weather|SunnyDay|[upkeep]\n|upkeep\n|\n|t:|1685420878\n|switch|p2a: Rhydon|Rhydon, L87, M|324/324\n|turn|17\n|\n|t:|1685420891\n|-start|p2a: Rhydon|Dynamax|\n|-heal|p2a: Rhydon|648/648|[silent]\n|-activate|p1a: Ho-Oh|confusion\n|move|p1a: Ho-Oh|Max Flare|p2a: Rhydon\n|-resisted|p2a: Rhydon\n|-damage|p2a: Rhydon|597/648\n|move|p2a: Rhydon|Max Rockfall|p1a: Ho-Oh\n|-supereffective|p1a: Ho-Oh\n|-damage|p1a: Ho-Oh|0 fnt\n|-weather|Sandstorm\n|faint|p1a: Ho-Oh\n|\n|-weather|Sandstorm|[upkeep]\n|upkeep\n|\n|t:|1685420896\n|switch|p1a: Passimian|Passimian, L82, F|298/298\n|turn|18\n|\n|t:|1685420901\n|move|p1a: Passimian|Close Combat|p2a: Rhydon\n|-supereffective|p2a: Rhydon\n|-damage|p2a: Rhydon|387/648\n|-unboost|p1a: Passimian|def|1\n|-unboost|p1a: Passimian|spd|1\n|move|p2a: Rhydon|Max Quake|p1a: Passimian\n|-damage|p1a: Passimian|34/298\n|-boost|p2a: Rhydon|spd|1\n|\n|-weather|Sandstorm|[upkeep]\n|-damage|p1a: Passimian|16/298|[from] Sandstorm\n|upkeep\n|turn|19\n|\n|t:|1685420913\n|move|p2a: Rhydon|Max Guard|p2a: Rhydon\n|-singleturn|p2a: Rhydon|Max Guard\n|move|p1a: Passimian|Close Combat|p2a: Rhydon\n|-activate|p2a: Rhydon|move: Max Guard\n|\n|-weather|Sandstorm|[upkeep]\n|-damage|p1a: Passimian|0 fnt|[from] Sandstorm\n|faint|p1a: Passimian\n|upkeep\n|\n|t:|1685420918\n|switch|p1a: Kyurem|Kyurem, L80|234/331\n|-ability|p1a: Kyurem|Pressure\n|-end|p2a: Rhydon|Dynamax\n|-heal|p2a: Rhydon|194/324|[silent]\n|turn|20\n|\n|t:|1685420921\n|move|p1a: Kyurem|Draco Meteor|p2a: Rhydon\n|-damage|p2a: Rhydon|121/324\n|-unboost|p1a: Kyurem|spa|2\n|move|p2a: Rhydon|Stone Edge|p1a: Kyurem\n|-supereffective|p1a: Kyurem\n|-damage|p1a: Kyurem|0 fnt\n|faint|p1a: Kyurem\n|\n|-weather|Sandstorm|[upkeep]\n|upkeep\n|\n|t:|1685420932\n|switch|p1a: Terrakion|Terrakion, L78|270/270\n|turn|21\n|\n|t:|1685420936\n|move|p1a: Terrakion|Close Combat|p2a: Rhydon\n|-supereffective|p2a: Rhydon\n|-damage|p2a: Rhydon|0 fnt\n|-unboost|p1a: Terrakion|def|1\n|-unboost|p1a: Terrakion|spd|1\n|faint|p2a: Rhydon\n|-damage|p1a: Terrakion|243/270|[from] item: Life Orb\n|\n|-weather|none\n|upkeep\n|\n|t:|1685420938\n|switch|p2a: Regieleki|Regieleki, L78|253/253\n|turn|22\n|\n|t:|1685420941\n|move|p2a: Regieleki|Thunderbolt|p1a: Terrakion\n|-damage|p1a: Terrakion|0 fnt\n|faint|p1a: Terrakion\n|\n|win|cupcake26\n|raw|manuel572's rating: 1357 &rarr; <strong>1348</strong><br />(-9 for losing)\n|raw|cupcake26's rating: 1560 &rarr; <strong>1569</strong><br />(+9 for winning)\n|l|\u2606manuel572\n", "inputlog": ">version 6fec31d5a0d4498a06105aa188c9906bc0b6bf95\n>start {\"formatid\":\"gen8randombattle\",\"seed\":[15550,32019,23777,23556],\"rated\":\"Rated battle\"}\n>player p1 {\"name\":\"manuel572\",\"avatar\":\"red\",\"rating\":1357,\"seed\":[62021,8753,60101,9877]}\n>player p2 {\"name\":\"cupcake26\",\"avatar\":\"maylene\",\"rating\":1560,\"seed\":[16008,4555,13619,26129]}\n>p1 switch 5\n>p2 move drainpunch\n>p1 move psychic\n>p2 move brutalswing\n>p1 move psychic\n>p2 move brutalswing\n>p2 switch 4\n>p1 move thunderbolt\n>p2 move dragondance\n>p1 move thunderbolt\n>p2 move knockoff\n>p1 switch 4\n>p1 move freezedry\n>p2 move aquajet\n>p2 switch 6\n>p1 move freezedry\n>p2 move voltswitch\n>p2 switch 2\n>p1 switch 3\n>p1 move sacredfire\n>p2 switch 5\n>p1 switch 5\n>p2 move recover\n>p1 move freezedry\n>p2 switch 5\n>p1 switch 5\n>p2 move hurricane\n>p1 move bravebird\n>p2 switch 5\n>p1 switch 5\n>p2 move hydropump\n>p1 move dracometeor\n>p2 move recover\n>p2 switch 5\n>p1 switch 5\n>p2 move quiverdance\n>p1 move sacredfire dynamax\n>p2 move hurricane\n>p2 switch 3\n>p1 move sacredfire dynamax\n>p2 move stoneedge dynamax\n>p1 switch 6\n>p1 move closecombat\n>p2 move earthquake dynamax\n>p1 move closecombat\n>p2 move stealthrock dynamax\n>p1 switch 5\n>p1 move dracometeor\n>p2 move stoneedge\n>p1 switch 2\n>p1 move closecombat\n>p2 move earthquake\n>p2 switch 2\n>p1 move earthquake\n>p2 move thunderbolt", "uploadtime": 1685420945, "views": 3, "p1id": "manuel572", "p2id": "cupcake26", "formatid": "gen8randombattle", "rating": 1348, "private": 0, "password": ""}