{"id": "gen8randombattle-1872660861", "p1": "Penter", "p2": "mrsoup", "format": "[Gen 8] Random Battle", "log": "|j|\u2606Penter\n|j|\u2606mrsoup\n|t:|1685262903\n|gametype|singles\n|player|p1|Penter|n|\n|player|p2|mrsoup|officer-gen2|\n|teamsize|p1|6\n|teamsize|p2|6\n|gen|8\n|tier|[Gen 8] Random Battle\n|rated|Tournament battle\n|rule|Species Clause: Limit one of each Pok\u00e9mon\n|rule|HP Percentage Mod: HP is shown in percentages\n|rule|Sleep Clause Mod: Limit one foe put to sleep\n|\n|t:|1685262903\n|start\n|switch|p1a: Calyrex|Calyrex, L88|319/319\n|switch|p2a: Noctowl|Noctowl, L88, F|319/319\n|-ability|p1a: Calyrex|Unnerve\n|turn|1\n|j| BB-8-NU\n|\n|t:|1685262922\n|move|p1a: Calyrex|Substitute|p1a: Calyrex\n|-start|p1a: Calyrex|Substitute\n|-damage|p1a: Calyrex|240/319\n|move|p2a: Noctowl|Nasty Plot|p2a: Noctowl\n|-boost|p2a: Noctowl|spa|2\n|\n|-heal|p1a: Calyrex|259/319|[from] item: Leftovers\n|upkeep\n|turn|2\n|\n|t:|1685262966\n|move|p1a: Calyrex|Psyshock|p2a: Noctowl\n|-damage|p2a: Noctowl|195/319\n|move|p2a: Noctowl|Heat Wave|p1a: Calyrex\n|-supereffective|p1a: Calyrex\n|-crit|p1a: Calyrex\n|-end|p1a: Calyrex|Substitute\n|\n|-heal|p1a: Calyrex|278/319|[from] item: Leftovers\n|upkeep\n|turn|3\n|\n|t:|1685263004\n|switch|p1a: Blastoise|Blastoise, L82, M|264/264\n|move|p2a: Noctowl|Hurricane|p1a: Blastoise\n|-damage|p1a: Blastoise|36/264\n|-start|p1a: Blastoise|confusion\n|\n|upkeep\n|turn|4\n|\n|t:|1685263025\n|-activate|p1a: Blastoise|confusion\n|-damage|p1a: Blastoise|15/264|[from] confusion\n|move|p2a: Noctowl|Heat Wave|p1a: Blastoise\n|-resisted|p1a: Blastoise\n|-damage|p1a: Blastoise|0 fnt\n|faint|p1a: Blastoise\n|\n|upkeep\n|\n|t:|1685263078\n|switch|p1a: Articuno|Articuno-Galar, L80|275/275\n|turn|5\n|\n|t:|1685263095\n|-start|p1a: Articuno|Dynamax|\n|-heal|p1a: Articuno|550/550|[silent]\n|move|p1a: Articuno|Max Airstream|p2a: Noctowl\n|-damage|p2a: Noctowl|66/319\n|-boost|p1a: Articuno|spe|1\n|move|p2a: Noctowl|Hurricane|p1a: Articuno\n|-damage|p1a: Articuno|343/550\n|-start|p1a: Articuno|confusion\n|\n|upkeep\n|turn|6\n|\n|t:|1685263117\n|-activate|p1a: Articuno|confusion\n|move|p1a: Articuno|Max Mindstorm|p2a: Noctowl\n|-damage|p2a: Noctowl|0 fnt\n|-fieldstart|move: Psychic Terrain\n|faint|p2a: Noctowl\n|\n|upkeep\n|\n|t:|1685263128\n|switch|p2a: Walrein|Walrein, L86, F|329/329\n|turn|7\n|\n|t:|1685263135\n|move|p2a: Walrein|Protect|p2a: Walrein\n|-singleturn|p2a: Walrein|Protect\n|-activate|p1a: Articuno|confusion\n|-damage|p1a: Articuno|322/550|[from] confusion\n|\n|upkeep\n|-end|p1a: Articuno|Dynamax\n|-heal|p1a: Articuno|161/275|[silent]\n|turn|8\n|\n|t:|1685263146\n|-activate|p1a: Articuno|confusion\n|move|p1a: Articuno|Recover|p1a: Articuno\n|-heal|p1a: Articuno|275/275\n|move|p2a: Walrein|Ice Beam|p1a: Articuno\n|-supereffective|p1a: Articuno\n|-crit|p1a: Articuno\n|-damage|p1a: Articuno|0 fnt\n|faint|p1a: Articuno\n|\n|upkeep\n|\n|t:|1685263156\n|switch|p1a: Leafeon|Leafeon, L86, F|252/252\n|turn|9\n|\n|t:|1685263178\n|move|p1a: Leafeon|Leaf Blade|p2a: Walrein\n|-supereffective|p2a: Walrein\n|-damage|p2a: Walrein|64/329\n|-damage|p1a: Leafeon|227/252|[from] item: Life Orb\n|move|p2a: Walrein|Ice Beam|p1a: Leafeon\n|-supereffective|p1a: Leafeon\n|-damage|p1a: Leafeon|0 fnt\n|faint|p1a: Leafeon\n|\n|-heal|p2a: Walrein|84/329|[from] item: Leftovers\n|upkeep\n|-message|Penter forfeited.\n|\n|win|mrsoup\n|n|\u2606Penter|penter\n|n|\u2606mrsoup|mrsoup\n|n| BB-8-NU|bb8nu\n", "inputlog": ">version d74822bbc74c095aa312053f7034baee3068d99e\n>start {\"formatid\":\"gen8randombattle\",\"seed\":[8699,62756,54157,6493],\"rated\":\"Tournament battle\"}\n>player p1 {\"name\":\"Penter\",\"avatar\":\"n\",\"rating\":0,\"seed\":[57058,21601,59006,29467]}\n>player p2 {\"name\":\"mrsoup\",\"avatar\":\"officer-gen2\",\"rating\":0,\"seed\":[25657,51019,26688,44200]}\n>p1 move substitute\n>p2 move nastyplot\n>p1 move psyshock\n>p2 move heatwave\n>p1 switch 4\n>p2 move hurricane\n>p1 move icebeam\n>p2 move heatwave\n>p1 switch 5\n>p1 move airslash dynamax\n>p2 move hurricane\n>p1 move freezingglare dynamax\n>p2 move roost\n>p2 switch 6\n>p1 move freezingglare dynamax\n>p2 move protect\n>p1 move recover\n>p2 move icebeam\n>p1 switch 3\n>p1 move leafblade\n>p2 move icebeam\n>forcelose p1", "uploadtime": 1685263193, "views": 2, "p1id": "penter", "p2id": "mrsoup", "formatid": "gen8randombattle", "rating": 0, "private": 0, "password": ""}