{"id": "gen8randombattle-1872074231", "p1": "Sparna_of_Yomi", "p2": "Brownmamba201996", "format": "[Gen 8] Random Battle", "log": "|j|\u2606Sparna_of_Yomi\n|j|\u2606Brownmamba201996\n|t:|1685173436\n|gametype|singles\n|player|p1|Sparna_of_Yomi|blackbelt|1454\n|player|p2|Brownmamba201996|266|1298\n|teamsize|p1|6\n|teamsize|p2|6\n|gen|8\n|tier|[Gen 8] Random Battle\n|rated|\n|rule|Species Clause: Limit one of each Pok\u00e9mon\n|rule|HP Percentage Mod: HP is shown in percentages\n|rule|Sleep Clause Mod: Limit one foe put to sleep\n|\n|t:|1685173436\n|start\n|switch|p1a: Sirfetch\u2019d|Sirfetch\u2019d, L82, M|236/236\n|switch|p2a: Meowstic|Meowstic, L84, M|262/262\n|turn|1\n|\n|t:|1685173450\n|move|p2a: Meowstic|Yawn|p1a: Sirfetch\u2019d\n|-start|p1a: Sirfetch\u2019d|move: Yawn|[of] p2a: Meowstic\n|move|p1a: Sirfetch\u2019d|Knock Off|p2a: Meowstic\n|-supereffective|p2a: Meowstic\n|-damage|p2a: Meowstic|0 fnt\n|-enditem|p2a: Meowstic|Light Clay|[from] move: Knock Off|[of] p1a: Sirfetch\u2019d\n|faint|p2a: Meowstic\n|-damage|p1a: Sirfetch\u2019d|213/236|[from] item: Life Orb\n|\n|upkeep\n|\n|t:|1685173456\n|switch|p2a: Scolipede|Scolipede, L80, M|227/227\n|turn|2\n|\n|t:|1685173476\n|switch|p1a: Dubwool|Dubwool, L86, F|264/264\n|move|p2a: Scolipede|Swords Dance|p2a: Scolipede\n|-boost|p2a: Scolipede|atk|2\n|\n|-ability|p2a: Scolipede|Speed Boost|boost\n|-boost|p2a: Scolipede|spe|1\n|upkeep\n|turn|3\n|\n|t:|1685173484\n|move|p2a: Scolipede|Swords Dance|p2a: Scolipede\n|-boost|p2a: Scolipede|atk|2\n|move|p1a: Dubwool|Cotton Guard|p1a: Dubwool\n|-boost|p1a: Dubwool|def|3\n|\n|-ability|p2a: Scolipede|Speed Boost|boost\n|-boost|p2a: Scolipede|spe|1\n|upkeep\n|turn|4\n|\n|t:|1685173493\n|move|p2a: Scolipede|Poison Jab|p1a: Dubwool\n|-damage|p1a: Dubwool|159/264\n|-status|p1a: Dubwool|psn\n|-damage|p2a: Scolipede|205/227|[from] item: Life Orb\n|move|p1a: Dubwool|Cotton Guard|p1a: Dubwool\n|-boost|p1a: Dubwool|def|3\n|\n|-heal|p1a: Dubwool|175/264 psn|[from] item: Leftovers\n|-damage|p1a: Dubwool|142/264 psn|[from] psn\n|-ability|p2a: Scolipede|Speed Boost|boost\n|-boost|p2a: Scolipede|spe|1\n|upkeep\n|turn|5\n|\n|t:|1685173505\n|switch|p2a: Weezing|Weezing-Galar, L86, F|252/252\n|-ability|p2a: Weezing|Neutralizing Gas\n|move|p1a: Dubwool|Rest|p1a: Dubwool\n|-status|p1a: Dubwool|slp|[from] move: Rest\n|-heal|p1a: Dubwool|264/264 slp|[silent]\n|\n|upkeep\n|turn|6\n|\n|t:|1685173517\n|switch|p1a: Marowak|Marowak-Alola, L84, F|238/238\n|move|p2a: Weezing|Sludge Bomb|p1a: Marowak\n|-resisted|p1a: Marowak\n|-damage|p1a: Marowak|187/238\n|\n|upkeep\n|turn|7\n|\n|t:|1685173524\n|move|p2a: Weezing|Toxic Spikes|p1a: Marowak\n|-sidestart|p1: Sparna_of_Yomi|move: Toxic Spikes\n|move|p1a: Marowak|Flame Charge|p2a: Weezing\n|-damage|p2a: Weezing|179/252\n|-boost|p1a: Marowak|spe|1\n|\n|-heal|p2a: Weezing|194/252|[from] item: Black Sludge\n|upkeep\n|turn|8\n|\n|t:|1685173529\n|move|p1a: Marowak|Flame Charge|p2a: Weezing\n|-damage|p2a: Weezing|119/252\n|-boost|p1a: Marowak|spe|1\n|move|p2a: Weezing|Toxic Spikes|p1a: Marowak\n|-sidestart|p1: Sparna_of_Yomi|move: Toxic Spikes\n|\n|-heal|p2a: Weezing|134/252|[from] item: Black Sludge\n|upkeep\n|turn|9\n|\n|t:|1685173533\n|move|p1a: Marowak|Flame Charge|p2a: Weezing\n|-damage|p2a: Weezing|62/252\n|-boost|p1a: Marowak|spe|1\n|move|p2a: Weezing|Strange Steam|p1a: Marowak\n|-resisted|p1a: Marowak\n|-damage|p1a: Marowak|134/238\n|\n|-heal|p2a: Weezing|77/252|[from] item: Black Sludge\n|upkeep\n|turn|10\n|\n|t:|1685173540\n|move|p1a: Marowak|Poltergeist|p2a: Weezing\n|-activate|p2a: Weezing|move: Poltergeist|Black Sludge\n|-damage|p2a: Weezing|0 fnt\n|faint|p2a: Weezing\n|-end|p2a: Weezing|ability: Neutralizing Gas\n|\n|upkeep\n|\n|t:|1685173546\n|switch|p2a: Lycanroc|Lycanroc, L80, F|251/251\n|turn|11\n|\n|t:|1685173551\n|move|p1a: Marowak|Poltergeist|p2a: Lycanroc\n|-activate|p2a: Lycanroc|move: Poltergeist|Life Orb\n|-damage|p2a: Lycanroc|2/251\n|move|p2a: Lycanroc|Swords Dance|p2a: Lycanroc\n|-boost|p2a: Lycanroc|atk|2\n|\n|upkeep\n|turn|12\n|\n|t:|1685173556\n|move|p2a: Lycanroc|Accelerock|p1a: Marowak\n|-supereffective|p1a: Marowak\n|-damage|p1a: Marowak|0 fnt\n|faint|p1a: Marowak\n|-damage|p2a: Lycanroc|0 fnt|[from] item: Life Orb\n|faint|p2a: Lycanroc\n|\n|upkeep\n|\n|t:|1685173571\n|switch|p2a: Aromatisse|Aromatisse, L88, F|321/321\n|switch|p1a: Dubwool|Dubwool, L86, F|264/264 slp\n|turn|13\n|\n|t:|1685173578\n|cant|p1a: Dubwool|slp\n|move|p1a: Dubwool|Sleep Talk|p1a: Dubwool\n|move|p1a: Dubwool|Rest||[from]move: Sleep Talk|[still]\n|-fail|p1a: Dubwool\n|move|p2a: Aromatisse|Calm Mind|p2a: Aromatisse\n|-boost|p2a: Aromatisse|spa|1\n|-boost|p2a: Aromatisse|spd|1\n|\n|upkeep\n|turn|14\n|\n|t:|1685173591\n|switch|p1a: Sirfetch\u2019d|Sirfetch\u2019d, L82, M|213/236\n|-status|p1a: Sirfetch\u2019d|tox\n|move|p2a: Aromatisse|Calm Mind|p2a: Aromatisse\n|-boost|p2a: Aromatisse|spa|1\n|-boost|p2a: Aromatisse|spd|1\n|\n|-damage|p1a: Sirfetch\u2019d|199/236 tox|[from] psn\n|upkeep\n|turn|15\n|\n|t:|1685173598\n|move|p1a: Sirfetch\u2019d|Brave Bird|p2a: Aromatisse\n|-damage|p2a: Aromatisse|181/321\n|-damage|p1a: Sirfetch\u2019d|153/236 tox|[from] Recoil\n|-damage|p1a: Sirfetch\u2019d|130/236 tox|[from] item: Life Orb\n|move|p2a: Aromatisse|Moonblast|p1a: Sirfetch\u2019d\n|-supereffective|p1a: Sirfetch\u2019d\n|-damage|p1a: Sirfetch\u2019d|0 fnt\n|faint|p1a: Sirfetch\u2019d\n|\n|-heal|p2a: Aromatisse|201/321|[from] item: Leftovers\n|upkeep\n|\n|t:|1685173608\n|switch|p1a: Calyrex|Calyrex-Ice, L72|263/263\n|-ability|p1a: Calyrex|As One\n|-ability|p1a: Calyrex|Unnerve\n|-status|p1a: Calyrex|tox\n|turn|16\n|\n|t:|1685173616\n|-start|p1a: Calyrex|Dynamax|\n|-heal|p1a: Calyrex|526/526 tox|[silent]\n|move|p1a: Calyrex|Max Hailstorm|p2a: Aromatisse\n|-damage|p2a: Aromatisse|0 fnt\n|-weather|Hail\n|faint|p2a: Aromatisse\n|-ability|p1a: Calyrex|Chilling Neigh|boost\n|-boost|p1a: Calyrex|atk|1\n|\n|-weather|Hail|[upkeep]\n|-damage|p1a: Calyrex|510/526 tox|[from] psn\n|upkeep\n|\n|t:|1685173622\n|switch|p2a: Scolipede|Scolipede, L80, M|205/227\n|turn|17\n|\n|t:|1685173630\n|move|p2a: Scolipede|Swords Dance|p2a: Scolipede\n|-boost|p2a: Scolipede|atk|2\n|move|p1a: Calyrex|Max Hailstorm|p2a: Scolipede\n|-damage|p2a: Scolipede|0 fnt\n|faint|p2a: Scolipede\n|-ability|p1a: Calyrex|Chilling Neigh|boost\n|-boost|p1a: Calyrex|atk|1\n|\n|-weather|Hail|[upkeep]\n|-damage|p1a: Calyrex|478/526 tox|[from] psn\n|upkeep\n|\n|t:|1685173635\n|switch|p2a: Flygon|Flygon, L80, F|259/259\n|turn|18\n|\n|t:|1685173643\n|-start|p2a: Flygon|Dynamax|\n|-heal|p2a: Flygon|518/518|[silent]\n|move|p2a: Flygon|Max Guard|p2a: Flygon\n|-singleturn|p2a: Flygon|Max Guard\n|move|p1a: Calyrex|Max Hailstorm|p2a: Flygon\n|-activate|p2a: Flygon|move: Max Guard\n|\n|-weather|Hail|[upkeep]\n|-damage|p2a: Flygon|502/518|[from] Hail\n|-damage|p1a: Calyrex|430/526 tox|[from] psn\n|upkeep\n|-end|p1a: Calyrex|Dynamax\n|-heal|p1a: Calyrex|215/263 tox|[silent]\n|turn|19\n|\n|t:|1685173650\n|move|p2a: Flygon|Max Flare|p1a: Calyrex\n|-supereffective|p1a: Calyrex\n|-damage|p1a: Calyrex|51/263 tox\n|-weather|SunnyDay\n|-enditem|p1a: Calyrex|Weakness Policy\n|-boost|p1a: Calyrex|atk|2|[from] item: Weakness Policy\n|-boost|p1a: Calyrex|spa|2|[from] item: Weakness Policy\n|-damage|p2a: Flygon|477/518|[from] item: Life Orb\n|move|p1a: Calyrex|Glacial Lance|p2a: Flygon\n|-supereffective|p2a: Flygon\n|-damage|p2a: Flygon|0 fnt\n|faint|p2a: Flygon\n|\n|win|Sparna_of_Yomi\n|raw|Sparna_of_Yomi's rating: 1454 &rarr; <strong>1466</strong><br />(+12 for winning)\n|raw|Brownmamba201996's rating: 1298 &rarr; <strong>1284</strong><br />(-14 for losing)\n|l|\u2606Brownmamba201996\n", "inputlog": ">version d74822bbc74c095aa312053f7034baee3068d99e\n>start {\"formatid\":\"gen8randombattle\",\"seed\":[26550,58341,30068,27612],\"rated\":\"Rated battle\"}\n>player p1 {\"name\":\"Sparna_of_Yomi\",\"avatar\":\"blackbelt\",\"rating\":1454,\"seed\":[54727,41376,54238,60182]}\n>player p2 {\"name\":\"Brownmamba201996\",\"avatar\":\"266\",\"rating\":1298,\"seed\":[34152,9877,56024,41457]}\n>p1 move knockoff\n>p2 move yawn\n>p2 switch 3\n>p1 switch 5\n>p2 move swordsdance\n>p1 move cottonguard\n>p2 move swordsdance\n>p1 move cottonguard\n>p2 move poisonjab\n>p1 move rest\n>p2 switch 6\n>p1 switch 2\n>p2 move sludgebomb\n>p1 move flamecharge\n>p2 move toxicspikes\n>p1 move flamecharge\n>p2 move toxicspikes\n>p1 move flamecharge\n>p2 move strangesteam\n>p1 move poltergeist\n>p2 move strangesteam\n>p2 switch 2\n>p1 move poltergeist\n>p2 move swordsdance\n>p1 move flamecharge\n>p2 move accelerock\n>p1 switch 2\n>p2 switch 5\n>p1 move sleeptalk\n>p2 move calmmind\n>p1 switch 5\n>p2 move calmmind\n>p1 move bravebird\n>p2 move moonblast\n>p1 switch 3\n>p1 move glaciallance dynamax\n>p2 move moonblast\n>p2 switch 6\n>p1 move glaciallance dynamax\n>p2 move swordsdance\n>p2 switch 4\n>p1 move glaciallance dynamax\n>p2 move dragondance dynamax\n>p1 move glaciallance\n>p2 move firepunch dynamax", "uploadtime": 1685173657, "views": 6, "p1id": "sparnaofyomi", "p2id": "brownmamba201996", "formatid": "gen8randombattle", "rating": 1284, "private": 0, "password": ""}