{"id": "gen8randombattle-1866015926", "p1": "DatCasualPlayer", "p2": "Estebanthe1", "format": "[Gen 8] Random Battle", "log": "|j|\u2606DatCasualPlayer\n|j|\u2606Estebanthe1\n|t:|1684360888\n|gametype|singles\n|player|p1|DatCasualPlayer|skyla|1518\n|player|p2|Estebanthe1|2|1509\n|teamsize|p1|6\n|teamsize|p2|6\n|gen|8\n|tier|[Gen 8] Random Battle\n|rated|\n|rule|Species Clause: Limit one of each Pok\u00e9mon\n|rule|HP Percentage Mod: HP is shown in percentages\n|rule|Sleep Clause Mod: Limit one foe put to sleep\n|\n|t:|1684360888\n|start\n|switch|p1a: Farfetch\u2019d|Farfetch\u2019d, L90, M|239/239\n|switch|p2a: Farfetch\u2019d|Farfetch\u2019d, L90, F|239/239\n|turn|1\n|c|\u2606DatCasualPlayer|Lmao\n|c|\u2606DatCasualPlayer|awkward\n|c|\u2606Estebanthe1|lol\n|c|\u2606Estebanthe1|this isnt the first time this happens to me tbh\n|\n|t:|1684360920\n|move|p2a: Farfetch\u2019d|Knock Off|p1a: Farfetch\u2019d\n|-crit|p1a: Farfetch\u2019d\n|-damage|p1a: Farfetch\u2019d|90/239\n|-enditem|p1a: Farfetch\u2019d|Leek|[from] move: Knock Off|[of] p2a: Farfetch\u2019d\n|move|p1a: Farfetch\u2019d|Swords Dance|p1a: Farfetch\u2019d\n|-boost|p1a: Farfetch\u2019d|atk|2\n|\n|upkeep\n|turn|2\n|c|\u2606Estebanthe1|its been a few times already\n|\n|t:|1684360928\n|move|p1a: Farfetch\u2019d|Knock Off|p2a: Farfetch\u2019d\n|-damage|p2a: Farfetch\u2019d|43/239\n|-enditem|p2a: Farfetch\u2019d|Leek|[from] move: Knock Off|[of] p1a: Farfetch\u2019d\n|move|p2a: Farfetch\u2019d|Brave Bird|p1a: Farfetch\u2019d\n|-damage|p1a: Farfetch\u2019d|0 fnt\n|faint|p1a: Farfetch\u2019d\n|-damage|p2a: Farfetch\u2019d|13/239|[from] Recoil\n|\n|upkeep\n|inactive|Battle timer is ON: inactive players will automatically lose when time's up. (requested by Estebanthe1)\n|\n|t:|1684360967\n|switch|p1a: Golisopod|Golisopod, L84, M|263/263\n|turn|3\n|\n|t:|1684360977\n|move|p1a: Golisopod|First Impression|p2a: Farfetch\u2019d\n|-resisted|p2a: Farfetch\u2019d\n|-damage|p2a: Farfetch\u2019d|0 fnt\n|faint|p2a: Farfetch\u2019d\n|\n|upkeep\n|\n|t:|1684360985\n|switch|p2a: Garbodor|Garbodor, L87, M|281/281\n|turn|4\n|l|\u2606DatCasualPlayer\n|inactive|DatCasualPlayer disconnected and has a minute to reconnect!\n|player|p1|\n|c|\u2606Estebanthe1|why?\n|j|\u2606DatCasualPlayer\n|inactive|DatCasualPlayer reconnected and has 130 seconds left.\n|player|p1|DatCasualPlayer|skyla\n|inactive|DatCasualPlayer has 120 seconds left.\n|c|\u2606Estebanthe1|why u time stall and now leave and come back\n|c|\u2606Estebanthe1|are you trying to troll?\n|l|\u2606DatCasualPlayer\n|inactive|DatCasualPlayer disconnected and has a minute to reconnect!\n|player|p1|\n|c|\u2606Estebanthe1|ima report you\n|j|\u2606DatCasualPlayer\n|inactive|DatCasualPlayer reconnected and has 95 seconds left.\n|player|p1|DatCasualPlayer|skyla\n|inactive|DatCasualPlayer has 90 seconds left.\n|c|\u2606Estebanthe1|for waisting time on purpose\n|l|\u2606DatCasualPlayer\n|inactive|DatCasualPlayer disconnected and has a minute to reconnect!\n|player|p1|\n|inactive|DatCasualPlayer has 30 seconds to reconnect!\n|inactive|DatCasualPlayer has 20 seconds to reconnect!\n|inactive|DatCasualPlayer has 15 seconds to reconnect!\n|inactive|DatCasualPlayer has 10 seconds to reconnect!\n|inactive|DatCasualPlayer has 5 seconds to reconnect!\n|-message|DatCasualPlayer lost due to inactivity.\n|\n|win|Estebanthe1\n|raw|DatCasualPlayer's rating: 1518 &rarr; <strong>1497</strong><br />(-21 for losing)\n|raw|Estebanthe1's rating: 1509 &rarr; <strong>1530</strong><br />(+21 for winning)\n", "inputlog": ">version 3f967b429d9dd76d8eb692efdd7dfe9038092d20\n>start {\"formatid\":\"gen8randombattle\",\"seed\":[31042,57124,37567,45061],\"rated\":\"Rated battle\"}\n>player p1 {\"name\":\"DatCasualPlayer\",\"avatar\":\"skyla\",\"rating\":1518,\"seed\":[14363,22435,40918,61434]}\n>player p2 {\"name\":\"Estebanthe1\",\"avatar\":\"2\",\"rating\":1509,\"seed\":[50661,34085,58880,32835]}\n>chat \u2606DatCasualPlayer|Lmao\n>chat \u2606DatCasualPlayer|awkward\n>chat \u2606Estebanthe1|lol\n>chat \u2606Estebanthe1|this isnt the first time this happens to me tbh\n>p1 move swordsdance\n>p2 move knockoff\n>chat \u2606Estebanthe1|its been a few times already\n>p1 move knockoff\n>p2 move bravebird\n>p1 switch 5\n>p1 move firstimpression\n>p2 move bravebird\n>p2 switch 2\n>chat \u2606Estebanthe1|why?\n>chat \u2606Estebanthe1|why u time stall and now leave and come back\n>chat \u2606Estebanthe1|are you trying to troll?\n>chat \u2606Estebanthe1|ima report you\n>chat \u2606Estebanthe1|for waisting time on purpose\n>forcelose p1", "uploadtime": 1684361105, "views": 7, "p1id": "datcasualplayer", "p2id": "estebanthe1", "formatid": "gen8randombattle", "rating": 1497, "private": 0, "password": ""}