{"id": "gen8randombattle-1861899693", "p1": "toxozk", "p2": "KJ.nyc", "format": "[Gen 8] Random Battle", "log": "|j|\u2606toxozk\n|j|\u2606KJ.nyc\n|t:|1683819098\n|gametype|singles\n|player|p1|toxozk|caitlin|1413\n|player|p2|KJ.nyc|hilbert|1455\n|teamsize|p1|6\n|teamsize|p2|6\n|gen|8\n|tier|[Gen 8] Random Battle\n|rated|\n|rule|Species Clause: Limit one of each Pok\u00e9mon\n|rule|HP Percentage Mod: HP is shown in percentages\n|rule|Sleep Clause Mod: Limit one foe put to sleep\n|\n|t:|1683819098\n|start\n|switch|p1a: Unfezant|Unfezant, L84, F|271/271\n|switch|p2a: Bronzong|Bronzong, L83|247/247\n|turn|1\n|inactive|Battle timer is ON: inactive players will automatically lose when time's up. (requested by toxozk)\n|c|\u2606KJ.nyc|glhf\n|c|\u2606toxozk|gl\n|\n|t:|1683819126\n|move|p1a: Unfezant|U-turn|p2a: Bronzong\n|-damage|p2a: Bronzong|203/247\n|\n|t:|1683819132\n|switch|p1a: Galvantula|Galvantula, L82, M|249/249|[from] U-turn\n|move|p2a: Bronzong|Toxic|p1a: Galvantula\n|-status|p1a: Galvantula|tox\n|\n|-heal|p2a: Bronzong|218/247|[from] item: Leftovers\n|-damage|p1a: Galvantula|234/249 tox|[from] psn\n|upkeep\n|turn|2\n|\n|t:|1683819140\n|move|p2a: Bronzong|Protect|p2a: Bronzong\n|-singleturn|p2a: Bronzong|Protect\n|move|p1a: Galvantula|Sticky Web|p2a: Bronzong\n|-sidestart|p2: KJ.nyc|move: Sticky Web\n|\n|-heal|p2a: Bronzong|233/247|[from] item: Leftovers\n|-damage|p1a: Galvantula|204/249 tox|[from] psn\n|upkeep\n|turn|3\n|\n|t:|1683819143\n|move|p1a: Galvantula|Thunder|p2a: Bronzong|[miss]\n|-miss|p1a: Galvantula|p2a: Bronzong\n|move|p2a: Bronzong|Stealth Rock|p1a: Galvantula\n|-sidestart|p1: toxozk|move: Stealth Rock\n|\n|-heal|p2a: Bronzong|247/247|[from] item: Leftovers\n|-damage|p1a: Galvantula|159/249 tox|[from] psn\n|upkeep\n|turn|4\n|\n|t:|1683819154\n|move|p2a: Bronzong|Protect|p2a: Bronzong\n|-singleturn|p2a: Bronzong|Protect\n|move|p1a: Galvantula|Volt Switch|p2a: Bronzong\n|-activate|p2a: Bronzong|move: Protect\n|\n|-damage|p1a: Galvantula|99/249 tox|[from] psn\n|upkeep\n|turn|5\n|\n|t:|1683819162\n|switch|p2a: Whiscash|Whiscash, L86, M|329/329\n|-activate|p2a: Whiscash|move: Sticky Web\n|-unboost|p2a: Whiscash|spe|1\n|move|p1a: Galvantula|Bug Buzz|p2a: Whiscash\n|-damage|p2a: Whiscash|229/329\n|\n|-damage|p1a: Galvantula|24/249 tox|[from] psn\n|upkeep\n|turn|6\n|\n|t:|1683819169\n|move|p1a: Galvantula|Bug Buzz|p2a: Whiscash\n|-damage|p2a: Whiscash|130/329\n|move|p2a: Whiscash|Dragon Dance|p2a: Whiscash\n|-boost|p2a: Whiscash|atk|1\n|-boost|p2a: Whiscash|spe|1\n|\n|-damage|p1a: Galvantula|0 fnt|[from] psn\n|faint|p1a: Galvantula\n|upkeep\n|inactive|toxozk has 120 seconds left.\n|\n|t:|1683819204\n|switch|p1a: Seismitoad|Seismitoad, L84, M|314/314\n|-damage|p1a: Seismitoad|295/314|[from] Stealth Rock\n|turn|7\n|inactive|toxozk has 120 seconds left.\n|\n|t:|1683819209\n|move|p1a: Seismitoad|Liquidation|p2a: Whiscash\n|-damage|p2a: Whiscash|0 fnt\n|faint|p2a: Whiscash\n|-damage|p1a: Seismitoad|264/314|[from] item: Life Orb\n|\n|upkeep\n|\n|t:|1683819218\n|switch|p2a: Vaporeon|Vaporeon, L84, M|356/356\n|-activate|p2a: Vaporeon|move: Sticky Web\n|-unboost|p2a: Vaporeon|spe|1\n|turn|8\n|\n|t:|1683819227\n|move|p1a: Seismitoad|Stealth Rock|p2a: Vaporeon\n|-sidestart|p2: KJ.nyc|move: Stealth Rock\n|move|p2a: Vaporeon|Toxic|p1a: Seismitoad\n|-status|p1a: Seismitoad|tox\n|\n|-damage|p1a: Seismitoad|245/314 tox|[from] psn\n|upkeep\n|turn|9\n|\n|t:|1683819239\n|move|p1a: Seismitoad|Earthquake|p2a: Vaporeon\n|-damage|p2a: Vaporeon|192/356\n|-damage|p1a: Seismitoad|214/314 tox|[from] item: Life Orb\n|move|p2a: Vaporeon|Scald|p1a: Seismitoad\n|-heal|p1a: Seismitoad|292/314 tox|[from] ability: Water Absorb|[of] p2a: Vaporeon\n|\n|-heal|p2a: Vaporeon|214/356|[from] item: Leftovers\n|-damage|p1a: Seismitoad|254/314 tox|[from] psn\n|upkeep\n|turn|10\n|\n|t:|1683819248\n|move|p2a: Vaporeon|Protect|p2a: Vaporeon\n|-singleturn|p2a: Vaporeon|Protect\n|move|p1a: Seismitoad|Earthquake|p2a: Vaporeon\n|-activate|p2a: Vaporeon|move: Protect\n|\n|-heal|p2a: Vaporeon|236/356|[from] item: Leftovers\n|-damage|p1a: Seismitoad|197/314 tox|[from] psn\n|upkeep\n|turn|11\n|\n|t:|1683819258\n|switch|p2a: Bronzong|Bronzong, L83|247/247\n|-damage|p2a: Bronzong|232/247|[from] Stealth Rock\n|move|p1a: Seismitoad|Earthquake|p2a: Bronzong\n|-immune|p2a: Bronzong|[from] ability: Levitate\n|\n|-heal|p2a: Bronzong|247/247|[from] item: Leftovers\n|-damage|p1a: Seismitoad|121/314 tox|[from] psn\n|upkeep\n|turn|12\n|\n|t:|1683819266\n|move|p1a: Seismitoad|Earthquake|p2a: Bronzong\n|-immune|p2a: Bronzong|[from] ability: Levitate\n|move|p2a: Bronzong|Iron Head|p1a: Seismitoad\n|-resisted|p1a: Seismitoad\n|-damage|p1a: Seismitoad|76/314 tox\n|\n|-damage|p1a: Seismitoad|0 fnt|[from] psn\n|faint|p1a: Seismitoad\n|upkeep\n|\n|t:|1683819269\n|switch|p1a: Tornadus|Tornadus-Therian, L78, M|251/251\n|-damage|p1a: Tornadus|189/251|[from] Stealth Rock\n|turn|13\n|\n|t:|1683819274\n|move|p1a: Tornadus|Knock Off|p2a: Bronzong\n|-supereffective|p2a: Bronzong\n|-damage|p2a: Bronzong|147/247\n|-enditem|p2a: Bronzong|Leftovers|[from] move: Knock Off|[of] p1a: Tornadus\n|move|p2a: Bronzong|Toxic|p1a: Tornadus\n|-status|p1a: Tornadus|tox\n|\n|-damage|p1a: Tornadus|174/251 tox|[from] psn\n|upkeep\n|turn|14\n|\n|t:|1683819280\n|move|p2a: Bronzong|Protect|p2a: Bronzong\n|-singleturn|p2a: Bronzong|Protect\n|move|p1a: Tornadus|U-turn|p2a: Bronzong\n|-activate|p2a: Bronzong|move: Protect\n|\n|-damage|p1a: Tornadus|144/251 tox|[from] psn\n|upkeep\n|turn|15\n|-message|toxozk forfeited.\n|\n|win|KJ.nyc\n|raw|toxozk's rating: 1413 &rarr; <strong>1395</strong><br />(-18 for losing)\n|raw|KJ.nyc's rating: 1455 &rarr; <strong>1473</strong><br />(+18 for winning)\n|l|\u2606toxozk\n", "inputlog": ">version bce759c5f189753f4322d11c9e5aa78bbe1b1bf9\n>start {\"formatid\":\"gen8randombattle\",\"seed\":[53326,61214,51306,50912],\"rated\":\"Rated battle\"}\n>player p1 {\"name\":\"toxozk\",\"avatar\":\"caitlin\",\"rating\":1413,\"seed\":[31740,12350,42675,20875]}\n>player p2 {\"name\":\"KJ.nyc\",\"avatar\":\"hilbert\",\"rating\":1455,\"seed\":[18341,58845,28977,44865]}\n>chat \u2606KJ.nyc|glhf\n>chat \u2606toxozk|gl\n>p1 move uturn\n>p2 move toxic\n>p1 switch 5\n>p1 move stickyweb\n>p2 move protect\n>p1 move thunder\n>p2 move stealthrock\n>p1 move voltswitch\n>p2 move protect\n>p1 move bugbuzz\n>p2 switch 2\n>p1 move bugbuzz\n>p2 move dragondance\n>p1 switch 2\n>p1 move liquidation\n>p2 move earthquake\n>p2 switch 4\n>p1 move stealthrock\n>p2 move toxic\n>p1 move earthquake\n>p2 move scald\n>p1 move earthquake\n>p2 move protect\n>p1 move earthquake\n>p2 switch 2\n>p1 move earthquake\n>p2 move ironhead\n>p1 switch 4\n>p1 move knockoff\n>p2 move toxic\n>p1 move uturn\n>p2 move protect\n>forcelose p1", "uploadtime": 1683819291, "views": 4, "p1id": "toxozk", "p2id": "kjnyc", "formatid": "gen8randombattle", "rating": 1395, "private": 0, "password": ""}