{"id": "gen8randombattle-1873587310", "p1": "ddgdsd", "p2": "XxZeKevstarxX", "format": "[Gen 8] Random Battle", "log": "|j|\u2606ddgdsd\n|j|\u2606XxZeKevstarxX\n|t:|1685393368\n|gametype|singles\n|player|p1|ddgdsd|265|1329\n|player|p2|XxZeKevstarxX|2|1361\n|teamsize|p1|6\n|teamsize|p2|6\n|gen|8\n|tier|[Gen 8] Random Battle\n|rated|\n|rule|Species Clause: Limit one of each Pok\u00e9mon\n|rule|HP Percentage Mod: HP is shown in percentages\n|rule|Sleep Clause Mod: Limit one foe put to sleep\n|\n|t:|1685393368\n|start\n|switch|p1a: Darmanitan|Darmanitan-Galar, L78, F|291/291\n|switch|p2a: Vikavolt|Vikavolt, L82, M|260/260\n|turn|1\n|\n|t:|1685393382\n|switch|p2a: Mantine|Mantine, L86, F|286/286\n|move|p1a: Darmanitan|Flare Blitz|p2a: Mantine\n|-resisted|p2a: Mantine\n|-damage|p2a: Mantine|200/286\n|-status|p2a: Mantine|brn\n|-damage|p1a: Darmanitan|263/291|[from] Recoil\n|\n|-damage|p2a: Mantine|183/286 brn|[from] brn\n|upkeep\n|turn|2\n|inactive|Battle timer is ON: inactive players will automatically lose when time's up. (requested by XxZeKevstarxX)\n|\n|t:|1685393401\n|switch|p1a: Calyrex|Calyrex-Ice, L72|263/263\n|-ability|p1a: Calyrex|As One\n|-ability|p1a: Calyrex|Unnerve\n|move|p2a: Mantine|Toxic|p1a: Calyrex\n|-status|p1a: Calyrex|tox\n|\n|-damage|p1a: Calyrex|247/263 tox|[from] psn\n|-damage|p2a: Mantine|166/286 brn|[from] brn\n|upkeep\n|turn|3\n|\n|t:|1685393414\n|move|p2a: Mantine|Roost|p2a: Mantine\n|-heal|p2a: Mantine|286/286 brn\n|-singleturn|p2a: Mantine|move: Roost\n|move|p1a: Calyrex|Glacial Lance|p2a: Mantine\n|-resisted|p2a: Mantine\n|-damage|p2a: Mantine|198/286 brn\n|\n|-damage|p1a: Calyrex|215/263 tox|[from] psn\n|-damage|p2a: Mantine|181/286 brn|[from] brn\n|upkeep\n|turn|4\n|\n|t:|1685393429\n|switch|p1a: Toxapex|Toxapex, L82, F|216/216\n|move|p2a: Mantine|Roost|p2a: Mantine\n|-heal|p2a: Mantine|286/286 brn\n|-singleturn|p2a: Mantine|move: Roost\n|\n|-damage|p2a: Mantine|269/286 brn|[from] brn\n|upkeep\n|turn|5\n|\n|t:|1685393442\n|move|p2a: Mantine|Hurricane|p1a: Toxapex\n|-damage|p1a: Toxapex|144/216\n|-start|p1a: Toxapex|confusion\n|-activate|p1a: Toxapex|confusion\n|-damage|p1a: Toxapex|134/216|[from] confusion\n|\n|-heal|p1a: Toxapex|147/216|[from] item: Black Sludge\n|-damage|p2a: Mantine|252/286 brn|[from] brn\n|upkeep\n|turn|6\n|\n|t:|1685393458\n|switch|p2a: Vikavolt|Vikavolt, L82, M|260/260\n|-activate|p1a: Toxapex|confusion\n|move|p1a: Toxapex|Toxic|p2a: Vikavolt\n|-status|p2a: Vikavolt|tox\n|\n|-heal|p1a: Toxapex|160/216|[from] item: Black Sludge\n|-damage|p2a: Vikavolt|244/260 tox|[from] psn\n|upkeep\n|turn|7\n|\n|t:|1685393475\n|switch|p1a: Turtonator|Turtonator, L84, M|238/238\n|move|p2a: Vikavolt|Sticky Web|p1a: Turtonator\n|-sidestart|p1: ddgdsd|move: Sticky Web\n|\n|-damage|p2a: Vikavolt|212/260 tox|[from] psn\n|upkeep\n|turn|8\n|\n|t:|1685393493\n|move|p2a: Vikavolt|Thunderbolt|p1a: Turtonator\n|-resisted|p1a: Turtonator\n|-damage|p1a: Turtonator|174/238\n|-status|p1a: Turtonator|par\n|move|p1a: Turtonator|Draco Meteor|p2a: Vikavolt\n|-damage|p2a: Vikavolt|56/260 tox\n|-unboost|p1a: Turtonator|spa|2\n|\n|-damage|p2a: Vikavolt|8/260 tox|[from] psn\n|upkeep\n|turn|9\n|inactive|XxZeKevstarxX has 120 seconds left.\n|\n|t:|1685393510\n|move|p2a: Vikavolt|Roost|p2a: Vikavolt\n|-heal|p2a: Vikavolt|138/260 tox\n|-singleturn|p2a: Vikavolt|move: Roost\n|move|p1a: Turtonator|Rapid Spin|p2a: Vikavolt\n|-damage|p2a: Vikavolt|106/260 tox\n|-boost|p1a: Turtonator|spe|1\n|-sideend|p1: ddgdsd|Sticky Web|[from] move: Rapid Spin|[of] p1a: Turtonator\n|\n|-damage|p2a: Vikavolt|42/260 tox|[from] psn\n|upkeep\n|turn|10\n|\n|t:|1685393527\n|move|p2a: Vikavolt|Sticky Web|p1a: Turtonator\n|-sidestart|p1: ddgdsd|move: Sticky Web\n|move|p1a: Turtonator|Fire Blast|p2a: Vikavolt\n|-supereffective|p2a: Vikavolt\n|-damage|p2a: Vikavolt|0 fnt\n|faint|p2a: Vikavolt\n|\n|upkeep\n|inactive|XxZeKevstarxX has 120 seconds left.\n|\n|t:|1685393538\n|switch|p2a: Zygarde|Zygarde-10%, L82|223/223\n|-ability|p2a: Zygarde|Aura Break\n|turn|11\n|\n|t:|1685393545\n|switch|p1a: Darmanitan|Darmanitan-Galar, L78, F|263/291\n|-activate|p1a: Darmanitan|move: Sticky Web\n|-unboost|p1a: Darmanitan|spe|1\n|move|p2a: Zygarde|Thousand Arrows|p1a: Darmanitan\n|-damage|p1a: Darmanitan|98/291\n|-damage|p2a: Zygarde|201/223|[from] item: Life Orb\n|\n|upkeep\n|turn|12\n|\n|t:|1685393558\n|switch|p1a: Calyrex|Calyrex-Ice, L72|215/263 tox\n|-ability|p1a: Calyrex|As One\n|-ability|p1a: Calyrex|Unnerve\n|-activate|p1a: Calyrex|move: Sticky Web\n|-unboost|p1a: Calyrex|spe|1\n|move|p2a: Zygarde|Thousand Arrows|p1a: Calyrex\n|-damage|p1a: Calyrex|124/263 tox\n|-damage|p2a: Zygarde|179/223|[from] item: Life Orb\n|\n|-damage|p1a: Calyrex|108/263 tox|[from] psn\n|upkeep\n|turn|13\n|\n|t:|1685393575\n|move|p2a: Zygarde|Outrage|p1a: Calyrex\n|-damage|p1a: Calyrex|0 fnt\n|faint|p1a: Calyrex\n|-damage|p2a: Zygarde|157/223|[from] item: Life Orb\n|\n|upkeep\n|-message|ddgdsd forfeited.\n|\n|win|XxZeKevstarxX\n|raw|ddgdsd's rating: 1329 &rarr; <strong>1311</strong><br />(-18 for losing)\n|raw|XxZeKevstarxX's rating: 1361 &rarr; <strong>1379</strong><br />(+18 for winning)\n|l|\u2606ddgdsd\n|c|\u2606XxZeKevstarxX|ez\n", "inputlog": ">version 6fec31d5a0d4498a06105aa188c9906bc0b6bf95\n>start {\"formatid\":\"gen8randombattle\",\"seed\":[59464,32586,11705,22151],\"rated\":\"Rated battle\"}\n>player p1 {\"name\":\"ddgdsd\",\"avatar\":\"265\",\"rating\":1329,\"seed\":[16202,6659,14325,16867]}\n>player p2 {\"name\":\"XxZeKevstarxX\",\"avatar\":\"2\",\"rating\":1361,\"seed\":[10964,47769,37080,3890]}\n>p1 move flareblitz\n>p2 switch 4\n>p1 switch 3\n>p2 move toxic\n>p1 move glaciallance\n>p2 move roost\n>p1 switch 4\n>p2 move roost\n>p1 move toxic\n>p2 move hurricane\n>p1 move toxic\n>p2 switch 4\n>p1 switch 2\n>p2 move stickyweb\n>p1 move dracometeor\n>p2 move thunderbolt\n>p1 move rapidspin\n>p2 move roost\n>p1 move fireblast\n>p2 move stickyweb\n>p2 switch 6\n>p1 switch 3\n>p2 move thousandarrows\n>p1 switch 4\n>p2 move thousandarrows\n>p1 move glaciallance\n>p2 move outrage\n>forcelose p1", "uploadtime": 1685393645, "views": 5, "p1id": "ddgdsd", "p2id": "xxzekevstarxx", "formatid": "gen8randombattle", "rating": 1311, "private": 0, "password": ""}