{"id": "gen8randombattle-1873341226", "p1": "Gust250634", "p2": "woshinizufw", "format": "[Gen 8] Random Battle", "log": "|inactive|Battle timer is ON: inactive players will automatically lose when time's up.\n|j|\u2606Gust250634\n|j|\u2606woshinizufw\n|t:|1685365719\n|gametype|singles\n|player|p1|Gust250634|hiker-gen4|\n|player|p2|woshinizufw|sage|\n|teamsize|p1|1\n|teamsize|p2|1\n|gen|8\n|tier|[Gen 8] Random Battle\n|rated|Tournament battle\n|rule|Species Clause: Limit one of each Pok\u00e9mon\n|rule|HP Percentage Mod: HP is shown in percentages\n|rule|Sleep Clause Mod: Limit one foe put to sleep\n|rule|Inverse Mod: Weaknesses become resistances, while resistances and immunities become weaknesses.\n|rule|350 Cup Mod: If a Pokemon's BST is 350 or lower, all of its stats get doubled.\n|rule|Tier Shift Mod: Pok\u00e9mon get stat buffs depending on their tier, excluding HP.\n|rule|Blitz: Super-fast timer\n|rule|Flipped Mod: Pokemon have their stats flipped (HP becomes Spe, vice versa).\n|\n|t:|1685365719\n|start\n|switch|p1a: Grimmsnarl|Grimmsnarl, L82, M|233/233\n|switch|p2a: Galvantula|Galvantula, L82, F|311/311\n|turn|1\n|j| lightank\n|j| cxzasdfg\n|j| yiwanmadai\n|\n|t:|1685365724\n|-start|p1a: Grimmsnarl|Dynamax|\n|-heal|p1a: Grimmsnarl|466/466|[silent]\n|-start|p2a: Galvantula|Dynamax|\n|-heal|p2a: Galvantula|622/622|[silent]\n|move|p1a: Grimmsnarl|Max Starfall|p2a: Galvantula\n|-damage|p2a: Galvantula|522/622\n|-fieldstart|move: Misty Terrain\n|move|p2a: Galvantula|Max Lightning|p1a: Grimmsnarl\n|-damage|p1a: Grimmsnarl|376/466\n|-fieldstart|move: Electric Terrain\n|\n|upkeep\n|turn|2\n|inactive|Gust250634 has 10 seconds left.\n|\n|t:|1685365730\n|move|p1a: Grimmsnarl|Max Starfall|p2a: Galvantula\n|-damage|p2a: Galvantula|419/622\n|-fieldstart|move: Misty Terrain\n|move|p2a: Galvantula|Max Flutterby|p1a: Grimmsnarl\n|-damage|p1a: Grimmsnarl|292/466\n|-unboost|p1a: Grimmsnarl|spa|1\n|\n|upkeep\n|turn|3\n|j| cocakk\n|\n|t:|1685365733\n|move|p1a: Grimmsnarl|Max Starfall|p2a: Galvantula\n|-damage|p2a: Galvantula|322/622\n|move|p2a: Galvantula|Max Flutterby|p1a: Grimmsnarl\n|-damage|p1a: Grimmsnarl|207/466\n|-unboost|p1a: Grimmsnarl|spa|1\n|\n|upkeep\n|-end|p1a: Grimmsnarl|Dynamax\n|-heal|p1a: Grimmsnarl|104/233|[silent]\n|-end|p2a: Galvantula|Dynamax\n|-heal|p2a: Galvantula|161/311|[silent]\n|turn|4\n|\n|t:|1685365735\n|move|p1a: Grimmsnarl|Spirit Break|p2a: Galvantula\n|-damage|p2a: Galvantula|103/311\n|-unboost|p2a: Galvantula|spa|1\n|move|p2a: Galvantula|Thunder|p1a: Grimmsnarl\n|-damage|p1a: Grimmsnarl|53/233\n|\n|upkeep\n|turn|5\n|\n|t:|1685365738\n|move|p1a: Grimmsnarl|Spirit Break|p2a: Galvantula\n|-damage|p2a: Galvantula|49/311\n|-unboost|p2a: Galvantula|spa|1\n|move|p2a: Galvantula|Thunder|p1a: Grimmsnarl\n|-damage|p1a: Grimmsnarl|16/233\n|\n|upkeep\n|turn|6\n|\n|t:|1685365741\n|move|p1a: Grimmsnarl|Spirit Break|p2a: Galvantula\n|-damage|p2a: Galvantula|0 fnt\n|faint|p2a: Galvantula\n|\n|win|Gust250634\n|n|\u2606Gust250634|gust250634\n|n|\u2606woshinizufw|woshinizufw\n|n| lightank|lightank\n|n| cxzasdfg|cxzasdfg\n|n| yiwanmadai|yiwanmadai\n|n| cocakk|cocakk\n", "inputlog": ">version 6fec31d5a0d4498a06105aa188c9906bc0b6bf95\n>start {\"formatid\":\"gen8randombattle@@@max team size = 1,inverse mod,350 cup mod,tier shift mod,blitz,flipped mod\",\"seed\":[19271,64674,11679,1874],\"rated\":\"Tournament battle\"}\n>player p1 {\"name\":\"Gust250634\",\"avatar\":\"hiker-gen4\",\"rating\":0,\"seed\":[55664,22189,35702,1804]}\n>player p2 {\"name\":\"woshinizufw\",\"avatar\":\"sage\",\"rating\":0,\"seed\":[49447,28435,24289,4502]}\n>p1 move spiritbreak dynamax\n>p2 move thunder dynamax\n>p1 move spiritbreak dynamax\n>p2 move bugbuzz dynamax\n>p1 move spiritbreak dynamax\n>p2 move bugbuzz dynamax\n>p1 move spiritbreak\n>p2 move thunder\n>p1 move spiritbreak\n>p2 move thunder\n>p1 move spiritbreak\n>p2 move thunder", "uploadtime": 1685365743, "views": 3, "p1id": "gust250634", "p2id": "woshinizufw", "formatid": "gen8randombattle", "rating": 0, "private": 0, "password": ""}