{"id": "gen8randombattle-1871843377", "p1": "Lord Rekkuza", "p2": "XYZ15", "format": "[Gen 8] Random Battle", "log": "|j|\u2606Lord Rekkuza\n|j|\u2606XYZ15\n|t:|1685136747\n|gametype|singles\n|player|p1|Lord Rekkuza|lance-masters|\n|player|p2|XYZ15|rei|\n|teamsize|p1|6\n|teamsize|p2|6\n|gen|8\n|tier|[Gen 8] Random Battle\n|rule|Species Clause: Limit one of each Pok\u00e9mon\n|rule|HP Percentage Mod: HP is shown in percentages\n|rule|Sleep Clause Mod: Limit one foe put to sleep\n|\n|t:|1685136747\n|start\n|switch|p1a: Kyurem|Kyurem-Black, L73|303/303\n|switch|p2a: Toxapex|Toxapex, L82, M|216/216\n|-ability|p1a: Kyurem|Teravolt\n|turn|1\n|inactive|Battle timer is ON: inactive players will automatically lose when time's up. (requested by Lord Rekkuza)\n|c|\u2606Lord Rekkuza|gl\n|c|\u2606XYZ15|same\n|inactive|Lord Rekkuza has 270 seconds left.\n|\n|t:|1685136798\n|move|p1a: Kyurem|Dragon Dance|p1a: Kyurem\n|-boost|p1a: Kyurem|atk|1\n|-boost|p1a: Kyurem|spe|1\n|move|p2a: Toxapex|Toxic|p1a: Kyurem\n|-status|p1a: Kyurem|tox\n|\n|-damage|p1a: Kyurem|285/303 tox|[from] psn\n|upkeep\n|turn|2\n|\n|t:|1685136803\n|move|p2a: Toxapex|Baneful Bunker|p2a: Toxapex\n|-singleturn|p2a: Toxapex|move: Protect\n|move|p1a: Kyurem|Fusion Bolt|p2a: Toxapex\n|-activate|p2a: Toxapex|move: Protect\n|\n|-damage|p1a: Kyurem|249/303 tox|[from] psn\n|upkeep\n|turn|3\n|\n|t:|1685136810\n|switch|p2a: Dusknoir|Dusknoir, L86, M|218/218\n|-ability|p2a: Dusknoir|Pressure\n|move|p1a: Kyurem|Dragon Dance|p1a: Kyurem\n|-boost|p1a: Kyurem|atk|1\n|-boost|p1a: Kyurem|spe|1\n|\n|-damage|p1a: Kyurem|195/303 tox|[from] psn\n|upkeep\n|turn|4\n|\n|t:|1685136835\n|move|p1a: Kyurem|Outrage|p2a: Dusknoir\n|-damage|p2a: Dusknoir|0 fnt\n|faint|p2a: Dusknoir\n|\n|-damage|p1a: Kyurem|123/303 tox|[from] psn\n|upkeep\n|\n|t:|1685136843\n|switch|p2a: Mr. Mime|Mr. Mime, L86, M|209/209\n|turn|5\n|\n|t:|1685136847\n|move|p1a: Kyurem|Outrage|p2a: Mr. Mime|[from]lockedmove\n|-immune|p2a: Mr. Mime\n|move|p2a: Mr. Mime|Nasty Plot|p2a: Mr. Mime\n|-boost|p2a: Mr. Mime|spa|2\n|\n|-damage|p1a: Kyurem|33/303 tox|[from] psn\n|upkeep\n|turn|6\n|\n|t:|1685136867\n|move|p1a: Kyurem|Icicle Spear|p2a: Mr. Mime\n|-damage|p2a: Mr. Mime|127/209\n|-damage|p2a: Mr. Mime|52/209\n|-hitcount|p2a: Mr. Mime|2\n|move|p2a: Mr. Mime|Nasty Plot|p2a: Mr. Mime\n|-boost|p2a: Mr. Mime|spa|2\n|\n|-damage|p1a: Kyurem|0 fnt|[from] psn\n|faint|p1a: Kyurem\n|upkeep\n|c|\u2606Lord Rekkuza|Rip\n|c|\u2606XYZ15|sorry\n|inactive|Lord Rekkuza has 270 seconds left.\n|\n|t:|1685136899\n|switch|p1a: Raichu|Raichu, L86, M|243/243\n|turn|7\n|\n|t:|1685136918\n|-start|p2a: Mr. Mime|Dynamax|\n|-heal|p2a: Mr. Mime|104/418|[silent]\n|move|p1a: Raichu|Thunderbolt|p2a: Mr. Mime\n|-damage|p2a: Mr. Mime|9/418\n|-damage|p1a: Raichu|219/243|[from] item: Life Orb\n|move|p2a: Mr. Mime|Max Mindstorm|p1a: Raichu\n|-damage|p1a: Raichu|0 fnt\n|-fieldstart|move: Psychic Terrain\n|faint|p1a: Raichu\n|-damage|p2a: Mr. Mime|0 fnt|[from] item: Life Orb\n|faint|p2a: Mr. Mime\n|\n|upkeep\n|inactive|Lord Rekkuza has 270 seconds left.\n|inactive|Lord Rekkuza has 240 seconds left.\n|\n|t:|1685136962\n|switch|p1a: Reuniclus|Reuniclus, L84, M|322/322\n|switch|p2a: Froslass|Froslass, L84, F|255/255\n|turn|8\n|inactive|Lord Rekkuza has 240 seconds left.\n|\n|t:|1685136996\n|switch|p1a: Diancie|Diancie, L82|216/216\n|move|p2a: Froslass|Poltergeist|p1a: Diancie\n|-activate|p1a: Diancie|move: Poltergeist|Assault Vest\n|-damage|p1a: Diancie|149/216\n|\n|upkeep\n|turn|9\n|\n|t:|1685137005\n|switch|p2a: Copperajah|Copperajah, L84, F|342/342\n|move|p1a: Diancie|Diamond Storm|p2a: Copperajah\n|-resisted|p2a: Copperajah\n|-damage|p2a: Copperajah|283/342\n|\n|upkeep\n|turn|10\n|inactive|Lord Rekkuza has 210 seconds left.\n|\n|t:|1685137039\n|switch|p1a: Lurantis|Lurantis, L86, M|261/261\n|move|p2a: Copperajah|Iron Head|p1a: Lurantis\n|-damage|p1a: Lurantis|93/261\n|\n|-heal|p1a: Lurantis|109/261|[from] item: Leftovers\n|upkeep\n|turn|11\n|\n|t:|1685137058\n|move|p1a: Lurantis|Leaf Storm|p2a: Copperajah\n|-resisted|p2a: Copperajah\n|-damage|p2a: Copperajah|205/342\n|-boost|p1a: Lurantis|spa|2\n|move|p2a: Copperajah|Iron Head|p1a: Lurantis\n|-damage|p1a: Lurantis|0 fnt\n|faint|p1a: Lurantis\n|\n|-fieldend|move: Psychic Terrain\n|upkeep\n|\n|t:|1685137075\n|switch|p1a: Reuniclus|Reuniclus, L84, M|322/322\n|turn|12\n|\n|t:|1685137084\n|switch|p2a: Absol|Absol, L84, F|246/246\n|move|p1a: Reuniclus|Psychic|p2a: Absol\n|-immune|p2a: Absol\n|\n|upkeep\n|turn|13\n|inactive|Lord Rekkuza has 210 seconds left.\n|\n|t:|1685137102\n|move|p2a: Absol|Knock Off|p1a: Reuniclus\n|-supereffective|p1a: Reuniclus\n|-damage|p1a: Reuniclus|0 fnt\n|-enditem|p1a: Reuniclus|Life Orb|[from] move: Knock Off|[of] p2a: Absol\n|faint|p1a: Reuniclus\n|-damage|p2a: Absol|222/246|[from] item: Life Orb\n|\n|upkeep\n|\n|t:|1685137120\n|switch|p1a: Diancie|Diancie, L82|149/216\n|turn|14\n|\n|t:|1685137131\n|move|p2a: Absol|Play Rough|p1a: Diancie\n|-damage|p1a: Diancie|84/216\n|-damage|p2a: Absol|198/246|[from] item: Life Orb\n|move|p1a: Diancie|Moonblast|p2a: Absol\n|-supereffective|p2a: Absol\n|-damage|p2a: Absol|0 fnt\n|faint|p2a: Absol\n|\n|upkeep\n|\n|t:|1685137140\n|switch|p2a: Copperajah|Copperajah, L84, F|205/342\n|turn|15\n|inactive|Lord Rekkuza has 180 seconds left.\n|\n|t:|1685137182\n|move|p1a: Diancie|Body Press|p2a: Copperajah\n|-supereffective|p2a: Copperajah\n|-damage|p2a: Copperajah|19/342\n|move|p2a: Copperajah|Iron Head|p1a: Diancie\n|-supereffective|p1a: Diancie\n|-damage|p1a: Diancie|0 fnt\n|faint|p1a: Diancie\n|\n|upkeep\n|j| AndreyVGC\n|\n|t:|1685137204\n|switch|p1a: Zekrom|Zekrom, L69|252/252\n|-ability|p1a: Zekrom|Teravolt\n|turn|16\n|inactive|Lord Rekkuza has 150 seconds left.\n|\n|t:|1685137245\n|-start|p1a: Zekrom|Dynamax|\n|-heal|p1a: Zekrom|504/504|[silent]\n|move|p1a: Zekrom|Max Guard|p1a: Zekrom\n|-singleturn|p1a: Zekrom|Max Guard\n|move|p2a: Copperajah|Earthquake|p1a: Zekrom\n|-activate|p1a: Zekrom|move: Max Guard\n|\n|upkeep\n|turn|17\n|\n|t:|1685137252\n|move|p1a: Zekrom|Max Lightning|p2a: Copperajah\n|-damage|p2a: Copperajah|0 fnt\n|-fieldstart|move: Electric Terrain\n|faint|p2a: Copperajah\n|\n|upkeep\n|\n|t:|1685137262\n|switch|p2a: Toxapex|Toxapex, L82, M|216/216\n|turn|18\n|\n|t:|1685137268\n|move|p1a: Zekrom|Max Lightning|p2a: Toxapex\n|-supereffective|p2a: Toxapex\n|-damage|p2a: Toxapex|0 fnt\n|faint|p2a: Toxapex\n|\n|upkeep\n|\n|t:|1685137275\n|switch|p2a: Froslass|Froslass, L84, F|255/255\n|-end|p1a: Zekrom|Dynamax\n|-heal|p1a: Zekrom|252/252|[silent]\n|turn|19\n|inactive|Lord Rekkuza has 150 seconds left.\n|\n|t:|1685137308\n|move|p2a: Froslass|Triple Axel|p1a: Zekrom\n|-supereffective|p1a: Zekrom\n|-damage|p1a: Zekrom|214/252\n|-supereffective|p1a: Zekrom\n|-damage|p1a: Zekrom|146/252\n|-supereffective|p1a: Zekrom\n|-damage|p1a: Zekrom|48/252\n|-hitcount|p1a: Zekrom|3\n|move|p1a: Zekrom|Dragon Dance|p1a: Zekrom\n|-boost|p1a: Zekrom|atk|1\n|-boost|p1a: Zekrom|spe|1\n|\n|upkeep\n|turn|20\n|c|\u2606XYZ15|gg\n|c|\u2606Lord Rekkuza|Welp 85% chance\n|\n|t:|1685137326\n|move|p1a: Zekrom|Bolt Strike|p2a: Froslass\n|-damage|p2a: Froslass|0 fnt\n|faint|p2a: Froslass\n|\n|win|Lord Rekkuza\n|c|\u2606Lord Rekkuza|ggs\n", "inputlog": ">version 61c68e60481ef09071210320730fc448fef50368\n>start {\"formatid\":\"gen8randombattle\",\"seed\":[62558,57849,26984,6054]}\n>player p1 {\"name\":\"Lord Rekkuza\",\"avatar\":\"lance-masters\",\"rating\":0,\"seed\":[36111,17599,17139,64396]}\n>player p2 {\"name\":\"XYZ15\",\"avatar\":\"rei\",\"rating\":0,\"seed\":[51212,55835,51071,53769]}\n>chat \u2606Lord Rekkuza|gl\n>chat \u2606XYZ15|same\n>p1 move dragondance\n>p2 move toxic\n>p1 move fusionbolt\n>p2 move banefulbunker\n>p1 move dragondance\n>p2 switch 2\n>p1 move outrage\n>p2 move poltergeist\n>p2 switch 4\n>p1 move outrage\n>p2 move nastyplot\n>p1 move iciclespear\n>p2 move nastyplot\n>chat \u2606Lord Rekkuza|Rip\n>chat \u2606XYZ15|sorry\n>p1 switch 2\n>p1 move thunderbolt\n>p2 move psychic dynamax\n>p1 switch 3\n>p2 switch 5\n>p1 switch 6\n>p2 move poltergeist\n>p1 move diamondstorm\n>p2 switch 3\n>p1 switch 4\n>p2 move ironhead\n>p1 move leafstorm\n>p2 move ironhead\n>p1 switch 6\n>p1 move psychic\n>p2 switch 6\n>p1 move focusblast\n>p2 move knockoff\n>p1 switch 4\n>p1 move moonblast\n>p2 move playrough\n>p2 switch 6\n>p1 move bodypress\n>p2 move ironhead\n>p1 switch 5\n>p1 move dragondance dynamax\n>p2 move earthquake\n>p1 move boltstrike dynamax\n>p2 move earthquake\n>p2 switch 2\n>p1 move boltstrike dynamax\n>p2 move toxic\n>p2 switch 3\n>p1 move dragondance\n>p2 move tripleaxel\n>chat \u2606XYZ15|gg\n>chat \u2606Lord Rekkuza|Welp 85% chance\n>p1 move boltstrike\n>p2 move tripleaxel", "uploadtime": 1685137336, "views": 10, "p1id": "lordrekkuza", "p2id": "xyz15", "formatid": "gen8randombattle", "rating": 0, "private": 0, "password": ""}