{"id": "gen8randombattle-1861859064", "p1": "C_Gamer_YT", "p2": "manlykeamaan", "format": "[Gen 8] Random Battle", "log": "|j|\u2606C_Gamer_YT\n|j|\u2606manlykeamaan\n|t:|1683815582\n|gametype|singles\n|player|p1|C_Gamer_YT|unknown|1112\n|player|p2|manlykeamaan|1|1058\n|teamsize|p1|6\n|teamsize|p2|6\n|gen|8\n|tier|[Gen 8] Random Battle\n|rated|\n|rule|Species Clause: Limit one of each Pok\u00e9mon\n|rule|HP Percentage Mod: HP is shown in percentages\n|rule|Sleep Clause Mod: Limit one foe put to sleep\n|\n|t:|1683815582\n|start\n|switch|p1a: Xatu|Xatu, L89, F|260/260\n|switch|p2a: Emolga|Emolga, L88, M|240/240\n|turn|1\n|\n|t:|1683815594\n|switch|p2a: Dubwool|Dubwool, L86, M|264/264\n|switch|p1a: Solrock|Solrock, L88|302/302\n|\n|upkeep\n|turn|2\n|\n|t:|1683815604\n|move|p2a: Dubwool|Body Press|p1a: Solrock\n|-crit|p1a: Solrock\n|-damage|p1a: Solrock|217/302\n|move|p1a: Solrock|Stealth Rock|p2a: Dubwool\n|-sidestart|p2: manlykeamaan|move: Stealth Rock\n|\n|-heal|p1a: Solrock|235/302|[from] item: Leftovers\n|upkeep\n|turn|3\n|\n|t:|1683815616\n|move|p2a: Dubwool|Body Press|p1a: Solrock\n|-damage|p1a: Solrock|170/302\n|move|p1a: Solrock|Rock Slide|p2a: Dubwool\n|-damage|p2a: Dubwool|191/264\n|\n|-heal|p2a: Dubwool|207/264|[from] item: Leftovers\n|-heal|p1a: Solrock|188/302|[from] item: Leftovers\n|upkeep\n|turn|4\n|\n|t:|1683815632\n|move|p2a: Dubwool|Body Press|p1a: Solrock\n|-damage|p1a: Solrock|126/302\n|move|p1a: Solrock|Morning Sun|p1a: Solrock\n|-heal|p1a: Solrock|277/302\n|\n|-heal|p2a: Dubwool|223/264|[from] item: Leftovers\n|-heal|p1a: Solrock|295/302|[from] item: Leftovers\n|upkeep\n|turn|5\n|\n|t:|1683815645\n|move|p2a: Dubwool|Rest|p2a: Dubwool\n|-status|p2a: Dubwool|slp|[from] move: Rest\n|-heal|p2a: Dubwool|264/264 slp|[silent]\n|move|p1a: Solrock|Rock Slide|p2a: Dubwool\n|-damage|p2a: Dubwool|191/264 slp\n|\n|-heal|p2a: Dubwool|207/264 slp|[from] item: Leftovers\n|-heal|p1a: Solrock|302/302|[from] item: Leftovers\n|upkeep\n|turn|6\n|\n|t:|1683815656\n|cant|p2a: Dubwool|slp\n|move|p2a: Dubwool|Sleep Talk|p2a: Dubwool\n|move|p2a: Dubwool|Rest||[from]move: Sleep Talk|[still]\n|-fail|p2a: Dubwool\n|move|p1a: Solrock|Rock Slide|p2a: Dubwool\n|-damage|p2a: Dubwool|131/264 slp\n|\n|-heal|p2a: Dubwool|147/264 slp|[from] item: Leftovers\n|upkeep\n|turn|7\n|inactive|Battle timer is ON: inactive players will automatically lose when time's up. (requested by C_Gamer_YT)\n|\n|t:|1683815674\n|cant|p2a: Dubwool|slp\n|move|p1a: Solrock|Earthquake|p2a: Dubwool\n|-damage|p2a: Dubwool|73/264 slp\n|\n|-heal|p2a: Dubwool|89/264 slp|[from] item: Leftovers\n|upkeep\n|turn|8\n|\n|t:|1683815684\n|-curestatus|p2a: Dubwool|slp|[msg]\n|move|p2a: Dubwool|Body Press|p1a: Solrock\n|-damage|p1a: Solrock|241/302\n|move|p1a: Solrock|Rock Slide|p2a: Dubwool\n|-damage|p2a: Dubwool|14/264\n|\n|-heal|p2a: Dubwool|30/264|[from] item: Leftovers\n|-heal|p1a: Solrock|259/302|[from] item: Leftovers\n|upkeep\n|turn|9\n|\n|t:|1683815697\n|move|p2a: Dubwool|Body Press|p1a: Solrock\n|-damage|p1a: Solrock|195/302\n|move|p1a: Solrock|Rock Slide|p2a: Dubwool\n|-damage|p2a: Dubwool|0 fnt\n|faint|p2a: Dubwool\n|\n|-heal|p1a: Solrock|213/302|[from] item: Leftovers\n|upkeep\n|\n|t:|1683815710\n|switch|p2a: Kyurem|Kyurem, L80|331/331\n|-damage|p2a: Kyurem|249/331|[from] Stealth Rock\n|-ability|p2a: Kyurem|Pressure\n|turn|10\n|\n|t:|1683815724\n|-start|p2a: Kyurem|Dynamax|\n|-heal|p2a: Kyurem|498/662|[silent]\n|move|p2a: Kyurem|Max Hailstorm|p1a: Solrock\n|-damage|p1a: Solrock|30/302\n|-weather|Hail\n|move|p1a: Solrock|Earthquake|p2a: Kyurem\n|-damage|p2a: Kyurem|420/662\n|\n|-weather|Hail|[upkeep]\n|-damage|p1a: Solrock|12/302|[from] Hail\n|-heal|p2a: Kyurem|440/662|[from] item: Leftovers\n|-heal|p1a: Solrock|30/302|[from] item: Leftovers\n|upkeep\n|turn|11\n|\n|t:|1683815739\n|move|p2a: Kyurem|Max Hailstorm|p1a: Solrock\n|-damage|p1a: Solrock|0 fnt\n|faint|p1a: Solrock\n|\n|-weather|Hail|[upkeep]\n|-heal|p2a: Kyurem|460/662|[from] item: Leftovers\n|upkeep\n|\n|t:|1683815747\n|switch|p1a: Xatu|Xatu, L89, F|260/260\n|turn|12\n|\n|t:|1683815752\n|move|p1a: Xatu|Roost||[still]\n|-fail|p1a: Xatu|heal\n|move|p2a: Kyurem|Max Hailstorm|p1a: Xatu\n|-supereffective|p1a: Xatu\n|-damage|p1a: Xatu|0 fnt\n|faint|p1a: Xatu\n|\n|-weather|Hail|[upkeep]\n|-heal|p2a: Kyurem|480/662|[from] item: Leftovers\n|upkeep\n|\n|t:|1683815760\n|switch|p1a: Klefki|Klefki, L82, M|228/228\n|-end|p2a: Kyurem|Dynamax\n|-heal|p2a: Kyurem|240/331|[silent]\n|turn|13\n|\n|t:|1683815765\n|move|p1a: Klefki|Thunder Wave|p2a: Kyurem\n|-status|p2a: Kyurem|par\n|move|p2a: Kyurem|Roost|p2a: Kyurem\n|-heal|p2a: Kyurem|331/331 par\n|-singleturn|p2a: Kyurem|move: Roost\n|\n|-weather|Hail|[upkeep]\n|-damage|p1a: Klefki|214/228|[from] Hail\n|-heal|p1a: Klefki|228/228|[from] item: Leftovers\n|upkeep\n|turn|14\n|\n|t:|1683815779\n|move|p1a: Klefki|Spikes|p2a: Kyurem\n|-sidestart|p2: manlykeamaan|Spikes\n|cant|p2a: Kyurem|par\n|\n|-weather|none\n|upkeep\n|turn|15\n|\n|t:|1683815788\n|move|p1a: Klefki|Spikes|p2a: Kyurem\n|-sidestart|p2: manlykeamaan|Spikes\n|move|p2a: Kyurem|Earth Power|p1a: Klefki\n|-supereffective|p1a: Klefki\n|-damage|p1a: Klefki|70/228\n|\n|-heal|p1a: Klefki|84/228|[from] item: Leftovers\n|upkeep\n|turn|16\n|\n|t:|1683815798\n|move|p1a: Klefki|Play Rough|p2a: Kyurem\n|-supereffective|p2a: Kyurem\n|-damage|p2a: Kyurem|181/331 par\n|cant|p2a: Kyurem|par\n|\n|-heal|p1a: Klefki|98/228|[from] item: Leftovers\n|-heal|p2a: Kyurem|201/331 par|[from] item: Leftovers\n|upkeep\n|turn|17\n|\n|t:|1683815810\n|move|p1a: Klefki|Play Rough|p2a: Kyurem\n|-supereffective|p2a: Kyurem\n|-damage|p2a: Kyurem|27/331 par\n|move|p2a: Kyurem|Ice Beam|p1a: Klefki\n|-resisted|p1a: Klefki\n|-damage|p1a: Klefki|41/228\n|\n|-heal|p1a: Klefki|55/228|[from] item: Leftovers\n|-heal|p2a: Kyurem|47/331 par|[from] item: Leftovers\n|upkeep\n|turn|18\n|\n|t:|1683815821\n|move|p1a: Klefki|Spikes|p2a: Kyurem\n|-sidestart|p2: manlykeamaan|Spikes\n|move|p2a: Kyurem|Earth Power|p1a: Klefki\n|-supereffective|p1a: Klefki\n|-damage|p1a: Klefki|0 fnt\n|faint|p1a: Klefki\n|\n|-heal|p2a: Kyurem|67/331 par|[from] item: Leftovers\n|upkeep\n|\n|t:|1683815824\n|switch|p1a: Machamp|Machamp, L82, F|282/282\n|turn|19\n|\n|t:|1683815841\n|move|p1a: Machamp|Bullet Punch|p2a: Kyurem\n|-supereffective|p2a: Kyurem\n|-damage|p2a: Kyurem|0 fnt\n|faint|p2a: Kyurem\n|\n|-status|p1a: Machamp|brn|[from] item: Flame Orb\n|upkeep\n|\n|t:|1683815851\n|switch|p2a: Emolga|Emolga, L88, M|240/240\n|turn|20\n|\n|t:|1683815858\n|move|p2a: Emolga|Thunderbolt|p1a: Machamp\n|-damage|p1a: Machamp|189/282 brn\n|move|p1a: Machamp|Facade|p2a: Emolga\n|-damage|p2a: Emolga|8/240\n|\n|-damage|p1a: Machamp|172/282 brn|[from] brn\n|upkeep\n|turn|21\n|\n|t:|1683815868\n|move|p1a: Machamp|Bullet Punch|p2a: Emolga\n|-resisted|p2a: Emolga\n|-damage|p2a: Emolga|0 fnt\n|faint|p2a: Emolga\n|\n|-damage|p1a: Machamp|155/282 brn|[from] brn\n|upkeep\n|\n|t:|1683815878\n|switch|p2a: Nihilego|Nihilego, L79|302/302\n|-damage|p2a: Nihilego|265/302|[from] Stealth Rock\n|-damage|p2a: Nihilego|190/302|[from] Spikes\n|turn|22\n|\n|t:|1683815886\n|move|p1a: Machamp|Bullet Punch|p2a: Nihilego\n|-supereffective|p2a: Nihilego\n|-damage|p2a: Nihilego|38/302\n|move|p2a: Nihilego|Thunderbolt|p1a: Machamp\n|-damage|p1a: Machamp|79/282 brn\n|\n|-heal|p2a: Nihilego|56/302|[from] item: Black Sludge\n|-damage|p1a: Machamp|62/282 brn|[from] brn\n|upkeep\n|turn|23\n|\n|t:|1683815899\n|move|p1a: Machamp|Bullet Punch|p2a: Nihilego\n|-supereffective|p2a: Nihilego\n|-damage|p2a: Nihilego|0 fnt\n|faint|p2a: Nihilego\n|\n|-damage|p1a: Machamp|45/282 brn|[from] brn\n|upkeep\n|\n|t:|1683815907\n|switch|p2a: Heatran|Heatran, L78, F|270/270\n|-damage|p2a: Heatran|237/270|[from] Stealth Rock\n|-item|p2a: Heatran|Air Balloon\n|turn|24\n|\n|t:|1683815914\n|move|p2a: Heatran|Lava Plume|p1a: Machamp\n|-damage|p1a: Machamp|0 fnt\n|faint|p1a: Machamp\n|\n|upkeep\n|\n|t:|1683815923\n|switch|p1a: Salamence|Salamence, L76, F|269/269\n|turn|25\n|\n|t:|1683815928\n|move|p1a: Salamence|Dual Wingbeat|p2a: Heatran\n|-resisted|p2a: Heatran\n|-damage|p2a: Heatran|217/270\n|-enditem|p2a: Heatran|Air Balloon\n|-resisted|p2a: Heatran\n|-damage|p2a: Heatran|196/270\n|-hitcount|p2a: Heatran|2\n|move|p2a: Heatran|Lava Plume|p1a: Salamence\n|-resisted|p1a: Salamence\n|-damage|p1a: Salamence|215/269\n|\n|upkeep\n|turn|26\n|\n|t:|1683815939\n|move|p1a: Salamence|Earthquake|p2a: Heatran\n|-supereffective|p2a: Heatran\n|-damage|p2a: Heatran|0 fnt\n|faint|p2a: Heatran\n|-ability|p1a: Salamence|Moxie|boost\n|-boost|p1a: Salamence|atk|1\n|\n|upkeep\n|\n|t:|1683815946\n|switch|p2a: Tornadus|Tornadus, L80, M|258/258\n|-damage|p2a: Tornadus|194/258|[from] Stealth Rock\n|turn|27\n|\n|t:|1683815954\n|move|p2a: Tornadus|Hurricane|p1a: Salamence|[miss]\n|-miss|p2a: Tornadus|p1a: Salamence\n|move|p1a: Salamence|Outrage|p2a: Tornadus\n|-damage|p2a: Tornadus|0 fnt\n|faint|p2a: Tornadus\n|\n|win|C_Gamer_YT\n|raw|C_Gamer_YT's rating: 1112 &rarr; <strong>1133</strong><br />(+21 for winning)\n|raw|manlykeamaan's rating: 1058 &rarr; <strong>1042</strong><br />(-16 for losing)\n|l|\u2606manlykeamaan\n", "inputlog": ">version bce759c5f189753f4322d11c9e5aa78bbe1b1bf9\n>start {\"formatid\":\"gen8randombattle\",\"seed\":[36382,43755,41768,19974],\"rated\":\"Rated battle\"}\n>player p1 {\"name\":\"C_Gamer_YT\",\"avatar\":\"unknown\",\"rating\":1112,\"seed\":[49515,6558,43088,51647]}\n>player p2 {\"name\":\"manlykeamaan\",\"avatar\":\"1\",\"rating\":1058,\"seed\":[34292,63954,20267,62111]}\n>p1 switch 3\n>p2 switch 6\n>p1 move stealthrock\n>p2 move bodypress\n>p1 move rockslide\n>p2 move bodypress\n>p1 move morningsun\n>p2 move bodypress\n>p1 move rockslide\n>p2 move rest\n>p1 move rockslide\n>p2 move sleeptalk\n>p1 move earthquake\n>p2 move bodypress\n>p1 move rockslide\n>p2 move bodypress\n>p1 move rockslide\n>p2 move bodypress\n>p2 switch 4\n>p1 move earthquake\n>p2 move icebeam dynamax\n>p1 move rockslide\n>p2 move icebeam dynamax\n>p1 switch 3\n>p1 move roost\n>p2 move icebeam dynamax\n>p1 switch 5\n>p1 move thunderwave\n>p2 move roost\n>p1 move spikes\n>p2 move icebeam\n>p1 move spikes\n>p2 move earthpower\n>p1 move playrough\n>p2 move earthpower\n>p1 move playrough\n>p2 move icebeam\n>p1 move spikes\n>p2 move earthpower\n>p1 switch 6\n>p1 move bulletpunch\n>p2 move roost\n>p2 switch 6\n>p1 move facade\n>p2 move thunderbolt\n>p1 move bulletpunch\n>p2 move airslash\n>p2 switch 2\n>p1 move bulletpunch\n>p2 move thunderbolt\n>p1 move bulletpunch\n>p2 move thunderbolt\n>p2 switch 5\n>p1 move closecombat\n>p2 move lavaplume\n>p1 switch 4\n>p1 move dualwingbeat\n>p2 move lavaplume\n>p1 move earthquake\n>p2 move earthpower\n>p2 switch 3\n>p1 move outrage\n>p2 move hurricane", "uploadtime": 1683815972, "views": 5, "p1id": "cgameryt", "p2id": "manlykeamaan", "formatid": "gen8randombattle", "rating": 1042, "private": 0, "password": ""}