{"id": "gen8randombattle-1872046994", "p1": "raiden_5x", "p2": "dwings1235", "format": "[Gen 8] Random Battle", "log": "|j|\u2606raiden_5x\n|j|\u2606dwings1235\n|t:|1685167676\n|gametype|singles\n|player|p1|raiden_5x|2|1043\n|player|p2|dwings1235|galacticgrunt|1199\n|teamsize|p1|6\n|teamsize|p2|6\n|gen|8\n|tier|[Gen 8] Random Battle\n|rated|\n|rule|Species Clause: Limit one of each Pok\u00e9mon\n|rule|HP Percentage Mod: HP is shown in percentages\n|rule|Sleep Clause Mod: Limit one foe put to sleep\n|\n|t:|1685167676\n|start\n|switch|p1a: Glastrier|Glastrier, L82|298/298\n|switch|p2a: Whimsicott|Whimsicott, L84, M|238/238\n|turn|1\n|inactive|Battle timer is ON: inactive players will automatically lose when time's up. (requested by dwings1235)\n|\n|t:|1685167683\n|move|p2a: Whimsicott|Stun Spore|p1a: Glastrier\n|-status|p1a: Glastrier|par\n|move|p1a: Glastrier|Icicle Crash|p2a: Whimsicott\n|-supereffective|p2a: Whimsicott\n|-crit|p2a: Whimsicott\n|-damage|p2a: Whimsicott|0 fnt\n|faint|p2a: Whimsicott\n|-ability|p1a: Glastrier|Chilling Neigh|boost\n|-boost|p1a: Glastrier|atk|1\n|\n|upkeep\n|inactive|dwings1235 has 120 seconds left.\n|\n|t:|1685167726\n|switch|p2a: Buzzwole|Buzzwole, L77|291/291\n|turn|2\n|\n|t:|1685167731\n|move|p2a: Buzzwole|Stone Edge|p1a: Glastrier\n|-supereffective|p1a: Glastrier\n|-crit|p1a: Glastrier\n|-damage|p1a: Glastrier|8/298 par\n|cant|p1a: Glastrier|par\n|\n|upkeep\n|turn|3\n|inactive|dwings1235 has 120 seconds left.\n|\n|t:|1685167741\n|move|p2a: Buzzwole|Stone Edge|p1a: Glastrier\n|-supereffective|p1a: Glastrier\n|-damage|p1a: Glastrier|0 fnt\n|faint|p1a: Glastrier\n|-ability|p2a: Buzzwole|Beast Boost|boost\n|-boost|p2a: Buzzwole|atk|1\n|\n|upkeep\n|inactive|raiden_5x has 120 seconds left.\n|\n|t:|1685167767\n|switch|p1a: Dedenne|Dedenne, L87, M|258/258\n|turn|4\n|inactive|dwings1235 has 120 seconds left.\n|\n|t:|1685167782\n|move|p1a: Dedenne|Toxic|p2a: Buzzwole\n|-status|p2a: Buzzwole|tox\n|move|p2a: Buzzwole|Stone Edge|p1a: Dedenne\n|-crit|p1a: Dedenne\n|-damage|p1a: Dedenne|0 fnt\n|faint|p1a: Dedenne\n|-ability|p2a: Buzzwole|Beast Boost|boost\n|-boost|p2a: Buzzwole|atk|1\n|\n|-damage|p2a: Buzzwole|273/291 tox|[from] psn\n|upkeep\n|\n|t:|1685167792\n|switch|p1a: Zarude|Zarude-Dada, L78|292/292\n|turn|5\n|inactive|dwings1235 has 120 seconds left.\n|\n|t:|1685167811\n|-start|p2a: Buzzwole|Dynamax|\n|-heal|p2a: Buzzwole|546/582 tox|[silent]\n|move|p1a: Zarude|Darkest Lariat|p2a: Buzzwole\n|-resisted|p2a: Buzzwole\n|-damage|p2a: Buzzwole|510/582 tox\n|move|p2a: Buzzwole|Max Airstream|p1a: Zarude\n|-supereffective|p1a: Zarude\n|-damage|p1a: Zarude|0 fnt\n|-boost|p2a: Buzzwole|spe|1\n|faint|p1a: Zarude\n|-ability|p2a: Buzzwole|Beast Boost|boost\n|-boost|p2a: Buzzwole|atk|1\n|\n|-damage|p2a: Buzzwole|474/582 tox|[from] psn\n|upkeep\n|inactive|raiden_5x has 120 seconds left.\n|\n|t:|1685167827\n|switch|p1a: Shuckle|Shuckle, L87, M|177/177\n|turn|6\n|inactive|raiden_5x has 120 seconds left.\n|\n|t:|1685167844\n|move|p2a: Buzzwole|Max Rockfall|p1a: Shuckle\n|-supereffective|p1a: Shuckle\n|-ability|p1a: Shuckle|Sturdy\n|-damage|p1a: Shuckle|1/177\n|-weather|Sandstorm\n|move|p1a: Shuckle|Knock Off|p2a: Buzzwole\n|-resisted|p2a: Buzzwole\n|-damage|p2a: Buzzwole|466/582 tox\n|-enditem|p2a: Buzzwole|Choice Band|[from] move: Knock Off|[of] p1a: Shuckle\n|\n|-weather|Sandstorm|[upkeep]\n|-damage|p2a: Buzzwole|448/582 tox|[from] Sandstorm\n|-damage|p2a: Buzzwole|394/582 tox|[from] psn\n|upkeep\n|turn|7\n|inactive|dwings1235 has 120 seconds left.\n|inactive|dwings1235 has 90 seconds left.\n|inactive|dwings1235 has 60 seconds left.\n|inactive|dwings1235 has 30 seconds left.\n|inactive|dwings1235 has 20 seconds left.\n|inactive|dwings1235 has 15 seconds left.\n|inactive|dwings1235 has 10 seconds left.\n|inactive|dwings1235 has 5 seconds left.\n|-message|dwings1235 lost due to inactivity.\n|\n|win|raiden_5x\n|raw|raiden_5x's rating: 1043 &rarr; <strong>1091</strong><br />(+48 for winning)\n|raw|dwings1235's rating: 1199 &rarr; <strong>1163</strong><br />(-36 for losing)\n|l|\u2606raiden_5x\n", "inputlog": ">version d74822bbc74c095aa312053f7034baee3068d99e\n>start {\"formatid\":\"gen8randombattle\",\"seed\":[54733,22368,27732,29601],\"rated\":\"Rated battle\"}\n>player p1 {\"name\":\"raiden_5x\",\"avatar\":\"2\",\"rating\":1043,\"seed\":[40356,3673,39132,42960]}\n>player p2 {\"name\":\"dwings1235\",\"avatar\":\"galacticgrunt\",\"rating\":1199,\"seed\":[2115,59983,50296,51783]}\n>p1 move iciclecrash\n>p2 move stunspore\n>p2 switch 4\n>p1 move iciclecrash\n>p2 move stoneedge\n>p1 move iciclecrash\n>p2 move stoneedge\n>p1 switch 3\n>p1 move toxic\n>p2 move stoneedge\n>p1 switch 5\n>p1 move darkestlariat\n>p2 move dualwingbeat dynamax\n>p1 switch 4\n>p1 move knockoff\n>p2 move stoneedge dynamax\n>forcelose p2", "uploadtime": 1685168018, "views": 6, "p1id": "raiden5x", "p2id": "dwings1235", "formatid": "gen8randombattle", "rating": 1091, "private": 0, "password": ""}