{"id": "gen8randombattle-1862107885", "p1": "lauda Mera", "p2": "Hhoottddoogg", "format": "[Gen 8] Random Battle", "log": "|j|\u2606lauda Mera\n|j|\u2606Hhoottddoogg\n|t:|1683837764\n|gametype|singles\n|player|p1|lauda Mera|hilbert-wonderlauncher|1484\n|player|p2|Hhoottddoogg|170|1442\n|teamsize|p1|6\n|teamsize|p2|6\n|gen|8\n|tier|[Gen 8] Random Battle\n|rated|\n|rule|Species Clause: Limit one of each Pok\u00e9mon\n|rule|HP Percentage Mod: HP is shown in percentages\n|rule|Sleep Clause Mod: Limit one foe put to sleep\n|\n|t:|1683837764\n|start\n|switch|p1a: Moltres|Moltres, L80|275/275\n|switch|p2a: Guzzlord|Guzzlord, L84|512/512\n|turn|1\n|inactive|Battle timer is ON: inactive players will automatically lose when time's up. (requested by lauda Mera)\n|\n|t:|1683837770\n|move|p1a: Moltres|U-turn|p2a: Guzzlord\n|-supereffective|p2a: Guzzlord\n|-damage|p2a: Guzzlord|388/512\n|\n|t:|1683837774\n|switch|p1a: Hatterene|Hatterene, L86, F|238/238|[from] U-turn\n|move|p2a: Guzzlord|Knock Off|p1a: Hatterene\n|-damage|p1a: Hatterene|142/238\n|-enditem|p1a: Hatterene|Life Orb|[from] move: Knock Off|[of] p2a: Guzzlord\n|\n|upkeep\n|turn|2\n|\n|t:|1683837787\n|move|p2a: Guzzlord|Sludge Bomb|p1a: Hatterene\n|-supereffective|p1a: Hatterene\n|-damage|p1a: Hatterene|38/238\n|move|p1a: Hatterene|Trick Room|p1a: Hatterene\n|-fieldstart|move: Trick Room|[of] p1a: Hatterene\n|\n|upkeep\n|turn|3\n|\n|t:|1683837799\n|move|p1a: Hatterene|Dazzling Gleam|p2a: Guzzlord\n|-supereffective|p2a: Guzzlord\n|-damage|p2a: Guzzlord|0 fnt\n|faint|p2a: Guzzlord\n|\n|upkeep\n|\n|t:|1683837815\n|switch|p2a: Alcremie|Alcremie, L86, F|252/252\n|turn|4\n|\n|t:|1683837826\n|move|p1a: Hatterene|Dazzling Gleam|p2a: Alcremie\n|-damage|p2a: Alcremie|165/252\n|move|p2a: Alcremie|Recover|p2a: Alcremie\n|-heal|p2a: Alcremie|252/252\n|\n|upkeep\n|turn|5\n|\n|t:|1683837838\n|move|p1a: Hatterene|Psychic|p2a: Alcremie\n|-damage|p2a: Alcremie|156/252\n|move|p2a: Alcremie|Calm Mind|p2a: Alcremie\n|-boost|p2a: Alcremie|spa|1\n|-boost|p2a: Alcremie|spd|1\n|\n|-heal|p2a: Alcremie|171/252|[from] item: Leftovers\n|upkeep\n|turn|6\n|\n|t:|1683837849\n|move|p1a: Hatterene|Psychic|p2a: Alcremie\n|-damage|p2a: Alcremie|105/252\n|move|p2a: Alcremie|Recover|p2a: Alcremie\n|-heal|p2a: Alcremie|231/252\n|\n|-heal|p2a: Alcremie|246/252|[from] item: Leftovers\n|-fieldend|move: Trick Room\n|upkeep\n|turn|7\n|\n|t:|1683837855\n|switch|p1a: Cinderace|Cinderace, L74, M|239/239\n|move|p2a: Alcremie|Calm Mind|p2a: Alcremie\n|-boost|p2a: Alcremie|spa|1\n|-boost|p2a: Alcremie|spd|1\n|\n|-heal|p2a: Alcremie|252/252|[from] item: Leftovers\n|upkeep\n|turn|8\n|\n|t:|1683837860\n|move|p1a: Cinderace|Pyro Ball|p2a: Alcremie\n|-damage|p2a: Alcremie|79/252\n|-damage|p1a: Cinderace|216/239|[from] item: Life Orb\n|move|p2a: Alcremie|Dazzling Gleam|p1a: Cinderace\n|-resisted|p1a: Cinderace\n|-damage|p1a: Cinderace|98/239\n|\n|-heal|p2a: Alcremie|94/252|[from] item: Leftovers\n|upkeep\n|turn|9\n|\n|t:|1683837869\n|move|p1a: Cinderace|Pyro Ball|p2a: Alcremie\n|-damage|p2a: Alcremie|0 fnt\n|faint|p2a: Alcremie\n|-damage|p1a: Cinderace|75/239|[from] item: Life Orb\n|\n|upkeep\n|\n|t:|1683837881\n|switch|p2a: Pelipper|Pelipper, L86, F|243/243\n|-weather|RainDance|[from] ability: Drizzle|[of] p2a: Pelipper\n|turn|10\n|\n|t:|1683837895\n|switch|p1a: Hatterene|Hatterene, L86, F|38/238\n|move|p2a: Pelipper|Hurricane|p1a: Hatterene\n|-damage|p1a: Hatterene|0 fnt\n|faint|p1a: Hatterene\n|\n|-weather|RainDance|[upkeep]\n|upkeep\n|\n|t:|1683837906\n|switch|p1a: Sigilyph|Sigilyph, L83, F|255/255\n|turn|11\n|\n|t:|1683837916\n|move|p1a: Sigilyph|Psychic|p2a: Pelipper\n|-damage|p2a: Pelipper|101/243\n|-unboost|p2a: Pelipper|spd|1\n|move|p2a: Pelipper|Hurricane|p1a: Sigilyph\n|-damage|p1a: Sigilyph|116/255\n|\n|-weather|RainDance|[upkeep]\n|upkeep\n|turn|12\n|\n|t:|1683837921\n|move|p1a: Sigilyph|Psychic|p2a: Pelipper\n|-damage|p2a: Pelipper|0 fnt\n|faint|p2a: Pelipper\n|\n|-weather|RainDance|[upkeep]\n|upkeep\n|\n|t:|1683837929\n|switch|p2a: Malamar|Malamar, L80, M|269/269\n|turn|13\n|\n|t:|1683837936\n|move|p1a: Sigilyph|Air Slash|p2a: Malamar\n|-damage|p2a: Malamar|151/269\n|move|p2a: Malamar|Knock Off|p1a: Sigilyph\n|-supereffective|p1a: Sigilyph\n|-damage|p1a: Sigilyph|0 fnt\n|-enditem|p1a: Sigilyph|Life Orb|[from] move: Knock Off|[of] p2a: Malamar\n|faint|p1a: Sigilyph\n|\n|-weather|RainDance|[upkeep]\n|-heal|p2a: Malamar|167/269|[from] item: Leftovers\n|upkeep\n|\n|t:|1683837939\n|switch|p1a: Moltres|Moltres, L80|275/275\n|turn|14\n|\n|t:|1683837955\n|switch|p2a: Talonflame|Talonflame, L81, F|259/259\n|move|p1a: Moltres|U-turn|p2a: Talonflame\n|-resisted|p2a: Talonflame\n|-damage|p2a: Talonflame|246/259\n|\n|t:|1683837959\n|switch|p1a: Suicune|Suicune, L80|291/291|[from] U-turn\n|-ability|p1a: Suicune|Pressure\n|\n|-weather|none\n|upkeep\n|turn|15\n|\n|t:|1683837981\n|switch|p2a: Malamar|Malamar, L80, M|167/269\n|move|p1a: Suicune|Calm Mind|p1a: Suicune\n|-boost|p1a: Suicune|spa|1\n|-boost|p1a: Suicune|spd|1\n|\n|-heal|p2a: Malamar|183/269|[from] item: Leftovers\n|upkeep\n|turn|16\n|\n|t:|1683837988\n|move|p1a: Suicune|Scald|p2a: Malamar\n|-damage|p2a: Malamar|54/269\n|move|p2a: Malamar|Knock Off|p1a: Suicune\n|-damage|p1a: Suicune|212/291\n|-enditem|p1a: Suicune|Leftovers|[from] move: Knock Off|[of] p2a: Malamar\n|\n|-heal|p2a: Malamar|70/269|[from] item: Leftovers\n|upkeep\n|turn|17\n|\n|t:|1683837992\n|move|p1a: Suicune|Scald|p2a: Malamar\n|-damage|p2a: Malamar|0 fnt\n|faint|p2a: Malamar\n|\n|upkeep\n|\n|t:|1683837995\n|switch|p2a: Mr. Mime|Mr. Mime, L86, M|209/209\n|turn|18\n|inactive|lauda Mera has 120 seconds left.\n|\n|t:|1683838028\n|-start|p2a: Mr. Mime|Dynamax|\n|-heal|p2a: Mr. Mime|418/418|[silent]\n|move|p2a: Mr. Mime|Max Mindstorm|p1a: Suicune\n|-damage|p1a: Suicune|98/291\n|-fieldstart|move: Psychic Terrain\n|-damage|p2a: Mr. Mime|398/418|[from] item: Life Orb\n|move|p1a: Suicune|Scald|p2a: Mr. Mime\n|-damage|p2a: Mr. Mime|319/418\n|\n|upkeep\n|turn|19\n|\n|t:|1683838046\n|move|p2a: Mr. Mime|Max Mindstorm|p1a: Suicune\n|-damage|p1a: Suicune|0 fnt\n|faint|p1a: Suicune\n|-damage|p2a: Mr. Mime|299/418|[from] item: Life Orb\n|\n|upkeep\n|\n|t:|1683838056\n|switch|p1a: Cinderace|Cinderace, L74, M|75/239\n|turn|20\n|inactive|Hhoottddoogg has 120 seconds left.\n|\n|t:|1683838112\n|move|p1a: Cinderace|Pyro Ball|p2a: Mr. Mime\n|-damage|p2a: Mr. Mime|108/418\n|-damage|p1a: Cinderace|52/239|[from] item: Life Orb\n|move|p2a: Mr. Mime|Max Mindstorm|p1a: Cinderace\n|-damage|p1a: Cinderace|0 fnt\n|faint|p1a: Cinderace\n|-damage|p2a: Mr. Mime|88/418|[from] item: Life Orb\n|\n|upkeep\n|l|\u2606Hhoottddoogg\n|inactive|Hhoottddoogg disconnected and has a minute to reconnect!\n|player|p2|\n|inactive|lauda Mera has 120 seconds left.\n|\n|t:|1683838139\n|switch|p1a: Lilligant|Lilligant, L84, F|255/255\n|-end|p2a: Mr. Mime|Dynamax\n|-heal|p2a: Mr. Mime|44/209|[silent]\n|turn|21\n|inactive|Hhoottddoogg has 30 seconds to reconnect!\n|inactive|Hhoottddoogg has 20 seconds to reconnect!\n|inactive|Hhoottddoogg has 15 seconds to reconnect!\n|inactive|Hhoottddoogg has 10 seconds to reconnect!\n|inactive|Hhoottddoogg has 5 seconds to reconnect!\n|-message|Hhoottddoogg lost due to inactivity.\n|\n|win|lauda Mera\n|raw|lauda Mera's rating: 1471 &rarr; <strong>1489</strong><br />(+18 for winning)\n|raw|Hhoottddoogg's rating: 1442 &rarr; <strong>1424</strong><br />(-18 for losing)\n", "inputlog": ">version bce759c5f189753f4322d11c9e5aa78bbe1b1bf9\n>start {\"formatid\":\"gen8randombattle\",\"seed\":[8188,62232,22347,56176],\"rated\":\"Rated battle\"}\n>player p1 {\"name\":\"lauda Mera\",\"avatar\":\"hilbert-wonderlauncher\",\"rating\":1484,\"seed\":[17562,25871,59530,12425]}\n>player p2 {\"name\":\"Hhoottddoogg\",\"avatar\":\"170\",\"rating\":1442,\"seed\":[25861,7692,17016,32636]}\n>p1 move uturn\n>p2 move knockoff\n>p1 switch 5\n>p1 move trickroom\n>p2 move sludgebomb\n>p1 move dazzlinggleam\n>p2 move sludgebomb\n>p2 switch 5\n>p1 move dazzlinggleam\n>p2 move recover\n>p1 move psychic\n>p2 move calmmind\n>p1 move psychic\n>p2 move recover\n>p1 switch 4\n>p2 move calmmind\n>p1 move pyroball\n>p2 move dazzlinggleam\n>p1 move pyroball\n>p2 move dazzlinggleam\n>p2 switch 6\n>p1 switch 4\n>p2 move hurricane\n>p1 switch 3\n>p1 move psychic\n>p2 move hurricane\n>p1 move psychic\n>p2 move hurricane\n>p2 switch 2\n>p1 move airslash\n>p2 move knockoff\n>p1 switch 5\n>p1 move uturn\n>p2 switch 4\n>p1 switch 6\n>p1 move calmmind\n>p2 switch 4\n>p1 move scald\n>p2 move knockoff\n>p1 move scald\n>p2 move rest\n>p2 switch 3\n>p1 move scald\n>p2 move psychic dynamax\n>p1 move scald\n>p2 move psychic dynamax\n>p1 switch 4\n>p1 move pyroball\n>p2 move psychic dynamax\n>p1 switch 2\n>forcelose p2", "uploadtime": 1683838221, "views": 7, "p1id": "laudamera", "p2id": "hhoottddoogg", "formatid": "gen8randombattle", "rating": 1424, "private": 0, "password": ""}