{"id": "gen8randombattle-1872614889", "p1": "uchiha jeson", "p2": "ElizaTezuna", "format": "[Gen 8] Random Battle", "log": "|j|\u2606uchiha jeson\n|j|\u2606ElizaTezuna\n|t:|1685253258\n|gametype|singles\n|player|p1|uchiha jeson|2|1126\n|player|p2|ElizaTezuna|pokemonrangerf-gen4|1120\n|teamsize|p1|6\n|teamsize|p2|6\n|gen|8\n|tier|[Gen 8] Random Battle\n|rated|\n|rule|Species Clause: Limit one of each Pok\u00e9mon\n|rule|HP Percentage Mod: HP is shown in percentages\n|rule|Sleep Clause Mod: Limit one foe put to sleep\n|\n|t:|1685253258\n|start\n|switch|p1a: Marowak|Marowak-Alola, L84, F|238/238\n|switch|p2a: Alcremie|Alcremie, L86, F|252/252\n|turn|1\n|-message|uchiha jeson forfeited.\n|\n|win|ElizaTezuna\n|raw|uchiha jeson's rating: 1126 &rarr; <strong>1101</strong><br />(-25 for losing)\n|raw|ElizaTezuna's rating: 1120 &rarr; <strong>1145</strong><br />(+25 for winning)\n|l|\u2606uchiha jeson\n", "inputlog": ">version d74822bbc74c095aa312053f7034baee3068d99e\n>start {\"formatid\":\"gen8randombattle\",\"seed\":[10307,25052,5552,12984],\"rated\":\"Rated battle\"}\n>player p1 {\"name\":\"uchiha jeson\",\"avatar\":\"2\",\"rating\":1126,\"seed\":[21064,51741,20959,45034]}\n>player p2 {\"name\":\"ElizaTezuna\",\"avatar\":\"pokemonrangerf-gen4\",\"rating\":1120,\"seed\":[21285,12552,14850,44030]}\n>forcelose p1", "uploadtime": 1685253283, "views": 4, "p1id": "uchihajeson", "p2id": "elizatezuna", "formatid": "gen8randombattle", "rating": 1101, "private": 0, "password": ""}