{"id": "gen8randombattle-1871960694", "p1": "Stormbriar", "p2": "koilerz", "format": "[Gen 8] Random Battle", "log": "|j|\u2606Stormbriar\n|j|\u2606koilerz\n|t:|1685153130\n|gametype|singles\n|player|p1|Stormbriar|1|\n|player|p2|koilerz|ingo|\n|teamsize|p1|6\n|teamsize|p2|6\n|gen|8\n|tier|[Gen 8] Random Battle\n|rule|Species Clause: Limit one of each Pok\u00e9mon\n|rule|HP Percentage Mod: HP is shown in percentages\n|rule|Sleep Clause Mod: Limit one foe put to sleep\n|\n|t:|1685153130\n|start\n|switch|p1a: Heliolisk|Heliolisk, L82, M|236/236\n|switch|p2a: Giratina|Giratina, L74|344/344\n|-ability|p2a: Giratina|Pressure\n|turn|1\n|\n|t:|1685153247\n|switch|p1a: Altaria|Altaria, L90, F|281/281\n|move|p2a: Giratina|Toxic|p1a: Altaria\n|-status|p1a: Altaria|tox\n|\n|-damage|p1a: Altaria|264/281 tox|[from] psn\n|upkeep\n|turn|2\n|\n|t:|1685153275\n|switch|p2a: Copperajah|Copperajah, L84, F|342/342\n|move|p1a: Altaria|Toxic|p2a: Copperajah\n|-immune|p2a: Copperajah\n|\n|-damage|p1a: Altaria|230/281 tox|[from] psn\n|upkeep\n|turn|3\n|\n|t:|1685153345\n|move|p1a: Altaria|Fire Blast|p2a: Copperajah\n|-supereffective|p2a: Copperajah\n|-damage|p2a: Copperajah|182/342\n|move|p2a: Copperajah|Rock Slide|p1a: Altaria\n|-supereffective|p1a: Altaria\n|-damage|p1a: Altaria|6/281 tox\n|\n|-damage|p1a: Altaria|0 fnt|[from] psn\n|faint|p1a: Altaria\n|upkeep\n|\n|t:|1685153364\n|switch|p1a: Cofagrigus|Cofagrigus, L86, M|240/240\n|turn|4\n|\n|t:|1685153414\n|move|p1a: Cofagrigus|Body Press|p2a: Copperajah\n|-supereffective|p2a: Copperajah\n|-damage|p2a: Copperajah|2/342\n|move|p2a: Copperajah|Stealth Rock|p1a: Cofagrigus\n|-sidestart|p1: Stormbriar|move: Stealth Rock\n|\n|upkeep\n|turn|5\n|\n|t:|1685153425\n|move|p1a: Cofagrigus|Body Press|p2a: Copperajah\n|-supereffective|p2a: Copperajah\n|-damage|p2a: Copperajah|0 fnt\n|faint|p2a: Copperajah\n|\n|upkeep\n|\n|t:|1685153444\n|switch|p2a: Flapple|Flapple, L84, F|255/255\n|turn|6\n|\n|t:|1685153460\n|move|p2a: Flapple|Sucker Punch||[still]\n|-fail|p2a: Flapple\n|move|p1a: Cofagrigus|Will-O-Wisp|p2a: Flapple\n|-status|p2a: Flapple|brn\n|\n|-damage|p2a: Flapple|240/255 brn|[from] brn\n|upkeep\n|turn|7\n|\n|t:|1685153477\n|move|p2a: Flapple|Sucker Punch||[still]\n|-fail|p2a: Flapple\n|move|p1a: Cofagrigus|Memento|p2a: Flapple\n|-unboost|p2a: Flapple|atk|2\n|-unboost|p2a: Flapple|spa|2\n|faint|p1a: Cofagrigus\n|\n|-damage|p2a: Flapple|225/255 brn|[from] brn\n|upkeep\n|\n|t:|1685153486\n|switch|p1a: Heliolisk|Heliolisk, L82, M|236/236\n|-damage|p1a: Heliolisk|207/236|[from] Stealth Rock\n|turn|8\n|\n|t:|1685153499\n|switch|p2a: Pyukumuku|Pyukumuku, L84, F|230/230\n|move|p1a: Heliolisk|Hyper Voice|p2a: Pyukumuku\n|-damage|p2a: Pyukumuku|112/230\n|\n|-heal|p2a: Pyukumuku|126/230|[from] item: Leftovers\n|upkeep\n|turn|9\n|\n|t:|1685153526\n|switch|p1a: Golisopod|Golisopod, L84, F|263/263\n|move|p2a: Pyukumuku|Mirror Coat||[still]\n|-fail|p2a: Pyukumuku\n|\n|-heal|p2a: Pyukumuku|140/230|[from] item: Leftovers\n|upkeep\n|turn|10\n|\n|t:|1685153541\n|move|p1a: Golisopod|Spikes|p2a: Pyukumuku\n|-sidestart|p2: koilerz|Spikes\n|move|p2a: Pyukumuku|Toxic|p1a: Golisopod\n|-status|p1a: Golisopod|tox\n|\n|-heal|p2a: Pyukumuku|154/230|[from] item: Leftovers\n|-damage|p1a: Golisopod|247/263 tox|[from] psn\n|upkeep\n|turn|11\n|\n|t:|1685153550\n|move|p1a: Golisopod|Spikes|p2a: Pyukumuku\n|-sidestart|p2: koilerz|Spikes\n|move|p2a: Pyukumuku|Counter||[still]\n|-fail|p2a: Pyukumuku\n|\n|-heal|p2a: Pyukumuku|168/230|[from] item: Leftovers\n|-damage|p1a: Golisopod|215/263 tox|[from] psn\n|upkeep\n|turn|12\n|\n|t:|1685153556\n|move|p1a: Golisopod|Spikes|p2a: Pyukumuku\n|-sidestart|p2: koilerz|Spikes\n|move|p2a: Pyukumuku|Counter||[still]\n|-fail|p2a: Pyukumuku\n|\n|-heal|p2a: Pyukumuku|182/230|[from] item: Leftovers\n|-damage|p1a: Golisopod|167/263 tox|[from] psn\n|upkeep\n|turn|13\n|\n|t:|1685153570\n|move|p1a: Golisopod|Knock Off|p2a: Pyukumuku\n|-damage|p2a: Pyukumuku|124/230\n|-enditem|p2a: Pyukumuku|Leftovers|[from] move: Knock Off|[of] p1a: Golisopod\n|move|p2a: Pyukumuku|Counter|p1a: Golisopod\n|-damage|p1a: Golisopod|51/263 tox\n|-activate|p1a: Golisopod|ability: Emergency Exit\n|\n|t:|1685153578\n|switch|p1a: Heliolisk|Heliolisk, L82, M|207/236\n|-damage|p1a: Heliolisk|178/236|[from] Stealth Rock\n|\n|upkeep\n|turn|14\n|\n|t:|1685153585\n|move|p1a: Heliolisk|Volt Switch|p2a: Pyukumuku\n|-supereffective|p2a: Pyukumuku\n|-damage|p2a: Pyukumuku|0 fnt\n|faint|p2a: Pyukumuku\n|\n|t:|1685153599\n|switch|p1a: Azelf|Azelf, L82|257/257|[from] Volt Switch\n|-damage|p1a: Azelf|225/257|[from] Stealth Rock\n|\n|-heal|p1a: Azelf|241/257|[from] item: Leftovers\n|upkeep\n|\n|t:|1685153612\n|switch|p2a: Flapple|Flapple, L84, F|225/255 brn\n|-damage|p2a: Flapple|162/255 brn|[from] Spikes\n|turn|15\n|\n|t:|1685153639\n|move|p1a: Azelf|U-turn|p2a: Flapple\n|-supereffective|p2a: Flapple\n|-damage|p2a: Flapple|34/255 brn\n|\n|t:|1685153649\n|switch|p1a: Heliolisk|Heliolisk, L82, M|178/236|[from] U-turn\n|-damage|p1a: Heliolisk|149/236|[from] Stealth Rock\n|move|p2a: Flapple|U-turn|p1a: Heliolisk|[miss]\n|-miss|p2a: Flapple|p1a: Heliolisk\n|\n|-damage|p2a: Flapple|19/255 brn|[from] brn\n|upkeep\n|turn|16\n|\n|t:|1685153660\n|move|p1a: Heliolisk|Volt Switch|p2a: Flapple\n|-resisted|p2a: Flapple\n|-damage|p2a: Flapple|0 fnt\n|faint|p2a: Flapple\n|\n|t:|1685153664\n|switch|p1a: Golisopod|Golisopod, L84, F|51/263 tox|[from] Volt Switch\n|\n|-damage|p1a: Golisopod|35/263 tox|[from] psn\n|upkeep\n|\n|t:|1685153669\n|switch|p2a: Manectric|Manectric, L86, F|261/261\n|-damage|p2a: Manectric|196/261|[from] Spikes\n|turn|17\n|\n|t:|1685153691\n|move|p2a: Manectric|Thunderbolt|p1a: Golisopod\n|-supereffective|p1a: Golisopod\n|-damage|p1a: Golisopod|0 fnt\n|faint|p1a: Golisopod\n|\n|upkeep\n|\n|t:|1685153705\n|switch|p1a: Azelf|Azelf, L82|241/257\n|-damage|p1a: Azelf|209/257|[from] Stealth Rock\n|turn|18\n|\n|t:|1685153739\n|move|p2a: Manectric|Thunderbolt|p1a: Azelf\n|-damage|p1a: Azelf|79/257\n|move|p1a: Azelf|Fire Blast|p2a: Manectric\n|-damage|p2a: Manectric|83/261\n|\n|-heal|p1a: Azelf|95/257|[from] item: Leftovers\n|upkeep\n|turn|19\n|\n|t:|1685153748\n|move|p2a: Manectric|Thunderbolt|p1a: Azelf\n|-damage|p1a: Azelf|0 fnt\n|faint|p1a: Azelf\n|\n|upkeep\n|\n|t:|1685153756\n|switch|p1a: Heliolisk|Heliolisk, L82, M|149/236\n|-damage|p1a: Heliolisk|120/236|[from] Stealth Rock\n|turn|20\n|\n|t:|1685153788\n|move|p2a: Manectric|Thunderbolt|p1a: Heliolisk\n|-resisted|p1a: Heliolisk\n|-damage|p1a: Heliolisk|64/236\n|move|p1a: Heliolisk|Hyper Voice|p2a: Manectric\n|-damage|p2a: Manectric|0 fnt\n|faint|p2a: Manectric\n|\n|upkeep\n|\n|t:|1685153798\n|switch|p2a: Cinderace|Cinderace, L74, F|240/240\n|turn|21\n|\n|t:|1685153808\n|switch|p1a: Oranguru|Oranguru, L86, F|295/295\n|-damage|p1a: Oranguru|259/295|[from] Stealth Rock\n|move|p2a: Cinderace|Court Change|p2a: Cinderace\n|-start|p2a: Cinderace|typechange|Normal|[from] ability: Libero\n|-swapsideconditions\n|-activate|p2a: Cinderace|move: Court Change\n|\n|-heal|p1a: Oranguru|277/295|[from] item: Leftovers\n|upkeep\n|turn|22\n|\n|t:|1685153820\n|switch|p1a: Heliolisk|Heliolisk, L82, M|64/236\n|-damage|p1a: Heliolisk|5/236|[from] Spikes\n|-start|p2a: Cinderace|Dynamax|\n|-heal|p2a: Cinderace|480/480|[silent]\n|move|p2a: Cinderace|Max Ooze|p1a: Heliolisk\n|-start|p2a: Cinderace|typechange|Poison|[from] ability: Libero\n|-damage|p1a: Heliolisk|0 fnt\n|-boost|p2a: Cinderace|spa|1\n|faint|p1a: Heliolisk\n|\n|upkeep\n|\n|t:|1685153833\n|switch|p1a: Oranguru|Oranguru, L86, F|277/295\n|-damage|p1a: Oranguru|204/295|[from] Spikes\n|turn|23\n|\n|t:|1685153850\n|-start|p1a: Oranguru|Dynamax|\n|-heal|p1a: Oranguru|408/590|[silent]\n|move|p2a: Cinderace|Max Ooze|p1a: Oranguru\n|-damage|p1a: Oranguru|309/590\n|-boost|p2a: Cinderace|spa|1\n|move|p1a: Oranguru|Max Mindstorm|p2a: Cinderace\n|-supereffective|p2a: Cinderace\n|-damage|p2a: Cinderace|144/480\n|-fieldstart|move: Psychic Terrain\n|\n|-heal|p1a: Oranguru|327/590|[from] item: Leftovers\n|upkeep\n|turn|24\n|\n|t:|1685153865\n|move|p2a: Cinderace|Max Flare|p1a: Oranguru\n|-start|p2a: Cinderace|typechange|Fire|[from] ability: Libero\n|-damage|p1a: Oranguru|182/590\n|-weather|SunnyDay\n|move|p1a: Oranguru|Max Mindstorm|p2a: Cinderace\n|-damage|p2a: Cinderace|0 fnt\n|faint|p2a: Cinderace\n|\n|-weather|SunnyDay|[upkeep]\n|-heal|p1a: Oranguru|200/590|[from] item: Leftovers\n|upkeep\n|\n|t:|1685153872\n|switch|p2a: Giratina|Giratina, L74|344/344\n|-damage|p2a: Giratina|301/344|[from] Stealth Rock\n|-ability|p2a: Giratina|Pressure\n|turn|25\n|\n|t:|1685153896\n|move|p2a: Giratina|Toxic|p1a: Oranguru\n|-status|p1a: Oranguru|tox\n|move|p1a: Oranguru|Max Mindstorm|p2a: Giratina\n|-damage|p2a: Giratina|135/344\n|\n|-weather|SunnyDay|[upkeep]\n|-heal|p2a: Giratina|156/344|[from] item: Leftovers\n|-heal|p1a: Oranguru|218/590 tox|[from] item: Leftovers\n|-damage|p1a: Oranguru|200/590 tox|[from] psn\n|upkeep\n|-end|p1a: Oranguru|Dynamax\n|-heal|p1a: Oranguru|100/295 tox|[silent]\n|turn|26\n|\n|t:|1685153926\n|move|p2a: Giratina|Rest|p2a: Giratina\n|-status|p2a: Giratina|slp|[from] move: Rest\n|-heal|p2a: Giratina|344/344 slp|[silent]\n|move|p1a: Oranguru|Psychic|p2a: Giratina\n|-damage|p2a: Giratina|230/344 slp\n|\n|-weather|SunnyDay|[upkeep]\n|-heal|p2a: Giratina|251/344 slp|[from] item: Leftovers\n|-heal|p1a: Oranguru|118/295 tox|[from] item: Leftovers\n|-damage|p1a: Oranguru|82/295 tox|[from] psn\n|upkeep\n|turn|27\n|\n|t:|1685153936\n|cant|p2a: Giratina|slp\n|move|p2a: Giratina|Sleep Talk|p2a: Giratina\n|move|p2a: Giratina|Rest||[from]move: Sleep Talk|[still]\n|-fail|p2a: Giratina\n|move|p1a: Oranguru|Psychic|p2a: Giratina\n|-damage|p2a: Giratina|151/344 slp\n|\n|-weather|SunnyDay|[upkeep]\n|-heal|p2a: Giratina|172/344 slp|[from] item: Leftovers\n|-heal|p1a: Oranguru|100/295 tox|[from] item: Leftovers\n|-damage|p1a: Oranguru|46/295 tox|[from] psn\n|-fieldend|move: Psychic Terrain\n|upkeep\n|turn|28\n|\n|t:|1685153954\n|cant|p2a: Giratina|slp\n|move|p2a: Giratina|Sleep Talk|p2a: Giratina\n|move|p2a: Giratina|Toxic|p1a: Oranguru|[from]move: Sleep Talk\n|-fail|p1a: Oranguru|tox\n|move|p1a: Oranguru|Psychic|p2a: Giratina\n|-damage|p2a: Giratina|96/344 slp\n|\n|-weather|none\n|-heal|p2a: Giratina|117/344 slp|[from] item: Leftovers\n|-heal|p1a: Oranguru|64/295 tox|[from] item: Leftovers\n|-damage|p1a: Oranguru|0 fnt|[from] psn\n|faint|p1a: Oranguru\n|\n|win|koilerz\n|upkeep\n|l|\u2606Stormbriar\n", "inputlog": ">version d74822bbc74c095aa312053f7034baee3068d99e\n>start {\"formatid\":\"gen8randombattle\",\"seed\":[47364,54504,57280,50846]}\n>player p1 {\"name\":\"Stormbriar\",\"avatar\":\"1\",\"rating\":0,\"seed\":[17976,52327,30251,52917]}\n>player p2 {\"name\":\"koilerz\",\"avatar\":\"ingo\",\"rating\":0,\"seed\":[10945,16709,1814,6860]}\n>p1 switch 5\n>p2 move toxic\n>p1 move toxic\n>p2 switch 3\n>p1 move fireblast\n>p2 move rockslide\n>p1 switch 4\n>p1 move bodypress\n>p2 move stealthrock\n>p1 move bodypress\n>p2 move playrough\n>p2 switch 5\n>p1 move willowisp\n>p2 move suckerpunch\n>p1 move memento\n>p2 move suckerpunch\n>p1 switch 5\n>p1 move hypervoice\n>p2 switch 6\n>p1 switch 6\n>p2 move mirrorcoat\n>p1 move spikes\n>p2 move toxic\n>p1 move spikes\n>p2 move counter\n>p1 move spikes\n>p2 move counter\n>p1 move knockoff\n>p2 move counter\n>p1 switch 6\n>p1 move voltswitch\n>p2 move toxic\n>p1 switch 3\n>p2 switch 6\n>p1 move uturn\n>p2 move uturn\n>p1 switch 3\n>p1 move voltswitch\n>p2 move uturn\n>p1 switch 6\n>p2 switch 2\n>p1 move knockoff\n>p2 move thunderbolt\n>p1 switch 3\n>p1 move fireblast\n>p2 move thunderbolt\n>p1 move uturn\n>p2 move thunderbolt\n>p1 switch 6\n>p1 move hypervoice\n>p2 move thunderbolt\n>p2 switch 4\n>p1 switch 2\n>p2 move courtchange\n>p1 switch 2\n>p2 move gunkshot dynamax\n>p1 switch 2\n>p1 move psychic dynamax\n>p2 move gunkshot dynamax\n>p1 move psychic dynamax\n>p2 move pyroball dynamax\n>p2 switch 3\n>p1 move psychic dynamax\n>p2 move toxic\n>p1 move psychic\n>p2 move rest\n>p1 move psychic\n>p2 move sleeptalk\n>p1 move psychic\n>p2 move sleeptalk", "uploadtime": 1685153971, "views": 7, "p1id": "stormbriar", "p2id": "koilerz", "formatid": "gen8randombattle", "rating": 0, "private": 0, "password": ""}