{"id": "gen8randombattle-1862086215", "p1": "ScurrilousSnail", "p2": "lauda Mera", "format": "[Gen 8] Random Battle", "log": "|j|\u2606ScurrilousSnail\n|j|\u2606lauda Mera\n|t:|1683835539\n|gametype|singles\n|player|p1|ScurrilousSnail|102|1380\n|player|p2|lauda Mera|hilbert-wonderlauncher|1443\n|teamsize|p1|6\n|teamsize|p2|6\n|gen|8\n|tier|[Gen 8] Random Battle\n|rated|\n|rule|Species Clause: Limit one of each Pok\u00e9mon\n|rule|HP Percentage Mod: HP is shown in percentages\n|rule|Sleep Clause Mod: Limit one foe put to sleep\n|\n|t:|1683835539\n|start\n|switch|p1a: Kartana|Kartana, L74|209/209\n|switch|p2a: Rillaboom|Rillaboom, L78, F|284/284\n|-fieldstart|move: Grassy Terrain|[from] ability: Grassy Surge|[of] p2a: Rillaboom\n|turn|1\n|inactive|Battle timer is ON: inactive players will automatically lose when time's up. (requested by lauda Mera)\n|\n|t:|1683835565\n|switch|p2a: Galvantula|Galvantula, L82, F|249/249\n|move|p1a: Kartana|Swords Dance|p1a: Kartana\n|-boost|p1a: Kartana|atk|2\n|\n|upkeep\n|turn|2\n|\n|t:|1683835580\n|switch|p1a: Regirock|Regirock, L85|275/275\n|move|p2a: Galvantula|Bug Buzz|p1a: Regirock\n|-damage|p1a: Regirock|199/275\n|\n|-heal|p1a: Regirock|216/275|[from] Grassy Terrain\n|-heal|p1a: Regirock|233/275|[from] item: Leftovers\n|upkeep\n|turn|3\n|inactive|ScurrilousSnail has 120 seconds left.\n|\n|t:|1683835629\n|move|p2a: Galvantula|Volt Switch|p1a: Regirock\n|-damage|p1a: Regirock|166/275\n|\n|t:|1683835636\n|switch|p2a: Rillaboom|Rillaboom, L78, F|284/284|[from] Volt Switch\n|move|p1a: Regirock|Rock Slide|p2a: Rillaboom\n|-damage|p2a: Rillaboom|194/284\n|\n|-heal|p2a: Rillaboom|211/284|[from] Grassy Terrain\n|-heal|p1a: Regirock|183/275|[from] Grassy Terrain\n|-heal|p1a: Regirock|200/275|[from] item: Leftovers\n|upkeep\n|turn|4\n|\n|t:|1683835652\n|switch|p1a: Salazzle|Salazzle, L82, F|246/246\n|move|p2a: Rillaboom|Swords Dance|p2a: Rillaboom\n|-boost|p2a: Rillaboom|atk|2\n|\n|-heal|p2a: Rillaboom|228/284|[from] Grassy Terrain\n|upkeep\n|turn|5\n|\n|t:|1683835667\n|switch|p2a: Heatran|Heatran, L78, M|270/270\n|move|p1a: Salazzle|Substitute|p1a: Salazzle\n|-start|p1a: Salazzle|Substitute\n|-damage|p1a: Salazzle|185/246\n|\n|-heal|p1a: Salazzle|200/246|[from] Grassy Terrain\n|-heal|p1a: Salazzle|215/246|[from] item: Black Sludge\n|-fieldend|move: Grassy Terrain\n|upkeep\n|turn|6\n|-message|ScurrilousSnail forfeited.\n|\n|win|lauda Mera\n|raw|ScurrilousSnail's rating: 1380 &rarr; <strong>1364</strong><br />(-16 for losing)\n|raw|lauda Mera's rating: 1443 &rarr; <strong>1459</strong><br />(+16 for winning)\n|l|\u2606ScurrilousSnail\n", "inputlog": ">version bce759c5f189753f4322d11c9e5aa78bbe1b1bf9\n>start {\"formatid\":\"gen8randombattle\",\"seed\":[27495,23307,29336,58966],\"rated\":\"Rated battle\"}\n>player p1 {\"name\":\"ScurrilousSnail\",\"avatar\":\"102\",\"rating\":1380,\"seed\":[239,23310,41746,47658]}\n>player p2 {\"name\":\"lauda Mera\",\"avatar\":\"hilbert-wonderlauncher\",\"rating\":1443,\"seed\":[9861,58047,5981,49102]}\n>p1 move swordsdance\n>p2 switch 6\n>p1 switch 6\n>p2 move bugbuzz\n>p1 move rockslide\n>p2 move voltswitch\n>p2 switch 6\n>p1 switch 4\n>p2 move swordsdance\n>p1 move substitute\n>p2 switch 2\n>forcelose p1", "uploadtime": 1683835688, "views": 6, "p1id": "scurriloussnail", "p2id": "laudamera", "formatid": "gen8randombattle", "rating": 1364, "private": 0, "password": ""}