{"id": "gen8randombattle-1872967060", "p1": "Ceranade", "p2": "gareeb adani", "format": "[Gen 8] Random Battle", "log": "|j|\u2606Ceranade\n|j|\u2606gareeb adani\n|t:|1685306547\n|gametype|singles\n|player|p1|Ceranade|baker|1339\n|player|p2|gareeb adani|2|1512\n|teamsize|p1|6\n|teamsize|p2|6\n|gen|8\n|tier|[Gen 8] Random Battle\n|rated|\n|rule|Species Clause: Limit one of each Pok\u00e9mon\n|rule|HP Percentage Mod: HP is shown in percentages\n|rule|Sleep Clause Mod: Limit one foe put to sleep\n|\n|t:|1685306547\n|start\n|switch|p1a: Golduck|Golduck, L86, M|278/278\n|switch|p2a: Sylveon|Sylveon, L84, M|297/297\n|turn|1\n|inactive|Battle timer is ON: inactive players will automatically lose when time's up. (requested by Ceranade)\n|\n|t:|1685306562\n|move|p1a: Golduck|Calm Mind|p1a: Golduck\n|-boost|p1a: Golduck|spa|1\n|-boost|p1a: Golduck|spd|1\n|move|p2a: Sylveon|Calm Mind|p2a: Sylveon\n|-boost|p2a: Sylveon|spa|1\n|-boost|p2a: Sylveon|spd|1\n|\n|upkeep\n|turn|2\n|\n|t:|1685306576\n|switch|p2a: Shedinja|Shedinja, L88|1/1\n|move|p1a: Golduck|Psyshock|p2a: Shedinja\n|-immune|p2a: Shedinja|[from] ability: Wonder Guard\n|\n|upkeep\n|turn|3\n|\n|t:|1685306583\n|move|p1a: Golduck|Ice Beam|p2a: Shedinja\n|-immune|p2a: Shedinja|[from] ability: Wonder Guard\n|move|p2a: Shedinja|Poltergeist|p1a: Golduck\n|-activate|p1a: Golduck|move: Poltergeist|Life Orb\n|-crit|p1a: Golduck\n|-damage|p1a: Golduck|91/278\n|\n|upkeep\n|turn|4\n|\n|t:|1685306605\n|switch|p1a: Exeggutor|Exeggutor-Alola, L87, F|307/307\n|-item|p2a: Shedinja|Heavy-Duty Boots|[from] ability: Frisk|[of] p1a: Exeggutor|[identify]\n|move|p2a: Shedinja|X-Scissor|p1a: Exeggutor\n|-supereffective|p1a: Exeggutor\n|-damage|p1a: Exeggutor|133/307\n|\n|upkeep\n|turn|5\n|\n|t:|1685306614\n|switch|p2a: Sylveon|Sylveon, L84, M|297/297\n|move|p1a: Exeggutor|Flamethrower|p2a: Sylveon\n|-damage|p2a: Sylveon|214/297\n|-damage|p1a: Exeggutor|103/307|[from] item: Life Orb\n|\n|-heal|p2a: Sylveon|232/297|[from] item: Leftovers\n|upkeep\n|turn|6\n|\n|t:|1685306622\n|move|p2a: Sylveon|Hyper Voice|p1a: Exeggutor\n|-supereffective|p1a: Exeggutor\n|-damage|p1a: Exeggutor|0 fnt\n|faint|p1a: Exeggutor\n|\n|-heal|p2a: Sylveon|250/297|[from] item: Leftovers\n|upkeep\n|\n|t:|1685306634\n|switch|p1a: Bellossom|Bellossom, L82, M|257/257\n|turn|7\n|\n|t:|1685306639\n|move|p2a: Sylveon|Mystical Fire|p1a: Bellossom\n|-supereffective|p1a: Bellossom\n|-damage|p1a: Bellossom|139/257\n|-unboost|p1a: Bellossom|spa|1\n|move|p1a: Bellossom|Sleep Powder|p2a: Sylveon|[miss]\n|-miss|p1a: Bellossom|p2a: Sylveon\n|\n|-heal|p2a: Sylveon|268/297|[from] item: Leftovers\n|-heal|p1a: Bellossom|155/257|[from] item: Leftovers\n|upkeep\n|turn|8\n|\n|t:|1685306652\n|switch|p1a: Gastrodon|Gastrodon-East, L84, M|324/324\n|move|p2a: Sylveon|Hyper Voice|p1a: Gastrodon\n|-damage|p1a: Gastrodon|198/324\n|\n|-heal|p2a: Sylveon|286/297|[from] item: Leftovers\n|-heal|p1a: Gastrodon|218/324|[from] item: Leftovers\n|upkeep\n|turn|9\n|\n|t:|1685306661\n|switch|p2a: Indeedee|Indeedee-F, L85, F|258/258\n|-fieldstart|move: Psychic Terrain|[from] ability: Psychic Surge|[of] p2a: Indeedee\n|move|p1a: Gastrodon|Toxic|p2a: Indeedee\n|-status|p2a: Indeedee|tox\n|\n|-heal|p1a: Gastrodon|238/324|[from] item: Leftovers\n|-damage|p2a: Indeedee|242/258 tox|[from] psn\n|upkeep\n|turn|10\n|\n|t:|1685306671\n|move|p2a: Indeedee|Expanding Force|p1a: Gastrodon\n|-damage|p1a: Gastrodon|70/324\n|move|p1a: Gastrodon|Recover|p1a: Gastrodon\n|-heal|p1a: Gastrodon|232/324\n|\n|-heal|p1a: Gastrodon|252/324|[from] item: Leftovers\n|-damage|p2a: Indeedee|210/258 tox|[from] psn\n|upkeep\n|turn|11\n|\n|t:|1685306681\n|switch|p2a: Rillaboom|Rillaboom, L78, M|284/284\n|-fieldstart|move: Grassy Terrain|[from] ability: Grassy Surge|[of] p2a: Rillaboom\n|move|p1a: Gastrodon|Recover|p1a: Gastrodon\n|-heal|p1a: Gastrodon|324/324\n|\n|upkeep\n|turn|12\n|\n|t:|1685306693\n|switch|p1a: Bellossom|Bellossom, L82, M|155/257\n|move|p2a: Rillaboom|Swords Dance|p2a: Rillaboom\n|-boost|p2a: Rillaboom|atk|2\n|\n|-heal|p1a: Bellossom|171/257|[from] Grassy Terrain\n|-heal|p1a: Bellossom|187/257|[from] item: Leftovers\n|upkeep\n|turn|13\n|\n|t:|1685306701\n|move|p2a: Rillaboom|Knock Off|p1a: Bellossom\n|-damage|p1a: Bellossom|14/257\n|-enditem|p1a: Bellossom|Leftovers|[from] move: Knock Off|[of] p2a: Rillaboom\n|-damage|p2a: Rillaboom|256/284|[from] item: Life Orb\n|move|p1a: Bellossom|Sleep Powder|p2a: Rillaboom\n|-immune|p2a: Rillaboom\n|\n|-heal|p2a: Rillaboom|273/284|[from] Grassy Terrain\n|-heal|p1a: Bellossom|30/257|[from] Grassy Terrain\n|upkeep\n|turn|14\n|\n|t:|1685306715\n|move|p2a: Rillaboom|Grassy Glide|p1a: Bellossom\n|-resisted|p1a: Bellossom\n|-damage|p1a: Bellossom|0 fnt\n|faint|p1a: Bellossom\n|-damage|p2a: Rillaboom|245/284|[from] item: Life Orb\n|\n|-heal|p2a: Rillaboom|262/284|[from] Grassy Terrain\n|upkeep\n|\n|t:|1685306729\n|switch|p1a: Sigilyph|Sigilyph, L83, M|255/255\n|turn|15\n|\n|t:|1685306744\n|move|p1a: Sigilyph|Heat Wave|p2a: Rillaboom\n|-supereffective|p2a: Rillaboom\n|-damage|p2a: Rillaboom|51/284\n|move|p2a: Rillaboom|Knock Off|p1a: Sigilyph\n|-supereffective|p1a: Sigilyph\n|-damage|p1a: Sigilyph|0 fnt\n|-enditem|p1a: Sigilyph|Life Orb|[from] move: Knock Off|[of] p2a: Rillaboom\n|faint|p1a: Sigilyph\n|-damage|p2a: Rillaboom|23/284|[from] item: Life Orb\n|\n|-heal|p2a: Rillaboom|40/284|[from] Grassy Terrain\n|-fieldend|move: Grassy Terrain\n|upkeep\n|\n|t:|1685306756\n|switch|p1a: Mr. Rime|Mr. Rime, L86, M|278/278\n|turn|16\n|\n|t:|1685306760\n|move|p2a: Rillaboom|Knock Off|p1a: Mr. Rime\n|-supereffective|p1a: Mr. Rime\n|-damage|p1a: Mr. Rime|0 fnt\n|-enditem|p1a: Mr. Rime|Heavy-Duty Boots|[from] move: Knock Off|[of] p2a: Rillaboom\n|faint|p1a: Mr. Rime\n|-damage|p2a: Rillaboom|12/284|[from] item: Life Orb\n|\n|upkeep\n|-message|Ceranade forfeited.\n|\n|win|gareeb adani\n|raw|Ceranade's rating: 1339 &rarr; <strong>1329</strong><br />(-10 for losing)\n|raw|gareeb adani's rating: 1522 &rarr; <strong>1532</strong><br />(+10 for winning)\n|l|\u2606Ceranade\n", "inputlog": ">version d74822bbc74c095aa312053f7034baee3068d99e\n>start {\"formatid\":\"gen8randombattle\",\"seed\":[8029,9368,18203,24225],\"rated\":\"Rated battle\"}\n>player p1 {\"name\":\"Ceranade\",\"avatar\":\"baker\",\"rating\":1339,\"seed\":[32896,8718,54032,10514]}\n>player p2 {\"name\":\"gareeb adani\",\"avatar\":\"2\",\"rating\":1512,\"seed\":[40552,49734,39206,6816]}\n>p1 move calmmind\n>p2 move calmmind\n>p1 move psyshock\n>p2 switch 6\n>p1 move icebeam\n>p2 move poltergeist\n>p1 switch 5\n>p2 move xscissor\n>p1 move flamethrower\n>p2 switch 6\n>p1 move flamethrower\n>p2 move hypervoice\n>p1 switch 4\n>p1 move sleeppowder\n>p2 move mysticalfire\n>p1 switch 3\n>p2 move hypervoice\n>p1 move toxic\n>p2 switch 4\n>p1 move recover\n>p2 move expandingforce\n>p1 move recover\n>p2 switch 3\n>p1 switch 3\n>p2 move swordsdance\n>p1 move sleeppowder\n>p2 move knockoff\n>p1 move moonblast\n>p2 move grassyglide\n>p1 switch 2\n>p1 move heatwave\n>p2 move knockoff\n>p1 switch 6\n>p1 move freezedry\n>p2 move knockoff\n>forcelose p1", "uploadtime": 1685306777, "views": 4, "p1id": "ceranade", "p2id": "gareebadani", "formatid": "gen8randombattle", "rating": 1329, "private": 0, "password": ""}