{"id": "gen8randombattle-1872928220", "p1": "CAELAN IS BOZOOO", "p2": "trying_toget_tough", "format": "[Gen 8] Random Battle", "log": "|j|\u2606CAELAN IS BOZOOO\n|j|\u2606trying_toget_tough\n|t:|1685301928\n|gametype|singles\n|player|p1|CAELAN IS BOZOOO|cynthia|1303\n|player|p2|trying_toget_tough|101|1413\n|teamsize|p1|6\n|teamsize|p2|6\n|gen|8\n|tier|[Gen 8] Random Battle\n|rated|\n|rule|Species Clause: Limit one of each Pok\u00e9mon\n|rule|HP Percentage Mod: HP is shown in percentages\n|rule|Sleep Clause Mod: Limit one foe put to sleep\n|\n|t:|1685301928\n|start\n|switch|p1a: Copperajah|Copperajah, L84, M|342/342\n|switch|p2a: Heliolisk|Heliolisk, L82, M|236/236\n|turn|1\n|\n|t:|1685301934\n|move|p2a: Heliolisk|Thunderbolt|p1a: Copperajah\n|-damage|p1a: Copperajah|230/342\n|move|p1a: Copperajah|Earthquake|p2a: Heliolisk\n|-supereffective|p2a: Heliolisk\n|-enditem|p2a: Heliolisk|Focus Sash\n|-damage|p2a: Heliolisk|1/236\n|\n|upkeep\n|turn|2\n|inactive|Battle timer is ON: inactive players will automatically lose when time's up. (requested by trying_toget_tough)\n|\n|t:|1685301942\n|move|p2a: Heliolisk|Volt Switch|p1a: Copperajah\n|-damage|p1a: Copperajah|133/342\n|\n|t:|1685301945\n|switch|p2a: Corviknight|Corviknight, L78, F|281/281|[from] Volt Switch\n|move|p1a: Copperajah|Earthquake|p2a: Corviknight\n|-immune|p2a: Corviknight\n|\n|upkeep\n|turn|3\n|\n|t:|1685301965\n|switch|p1a: Malamar|Malamar, L80, F|269/269\n|move|p2a: Corviknight|Bulk Up|p2a: Corviknight\n|-boost|p2a: Corviknight|atk|1\n|-boost|p2a: Corviknight|def|1\n|\n|upkeep\n|turn|4\n|\n|t:|1685301974\n|-start|p2a: Corviknight|Dynamax|\n|-heal|p2a: Corviknight|562/562|[silent]\n|move|p1a: Malamar|Superpower|p2a: Corviknight\n|-crit|p2a: Corviknight\n|-damage|p2a: Corviknight|449/562\n|-boost|p1a: Malamar|atk|1\n|-boost|p1a: Malamar|def|1\n|move|p2a: Corviknight|Max Airstream|p1a: Malamar\n|-damage|p1a: Malamar|151/269\n|-boost|p2a: Corviknight|spe|1\n|\n|-heal|p2a: Corviknight|466/562|[from] item: Leftovers\n|-heal|p1a: Malamar|167/269|[from] item: Leftovers\n|upkeep\n|turn|5\n|\n|t:|1685301990\n|move|p2a: Corviknight|Max Knuckle|p1a: Malamar\n|-damage|p1a: Malamar|110/269\n|-boost|p2a: Corviknight|atk|1\n|move|p1a: Malamar|Knock Off|p2a: Corviknight\n|-damage|p2a: Corviknight|375/562\n|-enditem|p2a: Corviknight|Leftovers|[from] move: Knock Off|[of] p1a: Malamar\n|\n|-heal|p1a: Malamar|126/269|[from] item: Leftovers\n|upkeep\n|turn|6\n|\n|t:|1685302001\n|move|p2a: Corviknight|Max Airstream|p1a: Malamar\n|-crit|p1a: Malamar\n|-damage|p1a: Malamar|0 fnt\n|-boost|p2a: Corviknight|spe|1\n|faint|p1a: Malamar\n|\n|upkeep\n|\n|t:|1685302015\n|switch|p1a: Alakazam|Alakazam, L78, M|214/214\n|-end|p2a: Corviknight|Dynamax\n|-heal|p2a: Corviknight|188/281|[silent]\n|turn|7\n|\n|t:|1685302023\n|move|p2a: Corviknight|Brave Bird|p1a: Alakazam\n|-damage|p1a: Alakazam|0 fnt\n|faint|p1a: Alakazam\n|-damage|p2a: Corviknight|117/281|[from] Recoil\n|\n|upkeep\n|\n|t:|1685302034\n|switch|p1a: Tornadus|Tornadus-Therian, L78, M|251/251\n|turn|8\n|l|\u2606CAELAN IS BOZOOO\n|inactive|CAELAN IS BOZOOO disconnected and has a minute to reconnect!\n|player|p1|\n|inactive|CAELAN IS BOZOOO has 30 seconds to reconnect!\n|inactive|CAELAN IS BOZOOO has 20 seconds to reconnect!\n|inactive|CAELAN IS BOZOOO has 15 seconds to reconnect!\n|inactive|CAELAN IS BOZOOO has 10 seconds to reconnect!\n|inactive|CAELAN IS BOZOOO has 5 seconds to reconnect!\n|-message|CAELAN IS BOZOOO lost due to inactivity.\n|\n|win|trying_toget_tough\n|raw|CAELAN IS BOZOOO's rating: 1303 &rarr; <strong>1289</strong><br />(-14 for losing)\n|raw|trying_toget_tough's rating: 1413 &rarr; <strong>1427</strong><br />(+14 for winning)\n", "inputlog": ">version d74822bbc74c095aa312053f7034baee3068d99e\n>start {\"formatid\":\"gen8randombattle\",\"seed\":[54026,32020,36884,27608],\"rated\":\"Rated battle\"}\n>player p1 {\"name\":\"CAELAN IS BOZOOO\",\"avatar\":\"cynthia\",\"rating\":1303,\"seed\":[58390,7818,2496,34784]}\n>player p2 {\"name\":\"trying_toget_tough\",\"avatar\":\"101\",\"rating\":1413,\"seed\":[31880,63567,23911,63613]}\n>p1 move earthquake\n>p2 move thunderbolt\n>p1 move earthquake\n>p2 move voltswitch\n>p2 switch 3\n>p1 switch 3\n>p2 move bulkup\n>p1 move superpower\n>p2 move bravebird dynamax\n>p1 move knockoff\n>p2 move bodypress dynamax\n>p1 move superpower\n>p2 move bravebird dynamax\n>p1 switch 5\n>p1 move nastyplot\n>p2 move bravebird\n>p1 switch 4\n>forcelose p1", "uploadtime": 1685302116, "views": 4, "p1id": "caelanisbozooo", "p2id": "tryingtogettough", "formatid": "gen8randombattle", "rating": 1289, "private": 0, "password": ""}