{"id": "gen8randombattle-1871625923", "p1": "Miss Novelist", "p2": "Bka Onon", "format": "[Gen 8] Random Battle", "log": "|j|\u2606Miss Novelist\n|j|\u2606Bka Onon\n|t:|1685113751\n|gametype|singles\n|player|p1|Miss Novelist|veteranf|\n|player|p2|Bka Onon|amelia-shuffle|\n|teamsize|p1|6\n|teamsize|p2|6\n|gen|8\n|tier|[Gen 8] Random Battle\n|rule|Species Clause: Limit one of each Pok\u00e9mon\n|rule|HP Percentage Mod: HP is shown in percentages\n|rule|Sleep Clause Mod: Limit one foe put to sleep\n|\n|t:|1685113751\n|start\n|switch|p1a: Perrserker|Perrserker, L86, F|261/261\n|switch|p2a: Goodra|Goodra, L82, M|282/282\n|turn|1\n|c|\u2606Bka Onon|hf\n|c|\u2606Miss Novelist|glhf!\n|\n|t:|1685113778\n|move|p2a: Goodra|Fire Blast|p1a: Perrserker\n|-supereffective|p1a: Perrserker\n|-damage|p1a: Perrserker|39/261\n|-status|p1a: Perrserker|brn\n|move|p1a: Perrserker|U-turn|p2a: Goodra\n|-damage|p2a: Goodra|227/282\n|c|\u2606Bka Onon|mb\n|\n|t:|1685113795\n|switch|p1a: Wobbuffet|Wobbuffet, L92, F|499/499|[from] U-turn\n|\n|upkeep\n|turn|2\n|c|\u2606Miss Novelist|Can happen\n|\n|t:|1685113809\n|move|p2a: Goodra|Draco Meteor|p1a: Wobbuffet\n|-damage|p1a: Wobbuffet|321/499\n|-unboost|p2a: Goodra|spa|2\n|move|p1a: Wobbuffet|Encore|p2a: Goodra\n|-start|p2a: Goodra|Encore\n|\n|upkeep\n|turn|3\n|\n|t:|1685113814\n|move|p2a: Goodra|Draco Meteor|p1a: Wobbuffet\n|-damage|p1a: Wobbuffet|228/499\n|-unboost|p2a: Goodra|spa|2\n|-enditem|p1a: Wobbuffet|Sitrus Berry|[eat]\n|-heal|p1a: Wobbuffet|352/499|[from] item: Sitrus Berry\n|move|p1a: Wobbuffet|Mirror Coat|p2a: Goodra\n|-damage|p2a: Goodra|41/282\n|\n|upkeep\n|turn|4\n|\n|t:|1685113821\n|move|p2a: Goodra|Draco Meteor|p1a: Wobbuffet\n|-damage|p1a: Wobbuffet|291/499\n|-unboost|p2a: Goodra|spa|2\n|move|p1a: Wobbuffet|Mirror Coat|p2a: Goodra\n|-damage|p2a: Goodra|0 fnt\n|faint|p2a: Goodra\n|\n|upkeep\n|\n|t:|1685113859\n|switch|p2a: Bouffalant|Bouffalant, L84, F|297/297\n|turn|5\n|\n|t:|1685113877\n|move|p2a: Bouffalant|Megahorn|p1a: Wobbuffet\n|-supereffective|p1a: Wobbuffet\n|-damage|p1a: Wobbuffet|0 fnt\n|faint|p1a: Wobbuffet\n|\n|upkeep\n|\n|t:|1685113890\n|switch|p1a: Perrserker|Perrserker, L86, F|39/261 brn\n|turn|6\n|\n|t:|1685113897\n|move|p2a: Bouffalant|Megahorn|p1a: Perrserker\n|-resisted|p1a: Perrserker\n|-damage|p1a: Perrserker|0 fnt\n|faint|p1a: Perrserker\n|\n|upkeep\n|\n|t:|1685113917\n|switch|p1a: Hitmonlee|Hitmonlee, L84, M|221/221\n|turn|7\n|\n|t:|1685113943\n|switch|p2a: Mew|Mew, L80|291/291\n|move|p1a: Hitmonlee|Curse|p1a: Hitmonlee\n|-unboost|p1a: Hitmonlee|spe|1\n|-boost|p1a: Hitmonlee|atk|1\n|-boost|p1a: Hitmonlee|def|1\n|-enditem|p1a: Hitmonlee|White Herb\n|-clearnegativeboost|p1a: Hitmonlee|[silent]\n|\n|upkeep\n|turn|8\n|\n|t:|1685113954\n|move|p1a: Hitmonlee|Stone Edge|p2a: Mew\n|-damage|p2a: Mew|177/291\n|move|p2a: Mew|Psychic Fangs|p1a: Hitmonlee\n|-supereffective|p1a: Hitmonlee\n|-damage|p1a: Hitmonlee|0 fnt\n|faint|p1a: Hitmonlee\n|\n|upkeep\n|\n|t:|1685113965\n|switch|p1a: Dracozolt|Dracozolt, L78|268/268\n|turn|9\n|\n|t:|1685113981\n|switch|p2a: Gigalith|Gigalith, L82, F|274/274\n|-weather|Sandstorm|[from] ability: Sand Stream|[of] p2a: Gigalith\n|move|p1a: Dracozolt|Bolt Beak|p2a: Gigalith\n|-damage|p2a: Gigalith|108/274\n|\n|-weather|Sandstorm|[upkeep]\n|-damage|p1a: Dracozolt|252/268|[from] Sandstorm\n|-heal|p2a: Gigalith|125/274|[from] item: Leftovers\n|upkeep\n|turn|10\n|\n|t:|1685113987\n|move|p1a: Dracozolt|Bolt Beak|p2a: Gigalith\n|-damage|p2a: Gigalith|0 fnt\n|faint|p2a: Gigalith\n|\n|-weather|Sandstorm|[upkeep]\n|-damage|p1a: Dracozolt|236/268|[from] Sandstorm\n|upkeep\n|\n|t:|1685113996\n|switch|p2a: Heliolisk|Heliolisk, L82, F|236/236\n|turn|11\n|\n|t:|1685114006\n|switch|p1a: Alcremie|Alcremie, L86, F|252/252\n|move|p2a: Heliolisk|Hyper Voice|p1a: Alcremie\n|-damage|p1a: Alcremie|141/252\n|\n|-weather|Sandstorm|[upkeep]\n|-damage|p2a: Heliolisk|222/236|[from] Sandstorm\n|-damage|p1a: Alcremie|126/252|[from] Sandstorm\n|-heal|p1a: Alcremie|141/252|[from] item: Leftovers\n|upkeep\n|turn|12\n|\n|t:|1685114018\n|switch|p2a: Bouffalant|Bouffalant, L84, F|297/297\n|move|p1a: Alcremie|Recover|p1a: Alcremie\n|-heal|p1a: Alcremie|252/252\n|\n|-weather|Sandstorm|[upkeep]\n|-damage|p1a: Alcremie|237/252|[from] Sandstorm\n|-damage|p2a: Bouffalant|279/297|[from] Sandstorm\n|-heal|p1a: Alcremie|252/252|[from] item: Leftovers\n|upkeep\n|turn|13\n|\n|t:|1685114031\n|move|p1a: Alcremie|Calm Mind|p1a: Alcremie\n|-boost|p1a: Alcremie|spa|1\n|-boost|p1a: Alcremie|spd|1\n|move|p2a: Bouffalant|Head Charge|p1a: Alcremie\n|-damage|p1a: Alcremie|41/252\n|-damage|p2a: Bouffalant|226/297|[from] Recoil\n|\n|-weather|none\n|-heal|p1a: Alcremie|56/252|[from] item: Leftovers\n|upkeep\n|turn|14\n|\n|t:|1685114041\n|move|p1a: Alcremie|Dazzling Gleam|p2a: Bouffalant\n|-damage|p2a: Bouffalant|88/297\n|move|p2a: Bouffalant|Head Charge|p1a: Alcremie\n|-damage|p1a: Alcremie|0 fnt\n|faint|p1a: Alcremie\n|-damage|p2a: Bouffalant|74/297|[from] Recoil\n|\n|upkeep\n|\n|t:|1685114054\n|switch|p1a: Magmortar|Magmortar, L86, F|269/269\n|turn|15\n|j| ArkenCiel\n|\n|t:|1685114066\n|move|p1a: Magmortar|Psychic|p2a: Bouffalant\n|-damage|p2a: Bouffalant|0 fnt\n|faint|p2a: Bouffalant\n|\n|upkeep\n|\n|t:|1685114082\n|switch|p2a: Mew|Mew, L80|177/291\n|turn|16\n|\n|t:|1685114089\n|move|p2a: Mew|Psychic Fangs|p1a: Magmortar\n|-damage|p1a: Magmortar|112/269\n|move|p1a: Magmortar|Fire Blast|p2a: Mew\n|-damage|p2a: Mew|39/291\n|\n|upkeep\n|turn|17\n|c| ArkenCiel|what round is this\n|c|\u2606Bka Onon|1\n|\n|t:|1685114101\n|move|p2a: Mew|Psychic Fangs|p1a: Magmortar\n|-damage|p1a: Magmortar|0 fnt\n|faint|p1a: Magmortar\n|\n|upkeep\n|\n|t:|1685114106\n|switch|p1a: Dracozolt|Dracozolt, L78|236/268\n|turn|18\n|\n|t:|1685114133\n|-start|p1a: Dracozolt|Dynamax|\n|-heal|p1a: Dracozolt|472/536|[silent]\n|move|p2a: Mew|Psychic Fangs|p1a: Dracozolt\n|-damage|p1a: Dracozolt|340/536\n|move|p1a: Dracozolt|Max Airstream|p2a: Mew\n|-damage|p2a: Mew|0 fnt\n|-boost|p1a: Dracozolt|spe|1\n|faint|p2a: Mew\n|\n|upkeep\n|\n|t:|1685114145\n|switch|p2a: Grapploct|Grapploct, L86, F|278/278\n|turn|19\n|\n|t:|1685114153\n|-start|p2a: Grapploct|Dynamax|\n|-heal|p2a: Grapploct|556/556|[silent]\n|move|p2a: Grapploct|Max Guard|p2a: Grapploct\n|-singleturn|p2a: Grapploct|Max Guard\n|move|p1a: Dracozolt|Max Wyrmwind|p2a: Grapploct\n|-activate|p2a: Grapploct|move: Max Guard\n|\n|upkeep\n|turn|20\n|\n|t:|1685114162\n|move|p1a: Dracozolt|Max Wyrmwind|p2a: Grapploct\n|-damage|p2a: Grapploct|381/556\n|-unboost|p2a: Grapploct|atk|1\n|move|p2a: Grapploct|Max Knuckle|p1a: Dracozolt\n|-damage|p1a: Dracozolt|233/536\n|-boost|p2a: Grapploct|atk|1\n|-damage|p2a: Grapploct|354/556|[from] item: Life Orb\n|\n|upkeep\n|-end|p1a: Dracozolt|Dynamax\n|-heal|p1a: Dracozolt|117/268|[silent]\n|turn|21\n|\n|t:|1685114181\n|move|p1a: Dracozolt|Outrage|p2a: Grapploct\n|-damage|p2a: Grapploct|191/556\n|move|p2a: Grapploct|Max Hailstorm|p1a: Dracozolt\n|-supereffective|p1a: Dracozolt\n|-damage|p1a: Dracozolt|0 fnt\n|-weather|Hail\n|faint|p1a: Dracozolt\n|-damage|p2a: Grapploct|164/556|[from] item: Life Orb\n|\n|win|Bka Onon\n|c|\u2606Miss Novelist|gg\n|c|\u2606Bka Onon|gg\n|c|\u2606Miss Novelist|Ready for g2?\n", "inputlog": ">version 61c68e60481ef09071210320730fc448fef50368\n>start {\"formatid\":\"gen8randombattle\",\"seed\":[36320,40723,42121,30114]}\n>player p1 {\"name\":\"Miss Novelist\",\"avatar\":\"veteranf\",\"rating\":0,\"seed\":[28772,45462,32161,19662]}\n>player p2 {\"name\":\"Bka Onon\",\"avatar\":\"amelia-shuffle\",\"rating\":0,\"seed\":[7370,61159,8888,5140]}\n>chat \u2606Bka Onon|hf\n>chat \u2606Miss Novelist|glhf!\n>p1 move uturn\n>p2 move fireblast\n>chat \u2606Bka Onon|mb\n>p1 switch 5\n>chat \u2606Miss Novelist|Can happen\n>p1 move encore\n>p2 move dracometeor\n>p1 move mirrorcoat\n>p2 move dracometeor\n>p1 move mirrorcoat\n>p2 move dracometeor\n>p2 switch 3\n>p1 move counter\n>p2 move megahorn\n>p1 switch 5\n>p1 move closecombat\n>p2 move megahorn\n>p1 switch 3\n>p1 move curse\n>p2 switch 2\n>p1 move stoneedge\n>p2 move psychicfangs\n>p1 switch 2\n>p1 move boltbeak\n>p2 switch 6\n>p1 move boltbeak\n>p2 move stealthrock\n>p2 switch 5\n>p1 switch 4\n>p2 move hypervoice\n>p1 move recover\n>p2 switch 2\n>p1 move calmmind\n>p2 move headcharge\n>p1 move dazzlinggleam\n>p2 move headcharge\n>p1 switch 6\n>p1 move psychic\n>p2 move headcharge\n>p2 switch 6\n>p1 move fireblast\n>p2 move psychicfangs\n>chat  ArkenCiel|what round is this\n>chat \u2606Bka Onon|1\n>p1 move fireblast\n>p2 move psychicfangs\n>p1 switch 4\n>p1 move aerialace dynamax\n>p2 move psychicfangs\n>p2 switch 4\n>p1 move outrage dynamax\n>p2 move bulkup dynamax\n>p1 move outrage dynamax\n>p2 move drainpunch dynamax\n>p1 move outrage\n>p2 move icepunch dynamax", "uploadtime": 1685114192, "views": 6, "p1id": "missnovelist", "p2id": "bkaonon", "formatid": "gen8randombattle", "rating": 0, "private": 0, "password": ""}