{"id": "gen8randombattle-1872976900", "p1": "Bellossom01", "p2": "fujitive", "format": "[Gen 8] Random Battle", "log": "|j|\u2606Bellossom01\n|j|\u2606fujitive\n|t:|1685307719\n|gametype|singles\n|player|p1|Bellossom01|erika|\n|player|p2|fujitive|unknown|\n|teamsize|p1|6\n|teamsize|p2|6\n|gen|8\n|tier|[Gen 8] Random Battle\n|rule|Species Clause: Limit one of each Pok\u00e9mon\n|rule|HP Percentage Mod: HP is shown in percentages\n|rule|Sleep Clause Mod: Limit one foe put to sleep\n|\n|t:|1685307719\n|start\n|switch|p1a: Darmanitan|Darmanitan, L80, F|299/299\n|switch|p2a: Flapple|Flapple, L84, F|255/255\n|turn|1\n|c|\u2606Bellossom01|here we go\n|c|\u2606fujitive|glhf\n|inactive|Battle timer is ON: inactive players will automatically lose when time's up. (requested by Bellossom01)\n|c|\u2606Bellossom01|u2\n|\n|t:|1685307758\n|switch|p2a: Weezing|Weezing, L86, F|252/252\n|move|p1a: Darmanitan|U-turn|p2a: Weezing\n|-resisted|p2a: Weezing\n|-damage|p2a: Weezing|222/252\n|-damage|p1a: Darmanitan|270/299|[from] item: Life Orb\n|\n|t:|1685307774\n|switch|p1a: Scizor|Scizor, L80, M|243/243|[from] U-turn\n|\n|-heal|p2a: Weezing|237/252|[from] item: Black Sludge\n|upkeep\n|turn|2\n|\n|t:|1685307782\n|move|p2a: Weezing|Fire Blast|p1a: Scizor\n|-supereffective|p1a: Scizor\n|-damage|p1a: Scizor|0 fnt\n|faint|p1a: Scizor\n|\n|-heal|p2a: Weezing|252/252|[from] item: Black Sludge\n|upkeep\n|\n|t:|1685307796\n|switch|p1a: Darmanitan|Darmanitan, L80, F|270/299\n|turn|3\n|\n|t:|1685307812\n|move|p1a: Darmanitan|Flare Blitz|p2a: Weezing\n|-damage|p2a: Weezing|57/252\n|-damage|p1a: Darmanitan|206/299|[from] Recoil\n|move|p2a: Weezing|Sludge Bomb|p1a: Darmanitan\n|-damage|p1a: Darmanitan|82/299\n|\n|-heal|p2a: Weezing|72/252|[from] item: Black Sludge\n|upkeep\n|turn|4\n|\n|t:|1685307825\n|move|p1a: Darmanitan|Rock Slide|p2a: Weezing\n|-damage|p2a: Weezing|0 fnt\n|faint|p2a: Weezing\n|\n|upkeep\n|\n|t:|1685307828\n|switch|p2a: Electivire|Electivire, L82, F|257/257\n|turn|5\n|\n|t:|1685307832\n|move|p2a: Electivire|Volt Switch|p1a: Darmanitan\n|-damage|p1a: Darmanitan|0 fnt\n|faint|p1a: Darmanitan\n|-damage|p2a: Electivire|232/257|[from] item: Life Orb\n|\n|t:|1685307839\n|switch|p2a: Flapple|Flapple, L84, F|255/255|[from] Volt Switch\n|\n|upkeep\n|\n|t:|1685307851\n|switch|p1a: Bisharp|Bisharp, L80, F|235/235\n|turn|6\n|\n|t:|1685307877\n|switch|p2a: Passimian|Passimian, L82, M|298/298\n|move|p1a: Bisharp|Knock Off|p2a: Passimian\n|-resisted|p2a: Passimian\n|-damage|p2a: Passimian|224/298\n|-enditem|p2a: Passimian|Choice Scarf|[from] move: Knock Off|[of] p1a: Bisharp\n|-damage|p1a: Bisharp|212/235|[from] item: Life Orb\n|\n|upkeep\n|turn|7\n|\n|t:|1685307889\n|switch|p1a: Amoonguss|Amoonguss, L84, M|329/329\n|move|p2a: Passimian|Close Combat|p1a: Amoonguss\n|-resisted|p1a: Amoonguss\n|-damage|p1a: Amoonguss|242/329\n|-unboost|p2a: Passimian|def|1\n|-unboost|p2a: Passimian|spd|1\n|\n|-heal|p1a: Amoonguss|262/329|[from] item: Black Sludge\n|upkeep\n|turn|8\n|\n|t:|1685307902\n|move|p2a: Passimian|U-turn|p1a: Amoonguss\n|-damage|p1a: Amoonguss|195/329\n|\n|t:|1685307904\n|switch|p2a: Flapple|Flapple, L84, F|255/255|[from] U-turn\n|move|p1a: Amoonguss|Spore|p2a: Flapple\n|-immune|p2a: Flapple\n|\n|-heal|p1a: Amoonguss|215/329|[from] item: Black Sludge\n|upkeep\n|turn|9\n|\n|t:|1685307913\n|move|p2a: Flapple|Outrage|p1a: Amoonguss\n|-damage|p1a: Amoonguss|0 fnt\n|faint|p1a: Amoonguss\n|\n|upkeep\n|\n|t:|1685307918\n|switch|p1a: Dedenne|Dedenne, L87, M|258/258\n|turn|10\n|\n|t:|1685307925\n|move|p1a: Dedenne|Toxic|p2a: Flapple\n|-status|p2a: Flapple|tox\n|move|p2a: Flapple|Outrage|p1a: Dedenne|[from]lockedmove\n|-immune|p1a: Dedenne\n|\n|-damage|p2a: Flapple|240/255 tox|[from] psn\n|upkeep\n|turn|11\n|\n|t:|1685307935\n|move|p1a: Dedenne|Thunderbolt|p2a: Flapple\n|-resisted|p2a: Flapple\n|-damage|p2a: Flapple|211/255 tox\n|move|p2a: Flapple|Grav Apple|p1a: Dedenne\n|-damage|p1a: Dedenne|71/258\n|-unboost|p1a: Dedenne|def|1\n|-enditem|p1a: Dedenne|Sitrus Berry|[eat]\n|-heal|p1a: Dedenne|135/258|[from] item: Sitrus Berry\n|-heal|p1a: Dedenne|221/258|[from] ability: Cheek Pouch\n|\n|-damage|p2a: Flapple|181/255 tox|[from] psn\n|upkeep\n|turn|12\n|\n|t:|1685307952\n|switch|p1a: Bisharp|Bisharp, L80, F|212/235\n|move|p2a: Flapple|Grav Apple|p1a: Bisharp\n|-resisted|p1a: Bisharp\n|-damage|p1a: Bisharp|140/235\n|-unboost|p1a: Bisharp|def|1\n|-ability|p1a: Bisharp|Defiant|boost\n|-boost|p1a: Bisharp|atk|2\n|\n|-damage|p2a: Flapple|136/255 tox|[from] psn\n|upkeep\n|turn|13\n|\n|t:|1685307971\n|-start|p1a: Bisharp|Dynamax|\n|-heal|p1a: Bisharp|280/470|[silent]\n|move|p2a: Flapple|Outrage|p1a: Bisharp\n|-resisted|p1a: Bisharp\n|-damage|p1a: Bisharp|140/470\n|move|p1a: Bisharp|Max Steelspike|p2a: Flapple\n|-crit|p2a: Flapple\n|-damage|p2a: Flapple|0 fnt\n|-boost|p1a: Bisharp|def|1\n|faint|p2a: Flapple\n|-damage|p1a: Bisharp|117/470|[from] item: Life Orb\n|\n|upkeep\n|\n|t:|1685307976\n|switch|p2a: Passimian|Passimian, L82, M|224/298\n|turn|14\n|\n|t:|1685307985\n|move|p1a: Bisharp|Max Guard|p1a: Bisharp\n|-singleturn|p1a: Bisharp|Max Guard\n|move|p2a: Passimian|Close Combat|p1a: Bisharp\n|-activate|p1a: Bisharp|move: Max Guard\n|\n|upkeep\n|turn|15\n|\n|t:|1685307991\n|-end|p1a: Bisharp|Dynamax\n|-heal|p1a: Bisharp|59/235|[silent]\n|switch|p1a: Miltank|Miltank, L84, F|297/297\n|move|p2a: Passimian|Close Combat|p1a: Miltank\n|-supereffective|p1a: Miltank\n|-damage|p1a: Miltank|63/297\n|-unboost|p2a: Passimian|def|1\n|-unboost|p2a: Passimian|spd|1\n|\n|-heal|p1a: Miltank|81/297|[from] item: Leftovers\n|upkeep\n|turn|16\n|\n|t:|1685308004\n|switch|p2a: Electivire|Electivire, L82, F|232/257\n|move|p1a: Miltank|Body Slam|p2a: Electivire\n|-damage|p2a: Electivire|126/257\n|\n|-heal|p1a: Miltank|99/297|[from] item: Leftovers\n|upkeep\n|turn|17\n|\n|t:|1685308015\n|switch|p1a: Dedenne|Dedenne, L87, M|221/258\n|move|p2a: Electivire|Cross Chop|p1a: Dedenne\n|-resisted|p1a: Dedenne\n|-damage|p1a: Dedenne|156/258\n|-damage|p2a: Electivire|101/257|[from] item: Life Orb\n|\n|upkeep\n|turn|18\n|\n|t:|1685308026\n|move|p1a: Dedenne|Recycle|p1a: Dedenne\n|-item|p1a: Dedenne|Sitrus Berry|[from] move: Recycle\n|move|p2a: Electivire|Flamethrower|p1a: Dedenne\n|-damage|p1a: Dedenne|72/258\n|-enditem|p1a: Dedenne|Sitrus Berry|[eat]\n|-heal|p1a: Dedenne|136/258|[from] item: Sitrus Berry\n|-heal|p1a: Dedenne|222/258|[from] ability: Cheek Pouch\n|-damage|p2a: Electivire|76/257|[from] item: Life Orb\n|\n|upkeep\n|turn|19\n|\n|t:|1685308041\n|move|p1a: Dedenne|Toxic|p2a: Electivire\n|-status|p2a: Electivire|tox\n|move|p2a: Electivire|Volt Switch|p1a: Dedenne\n|-resisted|p1a: Dedenne\n|-damage|p1a: Dedenne|169/258\n|-damage|p2a: Electivire|51/257 tox|[from] item: Life Orb\n|\n|t:|1685308043\n|switch|p2a: Aromatisse|Aromatisse, L88, F|321/321|[from] Volt Switch\n|\n|upkeep\n|turn|20\n|\n|t:|1685308053\n|move|p1a: Dedenne|Toxic|p2a: Aromatisse|[miss]\n|-miss|p1a: Dedenne|p2a: Aromatisse\n|move|p2a: Aromatisse|Moonblast|p1a: Dedenne\n|-crit|p1a: Dedenne\n|-damage|p1a: Dedenne|0 fnt\n|faint|p1a: Dedenne\n|\n|upkeep\n|\n|t:|1685308060\n|switch|p1a: Miltank|Miltank, L84, F|99/297\n|turn|21\n|\n|t:|1685308068\n|move|p1a: Miltank|Milk Drink|p1a: Miltank\n|-heal|p1a: Miltank|248/297\n|move|p2a: Aromatisse|Calm Mind|p2a: Aromatisse\n|-boost|p2a: Aromatisse|spa|1\n|-boost|p2a: Aromatisse|spd|1\n|\n|-heal|p1a: Miltank|266/297|[from] item: Leftovers\n|upkeep\n|turn|22\n|\n|t:|1685308082\n|move|p1a: Miltank|Body Slam|p2a: Aromatisse\n|-damage|p2a: Aromatisse|234/321\n|move|p2a: Aromatisse|Moonblast|p1a: Miltank\n|-damage|p1a: Miltank|82/297\n|\n|-heal|p1a: Miltank|100/297|[from] item: Leftovers\n|-heal|p2a: Aromatisse|254/321|[from] item: Leftovers\n|upkeep\n|turn|23\n|\n|t:|1685308094\n|move|p1a: Miltank|Body Slam|p2a: Aromatisse\n|-damage|p2a: Aromatisse|173/321\n|move|p2a: Aromatisse|Moonblast|p1a: Miltank\n|-damage|p1a: Miltank|0 fnt\n|faint|p1a: Miltank\n|\n|-heal|p2a: Aromatisse|193/321|[from] item: Leftovers\n|upkeep\n|\n|t:|1685308102\n|switch|p1a: Bisharp|Bisharp, L80, F|59/235\n|turn|24\n|c|\u2606Bellossom01|well not a good start but gg\n|\n|t:|1685308116\n|move|p1a: Bisharp|Iron Head|p2a: Aromatisse\n|-supereffective|p2a: Aromatisse\n|-damage|p2a: Aromatisse|0 fnt\n|faint|p2a: Aromatisse\n|-damage|p1a: Bisharp|36/235|[from] item: Life Orb\n|\n|upkeep\n|\n|t:|1685308122\n|switch|p2a: Passimian|Passimian, L82, M|224/298\n|turn|25\n|\n|t:|1685308126\n|move|p1a: Bisharp|Sucker Punch|p2a: Passimian\n|-resisted|p2a: Passimian\n|-damage|p2a: Passimian|169/298\n|-damage|p1a: Bisharp|13/235|[from] item: Life Orb\n|move|p2a: Passimian|Close Combat|p1a: Bisharp\n|-supereffective|p1a: Bisharp\n|-damage|p1a: Bisharp|0 fnt\n|-unboost|p2a: Passimian|def|1\n|-unboost|p2a: Passimian|spd|1\n|faint|p1a: Bisharp\n|\n|win|fujitive\n|c|\u2606Bellossom01|gg\n|c|\u2606fujitive|Gg\n|l|\u2606Bellossom01\n", "inputlog": ">version d74822bbc74c095aa312053f7034baee3068d99e\n>start {\"formatid\":\"gen8randombattle\",\"seed\":[38420,20428,2506,43649]}\n>player p1 {\"name\":\"Bellossom01\",\"avatar\":\"erika\",\"rating\":0,\"seed\":[3370,60754,47423,52644]}\n>player p2 {\"name\":\"fujitive\",\"avatar\":\"unknown\",\"rating\":0,\"seed\":[7242,3398,2741,52603]}\n>chat \u2606Bellossom01|here we go \n>chat \u2606fujitive|glhf\n>chat \u2606Bellossom01|u2\n>p1 move uturn\n>p2 switch 6\n>p1 switch 6\n>p1 move swordsdance\n>p2 move fireblast\n>p1 switch 6\n>p1 move flareblitz\n>p2 move sludgebomb\n>p1 move rockslide\n>p2 move sludgebomb\n>p2 switch 5\n>p1 move earthquake\n>p2 move voltswitch\n>p2 switch 6\n>p1 switch 2\n>p1 move knockoff\n>p2 switch 4\n>p1 switch 5\n>p2 move closecombat\n>p1 move spore\n>p2 move uturn\n>p2 switch 4\n>p1 move sludgebomb\n>p2 move outrage\n>p1 switch 3\n>p1 move toxic\n>p2 move outrage\n>p1 move thunderbolt\n>p2 move gravapple\n>p1 switch 5\n>p2 move gravapple\n>p1 move ironhead dynamax\n>p2 move outrage\n>p2 switch 4\n>p1 move swordsdance dynamax\n>p2 move closecombat\n>p1 switch 4\n>p2 move closecombat\n>p1 move bodyslam\n>p2 switch 6\n>p1 switch 5\n>p2 move crosschop\n>p1 move recycle\n>p2 move flamethrower\n>p1 move toxic\n>p2 move voltswitch\n>p2 switch 2\n>p1 move toxic\n>p2 move moonblast\n>p1 switch 5\n>p1 move milkdrink\n>p2 move calmmind\n>p1 move bodyslam\n>p2 move moonblast\n>p1 move bodyslam\n>p2 move moonblast\n>p1 switch 4\n>chat \u2606Bellossom01|well not a good start but gg\n>p1 move ironhead\n>p2 move moonblast\n>p2 switch 6\n>p1 move suckerpunch\n>p2 move closecombat", "uploadtime": 1685308743, "views": 6, "p1id": "bellossom01", "p2id": "fujitive", "formatid": "gen8randombattle", "rating": 0, "private": 0, "password": ""}