{"id": "gen8randombattle-1865409897", "p1": "NightFuryCade", "p2": "DG Zero", "format": "[Gen 8] Random Battle", "log": "|j|\u2606NightFuryCade\n|j|\u2606DG Zero\n|t:|1684284440\n|gametype|singles\n|player|p1|NightFuryCade|lady|1133\n|player|p2|DG Zero|veteran|1157\n|teamsize|p1|6\n|teamsize|p2|6\n|gen|8\n|tier|[Gen 8] Random Battle\n|rated|\n|rule|Species Clause: Limit one of each Pok\u00e9mon\n|rule|HP Percentage Mod: HP is shown in percentages\n|rule|Sleep Clause Mod: Limit one foe put to sleep\n|\n|t:|1684284440\n|start\n|switch|p1a: Sudowoodo|Sudowoodo, L87, F|264/264\n|switch|p2a: Morpeko|Morpeko, L86, F|240/240\n|turn|1\n|inactive|Battle timer is ON: inactive players will automatically lose when time's up. (requested by DG Zero)\n|\n|t:|1684284455\n|move|p2a: Morpeko|Parting Shot|p1a: Sudowoodo\n|-unboost|p1a: Sudowoodo|atk|1\n|-unboost|p1a: Sudowoodo|spa|1\n|\n|t:|1684284466\n|switch|p2a: Dragalge|Dragalge, L86, F|252/252|[from] Parting Shot\n|move|p1a: Sudowoodo|Head Smash|p2a: Dragalge\n|-damage|p2a: Dragalge|149/252\n|\n|-heal|p2a: Dragalge|164/252|[from] item: Black Sludge\n|upkeep\n|turn|2\n|inactive|NightFuryCade has 120 seconds left.\n|inactive|NightFuryCade has 90 seconds left.\n|\n|t:|1684284535\n|move|p2a: Dragalge|Toxic Spikes|p1a: Sudowoodo\n|-sidestart|p1: NightFuryCade|move: Toxic Spikes\n|move|p1a: Sudowoodo|Head Smash|p2a: Dragalge\n|-damage|p2a: Dragalge|44/252\n|\n|-heal|p2a: Dragalge|59/252|[from] item: Black Sludge\n|upkeep\n|turn|3\n|inactive|NightFuryCade has 90 seconds left.\n|\n|t:|1684284548\n|move|p2a: Dragalge|Toxic Spikes|p1a: Sudowoodo\n|-sidestart|p1: NightFuryCade|move: Toxic Spikes\n|move|p1a: Sudowoodo|Head Smash|p2a: Dragalge\n|-damage|p2a: Dragalge|0 fnt\n|faint|p2a: Dragalge\n|\n|upkeep\n|\n|t:|1684284554\n|switch|p2a: Slowbro|Slowbro, L84, M|297/297\n|turn|4\n|\n|t:|1684284558\n|move|p1a: Sudowoodo|Wood Hammer|p2a: Slowbro\n|-supereffective|p2a: Slowbro\n|-damage|p2a: Slowbro|199/297\n|move|p2a: Slowbro|Scald|p1a: Sudowoodo\n|-supereffective|p1a: Sudowoodo\n|-crit|p1a: Sudowoodo\n|-damage|p1a: Sudowoodo|0 fnt\n|faint|p1a: Sudowoodo\n|\n|-heal|p2a: Slowbro|217/297|[from] item: Leftovers\n|upkeep\n|inactive|NightFuryCade has 90 seconds left.\n|\n|t:|1684284587\n|switch|p1a: Leafeon|Leafeon, L86, M|252/252\n|-status|p1a: Leafeon|tox\n|turn|5\n|\n|t:|1684284609\n|switch|p2a: Yveltal|Yveltal, L69|288/288\n|-ability|p2a: Yveltal|Dark Aura\n|move|p1a: Leafeon|Swords Dance|p1a: Leafeon\n|-boost|p1a: Leafeon|atk|2\n|\n|-damage|p1a: Leafeon|237/252 tox|[from] psn\n|upkeep\n|turn|6\n|inactive|NightFuryCade has 90 seconds left.\n|\n|t:|1684284633\n|switch|p1a: Mimikyu|Mimikyu, L76, M|209/209\n|-status|p1a: Mimikyu|tox\n|move|p2a: Yveltal|Oblivion Wing|p1a: Mimikyu\n|-activate|p1a: Mimikyu|ability: Disguise\n|-damage|p1a: Mimikyu|209/209 tox\n|detailschange|p1a: Mimikyu|Mimikyu-Busted, L76, M\n|-damage|p1a: Mimikyu|183/209 tox|[from] pokemon: Mimikyu-Busted\n|\n|-damage|p1a: Mimikyu|170/209 tox|[from] psn\n|upkeep\n|turn|7\n|inactive|NightFuryCade has 90 seconds left.\n|\n|t:|1684284646\n|move|p1a: Mimikyu|Swords Dance|p1a: Mimikyu\n|-boost|p1a: Mimikyu|atk|2\n|move|p2a: Yveltal|Knock Off|p1a: Mimikyu\n|-damage|p1a: Mimikyu|38/209 tox\n|-enditem|p1a: Mimikyu|Life Orb|[from] move: Knock Off|[of] p2a: Yveltal\n|\n|-damage|p1a: Mimikyu|12/209 tox|[from] psn\n|upkeep\n|turn|8\n|inactive|DG Zero has 120 seconds left.\n|\n|t:|1684284667\n|move|p1a: Mimikyu|Play Rough|p2a: Yveltal\n|-supereffective|p2a: Yveltal\n|-damage|p2a: Yveltal|0 fnt\n|faint|p2a: Yveltal\n|\n|-damage|p1a: Mimikyu|0 fnt|[from] psn\n|faint|p1a: Mimikyu\n|upkeep\n|\n|t:|1684284685\n|switch|p1a: Leafeon|Leafeon, L86, M|237/252 tox\n|switch|p2a: Abomasnow|Abomasnow, L82, F|282/282\n|-weather|Hail|[from] ability: Snow Warning|[of] p2a: Abomasnow\n|turn|9\n|inactive|NightFuryCade has 90 seconds left.\n|\n|t:|1684284702\n|switch|p1a: Kyogre|Kyogre, L72|263/263\n|-status|p1a: Kyogre|tox\n|-weather|RainDance|[from] ability: Drizzle|[of] p1a: Kyogre\n|move|p2a: Abomasnow|Aurora Veil||[still]\n|-fail|p2a: Abomasnow\n|\n|-weather|RainDance|[upkeep]\n|-damage|p1a: Kyogre|247/263 tox|[from] psn\n|upkeep\n|turn|10\n|inactive|NightFuryCade has 90 seconds left.\n|inactive|DG Zero has 120 seconds left.\n|\n|t:|1684284744\n|switch|p2a: Rotom|Rotom-Fan, L84|221/221\n|move|p1a: Kyogre|Water Spout|p2a: Rotom\n|-damage|p2a: Rotom|25/221\n|\n|-weather|RainDance|[upkeep]\n|-damage|p1a: Kyogre|215/263 tox|[from] psn\n|upkeep\n|turn|11\n|inactive|NightFuryCade has 90 seconds left.\n|\n|t:|1684284753\n|move|p1a: Kyogre|Water Spout|p2a: Rotom\n|-damage|p2a: Rotom|0 fnt\n|faint|p2a: Rotom\n|\n|-weather|RainDance|[upkeep]\n|-damage|p1a: Kyogre|167/263 tox|[from] psn\n|upkeep\n|\n|t:|1684284764\n|switch|p2a: Abomasnow|Abomasnow, L82, F|282/282\n|-weather|Hail|[from] ability: Snow Warning|[of] p2a: Abomasnow\n|turn|12\n|\n|t:|1684284779\n|move|p1a: Kyogre|Water Spout|p2a: Abomasnow\n|-resisted|p2a: Abomasnow\n|-damage|p2a: Abomasnow|231/282\n|move|p2a: Abomasnow|Aurora Veil|p2a: Abomasnow\n|-sidestart|p2: DG Zero|move: Aurora Veil\n|\n|-weather|Hail|[upkeep]\n|-damage|p1a: Kyogre|151/263 tox|[from] Hail\n|-damage|p1a: Kyogre|87/263 tox|[from] psn\n|upkeep\n|turn|13\n|\n|t:|1684284790\n|switch|p1a: Quagsire|Quagsire, L84, F|297/297\n|-status|p1a: Quagsire|tox\n|move|p2a: Abomasnow|Wood Hammer|p1a: Quagsire\n|-supereffective|p1a: Quagsire\n|-damage|p1a: Quagsire|0 fnt\n|faint|p1a: Quagsire\n|-damage|p2a: Abomasnow|133/282|[from] Recoil\n|\n|-weather|Hail|[upkeep]\n|upkeep\n|\n|t:|1684284797\n|switch|p1a: Regidrago|Regidrago, L78|440/440\n|-status|p1a: Regidrago|tox\n|-enditem|p1a: Regidrago|Lum Berry|[eat]\n|-curestatus|p1a: Regidrago|tox|[msg]\n|turn|14\n|inactive|DG Zero has 120 seconds left.\n|\n|t:|1684284810\n|-start|p1a: Regidrago|Dynamax|\n|-heal|p1a: Regidrago|880/880|[silent]\n|move|p1a: Regidrago|Max Flare|p2a: Abomasnow\n|-supereffective|p2a: Abomasnow\n|-damage|p2a: Abomasnow|0 fnt\n|-weather|SunnyDay\n|faint|p2a: Abomasnow\n|\n|-weather|SunnyDay|[upkeep]\n|upkeep\n|\n|t:|1684284821\n|switch|p2a: Slowbro|Slowbro, L84, M|297/297\n|turn|15\n|\n|t:|1684284828\n|-start|p2a: Slowbro|Dynamax|\n|-heal|p2a: Slowbro|594/594|[silent]\n|move|p1a: Regidrago|Max Wyrmwind|p2a: Slowbro\n|-damage|p2a: Slowbro|505/594\n|-unboost|p2a: Slowbro|atk|1\n|move|p2a: Slowbro|Max Hailstorm|p1a: Regidrago\n|-supereffective|p1a: Regidrago\n|-damage|p1a: Regidrago|598/880\n|-weather|Hail\n|\n|-weather|Hail|[upkeep]\n|-damage|p1a: Regidrago|571/880|[from] Hail\n|-damage|p2a: Slowbro|487/594|[from] Hail\n|-heal|p2a: Slowbro|505/594|[from] item: Leftovers\n|upkeep\n|turn|16\n|inactive|NightFuryCade has 120 seconds left.\n|inactive|DG Zero has 120 seconds left.\n|\n|t:|1684284844\n|move|p1a: Regidrago|Max Wyrmwind|p2a: Slowbro\n|-crit|p2a: Slowbro\n|-damage|p2a: Slowbro|256/594\n|-unboost|p2a: Slowbro|atk|1\n|move|p2a: Slowbro|Max Hailstorm|p1a: Regidrago\n|-supereffective|p1a: Regidrago\n|-damage|p1a: Regidrago|289/880\n|\n|-weather|Hail|[upkeep]\n|-damage|p1a: Regidrago|262/880|[from] Hail\n|-damage|p2a: Slowbro|238/594|[from] Hail\n|-heal|p2a: Slowbro|256/594|[from] item: Leftovers\n|upkeep\n|-end|p1a: Regidrago|Dynamax\n|-heal|p1a: Regidrago|131/440|[silent]\n|turn|17\n|inactive|NightFuryCade has 120 seconds left.\n|\n|t:|1684284862\n|move|p1a: Regidrago|Outrage|p2a: Slowbro\n|-damage|p2a: Slowbro|181/594\n|move|p2a: Slowbro|Max Hailstorm|p1a: Regidrago\n|-supereffective|p1a: Regidrago\n|-damage|p1a: Regidrago|0 fnt\n|faint|p1a: Regidrago\n|\n|-weather|Hail|[upkeep]\n|-damage|p2a: Slowbro|163/594|[from] Hail\n|-heal|p2a: Slowbro|181/594|[from] item: Leftovers\n|upkeep\n|inactive|NightFuryCade has 120 seconds left.\n|\n|t:|1684284867\n|switch|p1a: Kyogre|Kyogre, L72|87/263 tox\n|-weather|RainDance|[from] ability: Drizzle|[of] p1a: Kyogre\n|-end|p2a: Slowbro|Dynamax\n|-heal|p2a: Slowbro|91/297|[silent]\n|turn|18\n|\n|t:|1684284878\n|move|p1a: Kyogre|Thunder|p2a: Slowbro\n|-supereffective|p2a: Slowbro\n|-damage|p2a: Slowbro|5/297\n|move|p2a: Slowbro|Slack Off|p2a: Slowbro\n|-heal|p2a: Slowbro|154/297\n|\n|-weather|RainDance|[upkeep]\n|-heal|p2a: Slowbro|172/297|[from] item: Leftovers\n|-damage|p1a: Kyogre|71/263 tox|[from] psn\n|upkeep\n|turn|19\n|\n|t:|1684284890\n|move|p1a: Kyogre|Thunder|p2a: Slowbro\n|-supereffective|p2a: Slowbro\n|-damage|p2a: Slowbro|92/297\n|move|p2a: Slowbro|Teleport|p2a: Slowbro\n|\n|t:|1684284895\n|switch|p2a: Morpeko|Morpeko, L86, F|240/240|[from] Teleport\n|\n|-weather|RainDance|[upkeep]\n|-damage|p1a: Kyogre|39/263 tox|[from] psn\n|-sideend|p2: DG Zero|move: Aurora Veil\n|-formechange|p2a: Morpeko|Morpeko-Hangry||[from] ability: Hunger Switch\n|upkeep\n|turn|20\n|inactive|DG Zero has 120 seconds left.\n|\n|t:|1684284909\n|switch|p1a: Leafeon|Leafeon, L86, M|237/252 tox\n|move|p2a: Morpeko|Aura Wheel|p1a: Leafeon\n|-damage|p1a: Leafeon|146/252 tox\n|-boost|p2a: Morpeko|spe|1\n|\n|-weather|RainDance|[upkeep]\n|-damage|p1a: Leafeon|131/252 tox|[from] psn\n|-formechange|p2a: Morpeko|Morpeko||[from] ability: Hunger Switch\n|upkeep\n|turn|21\n|inactive|DG Zero has 120 seconds left.\n|\n|t:|1684284926\n|move|p2a: Morpeko|Foul Play|p1a: Leafeon\n|-damage|p1a: Leafeon|44/252 tox\n|move|p1a: Leafeon|X-Scissor|p2a: Morpeko\n|-supereffective|p2a: Morpeko\n|-damage|p2a: Morpeko|11/240\n|-damage|p1a: Leafeon|19/252 tox|[from] item: Life Orb\n|\n|-weather|RainDance|[upkeep]\n|-damage|p1a: Leafeon|0 fnt|[from] psn\n|faint|p1a: Leafeon\n|-formechange|p2a: Morpeko|Morpeko-Hangry||[from] ability: Hunger Switch\n|upkeep\n|\n|t:|1684284933\n|switch|p1a: Kyogre|Kyogre, L72|39/263 tox\n|turn|22\n|inactive|DG Zero has 120 seconds left.\n|\n|t:|1684284940\n|move|p2a: Morpeko|Aura Wheel|p1a: Kyogre\n|-damage|p1a: Kyogre|0 fnt\n|-boost|p2a: Morpeko|spe|1\n|faint|p1a: Kyogre\n|\n|win|DG Zero\n|raw|NightFuryCade's rating: 1133 &rarr; <strong>1110</strong><br />(-23 for losing)\n|raw|DG Zero's rating: 1157 &rarr; <strong>1180</strong><br />(+23 for winning)\n|l|\u2606NightFuryCade\n|c|\u2606DG Zero|gg\n", "inputlog": ">version 3f967b429d9dd76d8eb692efdd7dfe9038092d20\n>start {\"formatid\":\"gen8randombattle\",\"seed\":[3623,10518,3247,54435],\"rated\":\"Rated battle\"}\n>player p1 {\"name\":\"NightFuryCade\",\"avatar\":\"lady\",\"rating\":1133,\"seed\":[53789,14712,55086,5367]}\n>player p2 {\"name\":\"DG Zero\",\"avatar\":\"veteran\",\"rating\":1157,\"seed\":[34946,229,49426,64831]}\n>p1 move headsmash\n>p2 move partingshot\n>p2 switch 2\n>p1 move headsmash\n>p2 move toxicspikes\n>p1 move headsmash\n>p2 move toxicspikes\n>p2 switch 6\n>p1 move woodhammer\n>p2 move scald\n>p1 switch 2\n>p1 move swordsdance\n>p2 switch 3\n>p1 switch 6\n>p2 move oblivionwing\n>p1 move swordsdance\n>p2 move knockoff\n>p1 move playrough\n>p2 move roost\n>p1 switch 6\n>p2 switch 4\n>p1 switch 4\n>p2 move auroraveil\n>p1 move waterspout\n>p2 switch 5\n>p1 move waterspout\n>p2 move thunderbolt\n>p2 switch 5\n>p1 move waterspout\n>p2 move auroraveil\n>p1 switch 3\n>p2 move woodhammer\n>p1 switch 5\n>p1 move firefang dynamax\n>p2 move blizzard\n>p2 switch 3\n>p1 move outrage dynamax\n>p2 move icebeam dynamax\n>p1 move outrage dynamax\n>p2 move icebeam dynamax\n>p1 move outrage\n>p2 move icebeam dynamax\n>p1 switch 3\n>p1 move thunder\n>p2 move slackoff\n>p1 move thunder\n>p2 move teleport\n>p2 switch 2\n>p1 switch 4\n>p2 move aurawheel\n>p1 move xscissor\n>p2 move foulplay\n>p1 switch 4\n>p1 move thunder\n>p2 move aurawheel", "uploadtime": 1684284948, "views": 6, "p1id": "nightfurycade", "p2id": "dgzero", "formatid": "gen8randombattle", "rating": 1110, "private": 0, "password": ""}