{"id": "gen8randombattle-1565254732", "p1": "KingZuko", "p2": "Referrals", "format": "[Gen 8] Random Battle", "log": "|j|\u2606KingZuko\n|j|\u2606Referrals\n|t:|1651407572\n|gametype|singles\n|player|p1|KingZuko|cynthia|2409\n|player|p2|Referrals|mai|2425\n|teamsize|p1|6\n|teamsize|p2|6\n|gen|8\n|tier|[Gen 8] Random Battle\n|rated|\n|rule|Species Clause: Limit one of each Pok\u00e9mon\n|rule|HP Percentage Mod: HP is shown in percentages\n|rule|Sleep Clause Mod: Limit one foe put to sleep\n|\n|t:|1651407572\n|start\n|switch|p1a: Dracovish|Dracovish, L80|275/275\n|switch|p2a: Landorus|Landorus-Therian, L72, M|247/247\n|-ability|p2a: Landorus|Intimidate|boost\n|-unboost|p1a: Dracovish|atk|1\n|turn|1\n|j| JJ09LIE\n|j| 35Q71N\n|c|\u2606KingZuko|oh baby\n|c| 35Q71N|Again?\n|c| JJ09LIE|Fat\n|c|\u2606KingZuko|hf\n|j| OiiiiiiiiiO\n|\n|t:|1651407594\n|switch|p2a: Cresselia|Cresselia, L80, F|323/323\n|switch|p1a: Heracross|Heracross, L82, F|265/265\n|\n|-status|p1a: Heracross|brn|[from] item: Flame Orb\n|upkeep\n|turn|2\n|\n|t:|1651407658\n|move|p1a: Heracross|Megahorn|p2a: Cresselia|[miss]\n|-miss|p1a: Heracross|p2a: Cresselia\n|move|p2a: Cresselia|Moonblast|p1a: Heracross\n|-supereffective|p1a: Heracross\n|-damage|p1a: Heracross|165/265 brn\n|\n|-damage|p1a: Heracross|149/265 brn|[from] brn\n|upkeep\n|turn|3\n|c|\u2606KingZuko|nice\n|c| JJ09LIE|rip\n|c|\u2606Referrals|oh forgot to say hf back sorry\n|l| JJ09LIE\n|c|\u2606KingZuko|no worries\n|c|\u2606Referrals|and srry bout that too lol\n|c|\u2606KingZuko|all good\n|c| 35Q71N|You didn't forget\n|c| 35Q71N|You knew he wasn't getting luck lol\n|c|\u2606Referrals|im multi-tasking i swear\n|j| JJ09LIE\n|\n|t:|1651407718\n|switch|p2a: Marshadow|Marshadow, L70|242/242\n|move|p1a: Heracross|Megahorn|p2a: Marshadow|[miss]\n|-miss|p1a: Heracross|p2a: Marshadow\n|\n|-damage|p1a: Heracross|133/265 brn|[from] brn\n|upkeep\n|turn|4\n|c| JJ09LIE|lol\n|c| 35Q71N|Blindest bug of them all\n|c| JJ09LIE|literally gets lucky only against friends\n|\n|t:|1651407749\n|switch|p1a: Ninjask|Ninjask, L86, M|245/245\n|move|p2a: Marshadow|Bulk Up|p2a: Marshadow\n|-boost|p2a: Marshadow|atk|1\n|-boost|p2a: Marshadow|def|1\n|\n|upkeep\n|turn|5\n|c|\u2606Referrals|that is true lmao\n|c| 35Q71N|Oh, I know it too well\n|\n|t:|1651407758\n|move|p1a: Ninjask|Acrobatics|p2a: Marshadow\n|-supereffective|p2a: Marshadow\n|-damage|p2a: Marshadow|38/242\n|move|p2a: Marshadow|Spectral Thief|p1a: Ninjask\n|-damage|p1a: Ninjask|11/245\n|-damage|p2a: Marshadow|14/242|[from] item: Life Orb\n|\n|-ability|p1a: Ninjask|Speed Boost|boost\n|-boost|p1a: Ninjask|spe|1\n|upkeep\n|turn|6\n|c| 35Q71N|My bad, I wrote the wrong sentence\n|\n|t:|1651407776\n|move|p2a: Marshadow|Shadow Sneak|p1a: Ninjask\n|-damage|p1a: Ninjask|0 fnt\n|faint|p1a: Ninjask\n|-damage|p2a: Marshadow|0 fnt|[from] item: Life Orb\n|faint|p2a: Marshadow\n|\n|upkeep\n|\n|t:|1651407793\n|switch|p1a: Seismitoad|Seismitoad, L84, M|314/314\n|switch|p2a: Cresselia|Cresselia, L80, F|323/323\n|turn|7\n|\n|t:|1651407800\n|move|p2a: Cresselia|Calm Mind|p2a: Cresselia\n|-boost|p2a: Cresselia|spa|1\n|-boost|p2a: Cresselia|spd|1\n|move|p1a: Seismitoad|Stealth Rock|p2a: Cresselia\n|-sidestart|p2: Referrals|move: Stealth Rock\n|\n|upkeep\n|turn|8\n|\n|t:|1651407812\n|switch|p1a: Excadrill|Excadrill, L78, M|300/300\n|-ability|p1a: Excadrill|Mold Breaker\n|move|p2a: Cresselia|Psyshock|p1a: Excadrill\n|-resisted|p1a: Excadrill\n|-damage|p1a: Excadrill|227/300\n|\n|-heal|p1a: Excadrill|245/300|[from] item: Leftovers\n|upkeep\n|turn|9\n|c|\u2606Referrals|i dont like this\n|\n|t:|1651407848\n|switch|p2a: Landorus|Landorus-Therian, L72, M|247/247\n|-damage|p2a: Landorus|217/247|[from] Stealth Rock\n|-ability|p2a: Landorus|Intimidate|boost\n|-unboost|p1a: Excadrill|atk|1\n|move|p1a: Excadrill|Swords Dance|p1a: Excadrill\n|-boost|p1a: Excadrill|atk|2\n|\n|-heal|p1a: Excadrill|263/300|[from] item: Leftovers\n|upkeep\n|turn|10\n|j| IOwOI\n|\n|t:|1651407879\n|switch|p1a: Sigilyph|Sigilyph, L83, M|255/255\n|move|p2a: Landorus|Earthquake|p1a: Sigilyph\n|-immune|p1a: Sigilyph\n|\n|upkeep\n|turn|11\n|\n|t:|1651407886\n|switch|p2a: Lunatone|Lunatone, L86|295/295\n|-damage|p2a: Lunatone|259/295|[from] Stealth Rock\n|move|p1a: Sigilyph|Air Slash|p2a: Lunatone\n|-resisted|p2a: Lunatone\n|-damage|p2a: Lunatone|210/295\n|\n|upkeep\n|turn|12\n|\n|t:|1651407901\n|move|p1a: Sigilyph|Energy Ball|p2a: Lunatone\n|-supereffective|p2a: Lunatone\n|-crit|p2a: Lunatone\n|-damage|p2a: Lunatone|0 fnt\n|faint|p2a: Lunatone\n|\n|upkeep\n|c|\u2606KingZuko|oof\n|\n|t:|1651407905\n|switch|p2a: Polteageist|Polteageist, L78|222/222\n|-damage|p2a: Polteageist|195/222|[from] Stealth Rock\n|turn|13\n|c|\u2606KingZuko|oi\n|\n|t:|1651407918\n|-start|p1a: Sigilyph|Dynamax|\n|-heal|p1a: Sigilyph|510/510|[silent]\n|move|p1a: Sigilyph|Max Airstream|p2a: Polteageist\n|-damage|p2a: Polteageist|18/222\n|-boost|p1a: Sigilyph|spe|1\n|move|p2a: Polteageist|Shell Smash|p2a: Polteageist\n|-unboost|p2a: Polteageist|def|1\n|-unboost|p2a: Polteageist|spd|1\n|-boost|p2a: Polteageist|atk|2\n|-boost|p2a: Polteageist|spa|2\n|-boost|p2a: Polteageist|spe|2\n|-enditem|p2a: Polteageist|White Herb\n|-clearnegativeboost|p2a: Polteageist|[silent]\n|\n|upkeep\n|turn|14\n|\n|t:|1651407924\n|move|p1a: Sigilyph|Max Airstream|p2a: Polteageist\n|-crit|p2a: Polteageist\n|-damage|p2a: Polteageist|0 fnt\n|-boost|p1a: Sigilyph|spe|1\n|faint|p2a: Polteageist\n|\n|upkeep\n|\n|t:|1651407926\n|switch|p2a: Cresselia|Cresselia, L80, F|323/323\n|-damage|p2a: Cresselia|283/323|[from] Stealth Rock\n|turn|15\n|c|\u2606KingZuko|had to be done\n|c|\u2606Referrals|fair\n|\n|t:|1651407947\n|-end|p1a: Sigilyph|Dynamax\n|-heal|p1a: Sigilyph|255/255|[silent]\n|switch|p1a: Heracross|Heracross, L82, F|133/265 brn\n|move|p2a: Cresselia|Calm Mind|p2a: Cresselia\n|-boost|p2a: Cresselia|spa|1\n|-boost|p2a: Cresselia|spd|1\n|\n|-heal|p2a: Cresselia|303/323|[from] item: Leftovers\n|-damage|p1a: Heracross|117/265 brn|[from] brn\n|upkeep\n|turn|16\n|c|\u2606KingZuko|dude\n|c|\u2606KingZuko|im having deja vu\n|\n|t:|1651407967\n|-start|p2a: Cresselia|Dynamax|\n|-heal|p2a: Cresselia|606/646|[silent]\n|move|p1a: Heracross|Megahorn|p2a: Cresselia|[miss]\n|-miss|p1a: Heracross|p2a: Cresselia\n|move|p2a: Cresselia|Max Mindstorm|p1a: Heracross\n|-supereffective|p1a: Heracross\n|-damage|p1a: Heracross|0 fnt\n|-fieldstart|move: Psychic Terrain\n|faint|p1a: Heracross\n|\n|-heal|p2a: Cresselia|626/646|[from] item: Leftovers\n|upkeep\n|c|\u2606KingZuko|ok\n|c|\u2606KingZuko|cursed\n|c|\u2606KingZuko|ill say it\n|c| 35Q71N|I'm desperately trying not to laugh\n|\n|t:|1651408031\n|switch|p1a: Seismitoad|Seismitoad, L84, M|314/314\n|turn|17\n|c|\u2606KingZuko|gdi fran\n|c|\u2606KingZuko|loll\n|\n|t:|1651408053\n|move|p2a: Cresselia|Max Mindstorm|p1a: Seismitoad\n|-damage|p1a: Seismitoad|140/314\n|move|p1a: Seismitoad|Rain Dance|p1a: Seismitoad\n|-weather|RainDance\n|\n|-weather|RainDance|[upkeep]\n|-heal|p2a: Cresselia|646/646|[from] item: Leftovers\n|upkeep\n|turn|18\n|\n|t:|1651408071\n|move|p1a: Seismitoad|Liquidation|p2a: Cresselia\n|-damage|p2a: Cresselia|506/646\n|-damage|p1a: Seismitoad|109/314|[from] item: Life Orb\n|move|p2a: Cresselia|Max Mindstorm|p1a: Seismitoad\n|-damage|p1a: Seismitoad|0 fnt\n|faint|p1a: Seismitoad\n|\n|-weather|RainDance|[upkeep]\n|-heal|p2a: Cresselia|526/646|[from] item: Leftovers\n|upkeep\n|\n|t:|1651408076\n|switch|p1a: Excadrill|Excadrill, L78, M|263/300\n|-ability|p1a: Excadrill|Mold Breaker\n|-end|p2a: Cresselia|Dynamax\n|-heal|p2a: Cresselia|263/323|[silent]\n|turn|19\n|\n|t:|1651408097\n|switch|p2a: Landorus|Landorus-Therian, L72, M|217/247\n|-damage|p2a: Landorus|187/247|[from] Stealth Rock\n|-ability|p2a: Landorus|Intimidate|boost\n|-unboost|p1a: Excadrill|atk|1\n|move|p1a: Excadrill|Iron Head|p2a: Landorus\n|-damage|p2a: Landorus|109/247\n|\n|-weather|RainDance|[upkeep]\n|-heal|p1a: Excadrill|281/300|[from] item: Leftovers\n|upkeep\n|turn|20\n|\n|t:|1651408106\n|switch|p1a: Sigilyph|Sigilyph, L83, M|255/255\n|move|p2a: Landorus|Stone Edge|p1a: Sigilyph\n|-supereffective|p1a: Sigilyph\n|-damage|p1a: Sigilyph|55/255\n|-damage|p2a: Landorus|85/247|[from] item: Life Orb\n|\n|-weather|RainDance|[upkeep]\n|-fieldend|move: Psychic Terrain\n|upkeep\n|turn|21\n|\n|t:|1651408112\n|switch|p2a: Cresselia|Cresselia, L80, F|263/323\n|-damage|p2a: Cresselia|223/323|[from] Stealth Rock\n|move|p1a: Sigilyph|Air Slash|p2a: Cresselia\n|-damage|p2a: Cresselia|136/323\n|\n|-weather|none\n|-heal|p2a: Cresselia|156/323|[from] item: Leftovers\n|upkeep\n|turn|22\n|\n|t:|1651408116\n|move|p1a: Sigilyph|Air Slash|p2a: Cresselia\n|-damage|p2a: Cresselia|69/323\n|move|p2a: Cresselia|Moonblast|p1a: Sigilyph\n|-damage|p1a: Sigilyph|2/255\n|\n|-heal|p2a: Cresselia|89/323|[from] item: Leftovers\n|upkeep\n|turn|23\n|c|\u2606Referrals|misclick omg\n|\n|t:|1651408124\n|switch|p1a: Excadrill|Excadrill, L78, M|281/300\n|-ability|p1a: Excadrill|Mold Breaker\n|move|p2a: Cresselia|Moonlight|p2a: Cresselia\n|-heal|p2a: Cresselia|250/323\n|\n|-heal|p2a: Cresselia|270/323|[from] item: Leftovers\n|-heal|p1a: Excadrill|299/300|[from] item: Leftovers\n|upkeep\n|turn|24\n|\n|t:|1651408132\n|switch|p2a: Landorus|Landorus-Therian, L72, M|85/247\n|-damage|p2a: Landorus|55/247|[from] Stealth Rock\n|-ability|p2a: Landorus|Intimidate|boost\n|-unboost|p1a: Excadrill|atk|1\n|move|p1a: Excadrill|Swords Dance|p1a: Excadrill\n|-boost|p1a: Excadrill|atk|2\n|\n|-heal|p1a: Excadrill|300/300|[from] item: Leftovers\n|upkeep\n|turn|25\n|c|\u2606KingZuko|really fk\n|\n|t:|1651408144\n|move|p1a: Excadrill|Rapid Spin|p2a: Landorus\n|-damage|p2a: Landorus|0 fnt\n|-boost|p1a: Excadrill|spe|1\n|faint|p2a: Landorus\n|\n|upkeep\n|\n|t:|1651408154\n|switch|p2a: Whiscash|Whiscash, L86, M|329/329\n|-damage|p2a: Whiscash|309/329|[from] Stealth Rock\n|turn|26\n|c| OiiiiiiiiiO|Is choice scarf banned for dracowish?\n|\n|t:|1651408180\n|switch|p1a: Dracovish|Dracovish, L80|275/275\n|move|p2a: Whiscash|Earthquake|p1a: Dracovish\n|-damage|p1a: Dracovish|165/275\n|-damage|p2a: Whiscash|277/329|[from] item: Life Orb\n|\n|upkeep\n|turn|27\n|c| JJ09LIE|Oh\n|c| JJ09LIE|no\n|c| 35Q71N|I never saw a Scarf Draco here in the last months\n|c| JJ09LIE|There\u2019s no scarf\n|c|\u2606KingZuko|ive never seen one\n|c| JJ09LIE|only band\n|c|\u2606KingZuko|they're all banded in rands\n|c|\u2606Referrals|only difference is abilities\n|c| OiiiiiiiiiO|Oh, ok. Won't to be great for ficious rend?\n|c|\u2606Referrals|shoulda predicted the max but i cant focus lol\n|c|\u2606Referrals|gg\n|\n|t:|1651408241\n|move|p1a: Dracovish|Fishious Rend|p2a: Whiscash\n|-crit|p2a: Whiscash\n|-damage|p2a: Whiscash|0 fnt\n|faint|p2a: Whiscash\n|\n|upkeep\n|\n|t:|1651408243\n|switch|p2a: Cresselia|Cresselia, L80, F|270/323\n|-damage|p2a: Cresselia|230/323|[from] Stealth Rock\n|turn|28\n|c|\u2606KingZuko|yeah I was suprise\n|c|\u2606KingZuko|d\n|c| 35Q71N|Yes, scarf Draco + Fishious is insane\n|c|\u2606KingZuko|no bigger predict\n|c| JJ09LIE|Rip no1\n|\n|t:|1651408266\n|move|p2a: Cresselia|Calm Mind|p2a: Cresselia\n|-boost|p2a: Cresselia|spa|1\n|-boost|p2a: Cresselia|spd|1\n|move|p1a: Dracovish|Fishious Rend|p2a: Cresselia\n|-damage|p2a: Cresselia|88/323\n|\n|-heal|p2a: Cresselia|108/323|[from] item: Leftovers\n|upkeep\n|turn|29\n|\n|t:|1651408279\n|switch|p1a: Excadrill|Excadrill, L78, M|300/300\n|-ability|p1a: Excadrill|Mold Breaker\n|move|p2a: Cresselia|Calm Mind|p2a: Cresselia\n|-boost|p2a: Cresselia|spa|1\n|-boost|p2a: Cresselia|spd|1\n|\n|-heal|p2a: Cresselia|128/323|[from] item: Leftovers\n|upkeep\n|turn|30\n|c| OiiiiiiiiiO|He was already no 1. North of 2500\n|\n|t:|1651408287\n|move|p2a: Cresselia|Psyshock|p1a: Excadrill\n|-resisted|p1a: Excadrill\n|-damage|p1a: Excadrill|207/300\n|move|p1a: Excadrill|Rapid Spin|p2a: Cresselia\n|-damage|p2a: Cresselia|97/323\n|-boost|p1a: Excadrill|spe|1\n|\n|-heal|p1a: Excadrill|225/300|[from] item: Leftovers\n|-heal|p2a: Cresselia|117/323|[from] item: Leftovers\n|upkeep\n|turn|31\n|\n|t:|1651408294\n|move|p1a: Excadrill|Swords Dance|p1a: Excadrill\n|-boost|p1a: Excadrill|atk|2\n|move|p2a: Cresselia|Moonlight|p2a: Cresselia\n|-heal|p2a: Cresselia|278/323\n|\n|-heal|p1a: Excadrill|243/300|[from] item: Leftovers\n|-heal|p2a: Cresselia|298/323|[from] item: Leftovers\n|upkeep\n|turn|32\n|\n|t:|1651408298\n|move|p1a: Excadrill|Swords Dance|p1a: Excadrill\n|-boost|p1a: Excadrill|atk|2\n|move|p2a: Cresselia|Psyshock|p1a: Excadrill\n|-resisted|p1a: Excadrill\n|-damage|p1a: Excadrill|148/300\n|\n|-heal|p1a: Excadrill|166/300|[from] item: Leftovers\n|-heal|p2a: Cresselia|318/323|[from] item: Leftovers\n|upkeep\n|turn|33\n|\n|t:|1651408303\n|move|p1a: Excadrill|Iron Head|p2a: Cresselia\n|-damage|p2a: Cresselia|89/323\n|move|p2a: Cresselia|Psyshock|p1a: Excadrill\n|-resisted|p1a: Excadrill\n|-damage|p1a: Excadrill|82/300\n|\n|-heal|p1a: Excadrill|100/300|[from] item: Leftovers\n|-heal|p2a: Cresselia|109/323|[from] item: Leftovers\n|upkeep\n|turn|34\n|c| 35Q71N|gg to both\n|c|\u2606Referrals|gg\n|\n|t:|1651408316\n|move|p1a: Excadrill|Iron Head|p2a: Cresselia\n|-damage|p2a: Cresselia|0 fnt\n|faint|p2a: Cresselia\n|\n|win|KingZuko\n|raw|KingZuko's rating: 2409 &rarr; <strong>2430</strong><br />(+21 for winning)\n|raw|Referrals's rating: 2425 &rarr; <strong>2404</strong><br />(-21 for losing)\n|c|\u2606KingZuko|gg\n|c| OiiiiiiiiiO|Romeo my guy. How have you been\n|l|\u2606Referrals\n", "inputlog": ">version 4f7ec3b6b4fbc2cb1fbcfa70a9a45d2bcc998b16\n>start {\"formatid\":\"gen8randombattle\",\"seed\":[10293,43894,7327,57213],\"rated\":\"Rated battle\"}\n>player p1 {\"name\":\"KingZuko\",\"avatar\":\"cynthia\",\"rating\":2409,\"seed\":[9986,35337,24020,20718]}\n>player p2 {\"name\":\"Referrals\",\"avatar\":\"mai\",\"rating\":2425,\"seed\":[48694,25794,5403,58084]}\n>chat \u2606KingZuko|oh baby\n>chat  35Q71N|Again?\n>chat  JJ09LIE|Fat\n>chat \u2606KingZuko|hf\n>p1 switch 4\n>p2 switch 4\n>p1 move megahorn\n>p2 move moonblast\n>chat \u2606KingZuko|nice\n>chat  JJ09LIE|rip\n>chat \u2606Referrals|oh forgot to say hf back sorry \n>chat \u2606KingZuko|no worries\n>chat \u2606Referrals|and srry bout that too lol\n>chat \u2606KingZuko|all good\n>chat  35Q71N|You didn't forget\n>chat  35Q71N|You knew he wasn't getting luck lol\n>chat \u2606Referrals|im multi-tasking i swear\n>p1 move megahorn\n>p2 switch 6\n>chat  JJ09LIE|lol\n>chat  35Q71N|Blindest bug of them all\n>chat  JJ09LIE|literally gets lucky only against friends\n>p1 switch 6\n>p2 move bulkup\n>chat \u2606Referrals|that is true lmao\n>chat  35Q71N|Oh, I know it too well\n>p1 move acrobatics\n>p2 move spectralthief\n>chat  35Q71N|My bad, I wrote the wrong sentence\n>p1 move uturn\n>p2 move shadowsneak\n>p1 switch 2\n>p2 switch 6\n>p1 move stealthrock\n>p2 move calmmind\n>p1 switch 5\n>p2 move psyshock\n>chat \u2606Referrals|i dont like this\n>p1 move swordsdance\n>p2 switch 4\n>p1 switch 3\n>p2 move earthquake\n>p1 move airslash\n>p2 switch 5\n>p1 move energyball\n>p2 move powergem\n>chat \u2606KingZuko|oof\n>p2 switch 3\n>chat \u2606KingZuko|oi\n>p1 move airslash dynamax\n>p2 move shellsmash\n>p1 move airslash dynamax\n>p2 move shadowball\n>p2 switch 4\n>chat \u2606KingZuko|had to be done\n>chat \u2606Referrals|fair\n>p1 switch 6\n>p2 move calmmind\n>chat \u2606KingZuko|dude\n>chat \u2606KingZuko|im having deja vu\n>p1 move megahorn\n>p2 move psyshock dynamax\n>chat \u2606KingZuko|ok\n>chat \u2606KingZuko|cursed\n>chat \u2606KingZuko|ill say it\n>chat  35Q71N|I'm desperately trying not to laugh\n>p1 switch 5\n>chat \u2606KingZuko|gdi fran\n>chat \u2606KingZuko|loll\n>p1 move raindance\n>p2 move psyshock dynamax\n>p1 move liquidation\n>p2 move psyshock dynamax\n>p1 switch 3\n>p1 move ironhead\n>p2 switch 5\n>p1 switch 6\n>p2 move stoneedge\n>p1 move airslash\n>p2 switch 5\n>p1 move airslash\n>p2 move moonblast\n>chat \u2606Referrals|misclick omg\n>p1 switch 6\n>p2 move moonlight\n>p1 move swordsdance\n>p2 switch 5\n>chat \u2606KingZuko|really fk\n>p1 move rapidspin\n>p2 move earthquake\n>p2 switch 2\n>chat  OiiiiiiiiiO|Is choice scarf banned for dracowish?\n>p1 switch 4\n>p2 move earthquake\n>chat  JJ09LIE|Oh\n>chat  JJ09LIE|no\n>chat  35Q71N|I never saw a Scarf Draco here in the last months\n>chat  JJ09LIE|There\u2019s no scarf\n>chat \u2606KingZuko|ive never seen one\n>chat  JJ09LIE|only band\n>chat \u2606KingZuko|they're all banded in rands\n>chat \u2606Referrals|only difference is abilities\n>chat  OiiiiiiiiiO|Oh, ok. Won't to be great for ficious rend?\n>chat \u2606Referrals|shoulda predicted the max but i cant focus lol\n>chat \u2606Referrals|gg\n>p1 move fishiousrend\n>p2 move earthquake\n>p2 switch 5\n>chat \u2606KingZuko|yeah I was suprise\n>chat \u2606KingZuko|d\n>chat  35Q71N|Yes, scarf Draco + Fishious is insane\n>chat \u2606KingZuko|no bigger predict\n>chat  JJ09LIE|Rip no1\n>p1 move fishiousrend\n>p2 move calmmind\n>p1 switch 4\n>p2 move calmmind\n>chat  OiiiiiiiiiO|He was already no 1. North of 2500\n>p1 move rapidspin\n>p2 move psyshock\n>p1 move swordsdance\n>p2 move moonlight\n>p1 move swordsdance\n>p2 move psyshock\n>p1 move ironhead\n>p2 move psyshock\n>chat  35Q71N|gg to both\n>chat \u2606Referrals|gg\n>p1 move ironhead\n>p2 move psyshock", "uploadtime": 1651408327, "views": 45, "p1id": "kingzuko", "p2id": "referrals", "formatid": "gen8randombattle", "rating": 2404, "private": 0, "password": null}