{"id": "gen8randombattle-1871933022", "p1": "JoeBlowMe", "p2": "Sarahhhhv13", "format": "[Gen 8] Random Battle", "log": "|j|\u2606JoeBlowMe\n|j|\u2606Sarahhhhv13\n|t:|1685149081\n|gametype|singles\n|player|p1|JoeBlowMe|norman|\n|player|p2|Sarahhhhv13|swimmerf-gen4|\n|teamsize|p1|6\n|teamsize|p2|6\n|gen|8\n|tier|[Gen 8] Random Battle\n|rule|Species Clause: Limit one of each Pok\u00e9mon\n|rule|HP Percentage Mod: HP is shown in percentages\n|rule|Sleep Clause Mod: Limit one foe put to sleep\n|\n|t:|1685149081\n|start\n|switch|p1a: Stoutland|Stoutland, L86, F|286/286\n|switch|p2a: Kingler|Kingler, L84, M|230/230\n|-ability|p1a: Stoutland|Intimidate|boost\n|-unboost|p2a: Kingler|atk|1\n|turn|1\n|\n|t:|1685149093\n|move|p1a: Stoutland|Superpower|p2a: Kingler\n|-damage|p2a: Kingler|149/230\n|-unboost|p1a: Stoutland|atk|1\n|-unboost|p1a: Stoutland|def|1\n|move|p2a: Kingler|Swords Dance|p2a: Kingler\n|-boost|p2a: Kingler|atk|2\n|\n|upkeep\n|turn|2\n|\n|t:|1685149114\n|switch|p1a: Galvantula|Galvantula, L82, M|249/249\n|move|p2a: Kingler|Liquidation|p1a: Galvantula\n|-damage|p1a: Galvantula|0 fnt\n|faint|p1a: Galvantula\n|\n|upkeep\n|\n|t:|1685149133\n|switch|p1a: Glaceon|Glaceon, L88, M|258/258\n|turn|3\n|\n|t:|1685149139\n|switch|p2a: Blaziken|Blaziken, L76, M|247/247\n|move|p1a: Glaceon|Toxic|p2a: Blaziken\n|-status|p2a: Blaziken|tox\n|\n|-damage|p2a: Blaziken|232/247 tox|[from] psn\n|upkeep\n|turn|4\n|\n|t:|1685149152\n|switch|p1a: Sawk|Sawk, L86, M|269/269\n|-ability|p1a: Sawk|Mold Breaker\n|move|p2a: Blaziken|Flare Blitz|p1a: Sawk\n|-damage|p1a: Sawk|94/269\n|-damage|p2a: Blaziken|174/247 tox|[from] Recoil\n|-damage|p2a: Blaziken|150/247 tox|[from] item: Life Orb\n|\n|-damage|p2a: Blaziken|120/247 tox|[from] psn\n|-ability|p2a: Blaziken|Speed Boost|boost\n|-boost|p2a: Blaziken|spe|1\n|upkeep\n|turn|5\n|\n|t:|1685149174\n|move|p2a: Blaziken|Flare Blitz|p1a: Sawk\n|-crit|p1a: Sawk\n|-damage|p1a: Sawk|0 fnt\n|faint|p1a: Sawk\n|-damage|p2a: Blaziken|89/247 tox|[from] Recoil\n|-damage|p2a: Blaziken|65/247 tox|[from] item: Life Orb\n|\n|-damage|p2a: Blaziken|20/247 tox|[from] psn\n|-ability|p2a: Blaziken|Speed Boost|boost\n|-boost|p2a: Blaziken|spe|1\n|upkeep\n|\n|t:|1685149185\n|switch|p1a: Stoutland|Stoutland, L86, F|286/286\n|-ability|p1a: Stoutland|Intimidate|boost\n|-unboost|p2a: Blaziken|atk|1\n|turn|6\n|\n|t:|1685149207\n|move|p2a: Blaziken|Close Combat|p1a: Stoutland\n|-supereffective|p1a: Stoutland\n|-damage|p1a: Stoutland|75/286\n|-unboost|p2a: Blaziken|def|1\n|-unboost|p2a: Blaziken|spd|1\n|-damage|p2a: Blaziken|0 fnt|[from] item: Life Orb\n|faint|p2a: Blaziken\n|move|p1a: Stoutland|Play Rough|p2: Blaziken|[notarget]\n|-fail|p1a: Stoutland\n|\n|upkeep\n|\n|t:|1685149216\n|switch|p2a: Kingler|Kingler, L84, M|149/230\n|turn|7\n|\n|t:|1685149223\n|move|p1a: Stoutland|Play Rough|p2a: Kingler\n|-damage|p2a: Kingler|90/230\n|move|p2a: Kingler|Rock Slide|p1a: Stoutland\n|-damage|p1a: Stoutland|0 fnt\n|faint|p1a: Stoutland\n|\n|upkeep\n|\n|t:|1685149234\n|switch|p1a: Magearna|Magearna, L76|247/247\n|turn|8\n|\n|t:|1685149246\n|switch|p2a: Reshiram|Reshiram, L74|270/270\n|-ability|p2a: Reshiram|Turboblaze\n|-start|p1a: Magearna|Dynamax|\n|-heal|p1a: Magearna|494/494|[silent]\n|move|p1a: Magearna|Max Starfall|p2a: Reshiram\n|-damage|p2a: Reshiram|135/270\n|-fieldstart|move: Misty Terrain\n|\n|upkeep\n|turn|9\n|\n|t:|1685149260\n|move|p2a: Reshiram|Roost|p2a: Reshiram\n|-heal|p2a: Reshiram|270/270\n|-singleturn|p2a: Reshiram|move: Roost\n|move|p1a: Magearna|Max Starfall|p2a: Reshiram\n|-damage|p2a: Reshiram|143/270\n|\n|upkeep\n|turn|10\n|\n|t:|1685149269\n|move|p2a: Reshiram|Roost|p2a: Reshiram\n|-heal|p2a: Reshiram|270/270\n|-singleturn|p2a: Reshiram|move: Roost\n|move|p1a: Magearna|Max Starfall|p2a: Reshiram\n|-damage|p2a: Reshiram|128/270\n|\n|upkeep\n|-end|p1a: Magearna|Dynamax\n|-heal|p1a: Magearna|247/247|[silent]\n|turn|11\n|\n|t:|1685149278\n|move|p2a: Reshiram|Roost|p2a: Reshiram\n|-heal|p2a: Reshiram|263/270\n|-singleturn|p2a: Reshiram|move: Roost\n|move|p1a: Magearna|Calm Mind|p1a: Magearna\n|-boost|p1a: Magearna|spa|1\n|-boost|p1a: Magearna|spd|1\n|\n|upkeep\n|turn|12\n|\n|t:|1685149286\n|move|p2a: Reshiram|Blue Flare|p1a: Magearna\n|-supereffective|p1a: Magearna\n|-damage|p1a: Magearna|67/247\n|move|p1a: Magearna|Calm Mind|p1a: Magearna\n|-boost|p1a: Magearna|spa|1\n|-boost|p1a: Magearna|spd|1\n|\n|-heal|p1a: Magearna|82/247|[from] item: Leftovers\n|-fieldend|Misty Terrain\n|upkeep\n|turn|13\n|\n|t:|1685149296\n|move|p2a: Reshiram|Blue Flare|p1a: Magearna\n|-supereffective|p1a: Magearna\n|-damage|p1a: Magearna|0 fnt\n|faint|p1a: Magearna\n|\n|upkeep\n|\n|t:|1685149305\n|switch|p1a: Glaceon|Glaceon, L86, M|243/243\n|turn|14\n|\n|t:|1685149319\n|move|p1a: Glaceon|Nasty Plot|p1a: Glaceon\n|-boost|p1a: Glaceon|spa|2\n|move|p2a: Reshiram|Blue Flare|p1a: Glaceon|[miss]\n|-miss|p2a: Reshiram|p1a: Glaceon\n|\n|upkeep\n|turn|15\n|\n|t:|1685149328\n|move|p1a: Glaceon|Nasty Plot|p1a: Glaceon\n|-boost|p1a: Glaceon|spa|2\n|move|p2a: Reshiram|Blue Flare|p1a: Glaceon\n|-damage|p1a: Glaceon|59/243\n|-status|p1a: Glaceon|brn\n|replace|p1a: Zoroark|Zoroark, L86, M\n|-end|p1a: Zoroark|Illusion\n|\n|-damage|p1a: Zoroark|44/243 brn|[from] brn\n|upkeep\n|turn|16\n|\n|t:|1685149346\n|switch|p2a: Cofagrigus|Cofagrigus, L86, M|240/240\n|move|p1a: Zoroark|Dark Pulse|p2a: Cofagrigus\n|-supereffective|p2a: Cofagrigus\n|-damage|p2a: Cofagrigus|0 fnt\n|faint|p2a: Cofagrigus\n|-damage|p1a: Zoroark|20/243 brn|[from] item: Life Orb\n|\n|-damage|p1a: Zoroark|5/243 brn|[from] brn\n|upkeep\n|\n|t:|1685149350\n|switch|p2a: Kingler|Kingler, L84, M|90/230\n|turn|17\n|\n|t:|1685149356\n|move|p1a: Zoroark|Dark Pulse|p2a: Kingler\n|-damage|p2a: Kingler|0 fnt\n|faint|p2a: Kingler\n|-damage|p1a: Zoroark|0 fnt|[from] item: Life Orb\n|faint|p1a: Zoroark\n|\n|upkeep\n|\n|t:|1685149362\n|switch|p1a: Glaceon|Glaceon, L88, M|258/258\n|switch|p2a: Reshiram|Reshiram, L74|263/270\n|-ability|p2a: Reshiram|Turboblaze\n|turn|18\n|\n|t:|1685149369\n|-start|p2a: Reshiram|Dynamax|\n|-heal|p2a: Reshiram|526/540|[silent]\n|move|p2a: Reshiram|Max Flare|p1a: Glaceon\n|-supereffective|p1a: Glaceon\n|-damage|p1a: Glaceon|0 fnt\n|-weather|SunnyDay\n|faint|p1a: Glaceon\n|\n|win|Sarahhhhv13\n", "inputlog": ">version 61c68e60481ef09071210320730fc448fef50368\n>start {\"formatid\":\"gen8randombattle\",\"seed\":[45258,53055,1208,35708]}\n>player p1 {\"name\":\"JoeBlowMe\",\"avatar\":\"norman\",\"rating\":0,\"seed\":[41982,42665,14868,24329]}\n>player p2 {\"name\":\"Sarahhhhv13\",\"avatar\":\"swimmerf-gen4\",\"rating\":0,\"seed\":[16964,42570,52966,605]}\n>p1 move superpower\n>p2 move swordsdance\n>p1 switch 5\n>p2 move liquidation\n>p1 switch 4\n>p1 move toxic\n>p2 switch 4\n>p1 switch 6\n>p2 move flareblitz\n>p1 move closecombat\n>p2 move flareblitz\n>p1 switch 5\n>p1 move playrough\n>p2 move closecombat\n>p2 switch 4\n>p1 move playrough\n>p2 move rockslide\n>p1 switch 2\n>p1 move fleurcannon dynamax\n>p2 switch 2\n>p1 move fleurcannon dynamax\n>p2 move roost\n>p1 move fleurcannon dynamax\n>p2 move roost\n>p1 move calmmind\n>p2 move roost\n>p1 move calmmind\n>p2 move blueflare\n>p1 move fleurcannon\n>p2 move blueflare\n>p1 switch 3\n>p1 move nastyplot\n>p2 move blueflare\n>p1 move nastyplot\n>p2 move blueflare\n>p1 move darkpulse\n>p2 switch 5\n>p2 switch 2\n>p1 move darkpulse\n>p2 move swordsdance\n>p1 switch 6\n>p2 switch 5\n>p1 move toxic\n>p2 move blueflare dynamax", "uploadtime": 1685149379, "views": 6, "p1id": "joeblowme", "p2id": "sarahhhhv13", "formatid": "gen8randombattle", "rating": 0, "private": 0, "password": ""}