{"id": "gen8randombattle-1861873580", "p1": "Hilda2021", "p2": "lui 2022", "format": "[Gen 8] Random Battle", "log": "|j|\u2606Hilda2021\n|j|\u2606lui 2022\n|t:|1683816862\n|gametype|singles\n|player|p1|Hilda2021|hilda|\n|player|p2|lui 2022|265|\n|teamsize|p1|6\n|teamsize|p2|6\n|gen|8\n|tier|[Gen 8] Random Battle\n|rule|Species Clause: Limit one of each Pok\u00e9mon\n|rule|HP Percentage Mod: HP is shown in percentages\n|rule|Sleep Clause Mod: Limit one foe put to sleep\n|\n|t:|1683816862\n|start\n|switch|p1a: Eldegoss|Eldegoss, L90, F|254/254\n|switch|p2a: Bewear|Bewear, L82, M|331/331\n|turn|1\n|\n|t:|1683816875\n|move|p1a: Eldegoss|Leech Seed|p2a: Bewear\n|-start|p2a: Bewear|move: Leech Seed\n|move|p2a: Bewear|Swords Dance|p2a: Bewear\n|-boost|p2a: Bewear|atk|2\n|\n|-damage|p2a: Bewear|290/331|[from] Leech Seed|[of] p1a: Eldegoss\n|upkeep\n|turn|2\n|\n|t:|1683816885\n|move|p1a: Eldegoss|Energy Ball|p2a: Bewear\n|-damage|p2a: Bewear|161/331\n|-unboost|p2a: Bewear|spd|1\n|move|p2a: Bewear|Swords Dance|p2a: Bewear\n|-boost|p2a: Bewear|atk|2\n|\n|-damage|p2a: Bewear|120/331|[from] Leech Seed|[of] p1a: Eldegoss\n|upkeep\n|turn|3\n|\n|t:|1683816896\n|-start|p2a: Bewear|Dynamax|\n|-heal|p2a: Bewear|240/662|[silent]\n|move|p1a: Eldegoss|Energy Ball|p2a: Bewear\n|-damage|p2a: Bewear|50/662\n|move|p2a: Bewear|Max Hailstorm|p1a: Eldegoss\n|-supereffective|p1a: Eldegoss\n|-damage|p1a: Eldegoss|0 fnt\n|-weather|Hail\n|faint|p1a: Eldegoss\n|-damage|p2a: Bewear|17/662|[from] item: Life Orb\n|\n|-weather|Hail|[upkeep]\n|-damage|p2a: Bewear|0 fnt|[from] Hail\n|faint|p2a: Bewear\n|upkeep\n|\n|t:|1683816919\n|switch|p1a: Golisopod|Golisopod, L84, M|263/263\n|switch|p2a: Armaldo|Armaldo, L86, F|269/269\n|turn|4\n|\n|t:|1683816956\n|move|p2a: Armaldo|Stone Edge|p1a: Golisopod\n|-supereffective|p1a: Golisopod\n|-damage|p1a: Golisopod|59/263\n|-activate|p1a: Golisopod|ability: Emergency Exit\n|\n|t:|1683816976\n|switch|p1a: Rhydon|Rhydon, L87, F|324/324\n|\n|-weather|Hail|[upkeep]\n|-damage|p2a: Armaldo|253/269|[from] Hail\n|-damage|p1a: Rhydon|304/324|[from] Hail\n|upkeep\n|turn|5\n|\n|t:|1683816993\n|move|p2a: Armaldo|Earthquake|p1a: Rhydon\n|-supereffective|p1a: Rhydon\n|-damage|p1a: Rhydon|218/324\n|move|p1a: Rhydon|Stealth Rock|p2a: Armaldo\n|-sidestart|p2: lui 2022|move: Stealth Rock\n|\n|-weather|Hail|[upkeep]\n|-damage|p2a: Armaldo|237/269|[from] Hail\n|-damage|p1a: Rhydon|198/324|[from] Hail\n|upkeep\n|turn|6\n|\n|t:|1683817007\n|move|p2a: Armaldo|Swords Dance|p2a: Armaldo\n|-boost|p2a: Armaldo|atk|2\n|move|p1a: Rhydon|Earthquake|p2a: Armaldo\n|-damage|p2a: Armaldo|108/269\n|\n|-weather|Hail|[upkeep]\n|-damage|p2a: Armaldo|92/269|[from] Hail\n|-damage|p1a: Rhydon|178/324|[from] Hail\n|upkeep\n|turn|7\n|\n|t:|1683817019\n|move|p2a: Armaldo|Earthquake|p1a: Rhydon\n|-supereffective|p1a: Rhydon\n|-damage|p1a: Rhydon|0 fnt\n|faint|p1a: Rhydon\n|\n|-weather|none\n|upkeep\n|\n|t:|1683817027\n|switch|p1a: Golisopod|Golisopod, L84, M|59/263\n|turn|8\n|\n|t:|1683817031\n|move|p1a: Golisopod|First Impression|p2a: Armaldo\n|-damage|p2a: Armaldo|0 fnt\n|faint|p2a: Armaldo\n|\n|upkeep\n|\n|t:|1683817044\n|switch|p2a: Diancie|Diancie, L82|216/216\n|-damage|p2a: Diancie|189/216|[from] Stealth Rock\n|turn|9\n|\n|t:|1683817058\n|move|p2a: Diancie|Diamond Storm|p1a: Golisopod|[miss]\n|-miss|p2a: Diancie|p1a: Golisopod\n|move|p1a: Golisopod|Liquidation|p2a: Diancie\n|-supereffective|p2a: Diancie\n|-damage|p2a: Diancie|33/216\n|\n|-heal|p2a: Diancie|46/216|[from] item: Leftovers\n|upkeep\n|turn|10\n|\n|t:|1683817073\n|move|p2a: Diancie|Moonblast|p1a: Golisopod\n|-damage|p1a: Golisopod|0 fnt\n|faint|p1a: Golisopod\n|\n|-heal|p2a: Diancie|59/216|[from] item: Leftovers\n|upkeep\n|\n|t:|1683817097\n|switch|p1a: Absol|Absol, L84, M|246/246\n|turn|11\n|\n|t:|1683817108\n|-start|p1a: Absol|Dynamax|\n|-heal|p1a: Absol|492/492|[silent]\n|move|p1a: Absol|Max Knuckle|p2a: Diancie\n|-damage|p2a: Diancie|0 fnt\n|-boost|p1a: Absol|atk|1\n|faint|p2a: Diancie\n|-damage|p1a: Absol|468/492|[from] item: Life Orb\n|\n|upkeep\n|\n|t:|1683817122\n|switch|p2a: Alakazam|Alakazam, L78, F|214/214\n|turn|12\n|\n|t:|1683817144\n|move|p2a: Alakazam|Shadow Ball|p1a: Absol\n|-resisted|p1a: Absol\n|-damage|p1a: Absol|416/492\n|move|p1a: Absol|Max Darkness|p2a: Alakazam\n|-supereffective|p2a: Alakazam\n|-damage|p2a: Alakazam|0 fnt\n|faint|p2a: Alakazam\n|-damage|p1a: Absol|392/492|[from] item: Life Orb\n|\n|upkeep\n|\n|t:|1683817157\n|switch|p2a: Kingler|Kingler, L84, M|230/230\n|-damage|p2a: Kingler|202/230|[from] Stealth Rock\n|turn|13\n|\n|t:|1683817165\n|move|p1a: Absol|Max Darkness|p2a: Kingler\n|-damage|p2a: Kingler|0 fnt\n|faint|p2a: Kingler\n|-damage|p1a: Absol|368/492|[from] item: Life Orb\n|\n|upkeep\n|\n|t:|1683817172\n|switch|p2a: Zekrom|Zekrom, L69|252/252\n|-damage|p2a: Zekrom|221/252|[from] Stealth Rock\n|-ability|p2a: Zekrom|Teravolt\n|-end|p1a: Absol|Dynamax\n|-heal|p1a: Absol|184/246|[silent]\n|turn|14\n|\n|t:|1683817182\n|move|p1a: Absol|Play Rough|p2a: Zekrom\n|-supereffective|p2a: Zekrom\n|-damage|p2a: Zekrom|0 fnt\n|faint|p2a: Zekrom\n|-damage|p1a: Absol|160/246|[from] item: Life Orb\n|\n|win|Hilda2021\n", "inputlog": ">version bce759c5f189753f4322d11c9e5aa78bbe1b1bf9\n>start {\"formatid\":\"gen8randombattle\",\"seed\":[46955,56578,51265,59507]}\n>player p1 {\"name\":\"Hilda2021\",\"avatar\":\"hilda\",\"rating\":0,\"seed\":[19952,41916,5317,23085]}\n>player p2 {\"name\":\"lui 2022\",\"avatar\":\"265\",\"rating\":0,\"seed\":[19287,58140,22417,59654]}\n>p1 move leechseed\n>p2 move swordsdance\n>p1 move energyball\n>p2 move swordsdance\n>p1 move energyball\n>p2 move icepunch dynamax\n>p1 switch 5\n>p2 switch 3\n>p1 move spikes\n>p2 move stoneedge\n>p1 switch 3\n>p1 move stealthrock\n>p2 move earthquake\n>p1 move earthquake\n>p2 move swordsdance\n>p1 move earthquake\n>p2 move earthquake\n>p1 switch 3\n>p1 move firstimpression\n>p2 move earthquake\n>p2 switch 5\n>p1 move liquidation\n>p2 move diamondstorm\n>p1 move liquidation\n>p2 move moonblast\n>p1 switch 6\n>p1 move closecombat dynamax\n>p2 move moonblast\n>p2 switch 2\n>p1 move knockoff dynamax\n>p2 move shadowball\n>p2 switch 6\n>p1 move knockoff dynamax\n>p2 move xscissor\n>p2 switch 4\n>p1 move playrough\n>p2 move outrage", "uploadtime": 1683817190, "views": 4, "p1id": "hilda2021", "p2id": "lui2022", "formatid": "gen8randombattle", "rating": 0, "private": 0, "password": ""}