{"id": "gen8randombattle-1873749274", "p1": "gopqy", "p2": "Carame1", "format": "[Gen 8] Random Battle", "log": "|j|\u2606gopqy\n|j|\u2606Carame1\n|t:|1685414552\n|gametype|singles\n|player|p1|gopqy|selene-usum|\n|player|p2|Carame1|steven|\n|teamsize|p1|6\n|teamsize|p2|6\n|gen|8\n|tier|[Gen 8] Random Battle\n|rule|Species Clause: Limit one of each Pok\u00e9mon\n|rule|HP Percentage Mod: HP is shown in percentages\n|rule|Sleep Clause Mod: Limit one foe put to sleep\n|\n|t:|1685414552\n|start\n|switch|p1a: Cursola|Cursola, L86, F|243/243\n|switch|p2a: Avalugg|Avalugg, L86, F|303/303\n|turn|1\n|\n|t:|1685414580\n|switch|p2a: Golisopod|Golisopod, L84, F|263/263\n|move|p1a: Cursola|Stealth Rock|p2a: Golisopod\n|-sidestart|p2: Carame1|move: Stealth Rock\n|\n|upkeep\n|turn|2\n|\n|t:|1685414594\n|move|p2a: Golisopod|First Impression|p1a: Cursola\n|-resisted|p1a: Cursola\n|-damage|p1a: Cursola|152/243\n|-ability|p1a: Cursola|Weak Armor|boost\n|-unboost|p1a: Cursola|def|1\n|-boost|p1a: Cursola|spe|2\n|move|p1a: Cursola|Shadow Ball|p2a: Golisopod\n|-damage|p2a: Golisopod|133/263\n|\n|-heal|p1a: Cursola|167/243|[from] item: Leftovers\n|upkeep\n|turn|3\n|\n|t:|1685414609\n|move|p1a: Cursola|Shadow Ball|p2a: Golisopod\n|-damage|p2a: Golisopod|12/263\n|-unboost|p2a: Golisopod|spd|1\n|-activate|p2a: Golisopod|ability: Emergency Exit\n|\n|t:|1685414619\n|switch|p2a: Spectrier|Spectrier, L74|270/270\n|-damage|p2a: Spectrier|237/270|[from] Stealth Rock\n|\n|-heal|p2a: Spectrier|253/270|[from] item: Leftovers\n|-heal|p1a: Cursola|182/243|[from] item: Leftovers\n|upkeep\n|turn|4\n|l|\u2606gopqy\n|player|p1|\n|c|\u2606Carame1|Come back\n|c|\u2606Carame1|our battle isn\u2019t over\n|c|\u2606Carame1|you must come back\n|c|\u2606Carame1|our battle will be legendary\n|c|\u2606Carame1|come forth\n|c|\u2606Carame1|i summon thy\n|l|\u2606Carame1\n|player|p2|\n|j| Marionette_playzYT\n|j|\u2606gopqy\n|player|p1|gopqy|selene-usum\n|\n|t:|1685414770\n|move|p2a: Spectrier|Shadow Ball|p1a: Cursola\n|-supereffective|p1a: Cursola\n|-damage|p1a: Cursola|42/243\n|move|p1a: Cursola|Shadow Ball|p2a: Spectrier\n|-supereffective|p2a: Spectrier\n|-damage|p2a: Spectrier|0 fnt\n|faint|p2a: Spectrier\n|\n|-heal|p1a: Cursola|57/243|[from] item: Leftovers\n|upkeep\n|c| Marionette_playzYT|Wait did the battle glitch?\n|c| Marionette_playzYT|why can\u2019t I fight\n|l| Marionette_playzYT\n|j|\u2606Carame1\n|player|p2|Carame1|steven\n|c|\u2606Carame1|Oh\n|\n|t:|1685414859\n|switch|p2a: Barbaracle|Barbaracle, L80, M|246/246\n|-damage|p2a: Barbaracle|216/246|[from] Stealth Rock\n|turn|5\n|\n|t:|1685414873\n|move|p2a: Barbaracle|Liquidation|p1a: Cursola\n|-damage|p1a: Cursola|0 fnt\n|faint|p1a: Cursola\n|\n|upkeep\n|\n|t:|1685414911\n|switch|p1a: Swoobat|Swoobat, L86, F|255/255\n|turn|6\n|\n|t:|1685414942\n|switch|p2a: Vespiquen|Vespiquen, L96, F|290/290\n|-ability|p2a: Vespiquen|Pressure\n|move|p1a: Swoobat|Calm Mind|p1a: Swoobat\n|-boost|p1a: Swoobat|spa|2\n|-boost|p1a: Swoobat|spd|2\n|\n|upkeep\n|turn|7\n|\n|t:|1685414957\n|move|p1a: Swoobat|Heat Wave|p2a: Vespiquen\n|-supereffective|p2a: Vespiquen\n|-damage|p2a: Vespiquen|108/290\n|move|p2a: Vespiquen|U-turn|p1a: Swoobat\n|-damage|p1a: Swoobat|140/255\n|\n|t:|1685414963\n|switch|p2a: Barbaracle|Barbaracle, L80, M|216/246|[from] U-turn\n|-damage|p2a: Barbaracle|186/246|[from] Stealth Rock\n|\n|upkeep\n|turn|8\n|\n|t:|1685414969\n|move|p1a: Swoobat|Roost|p1a: Swoobat\n|-heal|p1a: Swoobat|255/255\n|-singleturn|p1a: Swoobat|move: Roost\n|move|p2a: Barbaracle|Stone Edge|p1a: Swoobat\n|-damage|p1a: Swoobat|114/255\n|\n|upkeep\n|turn|9\n|\n|t:|1685414983\n|move|p1a: Swoobat|Roost|p1a: Swoobat\n|-heal|p1a: Swoobat|242/255\n|-singleturn|p1a: Swoobat|move: Roost\n|move|p2a: Barbaracle|Stone Edge|p1a: Swoobat\n|-damage|p1a: Swoobat|101/255\n|\n|upkeep\n|turn|10\n|\n|t:|1685414990\n|move|p1a: Swoobat|Roost|p1a: Swoobat\n|-heal|p1a: Swoobat|229/255\n|-singleturn|p1a: Swoobat|move: Roost\n|move|p2a: Barbaracle|Stone Edge|p1a: Swoobat|[miss]\n|-miss|p2a: Barbaracle|p1a: Swoobat\n|\n|upkeep\n|turn|11\n|\n|t:|1685415000\n|move|p1a: Swoobat|Calm Mind|p1a: Swoobat\n|-boost|p1a: Swoobat|spa|2\n|-boost|p1a: Swoobat|spd|2\n|move|p2a: Barbaracle|Stone Edge|p1a: Swoobat\n|-supereffective|p1a: Swoobat\n|-damage|p1a: Swoobat|0 fnt\n|faint|p1a: Swoobat\n|\n|upkeep\n|\n|t:|1685415027\n|switch|p1a: Snorlax|Snorlax, L82, M|397/397\n|turn|12\n|c|\u2606Carame1|We can\u2019t hear you\n|\n|t:|1685415053\n|switch|p2a: Golisopod|Golisopod, L84, F|12/263\n|move|p1a: Snorlax|Double-Edge|p2a: Golisopod\n|-damage|p2a: Golisopod|0 fnt\n|faint|p2a: Golisopod\n|-damage|p1a: Snorlax|393/397|[from] Recoil\n|\n|upkeep\n|\n|t:|1685415063\n|switch|p2a: Avalugg|Avalugg, L86, F|303/303\n|-damage|p2a: Avalugg|228/303|[from] Stealth Rock\n|turn|13\n|\n|t:|1685415068\n|move|p2a: Avalugg|Body Press|p1a: Snorlax\n|-supereffective|p1a: Snorlax\n|-damage|p1a: Snorlax|157/397\n|move|p1a: Snorlax|Double-Edge|p2a: Avalugg\n|-damage|p2a: Avalugg|128/303\n|-damage|p1a: Snorlax|124/397|[from] Recoil\n|\n|-heal|p2a: Avalugg|146/303|[from] item: Leftovers\n|upkeep\n|turn|14\n|\n|t:|1685415086\n|switch|p1a: Groudon|Groudon, L73|266/266\n|-weather|SunnyDay|[from] ability: Drought|[of] p1a: Groudon\n|move|p2a: Avalugg|Recover|p2a: Avalugg\n|-heal|p2a: Avalugg|298/303\n|\n|-weather|SunnyDay|[upkeep]\n|-heal|p2a: Avalugg|303/303|[from] item: Leftovers\n|upkeep\n|turn|15\n|\n|t:|1685415100\n|-start|p2a: Avalugg|Dynamax|\n|-heal|p2a: Avalugg|606/606|[silent]\n|move|p1a: Groudon|Swords Dance|p1a: Groudon\n|-boost|p1a: Groudon|atk|2\n|move|p2a: Avalugg|Max Hailstorm|p1a: Groudon\n|-supereffective|p1a: Groudon\n|-damage|p1a: Groudon|56/266\n|-weather|Hail\n|\n|-weather|Hail|[upkeep]\n|-damage|p1a: Groudon|40/266|[from] Hail\n|-heal|p1a: Groudon|56/266|[from] item: Leftovers\n|upkeep\n|turn|16\n|\n|t:|1685415120\n|move|p1a: Groudon|Heat Crash||[still]\n|-fail|p1a: Groudon|Dynamax\n|move|p2a: Avalugg|Max Knuckle|p1a: Groudon\n|-damage|p1a: Groudon|0 fnt\n|-boost|p2a: Avalugg|atk|1\n|faint|p1a: Groudon\n|\n|-weather|Hail|[upkeep]\n|upkeep\n|\n|t:|1685415134\n|switch|p1a: Snorlax|Snorlax, L82, M|124/397\n|turn|17\n|\n|t:|1685415139\n|move|p2a: Avalugg|Max Knuckle|p1a: Snorlax\n|-supereffective|p1a: Snorlax\n|-damage|p1a: Snorlax|0 fnt\n|-boost|p2a: Avalugg|atk|1\n|faint|p1a: Snorlax\n|\n|-weather|Hail|[upkeep]\n|upkeep\n|\n|t:|1685415152\n|switch|p1a: Registeel|Registeel, L83|268/268\n|-end|p2a: Avalugg|Dynamax\n|-heal|p2a: Avalugg|303/303|[silent]\n|turn|18\n|\n|t:|1685415161\n|move|p1a: Registeel|Curse|p1a: Registeel\n|-unboost|p1a: Registeel|spe|1\n|-boost|p1a: Registeel|atk|1\n|-boost|p1a: Registeel|def|1\n|move|p2a: Avalugg|Body Press|p1a: Registeel\n|-supereffective|p1a: Registeel\n|-damage|p1a: Registeel|178/268\n|\n|-weather|Hail|[upkeep]\n|-damage|p1a: Registeel|162/268|[from] Hail\n|-heal|p1a: Registeel|178/268|[from] item: Leftovers\n|upkeep\n|turn|19\n|\n|t:|1685415173\n|move|p2a: Avalugg|Body Press|p1a: Registeel\n|-supereffective|p1a: Registeel\n|-damage|p1a: Registeel|96/268\n|move|p1a: Registeel|Curse|p1a: Registeel\n|-unboost|p1a: Registeel|spe|1\n|-boost|p1a: Registeel|atk|1\n|-boost|p1a: Registeel|def|1\n|\n|-weather|none\n|-heal|p1a: Registeel|112/268|[from] item: Leftovers\n|upkeep\n|turn|20\n|\n|t:|1685415184\n|move|p2a: Avalugg|Body Press|p1a: Registeel\n|-supereffective|p1a: Registeel\n|-damage|p1a: Registeel|50/268\n|move|p1a: Registeel|Rest|p1a: Registeel\n|-status|p1a: Registeel|slp|[from] move: Rest\n|-heal|p1a: Registeel|268/268 slp|[silent]\n|\n|upkeep\n|turn|21\n|\n|t:|1685415196\n|move|p2a: Avalugg|Body Press|p1a: Registeel\n|-supereffective|p1a: Registeel\n|-damage|p1a: Registeel|198/268 slp\n|cant|p1a: Registeel|slp\n|move|p1a: Registeel|Sleep Talk|p1a: Registeel\n|move|p1a: Registeel|Iron Head|p2a: Avalugg|[from]move: Sleep Talk\n|-supereffective|p2a: Avalugg\n|-damage|p2a: Avalugg|157/303\n|\n|-heal|p2a: Avalugg|175/303|[from] item: Leftovers\n|-heal|p1a: Registeel|214/268 slp|[from] item: Leftovers\n|upkeep\n|turn|22\n|\n|t:|1685415210\n|move|p2a: Avalugg|Body Press|p1a: Registeel\n|-supereffective|p1a: Registeel\n|-damage|p1a: Registeel|148/268 slp\n|cant|p1a: Registeel|slp\n|move|p1a: Registeel|Sleep Talk|p1a: Registeel\n|move|p1a: Registeel|Iron Head|p2a: Avalugg|[from]move: Sleep Talk\n|-supereffective|p2a: Avalugg\n|-damage|p2a: Avalugg|37/303\n|\n|-heal|p2a: Avalugg|55/303|[from] item: Leftovers\n|-heal|p1a: Registeel|164/268 slp|[from] item: Leftovers\n|upkeep\n|turn|23\n|\n|t:|1685415223\n|move|p2a: Avalugg|Body Press|p1a: Registeel\n|-supereffective|p1a: Registeel\n|-damage|p1a: Registeel|102/268 slp\n|-curestatus|p1a: Registeel|slp|[msg]\n|move|p1a: Registeel|Sleep Talk||[still]\n|-fail|p1a: Registeel\n|\n|-heal|p2a: Avalugg|73/303|[from] item: Leftovers\n|-heal|p1a: Registeel|118/268|[from] item: Leftovers\n|upkeep\n|turn|24\n|\n|t:|1685415234\n|move|p2a: Avalugg|Body Press|p1a: Registeel\n|-supereffective|p1a: Registeel\n|-damage|p1a: Registeel|50/268\n|move|p1a: Registeel|Rest|p1a: Registeel\n|-status|p1a: Registeel|slp|[from] move: Rest\n|-heal|p1a: Registeel|268/268 slp|[silent]\n|\n|-heal|p2a: Avalugg|91/303|[from] item: Leftovers\n|upkeep\n|turn|25\n|\n|t:|1685415244\n|move|p2a: Avalugg|Body Press|p1a: Registeel\n|-supereffective|p1a: Registeel\n|-damage|p1a: Registeel|194/268 slp\n|cant|p1a: Registeel|slp\n|move|p1a: Registeel|Sleep Talk|p1a: Registeel\n|move|p1a: Registeel|Curse|p1a: Registeel|[from]move: Sleep Talk\n|-unboost|p1a: Registeel|spe|1\n|-boost|p1a: Registeel|atk|1\n|-boost|p1a: Registeel|def|1\n|\n|-heal|p2a: Avalugg|109/303|[from] item: Leftovers\n|-heal|p1a: Registeel|210/268 slp|[from] item: Leftovers\n|upkeep\n|turn|26\n|\n|t:|1685415259\n|move|p2a: Avalugg|Body Press|p1a: Registeel\n|-supereffective|p1a: Registeel\n|-damage|p1a: Registeel|150/268 slp\n|cant|p1a: Registeel|slp\n|move|p1a: Registeel|Sleep Talk|p1a: Registeel\n|move|p1a: Registeel|Curse|p1a: Registeel|[from]move: Sleep Talk\n|-unboost|p1a: Registeel|spe|1\n|-boost|p1a: Registeel|atk|1\n|-boost|p1a: Registeel|def|1\n|\n|-heal|p2a: Avalugg|127/303|[from] item: Leftovers\n|-heal|p1a: Registeel|166/268 slp|[from] item: Leftovers\n|upkeep\n|turn|27\n|c|\u2606Carame1|Shade I can\u2019t hear you\n|c|\u2606Carame1|fix the call\n|\n|t:|1685415281\n|move|p2a: Avalugg|Body Press|p1a: Registeel\n|-supereffective|p1a: Registeel\n|-damage|p1a: Registeel|120/268 slp\n|-curestatus|p1a: Registeel|slp|[msg]\n|move|p1a: Registeel|Sleep Talk||[still]\n|-fail|p1a: Registeel\n|\n|-heal|p2a: Avalugg|145/303|[from] item: Leftovers\n|-heal|p1a: Registeel|136/268|[from] item: Leftovers\n|upkeep\n|turn|28\n|\n|t:|1685415293\n|move|p2a: Avalugg|Body Press|p1a: Registeel\n|-supereffective|p1a: Registeel\n|-damage|p1a: Registeel|88/268\n|move|p1a: Registeel|Curse|p1a: Registeel\n|-unboost|p1a: Registeel|spe|1\n|-boost|p1a: Registeel|atk|1\n|-boost|p1a: Registeel|def|1\n|\n|-heal|p2a: Avalugg|163/303|[from] item: Leftovers\n|-heal|p1a: Registeel|104/268|[from] item: Leftovers\n|upkeep\n|turn|29\n|\n|t:|1685415305\n|move|p2a: Avalugg|Body Press|p1a: Registeel\n|-supereffective|p1a: Registeel\n|-damage|p1a: Registeel|64/268\n|move|p1a: Registeel|Rest|p1a: Registeel\n|-status|p1a: Registeel|slp|[from] move: Rest\n|-heal|p1a: Registeel|268/268 slp|[silent]\n|\n|-heal|p2a: Avalugg|181/303|[from] item: Leftovers\n|upkeep\n|turn|30\n|\n|t:|1685415316\n|move|p2a: Avalugg|Body Press|p1a: Registeel\n|-supereffective|p1a: Registeel\n|-damage|p1a: Registeel|230/268 slp\n|cant|p1a: Registeel|slp\n|move|p1a: Registeel|Sleep Talk|p1a: Registeel\n|move|p1a: Registeel|Curse|p1a: Registeel|[from]move: Sleep Talk\n|-unboost|p1a: Registeel|spe|1\n|-boost|p1a: Registeel|atk|1\n|-boost|p1a: Registeel|def|1\n|\n|-heal|p2a: Avalugg|199/303|[from] item: Leftovers\n|-heal|p1a: Registeel|246/268 slp|[from] item: Leftovers\n|upkeep\n|turn|31\n|\n|t:|1685415331\n|move|p2a: Avalugg|Curse|p2a: Avalugg\n|-unboost|p2a: Avalugg|spe|1\n|-boost|p2a: Avalugg|atk|1\n|-boost|p2a: Avalugg|def|1\n|cant|p1a: Registeel|slp\n|move|p1a: Registeel|Sleep Talk|p1a: Registeel\n|move|p1a: Registeel|Curse|p1a: Registeel|[from]move: Sleep Talk\n|\n|-heal|p2a: Avalugg|217/303|[from] item: Leftovers\n|-heal|p1a: Registeel|262/268 slp|[from] item: Leftovers\n|upkeep\n|turn|32\n|\n|t:|1685415343\n|move|p2a: Avalugg|Curse|p2a: Avalugg\n|-unboost|p2a: Avalugg|spe|1\n|-boost|p2a: Avalugg|atk|1\n|-boost|p2a: Avalugg|def|1\n|-curestatus|p1a: Registeel|slp|[msg]\n|move|p1a: Registeel|Sleep Talk||[still]\n|-fail|p1a: Registeel\n|\n|-heal|p2a: Avalugg|235/303|[from] item: Leftovers\n|-heal|p1a: Registeel|268/268|[from] item: Leftovers\n|upkeep\n|turn|33\n|\n|t:|1685415358\n|-start|p1a: Registeel|Dynamax|\n|-heal|p1a: Registeel|536/536|[silent]\n|move|p2a: Avalugg|Curse|p2a: Avalugg\n|-unboost|p2a: Avalugg|spe|1\n|-boost|p2a: Avalugg|atk|1\n|-boost|p2a: Avalugg|def|1\n|move|p1a: Registeel|Max Steelspike|p2a: Avalugg\n|-supereffective|p2a: Avalugg\n|-crit|p2a: Avalugg\n|-damage|p2a: Avalugg|0 fnt\n|-boost|p1a: Registeel|def|0\n|faint|p2a: Avalugg\n|\n|upkeep\n|\n|t:|1685415375\n|switch|p2a: Barbaracle|Barbaracle, L80, M|186/246\n|-damage|p2a: Barbaracle|156/246|[from] Stealth Rock\n|turn|34\n|\n|t:|1685415381\n|move|p2a: Barbaracle|Cross Chop|p1a: Registeel\n|-supereffective|p1a: Registeel\n|-damage|p1a: Registeel|504/536\n|move|p1a: Registeel|Max Steelspike|p2a: Barbaracle\n|-damage|p2a: Barbaracle|0 fnt\n|-boost|p1a: Registeel|def|0\n|faint|p2a: Barbaracle\n|\n|-heal|p1a: Registeel|520/536|[from] item: Leftovers\n|upkeep\n|\n|t:|1685415392\n|switch|p2a: Vespiquen|Vespiquen, L96, F|108/290\n|-ability|p2a: Vespiquen|Pressure\n|turn|35\n|\n|t:|1685415398\n|move|p2a: Vespiquen|Roost|p2a: Vespiquen\n|-heal|p2a: Vespiquen|253/290\n|-singleturn|p2a: Vespiquen|move: Roost\n|move|p1a: Registeel|Max Steelspike|p2a: Vespiquen\n|-damage|p2a: Vespiquen|0 fnt\n|-boost|p1a: Registeel|def|0\n|faint|p2a: Vespiquen\n|\n|-heal|p1a: Registeel|536/536|[from] item: Leftovers\n|upkeep\n|\n|t:|1685415411\n|switch|p2a: Espeon|Espeon, L82, M|241/241\n|-damage|p2a: Espeon|211/241|[from] Stealth Rock\n|-end|p1a: Registeel|Dynamax\n|-heal|p1a: Registeel|268/268|[silent]\n|turn|36\n|\n|t:|1685415423\n|move|p2a: Espeon|Calm Mind|p2a: Espeon\n|-boost|p2a: Espeon|spa|1\n|-boost|p2a: Espeon|spd|1\n|move|p1a: Registeel|Iron Head|p2a: Espeon\n|-damage|p2a: Espeon|0 fnt\n|faint|p2a: Espeon\n|\n|win|gopqy\n|l|\u2606Carame1\n", "inputlog": ">version 6fec31d5a0d4498a06105aa188c9906bc0b6bf95\n>start {\"formatid\":\"gen8randombattle\",\"seed\":[1541,52711,49352,21035]}\n>player p1 {\"name\":\"gopqy\",\"avatar\":\"selene-usum\",\"rating\":0,\"seed\":[55792,5111,42166,41290]}\n>player p2 {\"name\":\"Carame1\",\"avatar\":\"steven\",\"rating\":0,\"seed\":[28237,9157,22577,33916]}\n>p1 move stealthrock\n>p2 switch 2\n>p1 move shadowball\n>p2 move firstimpression\n>p1 move shadowball\n>p2 move knockoff\n>p2 switch 5\n>chat \u2606Carame1|Come back\n>chat \u2606Carame1|our battle isn\u2019t over\n>chat \u2606Carame1|you must come back\n>chat \u2606Carame1|our battle will be legendary\n>chat \u2606Carame1|come forth\n>chat \u2606Carame1|i summon thy\n>p1 move shadowball\n>p2 move shadowball\n>chat  Marionette_playzYT|Wait did the battle glitch?\n>chat  Marionette_playzYT|why can\u2019t I fight\n>chat \u2606Carame1|Oh \n>p2 switch 6\n>p1 move strengthsap\n>p2 move liquidation\n>p1 switch 5\n>p1 move calmmind\n>p2 switch 3\n>p1 move heatwave\n>p2 move uturn\n>p2 switch 3\n>p1 move roost\n>p2 move stoneedge\n>p1 move roost\n>p2 move stoneedge\n>p1 move roost\n>p2 move stoneedge\n>p1 move calmmind\n>p2 move stoneedge\n>p1 switch 3\n>chat \u2606Carame1|We can\u2019t hear you\n>p1 move doubleedge\n>p2 switch 5\n>p2 switch 2\n>p1 move doubleedge\n>p2 move bodypress\n>p1 switch 4\n>p2 move recover\n>p1 move swordsdance\n>p2 move avalanche dynamax\n>p1 move heatcrash\n>p2 move bodypress dynamax\n>p1 switch 4\n>p1 move darkestlariat\n>p2 move bodypress dynamax\n>p1 switch 6\n>p1 move curse\n>p2 move bodypress\n>p1 move curse\n>p2 move bodypress\n>p1 move rest\n>p2 move bodypress\n>p1 move sleeptalk\n>p2 move bodypress\n>p1 move sleeptalk\n>p2 move bodypress\n>p1 move sleeptalk\n>p2 move bodypress\n>p1 move rest\n>p2 move bodypress\n>p1 move sleeptalk\n>p2 move bodypress\n>p1 move sleeptalk\n>p2 move bodypress\n>chat \u2606Carame1|Shade I can\u2019t hear you\n>chat \u2606Carame1|fix the call\n>p1 move sleeptalk\n>p2 move bodypress\n>p1 move curse\n>p2 move bodypress\n>p1 move rest\n>p2 move bodypress\n>p1 move sleeptalk\n>p2 move bodypress\n>p1 move sleeptalk\n>p2 move curse\n>p1 move sleeptalk\n>p2 move curse\n>p1 move ironhead dynamax\n>p2 move curse\n>p2 switch 5\n>p1 move ironhead dynamax\n>p2 move crosschop\n>p2 switch 3\n>p1 move ironhead dynamax\n>p2 move roost\n>p2 switch 4\n>p1 move ironhead\n>p2 move calmmind", "uploadtime": 1685415434, "views": 6, "p1id": "gopqy", "p2id": "carame1", "formatid": "gen8randombattle", "rating": 0, "private": 0, "password": ""}